<?xml version="1.0" encoding="UTF-8"?>
<gpx creator="StravaGPX" version="1.1" xmlns="http://www.topografix.com/GPX/1/1" xmlns:xsi="http://www.w3.org/2001/XMLSchema-instance" xsi:schemaLocation="http://www.topografix.com/GPX/1/1 http://www.topografix.com/GPX/1/1/gpx.xsd">
 <metadata>
  <time>2026-05-21T05:33:11Z</time>
 </metadata>
 <trk>
  <name>Vélo Bretagne</name>
  <type>cycling</type>
  <trkseg>
   <trkpt lat="48.6538650" lon="-2.8383570">
    <ele>11.6</ele>
    <time>2026-05-21T05:33:11Z</time>
   </trkpt>
   <trkpt lat="48.6538650" lon="-2.8383570">
    <ele>11.6</ele>
    <time>2026-05-21T05:33:12Z</time>
   </trkpt>
   <trkpt lat="48.6538990" lon="-2.8383620">
    <ele>11.5</ele>
    <time>2026-05-21T05:33:13Z</time>
   </trkpt>
   <trkpt lat="48.6539160" lon="-2.8383650">
    <ele>11.4</ele>
    <time>2026-05-21T05:33:14Z</time>
   </trkpt>
   <trkpt lat="48.6539320" lon="-2.8383670">
    <ele>11.4</ele>
    <time>2026-05-21T05:33:15Z</time>
   </trkpt>
   <trkpt lat="48.6539520" lon="-2.8383570">
    <ele>11.3</ele>
    <time>2026-05-21T05:33:16Z</time>
   </trkpt>
   <trkpt lat="48.6539570" lon="-2.8383560">
    <ele>11.3</ele>
    <time>2026-05-21T05:33:17Z</time>
   </trkpt>
   <trkpt lat="48.6539610" lon="-2.8383550">
    <ele>11.3</ele>
    <time>2026-05-21T05:33:18Z</time>
   </trkpt>
   <trkpt lat="48.6539650" lon="-2.8383540">
    <ele>11.3</ele>
    <time>2026-05-21T05:33:19Z</time>
   </trkpt>
   <trkpt lat="48.6539700" lon="-2.8383530">
    <ele>11.3</ele>
    <time>2026-05-21T05:33:20Z</time>
   </trkpt>
   <trkpt lat="48.6539740" lon="-2.8383520">
    <ele>11.2</ele>
    <time>2026-05-21T05:33:21Z</time>
   </trkpt>
   <trkpt lat="48.6539780" lon="-2.8383510">
    <ele>11.2</ele>
    <time>2026-05-21T05:33:22Z</time>
   </trkpt>
   <trkpt lat="48.6539820" lon="-2.8383500">
    <ele>11.2</ele>
    <time>2026-05-21T05:33:23Z</time>
   </trkpt>
   <trkpt lat="48.6539870" lon="-2.8383490">
    <ele>11.2</ele>
    <time>2026-05-21T05:33:24Z</time>
   </trkpt>
   <trkpt lat="48.6539910" lon="-2.8383480">
    <ele>11.2</ele>
    <time>2026-05-21T05:33:25Z</time>
   </trkpt>
   <trkpt lat="48.6539950" lon="-2.8383470">
    <ele>11.2</ele>
    <time>2026-05-21T05:33:26Z</time>
   </trkpt>
   <trkpt lat="48.6540000" lon="-2.8383460">
    <ele>11.2</ele>
    <time>2026-05-21T05:33:35Z</time>
   </trkpt>
   <trkpt lat="48.6540040" lon="-2.8383450">
    <ele>11.2</ele>
    <time>2026-05-21T05:33:36Z</time>
   </trkpt>
   <trkpt lat="48.6540270" lon="-2.8383240">
    <ele>11.1</ele>
    <time>2026-05-21T05:33:37Z</time>
   </trkpt>
   <trkpt lat="48.6540530" lon="-2.8383030">
    <ele>11.0</ele>
    <time>2026-05-21T05:33:38Z</time>
   </trkpt>
   <trkpt lat="48.6540820" lon="-2.8382790">
    <ele>10.9</ele>
    <time>2026-05-21T05:33:39Z</time>
   </trkpt>
   <trkpt lat="48.6541170" lon="-2.8382490">
    <ele>10.8</ele>
    <time>2026-05-21T05:33:40Z</time>
   </trkpt>
   <trkpt lat="48.6541290" lon="-2.8382360">
    <ele>10.8</ele>
    <time>2026-05-21T05:33:41Z</time>
   </trkpt>
   <trkpt lat="48.6541580" lon="-2.8382150">
    <ele>10.7</ele>
    <time>2026-05-21T05:33:42Z</time>
   </trkpt>
   <trkpt lat="48.6541930" lon="-2.8381820">
    <ele>10.6</ele>
    <time>2026-05-21T05:33:43Z</time>
   </trkpt>
   <trkpt lat="48.6542190" lon="-2.8381400">
    <ele>10.5</ele>
    <time>2026-05-21T05:33:44Z</time>
   </trkpt>
   <trkpt lat="48.6542500" lon="-2.8381150">
    <ele>10.5</ele>
    <time>2026-05-21T05:33:45Z</time>
   </trkpt>
   <trkpt lat="48.6542790" lon="-2.8380780">
    <ele>10.4</ele>
    <time>2026-05-21T05:33:46Z</time>
   </trkpt>
   <trkpt lat="48.6542920" lon="-2.8380620">
    <ele>10.4</ele>
    <time>2026-05-21T05:33:47Z</time>
   </trkpt>
   <trkpt lat="48.6543240" lon="-2.8380110">
    <ele>10.3</ele>
    <time>2026-05-21T05:33:48Z</time>
   </trkpt>
   <trkpt lat="48.6543790" lon="-2.8379990">
    <ele>10.2</ele>
    <time>2026-05-21T05:33:49Z</time>
   </trkpt>
   <trkpt lat="48.6544150" lon="-2.8379900">
    <ele>10.2</ele>
    <time>2026-05-21T05:33:50Z</time>
   </trkpt>
   <trkpt lat="48.6544510" lon="-2.8379760">
    <ele>10.1</ele>
    <time>2026-05-21T05:33:51Z</time>
   </trkpt>
   <trkpt lat="48.6544390" lon="-2.8379510">
    <ele>10.1</ele>
    <time>2026-05-21T05:33:52Z</time>
   </trkpt>
   <trkpt lat="48.6544260" lon="-2.8379480">
    <ele>10.1</ele>
    <time>2026-05-21T05:33:53Z</time>
   </trkpt>
   <trkpt lat="48.6544290" lon="-2.8379470">
    <ele>10.1</ele>
    <time>2026-05-21T05:33:54Z</time>
   </trkpt>
   <trkpt lat="48.6544280" lon="-2.8379430">
    <ele>10.1</ele>
    <time>2026-05-21T05:33:55Z</time>
   </trkpt>
   <trkpt lat="48.6544310" lon="-2.8379400">
    <ele>10.1</ele>
    <time>2026-05-21T05:33:56Z</time>
   </trkpt>
   <trkpt lat="48.6544330" lon="-2.8379350">
    <ele>10.1</ele>
    <time>2026-05-21T05:33:57Z</time>
   </trkpt>
   <trkpt lat="48.6544360" lon="-2.8379300">
    <ele>10.1</ele>
    <time>2026-05-21T05:33:58Z</time>
   </trkpt>
   <trkpt lat="48.6544390" lon="-2.8379240">
    <ele>10.1</ele>
    <time>2026-05-21T05:33:59Z</time>
   </trkpt>
   <trkpt lat="48.6544390" lon="-2.8379220">
    <ele>10.1</ele>
    <time>2026-05-21T05:34:00Z</time>
   </trkpt>
   <trkpt lat="48.6544380" lon="-2.8379200">
    <ele>10.1</ele>
    <time>2026-05-21T05:34:01Z</time>
   </trkpt>
   <trkpt lat="48.6544350" lon="-2.8379210">
    <ele>10.1</ele>
    <time>2026-05-21T05:34:02Z</time>
   </trkpt>
   <trkpt lat="48.6544760" lon="-2.8378580">
    <ele>10.1</ele>
    <time>2026-05-21T05:34:38Z</time>
   </trkpt>
   <trkpt lat="48.6544830" lon="-2.8378390">
    <ele>10.1</ele>
    <time>2026-05-21T05:34:39Z</time>
   </trkpt>
   <trkpt lat="48.6544930" lon="-2.8377880">
    <ele>10.1</ele>
    <time>2026-05-21T05:34:40Z</time>
   </trkpt>
   <trkpt lat="48.6544970" lon="-2.8377690">
    <ele>10.0</ele>
    <time>2026-05-21T05:34:41Z</time>
   </trkpt>
   <trkpt lat="48.6545270" lon="-2.8377410">
    <ele>10.0</ele>
    <time>2026-05-21T05:34:42Z</time>
   </trkpt>
   <trkpt lat="48.6545400" lon="-2.8377340">
    <ele>10.0</ele>
    <time>2026-05-21T05:34:43Z</time>
   </trkpt>
   <trkpt lat="48.6545730" lon="-2.8377270">
    <ele>10.0</ele>
    <time>2026-05-21T05:34:44Z</time>
   </trkpt>
   <trkpt lat="48.6546150" lon="-2.8377220">
    <ele>10.0</ele>
    <time>2026-05-21T05:34:45Z</time>
   </trkpt>
   <trkpt lat="48.6546310" lon="-2.8377150">
    <ele>10.0</ele>
    <time>2026-05-21T05:34:46Z</time>
   </trkpt>
   <trkpt lat="48.6546680" lon="-2.8376980">
    <ele>10.0</ele>
    <time>2026-05-21T05:34:47Z</time>
   </trkpt>
   <trkpt lat="48.6547070" lon="-2.8376740">
    <ele>10.0</ele>
    <time>2026-05-21T05:34:48Z</time>
   </trkpt>
   <trkpt lat="48.6547430" lon="-2.8376570">
    <ele>10.0</ele>
    <time>2026-05-21T05:34:49Z</time>
   </trkpt>
   <trkpt lat="48.6547850" lon="-2.8376540">
    <ele>10.1</ele>
    <time>2026-05-21T05:34:50Z</time>
   </trkpt>
   <trkpt lat="48.6548230" lon="-2.8376550">
    <ele>10.1</ele>
    <time>2026-05-21T05:34:51Z</time>
   </trkpt>
   <trkpt lat="48.6548690" lon="-2.8376570">
    <ele>10.1</ele>
    <time>2026-05-21T05:34:52Z</time>
   </trkpt>
   <trkpt lat="48.6549130" lon="-2.8376540">
    <ele>10.0</ele>
    <time>2026-05-21T05:34:53Z</time>
   </trkpt>
   <trkpt lat="48.6549560" lon="-2.8376540">
    <ele>10.0</ele>
    <time>2026-05-21T05:34:55Z</time>
   </trkpt>
   <trkpt lat="48.6549990" lon="-2.8376640">
    <ele>10.0</ele>
    <time>2026-05-21T05:34:56Z</time>
   </trkpt>
   <trkpt lat="48.6550390" lon="-2.8376770">
    <ele>10.0</ele>
    <time>2026-05-21T05:34:57Z</time>
   </trkpt>
   <trkpt lat="48.6550780" lon="-2.8376680">
    <ele>10.0</ele>
    <time>2026-05-21T05:34:58Z</time>
   </trkpt>
   <trkpt lat="48.6551160" lon="-2.8376560">
    <ele>10.0</ele>
    <time>2026-05-21T05:34:59Z</time>
   </trkpt>
   <trkpt lat="48.6551450" lon="-2.8376430">
    <ele>10.0</ele>
    <time>2026-05-21T05:35:00Z</time>
   </trkpt>
   <trkpt lat="48.6551740" lon="-2.8376430">
    <ele>10.0</ele>
    <time>2026-05-21T05:35:01Z</time>
   </trkpt>
   <trkpt lat="48.6552090" lon="-2.8376540">
    <ele>10.0</ele>
    <time>2026-05-21T05:35:02Z</time>
   </trkpt>
   <trkpt lat="48.6552410" lon="-2.8376690">
    <ele>10.0</ele>
    <time>2026-05-21T05:35:03Z</time>
   </trkpt>
   <trkpt lat="48.6552730" lon="-2.8376690">
    <ele>10.0</ele>
    <time>2026-05-21T05:35:04Z</time>
   </trkpt>
   <trkpt lat="48.6553030" lon="-2.8376580">
    <ele>10.0</ele>
    <time>2026-05-21T05:35:05Z</time>
   </trkpt>
   <trkpt lat="48.6553370" lon="-2.8376390">
    <ele>10.0</ele>
    <time>2026-05-21T05:35:06Z</time>
   </trkpt>
   <trkpt lat="48.6553460" lon="-2.8376360">
    <ele>10.0</ele>
    <time>2026-05-21T05:35:07Z</time>
   </trkpt>
   <trkpt lat="48.6553750" lon="-2.8376320">
    <ele>10.0</ele>
    <time>2026-05-21T05:35:08Z</time>
   </trkpt>
   <trkpt lat="48.6554030" lon="-2.8376390">
    <ele>10.1</ele>
    <time>2026-05-21T05:35:09Z</time>
   </trkpt>
   <trkpt lat="48.6554290" lon="-2.8376630">
    <ele>10.1</ele>
    <time>2026-05-21T05:35:10Z</time>
   </trkpt>
   <trkpt lat="48.6554560" lon="-2.8376960">
    <ele>10.0</ele>
    <time>2026-05-21T05:35:11Z</time>
   </trkpt>
   <trkpt lat="48.6554780" lon="-2.8377330">
    <ele>9.9</ele>
    <time>2026-05-21T05:35:12Z</time>
   </trkpt>
   <trkpt lat="48.6555050" lon="-2.8377660">
    <ele>9.9</ele>
    <time>2026-05-21T05:35:13Z</time>
   </trkpt>
   <trkpt lat="48.6555300" lon="-2.8378010">
    <ele>9.8</ele>
    <time>2026-05-21T05:35:14Z</time>
   </trkpt>
   <trkpt lat="48.6555460" lon="-2.8378470">
    <ele>9.8</ele>
    <time>2026-05-21T05:35:15Z</time>
   </trkpt>
   <trkpt lat="48.6555660" lon="-2.8378790">
    <ele>9.9</ele>
    <time>2026-05-21T05:35:16Z</time>
   </trkpt>
   <trkpt lat="48.6556170" lon="-2.8379590">
    <ele>10.0</ele>
    <time>2026-05-21T05:35:17Z</time>
   </trkpt>
   <trkpt lat="48.6556450" lon="-2.8380000">
    <ele>10.1</ele>
    <time>2026-05-21T05:35:18Z</time>
   </trkpt>
   <trkpt lat="48.6556740" lon="-2.8380420">
    <ele>10.2</ele>
    <time>2026-05-21T05:35:19Z</time>
   </trkpt>
   <trkpt lat="48.6557020" lon="-2.8380850">
    <ele>10.4</ele>
    <time>2026-05-21T05:35:20Z</time>
   </trkpt>
   <trkpt lat="48.6557300" lon="-2.8381290">
    <ele>10.5</ele>
    <time>2026-05-21T05:35:21Z</time>
   </trkpt>
   <trkpt lat="48.6557570" lon="-2.8381740">
    <ele>10.7</ele>
    <time>2026-05-21T05:35:22Z</time>
   </trkpt>
   <trkpt lat="48.6557830" lon="-2.8382180">
    <ele>10.8</ele>
    <time>2026-05-21T05:35:23Z</time>
   </trkpt>
   <trkpt lat="48.6558070" lon="-2.8382620">
    <ele>11.0</ele>
    <time>2026-05-21T05:35:24Z</time>
   </trkpt>
   <trkpt lat="48.6558340" lon="-2.8383050">
    <ele>11.2</ele>
    <time>2026-05-21T05:35:25Z</time>
   </trkpt>
   <trkpt lat="48.6558580" lon="-2.8383490">
    <ele>11.4</ele>
    <time>2026-05-21T05:35:26Z</time>
   </trkpt>
   <trkpt lat="48.6558830" lon="-2.8383900">
    <ele>11.6</ele>
    <time>2026-05-21T05:35:27Z</time>
   </trkpt>
   <trkpt lat="48.6559090" lon="-2.8384310">
    <ele>11.8</ele>
    <time>2026-05-21T05:35:28Z</time>
   </trkpt>
   <trkpt lat="48.6559350" lon="-2.8384720">
    <ele>12.0</ele>
    <time>2026-05-21T05:35:29Z</time>
   </trkpt>
   <trkpt lat="48.6559600" lon="-2.8385160">
    <ele>12.2</ele>
    <time>2026-05-21T05:35:30Z</time>
   </trkpt>
   <trkpt lat="48.6559860" lon="-2.8385600">
    <ele>12.4</ele>
    <time>2026-05-21T05:35:31Z</time>
   </trkpt>
   <trkpt lat="48.6560110" lon="-2.8386020">
    <ele>12.6</ele>
    <time>2026-05-21T05:35:32Z</time>
   </trkpt>
   <trkpt lat="48.6560350" lon="-2.8386370">
    <ele>12.9</ele>
    <time>2026-05-21T05:35:33Z</time>
   </trkpt>
   <trkpt lat="48.6560570" lon="-2.8386800">
    <ele>13.1</ele>
    <time>2026-05-21T05:35:34Z</time>
   </trkpt>
   <trkpt lat="48.6560820" lon="-2.8387180">
    <ele>13.3</ele>
    <time>2026-05-21T05:35:35Z</time>
   </trkpt>
   <trkpt lat="48.6561080" lon="-2.8387620">
    <ele>13.6</ele>
    <time>2026-05-21T05:35:36Z</time>
   </trkpt>
   <trkpt lat="48.6561400" lon="-2.8387970">
    <ele>13.8</ele>
    <time>2026-05-21T05:35:37Z</time>
   </trkpt>
   <trkpt lat="48.6561650" lon="-2.8388390">
    <ele>14.1</ele>
    <time>2026-05-21T05:35:38Z</time>
   </trkpt>
   <trkpt lat="48.6561890" lon="-2.8388830">
    <ele>14.3</ele>
    <time>2026-05-21T05:35:39Z</time>
   </trkpt>
   <trkpt lat="48.6562140" lon="-2.8389220">
    <ele>14.5</ele>
    <time>2026-05-21T05:35:40Z</time>
   </trkpt>
   <trkpt lat="48.6562310" lon="-2.8389680">
    <ele>14.7</ele>
    <time>2026-05-21T05:35:41Z</time>
   </trkpt>
   <trkpt lat="48.6562580" lon="-2.8390090">
    <ele>14.9</ele>
    <time>2026-05-21T05:35:42Z</time>
   </trkpt>
   <trkpt lat="48.6562820" lon="-2.8390420">
    <ele>15.0</ele>
    <time>2026-05-21T05:35:43Z</time>
   </trkpt>
   <trkpt lat="48.6563160" lon="-2.8390640">
    <ele>15.1</ele>
    <time>2026-05-21T05:35:44Z</time>
   </trkpt>
   <trkpt lat="48.6563410" lon="-2.8391030">
    <ele>15.3</ele>
    <time>2026-05-21T05:35:45Z</time>
   </trkpt>
   <trkpt lat="48.6563720" lon="-2.8391330">
    <ele>15.6</ele>
    <time>2026-05-21T05:35:46Z</time>
   </trkpt>
   <trkpt lat="48.6563980" lon="-2.8391720">
    <ele>15.8</ele>
    <time>2026-05-21T05:35:47Z</time>
   </trkpt>
   <trkpt lat="48.6564160" lon="-2.8392150">
    <ele>16.0</ele>
    <time>2026-05-21T05:35:48Z</time>
   </trkpt>
   <trkpt lat="48.6564430" lon="-2.8392470">
    <ele>16.2</ele>
    <time>2026-05-21T05:35:49Z</time>
   </trkpt>
   <trkpt lat="48.6564650" lon="-2.8392900">
    <ele>16.4</ele>
    <time>2026-05-21T05:35:50Z</time>
   </trkpt>
   <trkpt lat="48.6564900" lon="-2.8393340">
    <ele>16.7</ele>
    <time>2026-05-21T05:35:51Z</time>
   </trkpt>
   <trkpt lat="48.6565180" lon="-2.8393720">
    <ele>16.9</ele>
    <time>2026-05-21T05:35:52Z</time>
   </trkpt>
   <trkpt lat="48.6565420" lon="-2.8394110">
    <ele>17.1</ele>
    <time>2026-05-21T05:35:53Z</time>
   </trkpt>
   <trkpt lat="48.6565690" lon="-2.8394420">
    <ele>17.3</ele>
    <time>2026-05-21T05:35:54Z</time>
   </trkpt>
   <trkpt lat="48.6565950" lon="-2.8394910">
    <ele>17.6</ele>
    <time>2026-05-21T05:35:55Z</time>
   </trkpt>
   <trkpt lat="48.6566160" lon="-2.8395250">
    <ele>17.7</ele>
    <time>2026-05-21T05:35:56Z</time>
   </trkpt>
   <trkpt lat="48.6566390" lon="-2.8395750">
    <ele>18.0</ele>
    <time>2026-05-21T05:35:57Z</time>
   </trkpt>
   <trkpt lat="48.6566590" lon="-2.8396210">
    <ele>18.2</ele>
    <time>2026-05-21T05:35:58Z</time>
   </trkpt>
   <trkpt lat="48.6566830" lon="-2.8396640">
    <ele>18.4</ele>
    <time>2026-05-21T05:35:59Z</time>
   </trkpt>
   <trkpt lat="48.6567090" lon="-2.8397050">
    <ele>18.6</ele>
    <time>2026-05-21T05:36:00Z</time>
   </trkpt>
   <trkpt lat="48.6567390" lon="-2.8397270">
    <ele>18.7</ele>
    <time>2026-05-21T05:36:01Z</time>
   </trkpt>
   <trkpt lat="48.6567750" lon="-2.8397280">
    <ele>19.0</ele>
    <time>2026-05-21T05:36:02Z</time>
   </trkpt>
   <trkpt lat="48.6568160" lon="-2.8397390">
    <ele>19.0</ele>
    <time>2026-05-21T05:36:03Z</time>
   </trkpt>
   <trkpt lat="48.6568540" lon="-2.8397560">
    <ele>19.2</ele>
    <time>2026-05-21T05:36:04Z</time>
   </trkpt>
   <trkpt lat="48.6568880" lon="-2.8397830">
    <ele>19.4</ele>
    <time>2026-05-21T05:36:05Z</time>
   </trkpt>
   <trkpt lat="48.6569250" lon="-2.8398070">
    <ele>19.6</ele>
    <time>2026-05-21T05:36:06Z</time>
   </trkpt>
   <trkpt lat="48.6569640" lon="-2.8398330">
    <ele>19.7</ele>
    <time>2026-05-21T05:36:07Z</time>
   </trkpt>
   <trkpt lat="48.6569980" lon="-2.8398710">
    <ele>19.8</ele>
    <time>2026-05-21T05:36:08Z</time>
   </trkpt>
   <trkpt lat="48.6570380" lon="-2.8398940">
    <ele>20.0</ele>
    <time>2026-05-21T05:36:09Z</time>
   </trkpt>
   <trkpt lat="48.6570720" lon="-2.8399250">
    <ele>20.1</ele>
    <time>2026-05-21T05:36:10Z</time>
   </trkpt>
   <trkpt lat="48.6571000" lon="-2.8399630">
    <ele>20.2</ele>
    <time>2026-05-21T05:36:11Z</time>
   </trkpt>
   <trkpt lat="48.6571370" lon="-2.8399910">
    <ele>20.4</ele>
    <time>2026-05-21T05:36:12Z</time>
   </trkpt>
   <trkpt lat="48.6571680" lon="-2.8400280">
    <ele>20.5</ele>
    <time>2026-05-21T05:36:13Z</time>
   </trkpt>
   <trkpt lat="48.6572070" lon="-2.8400580">
    <ele>20.7</ele>
    <time>2026-05-21T05:36:14Z</time>
   </trkpt>
   <trkpt lat="48.6572410" lon="-2.8400960">
    <ele>20.8</ele>
    <time>2026-05-21T05:36:15Z</time>
   </trkpt>
   <trkpt lat="48.6572740" lon="-2.8401370">
    <ele>21.0</ele>
    <time>2026-05-21T05:36:16Z</time>
   </trkpt>
   <trkpt lat="48.6573140" lon="-2.8401700">
    <ele>21.1</ele>
    <time>2026-05-21T05:36:17Z</time>
   </trkpt>
   <trkpt lat="48.6573490" lon="-2.8402110">
    <ele>21.3</ele>
    <time>2026-05-21T05:36:18Z</time>
   </trkpt>
   <trkpt lat="48.6573810" lon="-2.8402490">
    <ele>21.4</ele>
    <time>2026-05-21T05:36:19Z</time>
   </trkpt>
   <trkpt lat="48.6574190" lon="-2.8402790">
    <ele>21.6</ele>
    <time>2026-05-21T05:36:20Z</time>
   </trkpt>
   <trkpt lat="48.6574470" lon="-2.8403120">
    <ele>21.7</ele>
    <time>2026-05-21T05:36:21Z</time>
   </trkpt>
   <trkpt lat="48.6574780" lon="-2.8403660">
    <ele>21.9</ele>
    <time>2026-05-21T05:36:22Z</time>
   </trkpt>
   <trkpt lat="48.6575100" lon="-2.8404100">
    <ele>22.0</ele>
    <time>2026-05-21T05:36:23Z</time>
   </trkpt>
   <trkpt lat="48.6575430" lon="-2.8404560">
    <ele>22.1</ele>
    <time>2026-05-21T05:36:24Z</time>
   </trkpt>
   <trkpt lat="48.6575700" lon="-2.8405090">
    <ele>22.2</ele>
    <time>2026-05-21T05:36:25Z</time>
   </trkpt>
   <trkpt lat="48.6575990" lon="-2.8405580">
    <ele>22.4</ele>
    <time>2026-05-21T05:36:26Z</time>
   </trkpt>
   <trkpt lat="48.6576330" lon="-2.8406100">
    <ele>22.5</ele>
    <time>2026-05-21T05:36:27Z</time>
   </trkpt>
   <trkpt lat="48.6576650" lon="-2.8406490">
    <ele>22.6</ele>
    <time>2026-05-21T05:36:28Z</time>
   </trkpt>
   <trkpt lat="48.6576920" lon="-2.8407100">
    <ele>22.7</ele>
    <time>2026-05-21T05:36:29Z</time>
   </trkpt>
   <trkpt lat="48.6577190" lon="-2.8407620">
    <ele>22.9</ele>
    <time>2026-05-21T05:36:30Z</time>
   </trkpt>
   <trkpt lat="48.6577460" lon="-2.8408180">
    <ele>23.1</ele>
    <time>2026-05-21T05:36:31Z</time>
   </trkpt>
   <trkpt lat="48.6577710" lon="-2.8408700">
    <ele>23.2</ele>
    <time>2026-05-21T05:36:32Z</time>
   </trkpt>
   <trkpt lat="48.6577950" lon="-2.8409300">
    <ele>23.4</ele>
    <time>2026-05-21T05:36:33Z</time>
   </trkpt>
   <trkpt lat="48.6578150" lon="-2.8409740">
    <ele>23.5</ele>
    <time>2026-05-21T05:36:34Z</time>
   </trkpt>
   <trkpt lat="48.6578460" lon="-2.8410340">
    <ele>23.7</ele>
    <time>2026-05-21T05:36:35Z</time>
   </trkpt>
   <trkpt lat="48.6578620" lon="-2.8410830">
    <ele>23.8</ele>
    <time>2026-05-21T05:36:36Z</time>
   </trkpt>
   <trkpt lat="48.6578870" lon="-2.8411410">
    <ele>24.0</ele>
    <time>2026-05-21T05:36:37Z</time>
   </trkpt>
   <trkpt lat="48.6579110" lon="-2.8411960">
    <ele>24.1</ele>
    <time>2026-05-21T05:36:38Z</time>
   </trkpt>
   <trkpt lat="48.6579370" lon="-2.8412470">
    <ele>24.2</ele>
    <time>2026-05-21T05:36:39Z</time>
   </trkpt>
   <trkpt lat="48.6579620" lon="-2.8413060">
    <ele>24.3</ele>
    <time>2026-05-21T05:36:40Z</time>
   </trkpt>
   <trkpt lat="48.6579880" lon="-2.8413590">
    <ele>24.3</ele>
    <time>2026-05-21T05:36:41Z</time>
   </trkpt>
   <trkpt lat="48.6580100" lon="-2.8414200">
    <ele>24.4</ele>
    <time>2026-05-21T05:36:42Z</time>
   </trkpt>
   <trkpt lat="48.6580330" lon="-2.8414860">
    <ele>24.4</ele>
    <time>2026-05-21T05:36:43Z</time>
   </trkpt>
   <trkpt lat="48.6580520" lon="-2.8415580">
    <ele>24.3</ele>
    <time>2026-05-21T05:36:44Z</time>
   </trkpt>
   <trkpt lat="48.6580740" lon="-2.8416180">
    <ele>24.3</ele>
    <time>2026-05-21T05:36:45Z</time>
   </trkpt>
   <trkpt lat="48.6580930" lon="-2.8416890">
    <ele>24.2</ele>
    <time>2026-05-21T05:36:46Z</time>
   </trkpt>
   <trkpt lat="48.6581110" lon="-2.8417640">
    <ele>24.2</ele>
    <time>2026-05-21T05:36:47Z</time>
   </trkpt>
   <trkpt lat="48.6581300" lon="-2.8418360">
    <ele>24.1</ele>
    <time>2026-05-21T05:36:48Z</time>
   </trkpt>
   <trkpt lat="48.6581530" lon="-2.8419090">
    <ele>24.1</ele>
    <time>2026-05-21T05:36:49Z</time>
   </trkpt>
   <trkpt lat="48.6581780" lon="-2.8419810">
    <ele>24.0</ele>
    <time>2026-05-21T05:36:50Z</time>
   </trkpt>
   <trkpt lat="48.6582070" lon="-2.8420460">
    <ele>24.0</ele>
    <time>2026-05-21T05:36:51Z</time>
   </trkpt>
   <trkpt lat="48.6582430" lon="-2.8421050">
    <ele>23.9</ele>
    <time>2026-05-21T05:36:52Z</time>
   </trkpt>
   <trkpt lat="48.6582790" lon="-2.8421620">
    <ele>23.9</ele>
    <time>2026-05-21T05:36:53Z</time>
   </trkpt>
   <trkpt lat="48.6583190" lon="-2.8422100">
    <ele>23.8</ele>
    <time>2026-05-21T05:36:54Z</time>
   </trkpt>
   <trkpt lat="48.6583610" lon="-2.8422590">
    <ele>23.7</ele>
    <time>2026-05-21T05:36:55Z</time>
   </trkpt>
   <trkpt lat="48.6584050" lon="-2.8423040">
    <ele>23.6</ele>
    <time>2026-05-21T05:36:56Z</time>
   </trkpt>
   <trkpt lat="48.6584500" lon="-2.8423470">
    <ele>23.5</ele>
    <time>2026-05-21T05:36:57Z</time>
   </trkpt>
   <trkpt lat="48.6584940" lon="-2.8423960">
    <ele>23.4</ele>
    <time>2026-05-21T05:36:58Z</time>
   </trkpt>
   <trkpt lat="48.6585430" lon="-2.8424410">
    <ele>23.3</ele>
    <time>2026-05-21T05:36:59Z</time>
   </trkpt>
   <trkpt lat="48.6585920" lon="-2.8424850">
    <ele>23.2</ele>
    <time>2026-05-21T05:37:01Z</time>
   </trkpt>
   <trkpt lat="48.6586430" lon="-2.8425370">
    <ele>23.2</ele>
    <time>2026-05-21T05:37:02Z</time>
   </trkpt>
   <trkpt lat="48.6587010" lon="-2.8425800">
    <ele>23.1</ele>
    <time>2026-05-21T05:37:03Z</time>
   </trkpt>
   <trkpt lat="48.6587580" lon="-2.8426150">
    <ele>23.1</ele>
    <time>2026-05-21T05:37:04Z</time>
   </trkpt>
   <trkpt lat="48.6588150" lon="-2.8426510">
    <ele>23.2</ele>
    <time>2026-05-21T05:37:05Z</time>
   </trkpt>
   <trkpt lat="48.6588750" lon="-2.8426810">
    <ele>23.2</ele>
    <time>2026-05-21T05:37:06Z</time>
   </trkpt>
   <trkpt lat="48.6589280" lon="-2.8427140">
    <ele>23.2</ele>
    <time>2026-05-21T05:37:07Z</time>
   </trkpt>
   <trkpt lat="48.6589830" lon="-2.8427440">
    <ele>23.3</ele>
    <time>2026-05-21T05:37:08Z</time>
   </trkpt>
   <trkpt lat="48.6590360" lon="-2.8427740">
    <ele>23.4</ele>
    <time>2026-05-21T05:37:09Z</time>
   </trkpt>
   <trkpt lat="48.6590820" lon="-2.8428140">
    <ele>23.4</ele>
    <time>2026-05-21T05:37:10Z</time>
   </trkpt>
   <trkpt lat="48.6591330" lon="-2.8428480">
    <ele>23.4</ele>
    <time>2026-05-21T05:37:11Z</time>
   </trkpt>
   <trkpt lat="48.6591820" lon="-2.8428830">
    <ele>23.4</ele>
    <time>2026-05-21T05:37:12Z</time>
   </trkpt>
   <trkpt lat="48.6592350" lon="-2.8429140">
    <ele>23.4</ele>
    <time>2026-05-21T05:37:13Z</time>
   </trkpt>
   <trkpt lat="48.6592860" lon="-2.8429490">
    <ele>23.4</ele>
    <time>2026-05-21T05:37:14Z</time>
   </trkpt>
   <trkpt lat="48.6593330" lon="-2.8429920">
    <ele>23.5</ele>
    <time>2026-05-21T05:37:15Z</time>
   </trkpt>
   <trkpt lat="48.6593900" lon="-2.8430250">
    <ele>23.5</ele>
    <time>2026-05-21T05:37:16Z</time>
   </trkpt>
   <trkpt lat="48.6594450" lon="-2.8430610">
    <ele>23.5</ele>
    <time>2026-05-21T05:37:17Z</time>
   </trkpt>
   <trkpt lat="48.6594970" lon="-2.8431090">
    <ele>23.4</ele>
    <time>2026-05-21T05:37:18Z</time>
   </trkpt>
   <trkpt lat="48.6595480" lon="-2.8431530">
    <ele>23.4</ele>
    <time>2026-05-21T05:37:19Z</time>
   </trkpt>
   <trkpt lat="48.6596000" lon="-2.8432040">
    <ele>23.5</ele>
    <time>2026-05-21T05:37:20Z</time>
   </trkpt>
   <trkpt lat="48.6596570" lon="-2.8432410">
    <ele>23.5</ele>
    <time>2026-05-21T05:37:21Z</time>
   </trkpt>
   <trkpt lat="48.6597140" lon="-2.8432770">
    <ele>23.5</ele>
    <time>2026-05-21T05:37:22Z</time>
   </trkpt>
   <trkpt lat="48.6597650" lon="-2.8433180">
    <ele>23.5</ele>
    <time>2026-05-21T05:37:23Z</time>
   </trkpt>
   <trkpt lat="48.6598640" lon="-2.8434300">
    <ele>23.7</ele>
    <time>2026-05-21T05:37:24Z</time>
   </trkpt>
   <trkpt lat="48.6599100" lon="-2.8434860">
    <ele>23.8</ele>
    <time>2026-05-21T05:37:25Z</time>
   </trkpt>
   <trkpt lat="48.6599580" lon="-2.8435410">
    <ele>23.9</ele>
    <time>2026-05-21T05:37:26Z</time>
   </trkpt>
   <trkpt lat="48.6600040" lon="-2.8435910">
    <ele>24.0</ele>
    <time>2026-05-21T05:37:27Z</time>
   </trkpt>
   <trkpt lat="48.6600510" lon="-2.8436410">
    <ele>24.2</ele>
    <time>2026-05-21T05:37:28Z</time>
   </trkpt>
   <trkpt lat="48.6600910" lon="-2.8436860">
    <ele>24.2</ele>
    <time>2026-05-21T05:37:29Z</time>
   </trkpt>
   <trkpt lat="48.6601290" lon="-2.8437280">
    <ele>24.4</ele>
    <time>2026-05-21T05:37:30Z</time>
   </trkpt>
   <trkpt lat="48.6601750" lon="-2.8437660">
    <ele>24.7</ele>
    <time>2026-05-21T05:37:31Z</time>
   </trkpt>
   <trkpt lat="48.6602120" lon="-2.8438100">
    <ele>24.9</ele>
    <time>2026-05-21T05:37:32Z</time>
   </trkpt>
   <trkpt lat="48.6602540" lon="-2.8438560">
    <ele>25.2</ele>
    <time>2026-05-21T05:37:33Z</time>
   </trkpt>
   <trkpt lat="48.6602950" lon="-2.8438910">
    <ele>25.4</ele>
    <time>2026-05-21T05:37:34Z</time>
   </trkpt>
   <trkpt lat="48.6603360" lon="-2.8439240">
    <ele>25.6</ele>
    <time>2026-05-21T05:37:35Z</time>
   </trkpt>
   <trkpt lat="48.6603820" lon="-2.8439610">
    <ele>25.8</ele>
    <time>2026-05-21T05:37:36Z</time>
   </trkpt>
   <trkpt lat="48.6604260" lon="-2.8439890">
    <ele>26.0</ele>
    <time>2026-05-21T05:37:37Z</time>
   </trkpt>
   <trkpt lat="48.6604700" lon="-2.8440200">
    <ele>26.2</ele>
    <time>2026-05-21T05:37:38Z</time>
   </trkpt>
   <trkpt lat="48.6605080" lon="-2.8440530">
    <ele>26.4</ele>
    <time>2026-05-21T05:37:39Z</time>
   </trkpt>
   <trkpt lat="48.6605520" lon="-2.8440830">
    <ele>26.6</ele>
    <time>2026-05-21T05:37:40Z</time>
   </trkpt>
   <trkpt lat="48.6605920" lon="-2.8441200">
    <ele>26.7</ele>
    <time>2026-05-21T05:37:41Z</time>
   </trkpt>
   <trkpt lat="48.6606330" lon="-2.8441500">
    <ele>26.8</ele>
    <time>2026-05-21T05:37:42Z</time>
   </trkpt>
   <trkpt lat="48.6606790" lon="-2.8441780">
    <ele>27.0</ele>
    <time>2026-05-21T05:37:43Z</time>
   </trkpt>
   <trkpt lat="48.6607270" lon="-2.8442000">
    <ele>27.1</ele>
    <time>2026-05-21T05:37:44Z</time>
   </trkpt>
   <trkpt lat="48.6607700" lon="-2.8442370">
    <ele>27.1</ele>
    <time>2026-05-21T05:37:45Z</time>
   </trkpt>
   <trkpt lat="48.6608160" lon="-2.8442680">
    <ele>27.2</ele>
    <time>2026-05-21T05:37:46Z</time>
   </trkpt>
   <trkpt lat="48.6608660" lon="-2.8442950">
    <ele>27.3</ele>
    <time>2026-05-21T05:37:47Z</time>
   </trkpt>
   <trkpt lat="48.6609140" lon="-2.8443180">
    <ele>27.3</ele>
    <time>2026-05-21T05:37:48Z</time>
   </trkpt>
   <trkpt lat="48.6609650" lon="-2.8443390">
    <ele>27.3</ele>
    <time>2026-05-21T05:37:49Z</time>
   </trkpt>
   <trkpt lat="48.6610220" lon="-2.8443610">
    <ele>27.3</ele>
    <time>2026-05-21T05:37:50Z</time>
   </trkpt>
   <trkpt lat="48.6610770" lon="-2.8443710">
    <ele>27.3</ele>
    <time>2026-05-21T05:37:51Z</time>
   </trkpt>
   <trkpt lat="48.6611390" lon="-2.8443690">
    <ele>27.3</ele>
    <time>2026-05-21T05:37:52Z</time>
   </trkpt>
   <trkpt lat="48.6612020" lon="-2.8443530">
    <ele>27.2</ele>
    <time>2026-05-21T05:37:53Z</time>
   </trkpt>
   <trkpt lat="48.6612600" lon="-2.8443450">
    <ele>27.2</ele>
    <time>2026-05-21T05:37:54Z</time>
   </trkpt>
   <trkpt lat="48.6613220" lon="-2.8443390">
    <ele>27.2</ele>
    <time>2026-05-21T05:37:55Z</time>
   </trkpt>
   <trkpt lat="48.6613850" lon="-2.8443390">
    <ele>27.1</ele>
    <time>2026-05-21T05:37:56Z</time>
   </trkpt>
   <trkpt lat="48.6614510" lon="-2.8443430">
    <ele>27.0</ele>
    <time>2026-05-21T05:37:57Z</time>
   </trkpt>
   <trkpt lat="48.6615160" lon="-2.8443650">
    <ele>27.0</ele>
    <time>2026-05-21T05:37:58Z</time>
   </trkpt>
   <trkpt lat="48.6615730" lon="-2.8444000">
    <ele>27.1</ele>
    <time>2026-05-21T05:37:59Z</time>
   </trkpt>
   <trkpt lat="48.6616250" lon="-2.8444480">
    <ele>27.1</ele>
    <time>2026-05-21T05:38:00Z</time>
   </trkpt>
   <trkpt lat="48.6616780" lon="-2.8444910">
    <ele>27.2</ele>
    <time>2026-05-21T05:38:01Z</time>
   </trkpt>
   <trkpt lat="48.6617310" lon="-2.8445390">
    <ele>27.4</ele>
    <time>2026-05-21T05:38:02Z</time>
   </trkpt>
   <trkpt lat="48.6617770" lon="-2.8445910">
    <ele>27.5</ele>
    <time>2026-05-21T05:38:03Z</time>
   </trkpt>
   <trkpt lat="48.6618190" lon="-2.8446510">
    <ele>27.8</ele>
    <time>2026-05-21T05:38:04Z</time>
   </trkpt>
   <trkpt lat="48.6618550" lon="-2.8447100">
    <ele>28.1</ele>
    <time>2026-05-21T05:38:05Z</time>
   </trkpt>
   <trkpt lat="48.6618860" lon="-2.8447650">
    <ele>28.4</ele>
    <time>2026-05-21T05:38:06Z</time>
   </trkpt>
   <trkpt lat="48.6619200" lon="-2.8448250">
    <ele>28.7</ele>
    <time>2026-05-21T05:38:07Z</time>
   </trkpt>
   <trkpt lat="48.6619570" lon="-2.8448700">
    <ele>29.0</ele>
    <time>2026-05-21T05:38:08Z</time>
   </trkpt>
   <trkpt lat="48.6619840" lon="-2.8449170">
    <ele>29.3</ele>
    <time>2026-05-21T05:38:09Z</time>
   </trkpt>
   <trkpt lat="48.6620090" lon="-2.8449700">
    <ele>29.5</ele>
    <time>2026-05-21T05:38:10Z</time>
   </trkpt>
   <trkpt lat="48.6620410" lon="-2.8450170">
    <ele>29.8</ele>
    <time>2026-05-21T05:38:11Z</time>
   </trkpt>
   <trkpt lat="48.6620730" lon="-2.8450640">
    <ele>30.1</ele>
    <time>2026-05-21T05:38:12Z</time>
   </trkpt>
   <trkpt lat="48.6621000" lon="-2.8451120">
    <ele>30.4</ele>
    <time>2026-05-21T05:38:13Z</time>
   </trkpt>
   <trkpt lat="48.6621280" lon="-2.8451570">
    <ele>30.6</ele>
    <time>2026-05-21T05:38:14Z</time>
   </trkpt>
   <trkpt lat="48.6621570" lon="-2.8452050">
    <ele>30.9</ele>
    <time>2026-05-21T05:38:15Z</time>
   </trkpt>
   <trkpt lat="48.6621870" lon="-2.8452500">
    <ele>31.1</ele>
    <time>2026-05-21T05:38:16Z</time>
   </trkpt>
   <trkpt lat="48.6622160" lon="-2.8452980">
    <ele>31.4</ele>
    <time>2026-05-21T05:38:17Z</time>
   </trkpt>
   <trkpt lat="48.6622470" lon="-2.8453460">
    <ele>31.7</ele>
    <time>2026-05-21T05:38:18Z</time>
   </trkpt>
   <trkpt lat="48.6622720" lon="-2.8454010">
    <ele>31.8</ele>
    <time>2026-05-21T05:38:19Z</time>
   </trkpt>
   <trkpt lat="48.6623050" lon="-2.8454450">
    <ele>31.9</ele>
    <time>2026-05-21T05:38:20Z</time>
   </trkpt>
   <trkpt lat="48.6623320" lon="-2.8454940">
    <ele>31.9</ele>
    <time>2026-05-21T05:38:21Z</time>
   </trkpt>
   <trkpt lat="48.6623610" lon="-2.8455430">
    <ele>32.3</ele>
    <time>2026-05-21T05:38:22Z</time>
   </trkpt>
   <trkpt lat="48.6623900" lon="-2.8455950">
    <ele>32.6</ele>
    <time>2026-05-21T05:38:23Z</time>
   </trkpt>
   <trkpt lat="48.6624130" lon="-2.8456500">
    <ele>33.0</ele>
    <time>2026-05-21T05:38:24Z</time>
   </trkpt>
   <trkpt lat="48.6624410" lon="-2.8457030">
    <ele>33.3</ele>
    <time>2026-05-21T05:38:25Z</time>
   </trkpt>
   <trkpt lat="48.6624690" lon="-2.8457540">
    <ele>33.7</ele>
    <time>2026-05-21T05:38:26Z</time>
   </trkpt>
   <trkpt lat="48.6624970" lon="-2.8458050">
    <ele>34.1</ele>
    <time>2026-05-21T05:38:27Z</time>
   </trkpt>
   <trkpt lat="48.6625250" lon="-2.8458520">
    <ele>34.5</ele>
    <time>2026-05-21T05:38:28Z</time>
   </trkpt>
   <trkpt lat="48.6625510" lon="-2.8459070">
    <ele>34.9</ele>
    <time>2026-05-21T05:38:29Z</time>
   </trkpt>
   <trkpt lat="48.6625730" lon="-2.8459620">
    <ele>35.4</ele>
    <time>2026-05-21T05:38:30Z</time>
   </trkpt>
   <trkpt lat="48.6626020" lon="-2.8460080">
    <ele>35.8</ele>
    <time>2026-05-21T05:38:31Z</time>
   </trkpt>
   <trkpt lat="48.6626240" lon="-2.8460590">
    <ele>36.2</ele>
    <time>2026-05-21T05:38:32Z</time>
   </trkpt>
   <trkpt lat="48.6626440" lon="-2.8461160">
    <ele>36.6</ele>
    <time>2026-05-21T05:38:33Z</time>
   </trkpt>
   <trkpt lat="48.6626570" lon="-2.8461770">
    <ele>37.0</ele>
    <time>2026-05-21T05:38:34Z</time>
   </trkpt>
   <trkpt lat="48.6626670" lon="-2.8462330">
    <ele>37.4</ele>
    <time>2026-05-21T05:38:35Z</time>
   </trkpt>
   <trkpt lat="48.6626800" lon="-2.8462920">
    <ele>37.8</ele>
    <time>2026-05-21T05:38:36Z</time>
   </trkpt>
   <trkpt lat="48.6626870" lon="-2.8463500">
    <ele>38.2</ele>
    <time>2026-05-21T05:38:37Z</time>
   </trkpt>
   <trkpt lat="48.6626920" lon="-2.8464070">
    <ele>38.5</ele>
    <time>2026-05-21T05:38:38Z</time>
   </trkpt>
   <trkpt lat="48.6626960" lon="-2.8464600">
    <ele>38.9</ele>
    <time>2026-05-21T05:38:39Z</time>
   </trkpt>
   <trkpt lat="48.6626990" lon="-2.8465060">
    <ele>39.0</ele>
    <time>2026-05-21T05:38:40Z</time>
   </trkpt>
   <trkpt lat="48.6627010" lon="-2.8465530">
    <ele>39.2</ele>
    <time>2026-05-21T05:38:41Z</time>
   </trkpt>
   <trkpt lat="48.6627070" lon="-2.8465980">
    <ele>39.3</ele>
    <time>2026-05-21T05:38:42Z</time>
   </trkpt>
   <trkpt lat="48.6627160" lon="-2.8466430">
    <ele>39.4</ele>
    <time>2026-05-21T05:38:43Z</time>
   </trkpt>
   <trkpt lat="48.6627260" lon="-2.8466960">
    <ele>39.5</ele>
    <time>2026-05-21T05:38:44Z</time>
   </trkpt>
   <trkpt lat="48.6627350" lon="-2.8467480">
    <ele>39.6</ele>
    <time>2026-05-21T05:38:45Z</time>
   </trkpt>
   <trkpt lat="48.6627410" lon="-2.8468010">
    <ele>39.7</ele>
    <time>2026-05-21T05:38:46Z</time>
   </trkpt>
   <trkpt lat="48.6627510" lon="-2.8468510">
    <ele>39.8</ele>
    <time>2026-05-21T05:38:47Z</time>
   </trkpt>
   <trkpt lat="48.6627540" lon="-2.8469050">
    <ele>39.8</ele>
    <time>2026-05-21T05:38:48Z</time>
   </trkpt>
   <trkpt lat="48.6627660" lon="-2.8469590">
    <ele>39.9</ele>
    <time>2026-05-21T05:38:49Z</time>
   </trkpt>
   <trkpt lat="48.6627760" lon="-2.8470140">
    <ele>39.9</ele>
    <time>2026-05-21T05:38:50Z</time>
   </trkpt>
   <trkpt lat="48.6627860" lon="-2.8470700">
    <ele>40.0</ele>
    <time>2026-05-21T05:38:51Z</time>
   </trkpt>
   <trkpt lat="48.6627990" lon="-2.8471280">
    <ele>40.0</ele>
    <time>2026-05-21T05:38:52Z</time>
   </trkpt>
   <trkpt lat="48.6628100" lon="-2.8471870">
    <ele>40.0</ele>
    <time>2026-05-21T05:38:53Z</time>
   </trkpt>
   <trkpt lat="48.6628240" lon="-2.8472460">
    <ele>40.1</ele>
    <time>2026-05-21T05:38:54Z</time>
   </trkpt>
   <trkpt lat="48.6628390" lon="-2.8473040">
    <ele>40.1</ele>
    <time>2026-05-21T05:38:55Z</time>
   </trkpt>
   <trkpt lat="48.6628530" lon="-2.8473640">
    <ele>40.2</ele>
    <time>2026-05-21T05:38:56Z</time>
   </trkpt>
   <trkpt lat="48.6628680" lon="-2.8474230">
    <ele>40.3</ele>
    <time>2026-05-21T05:38:57Z</time>
   </trkpt>
   <trkpt lat="48.6628790" lon="-2.8474870">
    <ele>40.4</ele>
    <time>2026-05-21T05:38:58Z</time>
   </trkpt>
   <trkpt lat="48.6628950" lon="-2.8475510">
    <ele>40.5</ele>
    <time>2026-05-21T05:38:59Z</time>
   </trkpt>
   <trkpt lat="48.6629050" lon="-2.8476130">
    <ele>40.7</ele>
    <time>2026-05-21T05:39:00Z</time>
   </trkpt>
   <trkpt lat="48.6629200" lon="-2.8476820">
    <ele>40.8</ele>
    <time>2026-05-21T05:39:01Z</time>
   </trkpt>
   <trkpt lat="48.6629300" lon="-2.8477440">
    <ele>41.0</ele>
    <time>2026-05-21T05:39:02Z</time>
   </trkpt>
   <trkpt lat="48.6629470" lon="-2.8478070">
    <ele>41.2</ele>
    <time>2026-05-21T05:39:03Z</time>
   </trkpt>
   <trkpt lat="48.6629610" lon="-2.8478710">
    <ele>41.4</ele>
    <time>2026-05-21T05:39:04Z</time>
   </trkpt>
   <trkpt lat="48.6629750" lon="-2.8479300">
    <ele>41.6</ele>
    <time>2026-05-21T05:39:05Z</time>
   </trkpt>
   <trkpt lat="48.6629870" lon="-2.8479940">
    <ele>41.8</ele>
    <time>2026-05-21T05:39:07Z</time>
   </trkpt>
   <trkpt lat="48.6630020" lon="-2.8480560">
    <ele>42.1</ele>
    <time>2026-05-21T05:39:08Z</time>
   </trkpt>
   <trkpt lat="48.6630100" lon="-2.8481170">
    <ele>42.3</ele>
    <time>2026-05-21T05:39:09Z</time>
   </trkpt>
   <trkpt lat="48.6630180" lon="-2.8481780">
    <ele>42.6</ele>
    <time>2026-05-21T05:39:10Z</time>
   </trkpt>
   <trkpt lat="48.6630270" lon="-2.8482380">
    <ele>42.8</ele>
    <time>2026-05-21T05:39:11Z</time>
   </trkpt>
   <trkpt lat="48.6630400" lon="-2.8482970">
    <ele>43.1</ele>
    <time>2026-05-21T05:39:12Z</time>
   </trkpt>
   <trkpt lat="48.6630550" lon="-2.8483540">
    <ele>43.4</ele>
    <time>2026-05-21T05:39:13Z</time>
   </trkpt>
   <trkpt lat="48.6630710" lon="-2.8484090">
    <ele>43.7</ele>
    <time>2026-05-21T05:39:14Z</time>
   </trkpt>
   <trkpt lat="48.6630840" lon="-2.8484630">
    <ele>44.0</ele>
    <time>2026-05-21T05:39:15Z</time>
   </trkpt>
   <trkpt lat="48.6630990" lon="-2.8485080">
    <ele>44.2</ele>
    <time>2026-05-21T05:39:16Z</time>
   </trkpt>
   <trkpt lat="48.6631150" lon="-2.8485520">
    <ele>44.5</ele>
    <time>2026-05-21T05:39:17Z</time>
   </trkpt>
   <trkpt lat="48.6631260" lon="-2.8485990">
    <ele>44.7</ele>
    <time>2026-05-21T05:39:18Z</time>
   </trkpt>
   <trkpt lat="48.6631400" lon="-2.8486410">
    <ele>44.9</ele>
    <time>2026-05-21T05:39:19Z</time>
   </trkpt>
   <trkpt lat="48.6631550" lon="-2.8486850">
    <ele>45.2</ele>
    <time>2026-05-21T05:39:20Z</time>
   </trkpt>
   <trkpt lat="48.6631720" lon="-2.8487360">
    <ele>45.5</ele>
    <time>2026-05-21T05:39:21Z</time>
   </trkpt>
   <trkpt lat="48.6631850" lon="-2.8487830">
    <ele>45.7</ele>
    <time>2026-05-21T05:39:22Z</time>
   </trkpt>
   <trkpt lat="48.6632020" lon="-2.8488280">
    <ele>45.9</ele>
    <time>2026-05-21T05:39:23Z</time>
   </trkpt>
   <trkpt lat="48.6632210" lon="-2.8488740">
    <ele>46.2</ele>
    <time>2026-05-21T05:39:24Z</time>
   </trkpt>
   <trkpt lat="48.6632350" lon="-2.8489270">
    <ele>46.4</ele>
    <time>2026-05-21T05:39:25Z</time>
   </trkpt>
   <trkpt lat="48.6632490" lon="-2.8489780">
    <ele>46.6</ele>
    <time>2026-05-21T05:39:26Z</time>
   </trkpt>
   <trkpt lat="48.6632680" lon="-2.8490200">
    <ele>46.8</ele>
    <time>2026-05-21T05:39:27Z</time>
   </trkpt>
   <trkpt lat="48.6632890" lon="-2.8490670">
    <ele>47.0</ele>
    <time>2026-05-21T05:39:28Z</time>
   </trkpt>
   <trkpt lat="48.6633010" lon="-2.8491180">
    <ele>47.2</ele>
    <time>2026-05-21T05:39:29Z</time>
   </trkpt>
   <trkpt lat="48.6633150" lon="-2.8491630">
    <ele>47.3</ele>
    <time>2026-05-21T05:39:30Z</time>
   </trkpt>
   <trkpt lat="48.6633300" lon="-2.8492090">
    <ele>47.4</ele>
    <time>2026-05-21T05:39:31Z</time>
   </trkpt>
   <trkpt lat="48.6633450" lon="-2.8492550">
    <ele>47.4</ele>
    <time>2026-05-21T05:39:32Z</time>
   </trkpt>
   <trkpt lat="48.6633620" lon="-2.8493010">
    <ele>47.5</ele>
    <time>2026-05-21T05:39:33Z</time>
   </trkpt>
   <trkpt lat="48.6633790" lon="-2.8493500">
    <ele>47.5</ele>
    <time>2026-05-21T05:39:34Z</time>
   </trkpt>
   <trkpt lat="48.6633940" lon="-2.8494000">
    <ele>47.5</ele>
    <time>2026-05-21T05:39:35Z</time>
   </trkpt>
   <trkpt lat="48.6634120" lon="-2.8494470">
    <ele>47.5</ele>
    <time>2026-05-21T05:39:36Z</time>
   </trkpt>
   <trkpt lat="48.6634250" lon="-2.8494990">
    <ele>47.5</ele>
    <time>2026-05-21T05:39:37Z</time>
   </trkpt>
   <trkpt lat="48.6634480" lon="-2.8496180">
    <ele>47.5</ele>
    <time>2026-05-21T05:39:38Z</time>
   </trkpt>
   <trkpt lat="48.6634590" lon="-2.8496810">
    <ele>47.4</ele>
    <time>2026-05-21T05:39:39Z</time>
   </trkpt>
   <trkpt lat="48.6634730" lon="-2.8497500">
    <ele>47.4</ele>
    <time>2026-05-21T05:39:40Z</time>
   </trkpt>
   <trkpt lat="48.6634860" lon="-2.8498240">
    <ele>47.3</ele>
    <time>2026-05-21T05:39:41Z</time>
   </trkpt>
   <trkpt lat="48.6634980" lon="-2.8499000">
    <ele>47.3</ele>
    <time>2026-05-21T05:39:42Z</time>
   </trkpt>
   <trkpt lat="48.6635110" lon="-2.8499770">
    <ele>47.3</ele>
    <time>2026-05-21T05:39:43Z</time>
   </trkpt>
   <trkpt lat="48.6635240" lon="-2.8500550">
    <ele>47.4</ele>
    <time>2026-05-21T05:39:44Z</time>
   </trkpt>
   <trkpt lat="48.6635360" lon="-2.8501350">
    <ele>47.5</ele>
    <time>2026-05-21T05:39:45Z</time>
   </trkpt>
   <trkpt lat="48.6635480" lon="-2.8502120">
    <ele>47.6</ele>
    <time>2026-05-21T05:39:46Z</time>
   </trkpt>
   <trkpt lat="48.6635610" lon="-2.8502900">
    <ele>47.8</ele>
    <time>2026-05-21T05:39:47Z</time>
   </trkpt>
   <trkpt lat="48.6635750" lon="-2.8503650">
    <ele>48.0</ele>
    <time>2026-05-21T05:39:48Z</time>
   </trkpt>
   <trkpt lat="48.6635880" lon="-2.8504380">
    <ele>48.2</ele>
    <time>2026-05-21T05:39:49Z</time>
   </trkpt>
   <trkpt lat="48.6636010" lon="-2.8505120">
    <ele>48.4</ele>
    <time>2026-05-21T05:39:50Z</time>
   </trkpt>
   <trkpt lat="48.6636140" lon="-2.8505830">
    <ele>48.6</ele>
    <time>2026-05-21T05:39:51Z</time>
   </trkpt>
   <trkpt lat="48.6636280" lon="-2.8506530">
    <ele>48.7</ele>
    <time>2026-05-21T05:39:52Z</time>
   </trkpt>
   <trkpt lat="48.6636440" lon="-2.8507170">
    <ele>48.9</ele>
    <time>2026-05-21T05:39:53Z</time>
   </trkpt>
   <trkpt lat="48.6636570" lon="-2.8507810">
    <ele>48.9</ele>
    <time>2026-05-21T05:39:54Z</time>
   </trkpt>
   <trkpt lat="48.6636700" lon="-2.8508440">
    <ele>48.9</ele>
    <time>2026-05-21T05:39:55Z</time>
   </trkpt>
   <trkpt lat="48.6636860" lon="-2.8509070">
    <ele>48.9</ele>
    <time>2026-05-21T05:39:56Z</time>
   </trkpt>
   <trkpt lat="48.6637020" lon="-2.8509740">
    <ele>48.8</ele>
    <time>2026-05-21T05:39:57Z</time>
   </trkpt>
   <trkpt lat="48.6637160" lon="-2.8510420">
    <ele>48.6</ele>
    <time>2026-05-21T05:39:58Z</time>
   </trkpt>
   <trkpt lat="48.6637360" lon="-2.8511140">
    <ele>48.3</ele>
    <time>2026-05-21T05:39:59Z</time>
   </trkpt>
   <trkpt lat="48.6637570" lon="-2.8511930">
    <ele>47.9</ele>
    <time>2026-05-21T05:40:00Z</time>
   </trkpt>
   <trkpt lat="48.6637790" lon="-2.8512790">
    <ele>47.5</ele>
    <time>2026-05-21T05:40:01Z</time>
   </trkpt>
   <trkpt lat="48.6638010" lon="-2.8513700">
    <ele>47.0</ele>
    <time>2026-05-21T05:40:02Z</time>
   </trkpt>
   <trkpt lat="48.6638240" lon="-2.8514700">
    <ele>46.4</ele>
    <time>2026-05-21T05:40:03Z</time>
   </trkpt>
   <trkpt lat="48.6638480" lon="-2.8515800">
    <ele>45.9</ele>
    <time>2026-05-21T05:40:04Z</time>
   </trkpt>
   <trkpt lat="48.6638780" lon="-2.8516880">
    <ele>45.4</ele>
    <time>2026-05-21T05:40:05Z</time>
   </trkpt>
   <trkpt lat="48.6639050" lon="-2.8517910">
    <ele>45.0</ele>
    <time>2026-05-21T05:40:06Z</time>
   </trkpt>
   <trkpt lat="48.6639350" lon="-2.8518840">
    <ele>44.7</ele>
    <time>2026-05-21T05:40:07Z</time>
   </trkpt>
   <trkpt lat="48.6639680" lon="-2.8519870">
    <ele>44.4</ele>
    <time>2026-05-21T05:40:08Z</time>
   </trkpt>
   <trkpt lat="48.6640000" lon="-2.8520810">
    <ele>44.0</ele>
    <time>2026-05-21T05:40:09Z</time>
   </trkpt>
   <trkpt lat="48.6640340" lon="-2.8521790">
    <ele>43.6</ele>
    <time>2026-05-21T05:40:10Z</time>
   </trkpt>
   <trkpt lat="48.6640710" lon="-2.8522760">
    <ele>43.1</ele>
    <time>2026-05-21T05:40:11Z</time>
   </trkpt>
   <trkpt lat="48.6641150" lon="-2.8523660">
    <ele>42.5</ele>
    <time>2026-05-21T05:40:12Z</time>
   </trkpt>
   <trkpt lat="48.6641690" lon="-2.8524570">
    <ele>41.9</ele>
    <time>2026-05-21T05:40:13Z</time>
   </trkpt>
   <trkpt lat="48.6642270" lon="-2.8525430">
    <ele>41.2</ele>
    <time>2026-05-21T05:40:14Z</time>
   </trkpt>
   <trkpt lat="48.6642890" lon="-2.8526340">
    <ele>40.5</ele>
    <time>2026-05-21T05:40:15Z</time>
   </trkpt>
   <trkpt lat="48.6643530" lon="-2.8527140">
    <ele>39.7</ele>
    <time>2026-05-21T05:40:16Z</time>
   </trkpt>
   <trkpt lat="48.6644170" lon="-2.8527840">
    <ele>38.9</ele>
    <time>2026-05-21T05:40:17Z</time>
   </trkpt>
   <trkpt lat="48.6644820" lon="-2.8528480">
    <ele>38.1</ele>
    <time>2026-05-21T05:40:18Z</time>
   </trkpt>
   <trkpt lat="48.6645510" lon="-2.8529040">
    <ele>37.2</ele>
    <time>2026-05-21T05:40:19Z</time>
   </trkpt>
   <trkpt lat="48.6646240" lon="-2.8529490">
    <ele>36.3</ele>
    <time>2026-05-21T05:40:20Z</time>
   </trkpt>
   <trkpt lat="48.6647040" lon="-2.8529840">
    <ele>35.2</ele>
    <time>2026-05-21T05:40:21Z</time>
   </trkpt>
   <trkpt lat="48.6647830" lon="-2.8530110">
    <ele>34.1</ele>
    <time>2026-05-21T05:40:22Z</time>
   </trkpt>
   <trkpt lat="48.6648660" lon="-2.8530360">
    <ele>32.8</ele>
    <time>2026-05-21T05:40:23Z</time>
   </trkpt>
   <trkpt lat="48.6649470" lon="-2.8530650">
    <ele>31.6</ele>
    <time>2026-05-21T05:40:24Z</time>
   </trkpt>
   <trkpt lat="48.6650310" lon="-2.8530970">
    <ele>30.4</ele>
    <time>2026-05-21T05:40:25Z</time>
   </trkpt>
   <trkpt lat="48.6651140" lon="-2.8531380">
    <ele>29.2</ele>
    <time>2026-05-21T05:40:26Z</time>
   </trkpt>
   <trkpt lat="48.6651900" lon="-2.8531900">
    <ele>28.0</ele>
    <time>2026-05-21T05:40:27Z</time>
   </trkpt>
   <trkpt lat="48.6652640" lon="-2.8532560">
    <ele>26.8</ele>
    <time>2026-05-21T05:40:28Z</time>
   </trkpt>
   <trkpt lat="48.6653350" lon="-2.8533370">
    <ele>25.5</ele>
    <time>2026-05-21T05:40:29Z</time>
   </trkpt>
   <trkpt lat="48.6654050" lon="-2.8534240">
    <ele>24.2</ele>
    <time>2026-05-21T05:40:30Z</time>
   </trkpt>
   <trkpt lat="48.6654780" lon="-2.8535120">
    <ele>22.9</ele>
    <time>2026-05-21T05:40:31Z</time>
   </trkpt>
   <trkpt lat="48.6655510" lon="-2.8536020">
    <ele>21.6</ele>
    <time>2026-05-21T05:40:32Z</time>
   </trkpt>
   <trkpt lat="48.6656270" lon="-2.8536970">
    <ele>20.1</ele>
    <time>2026-05-21T05:40:33Z</time>
   </trkpt>
   <trkpt lat="48.6657040" lon="-2.8537880">
    <ele>18.8</ele>
    <time>2026-05-21T05:40:34Z</time>
   </trkpt>
   <trkpt lat="48.6657900" lon="-2.8538910">
    <ele>17.3</ele>
    <time>2026-05-21T05:40:35Z</time>
   </trkpt>
   <trkpt lat="48.6658680" lon="-2.8539830">
    <ele>16.0</ele>
    <time>2026-05-21T05:40:36Z</time>
   </trkpt>
   <trkpt lat="48.6659460" lon="-2.8540790">
    <ele>14.8</ele>
    <time>2026-05-21T05:40:37Z</time>
   </trkpt>
   <trkpt lat="48.6660220" lon="-2.8541850">
    <ele>13.7</ele>
    <time>2026-05-21T05:40:38Z</time>
   </trkpt>
   <trkpt lat="48.6661100" lon="-2.8542900">
    <ele>12.5</ele>
    <time>2026-05-21T05:40:39Z</time>
   </trkpt>
   <trkpt lat="48.6661880" lon="-2.8543920">
    <ele>11.5</ele>
    <time>2026-05-21T05:40:40Z</time>
   </trkpt>
   <trkpt lat="48.6662680" lon="-2.8544880">
    <ele>10.7</ele>
    <time>2026-05-21T05:40:41Z</time>
   </trkpt>
   <trkpt lat="48.6663460" lon="-2.8545800">
    <ele>10.1</ele>
    <time>2026-05-21T05:40:42Z</time>
   </trkpt>
   <trkpt lat="48.6664200" lon="-2.8546670">
    <ele>9.6</ele>
    <time>2026-05-21T05:40:43Z</time>
   </trkpt>
   <trkpt lat="48.6664950" lon="-2.8547470">
    <ele>9.5</ele>
    <time>2026-05-21T05:40:44Z</time>
   </trkpt>
   <trkpt lat="48.6665590" lon="-2.8548180">
    <ele>9.4</ele>
    <time>2026-05-21T05:40:45Z</time>
   </trkpt>
   <trkpt lat="48.6666120" lon="-2.8548760">
    <ele>9.4</ele>
    <time>2026-05-21T05:40:46Z</time>
   </trkpt>
   <trkpt lat="48.6666560" lon="-2.8549200">
    <ele>9.4</ele>
    <time>2026-05-21T05:40:47Z</time>
   </trkpt>
   <trkpt lat="48.6666880" lon="-2.8549550">
    <ele>9.4</ele>
    <time>2026-05-21T05:40:48Z</time>
   </trkpt>
   <trkpt lat="48.6667070" lon="-2.8550130">
    <ele>9.4</ele>
    <time>2026-05-21T05:40:49Z</time>
   </trkpt>
   <trkpt lat="48.6667140" lon="-2.8550360">
    <ele>9.5</ele>
    <time>2026-05-21T05:40:50Z</time>
   </trkpt>
   <trkpt lat="48.6667190" lon="-2.8550960">
    <ele>9.5</ele>
    <time>2026-05-21T05:40:51Z</time>
   </trkpt>
   <trkpt lat="48.6667220" lon="-2.8551590">
    <ele>9.5</ele>
    <time>2026-05-21T05:40:52Z</time>
   </trkpt>
   <trkpt lat="48.6667230" lon="-2.8552260">
    <ele>9.5</ele>
    <time>2026-05-21T05:40:53Z</time>
   </trkpt>
   <trkpt lat="48.6667110" lon="-2.8552930">
    <ele>9.5</ele>
    <time>2026-05-21T05:40:54Z</time>
   </trkpt>
   <trkpt lat="48.6666870" lon="-2.8553560">
    <ele>9.6</ele>
    <time>2026-05-21T05:40:55Z</time>
   </trkpt>
   <trkpt lat="48.6666720" lon="-2.8554230">
    <ele>9.6</ele>
    <time>2026-05-21T05:40:56Z</time>
   </trkpt>
   <trkpt lat="48.6666500" lon="-2.8554900">
    <ele>9.7</ele>
    <time>2026-05-21T05:40:57Z</time>
   </trkpt>
   <trkpt lat="48.6666290" lon="-2.8555530">
    <ele>9.8</ele>
    <time>2026-05-21T05:40:58Z</time>
   </trkpt>
   <trkpt lat="48.6666060" lon="-2.8556190">
    <ele>9.9</ele>
    <time>2026-05-21T05:40:59Z</time>
   </trkpt>
   <trkpt lat="48.6665870" lon="-2.8556820">
    <ele>10.1</ele>
    <time>2026-05-21T05:41:00Z</time>
   </trkpt>
   <trkpt lat="48.6665660" lon="-2.8557540">
    <ele>10.2</ele>
    <time>2026-05-21T05:41:01Z</time>
   </trkpt>
   <trkpt lat="48.6665410" lon="-2.8558220">
    <ele>10.4</ele>
    <time>2026-05-21T05:41:02Z</time>
   </trkpt>
   <trkpt lat="48.6665200" lon="-2.8558890">
    <ele>10.6</ele>
    <time>2026-05-21T05:41:03Z</time>
   </trkpt>
   <trkpt lat="48.6664950" lon="-2.8559530">
    <ele>10.8</ele>
    <time>2026-05-21T05:41:04Z</time>
   </trkpt>
   <trkpt lat="48.6664700" lon="-2.8560200">
    <ele>11.0</ele>
    <time>2026-05-21T05:41:05Z</time>
   </trkpt>
   <trkpt lat="48.6664470" lon="-2.8560870">
    <ele>11.3</ele>
    <time>2026-05-21T05:41:06Z</time>
   </trkpt>
   <trkpt lat="48.6664270" lon="-2.8561510">
    <ele>11.5</ele>
    <time>2026-05-21T05:41:07Z</time>
   </trkpt>
   <trkpt lat="48.6664080" lon="-2.8562150">
    <ele>11.8</ele>
    <time>2026-05-21T05:41:08Z</time>
   </trkpt>
   <trkpt lat="48.6663910" lon="-2.8562770">
    <ele>12.0</ele>
    <time>2026-05-21T05:41:09Z</time>
   </trkpt>
   <trkpt lat="48.6663710" lon="-2.8563440">
    <ele>12.3</ele>
    <time>2026-05-21T05:41:10Z</time>
   </trkpt>
   <trkpt lat="48.6663520" lon="-2.8564130">
    <ele>12.5</ele>
    <time>2026-05-21T05:41:11Z</time>
   </trkpt>
   <trkpt lat="48.6663370" lon="-2.8564820">
    <ele>12.8</ele>
    <time>2026-05-21T05:41:13Z</time>
   </trkpt>
   <trkpt lat="48.6663180" lon="-2.8565510">
    <ele>13.1</ele>
    <time>2026-05-21T05:41:14Z</time>
   </trkpt>
   <trkpt lat="48.6662990" lon="-2.8566200">
    <ele>13.4</ele>
    <time>2026-05-21T05:41:15Z</time>
   </trkpt>
   <trkpt lat="48.6662830" lon="-2.8566890">
    <ele>13.6</ele>
    <time>2026-05-21T05:41:16Z</time>
   </trkpt>
   <trkpt lat="48.6662680" lon="-2.8567580">
    <ele>13.9</ele>
    <time>2026-05-21T05:41:17Z</time>
   </trkpt>
   <trkpt lat="48.6662530" lon="-2.8568280">
    <ele>14.2</ele>
    <time>2026-05-21T05:41:18Z</time>
   </trkpt>
   <trkpt lat="48.6662400" lon="-2.8568930">
    <ele>14.5</ele>
    <time>2026-05-21T05:41:19Z</time>
   </trkpt>
   <trkpt lat="48.6662350" lon="-2.8569620">
    <ele>14.7</ele>
    <time>2026-05-21T05:41:20Z</time>
   </trkpt>
   <trkpt lat="48.6662310" lon="-2.8570310">
    <ele>15.0</ele>
    <time>2026-05-21T05:41:21Z</time>
   </trkpt>
   <trkpt lat="48.6662320" lon="-2.8570980">
    <ele>15.3</ele>
    <time>2026-05-21T05:41:22Z</time>
   </trkpt>
   <trkpt lat="48.6662360" lon="-2.8571650">
    <ele>15.7</ele>
    <time>2026-05-21T05:41:23Z</time>
   </trkpt>
   <trkpt lat="48.6662430" lon="-2.8572300">
    <ele>16.0</ele>
    <time>2026-05-21T05:41:24Z</time>
   </trkpt>
   <trkpt lat="48.6662470" lon="-2.8572960">
    <ele>16.3</ele>
    <time>2026-05-21T05:41:25Z</time>
   </trkpt>
   <trkpt lat="48.6662570" lon="-2.8573590">
    <ele>16.7</ele>
    <time>2026-05-21T05:41:26Z</time>
   </trkpt>
   <trkpt lat="48.6662660" lon="-2.8574210">
    <ele>17.0</ele>
    <time>2026-05-21T05:41:27Z</time>
   </trkpt>
   <trkpt lat="48.6662720" lon="-2.8574820">
    <ele>17.4</ele>
    <time>2026-05-21T05:41:28Z</time>
   </trkpt>
   <trkpt lat="48.6662810" lon="-2.8575440">
    <ele>17.7</ele>
    <time>2026-05-21T05:41:29Z</time>
   </trkpt>
   <trkpt lat="48.6662870" lon="-2.8576070">
    <ele>18.0</ele>
    <time>2026-05-21T05:41:30Z</time>
   </trkpt>
   <trkpt lat="48.6662890" lon="-2.8576680">
    <ele>18.4</ele>
    <time>2026-05-21T05:41:31Z</time>
   </trkpt>
   <trkpt lat="48.6662890" lon="-2.8577290">
    <ele>18.7</ele>
    <time>2026-05-21T05:41:32Z</time>
   </trkpt>
   <trkpt lat="48.6662850" lon="-2.8577910">
    <ele>19.0</ele>
    <time>2026-05-21T05:41:33Z</time>
   </trkpt>
   <trkpt lat="48.6662800" lon="-2.8578540">
    <ele>19.3</ele>
    <time>2026-05-21T05:41:34Z</time>
   </trkpt>
   <trkpt lat="48.6662750" lon="-2.8579160">
    <ele>19.6</ele>
    <time>2026-05-21T05:41:35Z</time>
   </trkpt>
   <trkpt lat="48.6662620" lon="-2.8579770">
    <ele>19.9</ele>
    <time>2026-05-21T05:41:36Z</time>
   </trkpt>
   <trkpt lat="48.6662470" lon="-2.8580380">
    <ele>20.2</ele>
    <time>2026-05-21T05:41:37Z</time>
   </trkpt>
   <trkpt lat="48.6662350" lon="-2.8581000">
    <ele>20.4</ele>
    <time>2026-05-21T05:41:38Z</time>
   </trkpt>
   <trkpt lat="48.6662250" lon="-2.8581640">
    <ele>20.7</ele>
    <time>2026-05-21T05:41:39Z</time>
   </trkpt>
   <trkpt lat="48.6662110" lon="-2.8582260">
    <ele>20.9</ele>
    <time>2026-05-21T05:41:40Z</time>
   </trkpt>
   <trkpt lat="48.6661990" lon="-2.8582880">
    <ele>21.1</ele>
    <time>2026-05-21T05:41:41Z</time>
   </trkpt>
   <trkpt lat="48.6661860" lon="-2.8583510">
    <ele>21.3</ele>
    <time>2026-05-21T05:41:42Z</time>
   </trkpt>
   <trkpt lat="48.6661690" lon="-2.8584870">
    <ele>21.5</ele>
    <time>2026-05-21T05:41:43Z</time>
   </trkpt>
   <trkpt lat="48.6661570" lon="-2.8585540">
    <ele>21.6</ele>
    <time>2026-05-21T05:41:44Z</time>
   </trkpt>
   <trkpt lat="48.6661450" lon="-2.8586240">
    <ele>21.6</ele>
    <time>2026-05-21T05:41:45Z</time>
   </trkpt>
   <trkpt lat="48.6661280" lon="-2.8587030">
    <ele>21.6</ele>
    <time>2026-05-21T05:41:46Z</time>
   </trkpt>
   <trkpt lat="48.6661140" lon="-2.8587770">
    <ele>21.6</ele>
    <time>2026-05-21T05:41:47Z</time>
   </trkpt>
   <trkpt lat="48.6661050" lon="-2.8588580">
    <ele>21.5</ele>
    <time>2026-05-21T05:41:48Z</time>
   </trkpt>
   <trkpt lat="48.6660860" lon="-2.8589350">
    <ele>21.5</ele>
    <time>2026-05-21T05:41:49Z</time>
   </trkpt>
   <trkpt lat="48.6660660" lon="-2.8590160">
    <ele>21.4</ele>
    <time>2026-05-21T05:41:50Z</time>
   </trkpt>
   <trkpt lat="48.6660450" lon="-2.8591010">
    <ele>21.3</ele>
    <time>2026-05-21T05:41:51Z</time>
   </trkpt>
   <trkpt lat="48.6660220" lon="-2.8591930">
    <ele>21.3</ele>
    <time>2026-05-21T05:41:52Z</time>
   </trkpt>
   <trkpt lat="48.6660020" lon="-2.8592790">
    <ele>21.2</ele>
    <time>2026-05-21T05:41:53Z</time>
   </trkpt>
   <trkpt lat="48.6659810" lon="-2.8593630">
    <ele>21.2</ele>
    <time>2026-05-21T05:41:54Z</time>
   </trkpt>
   <trkpt lat="48.6659600" lon="-2.8594510">
    <ele>21.3</ele>
    <time>2026-05-21T05:41:55Z</time>
   </trkpt>
   <trkpt lat="48.6659430" lon="-2.8595370">
    <ele>21.3</ele>
    <time>2026-05-21T05:41:56Z</time>
   </trkpt>
   <trkpt lat="48.6659280" lon="-2.8596200">
    <ele>21.4</ele>
    <time>2026-05-21T05:41:57Z</time>
   </trkpt>
   <trkpt lat="48.6659130" lon="-2.8597030">
    <ele>21.5</ele>
    <time>2026-05-21T05:41:58Z</time>
   </trkpt>
   <trkpt lat="48.6658950" lon="-2.8597910">
    <ele>21.6</ele>
    <time>2026-05-21T05:41:59Z</time>
   </trkpt>
   <trkpt lat="48.6658830" lon="-2.8598750">
    <ele>21.7</ele>
    <time>2026-05-21T05:42:00Z</time>
   </trkpt>
   <trkpt lat="48.6658790" lon="-2.8599630">
    <ele>21.9</ele>
    <time>2026-05-21T05:42:01Z</time>
   </trkpt>
   <trkpt lat="48.6658780" lon="-2.8600480">
    <ele>22.0</ele>
    <time>2026-05-21T05:42:02Z</time>
   </trkpt>
   <trkpt lat="48.6658850" lon="-2.8601300">
    <ele>22.2</ele>
    <time>2026-05-21T05:42:03Z</time>
   </trkpt>
   <trkpt lat="48.6658990" lon="-2.8602130">
    <ele>22.4</ele>
    <time>2026-05-21T05:42:04Z</time>
   </trkpt>
   <trkpt lat="48.6659150" lon="-2.8602910">
    <ele>22.4</ele>
    <time>2026-05-21T05:42:05Z</time>
   </trkpt>
   <trkpt lat="48.6659330" lon="-2.8603650">
    <ele>22.5</ele>
    <time>2026-05-21T05:42:06Z</time>
   </trkpt>
   <trkpt lat="48.6659580" lon="-2.8604330">
    <ele>22.6</ele>
    <time>2026-05-21T05:42:07Z</time>
   </trkpt>
   <trkpt lat="48.6659860" lon="-2.8605010">
    <ele>22.7</ele>
    <time>2026-05-21T05:42:08Z</time>
   </trkpt>
   <trkpt lat="48.6660140" lon="-2.8605660">
    <ele>22.7</ele>
    <time>2026-05-21T05:42:09Z</time>
   </trkpt>
   <trkpt lat="48.6660440" lon="-2.8606330">
    <ele>22.8</ele>
    <time>2026-05-21T05:42:10Z</time>
   </trkpt>
   <trkpt lat="48.6660740" lon="-2.8607000">
    <ele>22.8</ele>
    <time>2026-05-21T05:42:11Z</time>
   </trkpt>
   <trkpt lat="48.6661050" lon="-2.8607650">
    <ele>22.9</ele>
    <time>2026-05-21T05:42:12Z</time>
   </trkpt>
   <trkpt lat="48.6661360" lon="-2.8608320">
    <ele>23.0</ele>
    <time>2026-05-21T05:42:13Z</time>
   </trkpt>
   <trkpt lat="48.6661740" lon="-2.8608920">
    <ele>23.0</ele>
    <time>2026-05-21T05:42:14Z</time>
   </trkpt>
   <trkpt lat="48.6662170" lon="-2.8609490">
    <ele>23.2</ele>
    <time>2026-05-21T05:42:15Z</time>
   </trkpt>
   <trkpt lat="48.6662680" lon="-2.8609960">
    <ele>23.5</ele>
    <time>2026-05-21T05:42:16Z</time>
   </trkpt>
   <trkpt lat="48.6663200" lon="-2.8610320">
    <ele>23.8</ele>
    <time>2026-05-21T05:42:17Z</time>
   </trkpt>
   <trkpt lat="48.6663710" lon="-2.8610600">
    <ele>24.1</ele>
    <time>2026-05-21T05:42:18Z</time>
   </trkpt>
   <trkpt lat="48.6664180" lon="-2.8610840">
    <ele>24.5</ele>
    <time>2026-05-21T05:42:19Z</time>
   </trkpt>
   <trkpt lat="48.6664600" lon="-2.8611100">
    <ele>24.8</ele>
    <time>2026-05-21T05:42:20Z</time>
   </trkpt>
   <trkpt lat="48.6665040" lon="-2.8611280">
    <ele>25.2</ele>
    <time>2026-05-21T05:42:21Z</time>
   </trkpt>
   <trkpt lat="48.6665440" lon="-2.8611530">
    <ele>25.6</ele>
    <time>2026-05-21T05:42:22Z</time>
   </trkpt>
   <trkpt lat="48.6665810" lon="-2.8611750">
    <ele>26.0</ele>
    <time>2026-05-21T05:42:23Z</time>
   </trkpt>
   <trkpt lat="48.6666190" lon="-2.8611870">
    <ele>26.2</ele>
    <time>2026-05-21T05:42:24Z</time>
   </trkpt>
   <trkpt lat="48.6666580" lon="-2.8611900">
    <ele>26.4</ele>
    <time>2026-05-21T05:42:25Z</time>
   </trkpt>
   <trkpt lat="48.6666970" lon="-2.8611840">
    <ele>26.7</ele>
    <time>2026-05-21T05:42:26Z</time>
   </trkpt>
   <trkpt lat="48.6667350" lon="-2.8611780">
    <ele>26.9</ele>
    <time>2026-05-21T05:42:27Z</time>
   </trkpt>
   <trkpt lat="48.6667760" lon="-2.8611650">
    <ele>27.1</ele>
    <time>2026-05-21T05:42:28Z</time>
   </trkpt>
   <trkpt lat="48.6668170" lon="-2.8611510">
    <ele>27.4</ele>
    <time>2026-05-21T05:42:29Z</time>
   </trkpt>
   <trkpt lat="48.6668610" lon="-2.8611370">
    <ele>27.6</ele>
    <time>2026-05-21T05:42:30Z</time>
   </trkpt>
   <trkpt lat="48.6669010" lon="-2.8611250">
    <ele>27.9</ele>
    <time>2026-05-21T05:42:31Z</time>
   </trkpt>
   <trkpt lat="48.6669410" lon="-2.8611190">
    <ele>28.1</ele>
    <time>2026-05-21T05:42:32Z</time>
   </trkpt>
   <trkpt lat="48.6669820" lon="-2.8611100">
    <ele>28.3</ele>
    <time>2026-05-21T05:42:33Z</time>
   </trkpt>
   <trkpt lat="48.6670210" lon="-2.8611000">
    <ele>28.5</ele>
    <time>2026-05-21T05:42:34Z</time>
   </trkpt>
   <trkpt lat="48.6670600" lon="-2.8610890">
    <ele>28.7</ele>
    <time>2026-05-21T05:42:35Z</time>
   </trkpt>
   <trkpt lat="48.6671010" lon="-2.8610830">
    <ele>28.7</ele>
    <time>2026-05-21T05:42:36Z</time>
   </trkpt>
   <trkpt lat="48.6671430" lon="-2.8610760">
    <ele>28.9</ele>
    <time>2026-05-21T05:42:37Z</time>
   </trkpt>
   <trkpt lat="48.6671840" lon="-2.8610660">
    <ele>29.1</ele>
    <time>2026-05-21T05:42:38Z</time>
   </trkpt>
   <trkpt lat="48.6672220" lon="-2.8610550">
    <ele>29.4</ele>
    <time>2026-05-21T05:42:39Z</time>
   </trkpt>
   <trkpt lat="48.6672620" lon="-2.8610470">
    <ele>29.6</ele>
    <time>2026-05-21T05:42:40Z</time>
   </trkpt>
   <trkpt lat="48.6673030" lon="-2.8610370">
    <ele>29.9</ele>
    <time>2026-05-21T05:42:41Z</time>
   </trkpt>
   <trkpt lat="48.6673410" lon="-2.8610270">
    <ele>30.1</ele>
    <time>2026-05-21T05:42:42Z</time>
   </trkpt>
   <trkpt lat="48.6673780" lon="-2.8610190">
    <ele>30.3</ele>
    <time>2026-05-21T05:42:43Z</time>
   </trkpt>
   <trkpt lat="48.6674230" lon="-2.8610060">
    <ele>30.6</ele>
    <time>2026-05-21T05:42:44Z</time>
   </trkpt>
   <trkpt lat="48.6674620" lon="-2.8609980">
    <ele>30.9</ele>
    <time>2026-05-21T05:42:45Z</time>
   </trkpt>
   <trkpt lat="48.6675010" lon="-2.8609970">
    <ele>31.1</ele>
    <time>2026-05-21T05:42:46Z</time>
   </trkpt>
   <trkpt lat="48.6675420" lon="-2.8609840">
    <ele>31.3</ele>
    <time>2026-05-21T05:42:47Z</time>
   </trkpt>
   <trkpt lat="48.6675830" lon="-2.8609690">
    <ele>31.6</ele>
    <time>2026-05-21T05:42:48Z</time>
   </trkpt>
   <trkpt lat="48.6676260" lon="-2.8609620">
    <ele>31.8</ele>
    <time>2026-05-21T05:42:49Z</time>
   </trkpt>
   <trkpt lat="48.6676560" lon="-2.8609500">
    <ele>32.0</ele>
    <time>2026-05-21T05:42:50Z</time>
   </trkpt>
   <trkpt lat="48.6677030" lon="-2.8609330">
    <ele>32.2</ele>
    <time>2026-05-21T05:42:51Z</time>
   </trkpt>
   <trkpt lat="48.6677430" lon="-2.8609190">
    <ele>32.4</ele>
    <time>2026-05-21T05:42:52Z</time>
   </trkpt>
   <trkpt lat="48.6677810" lon="-2.8609040">
    <ele>32.6</ele>
    <time>2026-05-21T05:42:53Z</time>
   </trkpt>
   <trkpt lat="48.6678280" lon="-2.8608850">
    <ele>32.9</ele>
    <time>2026-05-21T05:42:54Z</time>
   </trkpt>
   <trkpt lat="48.6678630" lon="-2.8608740">
    <ele>33.1</ele>
    <time>2026-05-21T05:42:55Z</time>
   </trkpt>
   <trkpt lat="48.6679030" lon="-2.8608610">
    <ele>33.2</ele>
    <time>2026-05-21T05:42:56Z</time>
   </trkpt>
   <trkpt lat="48.6679450" lon="-2.8608370">
    <ele>33.4</ele>
    <time>2026-05-21T05:42:57Z</time>
   </trkpt>
   <trkpt lat="48.6679820" lon="-2.8608260">
    <ele>33.6</ele>
    <time>2026-05-21T05:42:58Z</time>
   </trkpt>
   <trkpt lat="48.6680200" lon="-2.8608410">
    <ele>33.7</ele>
    <time>2026-05-21T05:42:59Z</time>
   </trkpt>
   <trkpt lat="48.6680610" lon="-2.8608430">
    <ele>33.9</ele>
    <time>2026-05-21T05:43:00Z</time>
   </trkpt>
   <trkpt lat="48.6680920" lon="-2.8608790">
    <ele>33.9</ele>
    <time>2026-05-21T05:43:01Z</time>
   </trkpt>
   <trkpt lat="48.6681280" lon="-2.8609110">
    <ele>34.0</ele>
    <time>2026-05-21T05:43:02Z</time>
   </trkpt>
   <trkpt lat="48.6681600" lon="-2.8609540">
    <ele>34.0</ele>
    <time>2026-05-21T05:43:03Z</time>
   </trkpt>
   <trkpt lat="48.6681980" lon="-2.8609920">
    <ele>34.0</ele>
    <time>2026-05-21T05:43:04Z</time>
   </trkpt>
   <trkpt lat="48.6682350" lon="-2.8610320">
    <ele>34.1</ele>
    <time>2026-05-21T05:43:05Z</time>
   </trkpt>
   <trkpt lat="48.6682740" lon="-2.8610710">
    <ele>34.1</ele>
    <time>2026-05-21T05:43:06Z</time>
   </trkpt>
   <trkpt lat="48.6683130" lon="-2.8611190">
    <ele>34.1</ele>
    <time>2026-05-21T05:43:07Z</time>
   </trkpt>
   <trkpt lat="48.6683540" lon="-2.8611610">
    <ele>34.1</ele>
    <time>2026-05-21T05:43:08Z</time>
   </trkpt>
   <trkpt lat="48.6683960" lon="-2.8612050">
    <ele>34.1</ele>
    <time>2026-05-21T05:43:09Z</time>
   </trkpt>
   <trkpt lat="48.6684390" lon="-2.8612460">
    <ele>34.0</ele>
    <time>2026-05-21T05:43:10Z</time>
   </trkpt>
   <trkpt lat="48.6684810" lon="-2.8612940">
    <ele>34.0</ele>
    <time>2026-05-21T05:43:11Z</time>
   </trkpt>
   <trkpt lat="48.6685300" lon="-2.8613450">
    <ele>34.0</ele>
    <time>2026-05-21T05:43:12Z</time>
   </trkpt>
   <trkpt lat="48.6685730" lon="-2.8613900">
    <ele>34.0</ele>
    <time>2026-05-21T05:43:13Z</time>
   </trkpt>
   <trkpt lat="48.6686220" lon="-2.8614400">
    <ele>34.0</ele>
    <time>2026-05-21T05:43:14Z</time>
   </trkpt>
   <trkpt lat="48.6686640" lon="-2.8614910">
    <ele>34.0</ele>
    <time>2026-05-21T05:43:15Z</time>
   </trkpt>
   <trkpt lat="48.6687130" lon="-2.8615390">
    <ele>34.0</ele>
    <time>2026-05-21T05:43:16Z</time>
   </trkpt>
   <trkpt lat="48.6687600" lon="-2.8615880">
    <ele>34.0</ele>
    <time>2026-05-21T05:43:17Z</time>
   </trkpt>
   <trkpt lat="48.6688110" lon="-2.8616320">
    <ele>34.0</ele>
    <time>2026-05-21T05:43:19Z</time>
   </trkpt>
   <trkpt lat="48.6688580" lon="-2.8616780">
    <ele>34.0</ele>
    <time>2026-05-21T05:43:20Z</time>
   </trkpt>
   <trkpt lat="48.6689060" lon="-2.8617260">
    <ele>34.1</ele>
    <time>2026-05-21T05:43:21Z</time>
   </trkpt>
   <trkpt lat="48.6689560" lon="-2.8617730">
    <ele>34.1</ele>
    <time>2026-05-21T05:43:22Z</time>
   </trkpt>
   <trkpt lat="48.6690040" lon="-2.8618220">
    <ele>34.2</ele>
    <time>2026-05-21T05:43:23Z</time>
   </trkpt>
   <trkpt lat="48.6690520" lon="-2.8618700">
    <ele>34.3</ele>
    <time>2026-05-21T05:43:24Z</time>
   </trkpt>
   <trkpt lat="48.6691020" lon="-2.8619140">
    <ele>34.3</ele>
    <time>2026-05-21T05:43:25Z</time>
   </trkpt>
   <trkpt lat="48.6691520" lon="-2.8619590">
    <ele>34.4</ele>
    <time>2026-05-21T05:43:26Z</time>
   </trkpt>
   <trkpt lat="48.6691960" lon="-2.8620060">
    <ele>34.5</ele>
    <time>2026-05-21T05:43:27Z</time>
   </trkpt>
   <trkpt lat="48.6692430" lon="-2.8620430">
    <ele>34.5</ele>
    <time>2026-05-21T05:43:28Z</time>
   </trkpt>
   <trkpt lat="48.6692880" lon="-2.8620780">
    <ele>34.6</ele>
    <time>2026-05-21T05:43:29Z</time>
   </trkpt>
   <trkpt lat="48.6693300" lon="-2.8621190">
    <ele>34.6</ele>
    <time>2026-05-21T05:43:30Z</time>
   </trkpt>
   <trkpt lat="48.6693690" lon="-2.8621600">
    <ele>34.6</ele>
    <time>2026-05-21T05:43:31Z</time>
   </trkpt>
   <trkpt lat="48.6694080" lon="-2.8621980">
    <ele>34.7</ele>
    <time>2026-05-21T05:43:32Z</time>
   </trkpt>
   <trkpt lat="48.6694480" lon="-2.8622290">
    <ele>34.7</ele>
    <time>2026-05-21T05:43:33Z</time>
   </trkpt>
   <trkpt lat="48.6694890" lon="-2.8622620">
    <ele>34.7</ele>
    <time>2026-05-21T05:43:34Z</time>
   </trkpt>
   <trkpt lat="48.6695240" lon="-2.8623050">
    <ele>34.7</ele>
    <time>2026-05-21T05:43:35Z</time>
   </trkpt>
   <trkpt lat="48.6695580" lon="-2.8623500">
    <ele>34.7</ele>
    <time>2026-05-21T05:43:36Z</time>
   </trkpt>
   <trkpt lat="48.6695920" lon="-2.8623900">
    <ele>34.7</ele>
    <time>2026-05-21T05:43:37Z</time>
   </trkpt>
   <trkpt lat="48.6696340" lon="-2.8624240">
    <ele>34.6</ele>
    <time>2026-05-21T05:43:38Z</time>
   </trkpt>
   <trkpt lat="48.6696750" lon="-2.8624630">
    <ele>34.5</ele>
    <time>2026-05-21T05:43:39Z</time>
   </trkpt>
   <trkpt lat="48.6697190" lon="-2.8624970">
    <ele>34.4</ele>
    <time>2026-05-21T05:43:40Z</time>
   </trkpt>
   <trkpt lat="48.6697640" lon="-2.8625370">
    <ele>34.3</ele>
    <time>2026-05-21T05:43:41Z</time>
   </trkpt>
   <trkpt lat="48.6698120" lon="-2.8625790">
    <ele>34.2</ele>
    <time>2026-05-21T05:43:42Z</time>
   </trkpt>
   <trkpt lat="48.6698610" lon="-2.8626200">
    <ele>34.1</ele>
    <time>2026-05-21T05:43:43Z</time>
   </trkpt>
   <trkpt lat="48.6699110" lon="-2.8626630">
    <ele>34.0</ele>
    <time>2026-05-21T05:43:44Z</time>
   </trkpt>
   <trkpt lat="48.6699630" lon="-2.8627050">
    <ele>33.9</ele>
    <time>2026-05-21T05:43:45Z</time>
   </trkpt>
   <trkpt lat="48.6700710" lon="-2.8627880">
    <ele>33.8</ele>
    <time>2026-05-21T05:43:46Z</time>
   </trkpt>
   <trkpt lat="48.6701260" lon="-2.8628260">
    <ele>33.7</ele>
    <time>2026-05-21T05:43:47Z</time>
   </trkpt>
   <trkpt lat="48.6701780" lon="-2.8628650">
    <ele>33.7</ele>
    <time>2026-05-21T05:43:48Z</time>
   </trkpt>
   <trkpt lat="48.6702320" lon="-2.8628980">
    <ele>33.7</ele>
    <time>2026-05-21T05:43:49Z</time>
   </trkpt>
   <trkpt lat="48.6702830" lon="-2.8629330">
    <ele>33.7</ele>
    <time>2026-05-21T05:43:50Z</time>
   </trkpt>
   <trkpt lat="48.6703330" lon="-2.8629750">
    <ele>33.7</ele>
    <time>2026-05-21T05:43:51Z</time>
   </trkpt>
   <trkpt lat="48.6703830" lon="-2.8630120">
    <ele>33.7</ele>
    <time>2026-05-21T05:43:52Z</time>
   </trkpt>
   <trkpt lat="48.6704260" lon="-2.8630460">
    <ele>33.8</ele>
    <time>2026-05-21T05:43:53Z</time>
   </trkpt>
   <trkpt lat="48.6704710" lon="-2.8630790">
    <ele>33.7</ele>
    <time>2026-05-21T05:43:54Z</time>
   </trkpt>
   <trkpt lat="48.6705180" lon="-2.8631010">
    <ele>33.7</ele>
    <time>2026-05-21T05:43:55Z</time>
   </trkpt>
   <trkpt lat="48.6705650" lon="-2.8631300">
    <ele>33.7</ele>
    <time>2026-05-21T05:43:56Z</time>
   </trkpt>
   <trkpt lat="48.6706080" lon="-2.8631660">
    <ele>33.7</ele>
    <time>2026-05-21T05:43:57Z</time>
   </trkpt>
   <trkpt lat="48.6706530" lon="-2.8632010">
    <ele>33.7</ele>
    <time>2026-05-21T05:43:58Z</time>
   </trkpt>
   <trkpt lat="48.6707000" lon="-2.8632350">
    <ele>33.6</ele>
    <time>2026-05-21T05:43:59Z</time>
   </trkpt>
   <trkpt lat="48.6707490" lon="-2.8632690">
    <ele>33.6</ele>
    <time>2026-05-21T05:44:00Z</time>
   </trkpt>
   <trkpt lat="48.6707950" lon="-2.8633080">
    <ele>33.5</ele>
    <time>2026-05-21T05:44:01Z</time>
   </trkpt>
   <trkpt lat="48.6708430" lon="-2.8633480">
    <ele>33.4</ele>
    <time>2026-05-21T05:44:02Z</time>
   </trkpt>
   <trkpt lat="48.6708910" lon="-2.8633880">
    <ele>33.4</ele>
    <time>2026-05-21T05:44:03Z</time>
   </trkpt>
   <trkpt lat="48.6709390" lon="-2.8634290">
    <ele>33.3</ele>
    <time>2026-05-21T05:44:04Z</time>
   </trkpt>
   <trkpt lat="48.6709880" lon="-2.8634710">
    <ele>33.2</ele>
    <time>2026-05-21T05:44:05Z</time>
   </trkpt>
   <trkpt lat="48.6710380" lon="-2.8635110">
    <ele>33.0</ele>
    <time>2026-05-21T05:44:06Z</time>
   </trkpt>
   <trkpt lat="48.6710880" lon="-2.8635510">
    <ele>32.9</ele>
    <time>2026-05-21T05:44:07Z</time>
   </trkpt>
   <trkpt lat="48.6711390" lon="-2.8635930">
    <ele>32.7</ele>
    <time>2026-05-21T05:44:08Z</time>
   </trkpt>
   <trkpt lat="48.6711900" lon="-2.8636330">
    <ele>32.5</ele>
    <time>2026-05-21T05:44:09Z</time>
   </trkpt>
   <trkpt lat="48.6712420" lon="-2.8636760">
    <ele>32.3</ele>
    <time>2026-05-21T05:44:10Z</time>
   </trkpt>
   <trkpt lat="48.6712970" lon="-2.8637190">
    <ele>32.1</ele>
    <time>2026-05-21T05:44:11Z</time>
   </trkpt>
   <trkpt lat="48.6713510" lon="-2.8637620">
    <ele>31.9</ele>
    <time>2026-05-21T05:44:12Z</time>
   </trkpt>
   <trkpt lat="48.6714010" lon="-2.8638000">
    <ele>31.7</ele>
    <time>2026-05-21T05:44:13Z</time>
   </trkpt>
   <trkpt lat="48.6714480" lon="-2.8638280">
    <ele>31.2</ele>
    <time>2026-05-21T05:44:14Z</time>
   </trkpt>
   <trkpt lat="48.6714900" lon="-2.8638450">
    <ele>30.7</ele>
    <time>2026-05-21T05:44:15Z</time>
   </trkpt>
   <trkpt lat="48.6715260" lon="-2.8638560">
    <ele>30.4</ele>
    <time>2026-05-21T05:44:16Z</time>
   </trkpt>
   <trkpt lat="48.6715520" lon="-2.8638680">
    <ele>30.1</ele>
    <time>2026-05-21T05:44:17Z</time>
   </trkpt>
   <trkpt lat="48.6715560" lon="-2.8639080">
    <ele>29.9</ele>
    <time>2026-05-21T05:44:18Z</time>
   </trkpt>
   <trkpt lat="48.6715500" lon="-2.8639260">
    <ele>29.9</ele>
    <time>2026-05-21T05:44:19Z</time>
   </trkpt>
   <trkpt lat="48.6715220" lon="-2.8639380">
    <ele>29.7</ele>
    <time>2026-05-21T05:44:20Z</time>
   </trkpt>
   <trkpt lat="48.6714940" lon="-2.8639260">
    <ele>29.5</ele>
    <time>2026-05-21T05:44:21Z</time>
   </trkpt>
   <trkpt lat="48.6714690" lon="-2.8638970">
    <ele>30.0</ele>
    <time>2026-05-21T05:44:22Z</time>
   </trkpt>
   <trkpt lat="48.6714450" lon="-2.8638750">
    <ele>30.5</ele>
    <time>2026-05-21T05:44:23Z</time>
   </trkpt>
   <trkpt lat="48.6714180" lon="-2.8638470">
    <ele>31.1</ele>
    <time>2026-05-21T05:44:24Z</time>
   </trkpt>
   <trkpt lat="48.6713870" lon="-2.8638150">
    <ele>31.7</ele>
    <time>2026-05-21T05:44:25Z</time>
   </trkpt>
   <trkpt lat="48.6713560" lon="-2.8637860">
    <ele>31.8</ele>
    <time>2026-05-21T05:44:26Z</time>
   </trkpt>
   <trkpt lat="48.6713210" lon="-2.8637620">
    <ele>32.0</ele>
    <time>2026-05-21T05:44:27Z</time>
   </trkpt>
   <trkpt lat="48.6712870" lon="-2.8637420">
    <ele>32.1</ele>
    <time>2026-05-21T05:44:28Z</time>
   </trkpt>
   <trkpt lat="48.6712550" lon="-2.8637190">
    <ele>32.2</ele>
    <time>2026-05-21T05:44:29Z</time>
   </trkpt>
   <trkpt lat="48.6712210" lon="-2.8636940">
    <ele>32.4</ele>
    <time>2026-05-21T05:44:30Z</time>
   </trkpt>
   <trkpt lat="48.6711850" lon="-2.8636690">
    <ele>32.5</ele>
    <time>2026-05-21T05:44:31Z</time>
   </trkpt>
   <trkpt lat="48.6711510" lon="-2.8636390">
    <ele>32.6</ele>
    <time>2026-05-21T05:44:32Z</time>
   </trkpt>
   <trkpt lat="48.6711130" lon="-2.8636140">
    <ele>32.8</ele>
    <time>2026-05-21T05:44:33Z</time>
   </trkpt>
   <trkpt lat="48.6710770" lon="-2.8635880">
    <ele>32.9</ele>
    <time>2026-05-21T05:44:34Z</time>
   </trkpt>
   <trkpt lat="48.6710420" lon="-2.8635580">
    <ele>33.0</ele>
    <time>2026-05-21T05:44:35Z</time>
   </trkpt>
   <trkpt lat="48.6710060" lon="-2.8635250">
    <ele>33.1</ele>
    <time>2026-05-21T05:44:36Z</time>
   </trkpt>
   <trkpt lat="48.6709690" lon="-2.8634980">
    <ele>33.2</ele>
    <time>2026-05-21T05:44:37Z</time>
   </trkpt>
   <trkpt lat="48.6709320" lon="-2.8634700">
    <ele>33.3</ele>
    <time>2026-05-21T05:44:38Z</time>
   </trkpt>
   <trkpt lat="48.6708950" lon="-2.8634400">
    <ele>33.3</ele>
    <time>2026-05-21T05:44:39Z</time>
   </trkpt>
   <trkpt lat="48.6708590" lon="-2.8634080">
    <ele>33.4</ele>
    <time>2026-05-21T05:44:40Z</time>
   </trkpt>
   <trkpt lat="48.6708240" lon="-2.8633780">
    <ele>33.5</ele>
    <time>2026-05-21T05:44:41Z</time>
   </trkpt>
   <trkpt lat="48.6707860" lon="-2.8633510">
    <ele>33.5</ele>
    <time>2026-05-21T05:44:42Z</time>
   </trkpt>
   <trkpt lat="48.6707510" lon="-2.8633200">
    <ele>33.6</ele>
    <time>2026-05-21T05:44:43Z</time>
   </trkpt>
   <trkpt lat="48.6707160" lon="-2.8632910">
    <ele>33.6</ele>
    <time>2026-05-21T05:44:44Z</time>
   </trkpt>
   <trkpt lat="48.6706790" lon="-2.8632640">
    <ele>33.6</ele>
    <time>2026-05-21T05:44:45Z</time>
   </trkpt>
   <trkpt lat="48.6706400" lon="-2.8632340">
    <ele>33.7</ele>
    <time>2026-05-21T05:44:46Z</time>
   </trkpt>
   <trkpt lat="48.6706020" lon="-2.8631990">
    <ele>33.7</ele>
    <time>2026-05-21T05:44:47Z</time>
   </trkpt>
   <trkpt lat="48.6705620" lon="-2.8631650">
    <ele>33.7</ele>
    <time>2026-05-21T05:44:48Z</time>
   </trkpt>
   <trkpt lat="48.6705210" lon="-2.8631360">
    <ele>33.7</ele>
    <time>2026-05-21T05:44:49Z</time>
   </trkpt>
   <trkpt lat="48.6704840" lon="-2.8631070">
    <ele>33.7</ele>
    <time>2026-05-21T05:44:50Z</time>
   </trkpt>
   <trkpt lat="48.6704430" lon="-2.8630790">
    <ele>33.8</ele>
    <time>2026-05-21T05:44:51Z</time>
   </trkpt>
   <trkpt lat="48.6703990" lon="-2.8630530">
    <ele>33.7</ele>
    <time>2026-05-21T05:44:52Z</time>
   </trkpt>
   <trkpt lat="48.6703540" lon="-2.8630220">
    <ele>33.7</ele>
    <time>2026-05-21T05:44:53Z</time>
   </trkpt>
   <trkpt lat="48.6703110" lon="-2.8629890">
    <ele>33.7</ele>
    <time>2026-05-21T05:44:54Z</time>
   </trkpt>
   <trkpt lat="48.6702660" lon="-2.8629570">
    <ele>33.7</ele>
    <time>2026-05-21T05:44:55Z</time>
   </trkpt>
   <trkpt lat="48.6702220" lon="-2.8629190">
    <ele>33.7</ele>
    <time>2026-05-21T05:44:56Z</time>
   </trkpt>
   <trkpt lat="48.6701760" lon="-2.8628870">
    <ele>33.7</ele>
    <time>2026-05-21T05:44:57Z</time>
   </trkpt>
   <trkpt lat="48.6701280" lon="-2.8628520">
    <ele>33.7</ele>
    <time>2026-05-21T05:44:58Z</time>
   </trkpt>
   <trkpt lat="48.6700770" lon="-2.8628250">
    <ele>33.8</ele>
    <time>2026-05-21T05:44:59Z</time>
   </trkpt>
   <trkpt lat="48.6700280" lon="-2.8627920">
    <ele>33.8</ele>
    <time>2026-05-21T05:45:00Z</time>
   </trkpt>
   <trkpt lat="48.6699790" lon="-2.8627570">
    <ele>33.9</ele>
    <time>2026-05-21T05:45:01Z</time>
   </trkpt>
   <trkpt lat="48.6699320" lon="-2.8627140">
    <ele>34.0</ele>
    <time>2026-05-21T05:45:02Z</time>
   </trkpt>
   <trkpt lat="48.6698860" lon="-2.8626720">
    <ele>34.0</ele>
    <time>2026-05-21T05:45:03Z</time>
   </trkpt>
   <trkpt lat="48.6698400" lon="-2.8626300">
    <ele>34.1</ele>
    <time>2026-05-21T05:45:04Z</time>
   </trkpt>
   <trkpt lat="48.6697950" lon="-2.8625880">
    <ele>34.2</ele>
    <time>2026-05-21T05:45:05Z</time>
   </trkpt>
   <trkpt lat="48.6697490" lon="-2.8625450">
    <ele>34.3</ele>
    <time>2026-05-21T05:45:06Z</time>
   </trkpt>
   <trkpt lat="48.6697040" lon="-2.8625030">
    <ele>34.4</ele>
    <time>2026-05-21T05:45:07Z</time>
   </trkpt>
   <trkpt lat="48.6696590" lon="-2.8624630">
    <ele>34.5</ele>
    <time>2026-05-21T05:45:08Z</time>
   </trkpt>
   <trkpt lat="48.6696170" lon="-2.8624200">
    <ele>34.6</ele>
    <time>2026-05-21T05:45:09Z</time>
   </trkpt>
   <trkpt lat="48.6695740" lon="-2.8623800">
    <ele>34.7</ele>
    <time>2026-05-21T05:45:10Z</time>
   </trkpt>
   <trkpt lat="48.6695360" lon="-2.8623490">
    <ele>34.7</ele>
    <time>2026-05-21T05:45:11Z</time>
   </trkpt>
   <trkpt lat="48.6695030" lon="-2.8623550">
    <ele>34.8</ele>
    <time>2026-05-21T05:45:12Z</time>
   </trkpt>
   <trkpt lat="48.6694810" lon="-2.8624150">
    <ele>34.8</ele>
    <time>2026-05-21T05:45:13Z</time>
   </trkpt>
   <trkpt lat="48.6694690" lon="-2.8624810">
    <ele>34.8</ele>
    <time>2026-05-21T05:45:14Z</time>
   </trkpt>
   <trkpt lat="48.6694460" lon="-2.8625250">
    <ele>34.8</ele>
    <time>2026-05-21T05:45:15Z</time>
   </trkpt>
   <trkpt lat="48.6694140" lon="-2.8625730">
    <ele>34.8</ele>
    <time>2026-05-21T05:45:16Z</time>
   </trkpt>
   <trkpt lat="48.6693880" lon="-2.8626280">
    <ele>34.8</ele>
    <time>2026-05-21T05:45:17Z</time>
   </trkpt>
   <trkpt lat="48.6693600" lon="-2.8626840">
    <ele>34.8</ele>
    <time>2026-05-21T05:45:18Z</time>
   </trkpt>
   <trkpt lat="48.6693290" lon="-2.8627430">
    <ele>34.8</ele>
    <time>2026-05-21T05:45:19Z</time>
   </trkpt>
   <trkpt lat="48.6693040" lon="-2.8628060">
    <ele>34.8</ele>
    <time>2026-05-21T05:45:20Z</time>
   </trkpt>
   <trkpt lat="48.6692770" lon="-2.8628710">
    <ele>34.8</ele>
    <time>2026-05-21T05:45:21Z</time>
   </trkpt>
   <trkpt lat="48.6692410" lon="-2.8629330">
    <ele>34.8</ele>
    <time>2026-05-21T05:45:22Z</time>
   </trkpt>
   <trkpt lat="48.6692020" lon="-2.8629960">
    <ele>34.7</ele>
    <time>2026-05-21T05:45:23Z</time>
   </trkpt>
   <trkpt lat="48.6691640" lon="-2.8630630">
    <ele>34.7</ele>
    <time>2026-05-21T05:45:25Z</time>
   </trkpt>
   <trkpt lat="48.6691250" lon="-2.8631320">
    <ele>34.7</ele>
    <time>2026-05-21T05:45:26Z</time>
   </trkpt>
   <trkpt lat="48.6690860" lon="-2.8631990">
    <ele>34.8</ele>
    <time>2026-05-21T05:45:27Z</time>
   </trkpt>
   <trkpt lat="48.6690490" lon="-2.8632690">
    <ele>34.8</ele>
    <time>2026-05-21T05:45:28Z</time>
   </trkpt>
   <trkpt lat="48.6690090" lon="-2.8633390">
    <ele>34.8</ele>
    <time>2026-05-21T05:45:29Z</time>
   </trkpt>
   <trkpt lat="48.6689700" lon="-2.8634040">
    <ele>34.9</ele>
    <time>2026-05-21T05:45:30Z</time>
   </trkpt>
   <trkpt lat="48.6689350" lon="-2.8634710">
    <ele>34.9</ele>
    <time>2026-05-21T05:45:31Z</time>
   </trkpt>
   <trkpt lat="48.6688960" lon="-2.8635360">
    <ele>34.9</ele>
    <time>2026-05-21T05:45:32Z</time>
   </trkpt>
   <trkpt lat="48.6688560" lon="-2.8635980">
    <ele>34.9</ele>
    <time>2026-05-21T05:45:33Z</time>
   </trkpt>
   <trkpt lat="48.6688190" lon="-2.8636640">
    <ele>35.0</ele>
    <time>2026-05-21T05:45:34Z</time>
   </trkpt>
   <trkpt lat="48.6687830" lon="-2.8637290">
    <ele>35.0</ele>
    <time>2026-05-21T05:45:35Z</time>
   </trkpt>
   <trkpt lat="48.6687480" lon="-2.8637930">
    <ele>35.1</ele>
    <time>2026-05-21T05:45:36Z</time>
   </trkpt>
   <trkpt lat="48.6687120" lon="-2.8638560">
    <ele>35.1</ele>
    <time>2026-05-21T05:45:37Z</time>
   </trkpt>
   <trkpt lat="48.6686790" lon="-2.8639180">
    <ele>35.2</ele>
    <time>2026-05-21T05:45:38Z</time>
   </trkpt>
   <trkpt lat="48.6686460" lon="-2.8639780">
    <ele>35.2</ele>
    <time>2026-05-21T05:45:39Z</time>
   </trkpt>
   <trkpt lat="48.6686130" lon="-2.8640330">
    <ele>35.3</ele>
    <time>2026-05-21T05:45:40Z</time>
   </trkpt>
   <trkpt lat="48.6685800" lon="-2.8640890">
    <ele>35.4</ele>
    <time>2026-05-21T05:45:41Z</time>
   </trkpt>
   <trkpt lat="48.6685510" lon="-2.8641410">
    <ele>35.4</ele>
    <time>2026-05-21T05:45:42Z</time>
   </trkpt>
   <trkpt lat="48.6685290" lon="-2.8642030">
    <ele>35.5</ele>
    <time>2026-05-21T05:45:43Z</time>
   </trkpt>
   <trkpt lat="48.6685230" lon="-2.8642740">
    <ele>35.6</ele>
    <time>2026-05-21T05:45:44Z</time>
   </trkpt>
   <trkpt lat="48.6685390" lon="-2.8643420">
    <ele>35.6</ele>
    <time>2026-05-21T05:45:45Z</time>
   </trkpt>
   <trkpt lat="48.6685680" lon="-2.8643950">
    <ele>35.7</ele>
    <time>2026-05-21T05:45:46Z</time>
   </trkpt>
   <trkpt lat="48.6686070" lon="-2.8644400">
    <ele>35.7</ele>
    <time>2026-05-21T05:45:47Z</time>
   </trkpt>
   <trkpt lat="48.6686870" lon="-2.8645290">
    <ele>35.8</ele>
    <time>2026-05-21T05:45:48Z</time>
   </trkpt>
   <trkpt lat="48.6687250" lon="-2.8645800">
    <ele>35.8</ele>
    <time>2026-05-21T05:45:49Z</time>
   </trkpt>
   <trkpt lat="48.6687640" lon="-2.8646300">
    <ele>35.9</ele>
    <time>2026-05-21T05:45:50Z</time>
   </trkpt>
   <trkpt lat="48.6688050" lon="-2.8646790">
    <ele>36.0</ele>
    <time>2026-05-21T05:45:51Z</time>
   </trkpt>
   <trkpt lat="48.6688460" lon="-2.8647320">
    <ele>36.1</ele>
    <time>2026-05-21T05:45:52Z</time>
   </trkpt>
   <trkpt lat="48.6688860" lon="-2.8647840">
    <ele>36.2</ele>
    <time>2026-05-21T05:45:53Z</time>
   </trkpt>
   <trkpt lat="48.6689250" lon="-2.8648370">
    <ele>36.3</ele>
    <time>2026-05-21T05:45:54Z</time>
   </trkpt>
   <trkpt lat="48.6689650" lon="-2.8648890">
    <ele>36.5</ele>
    <time>2026-05-21T05:45:55Z</time>
   </trkpt>
   <trkpt lat="48.6690050" lon="-2.8649430">
    <ele>36.7</ele>
    <time>2026-05-21T05:45:56Z</time>
   </trkpt>
   <trkpt lat="48.6690450" lon="-2.8649930">
    <ele>36.8</ele>
    <time>2026-05-21T05:45:57Z</time>
   </trkpt>
   <trkpt lat="48.6690840" lon="-2.8650430">
    <ele>37.1</ele>
    <time>2026-05-21T05:45:58Z</time>
   </trkpt>
   <trkpt lat="48.6691250" lon="-2.8650970">
    <ele>37.3</ele>
    <time>2026-05-21T05:45:59Z</time>
   </trkpt>
   <trkpt lat="48.6691630" lon="-2.8651540">
    <ele>37.6</ele>
    <time>2026-05-21T05:46:00Z</time>
   </trkpt>
   <trkpt lat="48.6691950" lon="-2.8652160">
    <ele>37.8</ele>
    <time>2026-05-21T05:46:01Z</time>
   </trkpt>
   <trkpt lat="48.6692260" lon="-2.8652780">
    <ele>38.1</ele>
    <time>2026-05-21T05:46:02Z</time>
   </trkpt>
   <trkpt lat="48.6692570" lon="-2.8653370">
    <ele>38.4</ele>
    <time>2026-05-21T05:46:03Z</time>
   </trkpt>
   <trkpt lat="48.6692840" lon="-2.8653980">
    <ele>38.7</ele>
    <time>2026-05-21T05:46:04Z</time>
   </trkpt>
   <trkpt lat="48.6693090" lon="-2.8654550">
    <ele>39.1</ele>
    <time>2026-05-21T05:46:05Z</time>
   </trkpt>
   <trkpt lat="48.6693300" lon="-2.8655190">
    <ele>39.5</ele>
    <time>2026-05-21T05:46:06Z</time>
   </trkpt>
   <trkpt lat="48.6693510" lon="-2.8655760">
    <ele>39.8</ele>
    <time>2026-05-21T05:46:07Z</time>
   </trkpt>
   <trkpt lat="48.6693710" lon="-2.8656370">
    <ele>40.2</ele>
    <time>2026-05-21T05:46:08Z</time>
   </trkpt>
   <trkpt lat="48.6693920" lon="-2.8656940">
    <ele>40.6</ele>
    <time>2026-05-21T05:46:09Z</time>
   </trkpt>
   <trkpt lat="48.6694120" lon="-2.8657530">
    <ele>41.0</ele>
    <time>2026-05-21T05:46:10Z</time>
   </trkpt>
   <trkpt lat="48.6694330" lon="-2.8658140">
    <ele>41.3</ele>
    <time>2026-05-21T05:46:11Z</time>
   </trkpt>
   <trkpt lat="48.6694530" lon="-2.8658740">
    <ele>41.7</ele>
    <time>2026-05-21T05:46:12Z</time>
   </trkpt>
   <trkpt lat="48.6694730" lon="-2.8659340">
    <ele>42.1</ele>
    <time>2026-05-21T05:46:13Z</time>
   </trkpt>
   <trkpt lat="48.6694950" lon="-2.8659940">
    <ele>42.5</ele>
    <time>2026-05-21T05:46:14Z</time>
   </trkpt>
   <trkpt lat="48.6695150" lon="-2.8660570">
    <ele>42.9</ele>
    <time>2026-05-21T05:46:15Z</time>
   </trkpt>
   <trkpt lat="48.6695350" lon="-2.8661160">
    <ele>43.2</ele>
    <time>2026-05-21T05:46:16Z</time>
   </trkpt>
   <trkpt lat="48.6695590" lon="-2.8661760">
    <ele>43.6</ele>
    <time>2026-05-21T05:46:17Z</time>
   </trkpt>
   <trkpt lat="48.6695800" lon="-2.8662340">
    <ele>44.0</ele>
    <time>2026-05-21T05:46:18Z</time>
   </trkpt>
   <trkpt lat="48.6696030" lon="-2.8662870">
    <ele>44.4</ele>
    <time>2026-05-21T05:46:19Z</time>
   </trkpt>
   <trkpt lat="48.6696260" lon="-2.8663460">
    <ele>44.7</ele>
    <time>2026-05-21T05:46:20Z</time>
   </trkpt>
   <trkpt lat="48.6696440" lon="-2.8664040">
    <ele>45.1</ele>
    <time>2026-05-21T05:46:21Z</time>
   </trkpt>
   <trkpt lat="48.6696670" lon="-2.8664610">
    <ele>45.5</ele>
    <time>2026-05-21T05:46:22Z</time>
   </trkpt>
   <trkpt lat="48.6696880" lon="-2.8665210">
    <ele>45.8</ele>
    <time>2026-05-21T05:46:23Z</time>
   </trkpt>
   <trkpt lat="48.6697090" lon="-2.8665810">
    <ele>46.2</ele>
    <time>2026-05-21T05:46:24Z</time>
   </trkpt>
   <trkpt lat="48.6697350" lon="-2.8666400">
    <ele>46.5</ele>
    <time>2026-05-21T05:46:25Z</time>
   </trkpt>
   <trkpt lat="48.6697550" lon="-2.8667000">
    <ele>46.9</ele>
    <time>2026-05-21T05:46:26Z</time>
   </trkpt>
   <trkpt lat="48.6697730" lon="-2.8667600">
    <ele>47.2</ele>
    <time>2026-05-21T05:46:27Z</time>
   </trkpt>
   <trkpt lat="48.6697900" lon="-2.8668220">
    <ele>47.6</ele>
    <time>2026-05-21T05:46:28Z</time>
   </trkpt>
   <trkpt lat="48.6698110" lon="-2.8668830">
    <ele>47.9</ele>
    <time>2026-05-21T05:46:29Z</time>
   </trkpt>
   <trkpt lat="48.6698290" lon="-2.8669430">
    <ele>48.3</ele>
    <time>2026-05-21T05:46:30Z</time>
   </trkpt>
   <trkpt lat="48.6698500" lon="-2.8670030">
    <ele>48.6</ele>
    <time>2026-05-21T05:46:31Z</time>
   </trkpt>
   <trkpt lat="48.6698730" lon="-2.8670580">
    <ele>48.9</ele>
    <time>2026-05-21T05:46:32Z</time>
   </trkpt>
   <trkpt lat="48.6698940" lon="-2.8671130">
    <ele>49.2</ele>
    <time>2026-05-21T05:46:33Z</time>
   </trkpt>
   <trkpt lat="48.6699130" lon="-2.8671750">
    <ele>49.5</ele>
    <time>2026-05-21T05:46:34Z</time>
   </trkpt>
   <trkpt lat="48.6699300" lon="-2.8672370">
    <ele>49.8</ele>
    <time>2026-05-21T05:46:35Z</time>
   </trkpt>
   <trkpt lat="48.6699480" lon="-2.8673010">
    <ele>50.0</ele>
    <time>2026-05-21T05:46:36Z</time>
   </trkpt>
   <trkpt lat="48.6699650" lon="-2.8673690">
    <ele>50.3</ele>
    <time>2026-05-21T05:46:37Z</time>
   </trkpt>
   <trkpt lat="48.6699810" lon="-2.8674350">
    <ele>50.6</ele>
    <time>2026-05-21T05:46:38Z</time>
   </trkpt>
   <trkpt lat="48.6699960" lon="-2.8675080">
    <ele>50.8</ele>
    <time>2026-05-21T05:46:39Z</time>
   </trkpt>
   <trkpt lat="48.6700120" lon="-2.8675770">
    <ele>51.0</ele>
    <time>2026-05-21T05:46:40Z</time>
   </trkpt>
   <trkpt lat="48.6700310" lon="-2.8676390">
    <ele>51.2</ele>
    <time>2026-05-21T05:46:41Z</time>
   </trkpt>
   <trkpt lat="48.6700500" lon="-2.8677030">
    <ele>51.4</ele>
    <time>2026-05-21T05:46:42Z</time>
   </trkpt>
   <trkpt lat="48.6700650" lon="-2.8677680">
    <ele>51.6</ele>
    <time>2026-05-21T05:46:43Z</time>
   </trkpt>
   <trkpt lat="48.6700720" lon="-2.8678370">
    <ele>51.8</ele>
    <time>2026-05-21T05:46:44Z</time>
   </trkpt>
   <trkpt lat="48.6700810" lon="-2.8679080">
    <ele>51.9</ele>
    <time>2026-05-21T05:46:45Z</time>
   </trkpt>
   <trkpt lat="48.6700920" lon="-2.8679790">
    <ele>52.1</ele>
    <time>2026-05-21T05:46:46Z</time>
   </trkpt>
   <trkpt lat="48.6701050" lon="-2.8680480">
    <ele>52.3</ele>
    <time>2026-05-21T05:46:47Z</time>
   </trkpt>
   <trkpt lat="48.6701150" lon="-2.8681180">
    <ele>52.4</ele>
    <time>2026-05-21T05:46:48Z</time>
   </trkpt>
   <trkpt lat="48.6701240" lon="-2.8681880">
    <ele>52.6</ele>
    <time>2026-05-21T05:46:49Z</time>
   </trkpt>
   <trkpt lat="48.6701310" lon="-2.8682580">
    <ele>52.8</ele>
    <time>2026-05-21T05:46:50Z</time>
   </trkpt>
   <trkpt lat="48.6701410" lon="-2.8683300">
    <ele>52.9</ele>
    <time>2026-05-21T05:46:51Z</time>
   </trkpt>
   <trkpt lat="48.6701490" lon="-2.8684000">
    <ele>53.0</ele>
    <time>2026-05-21T05:46:52Z</time>
   </trkpt>
   <trkpt lat="48.6701560" lon="-2.8684730">
    <ele>53.1</ele>
    <time>2026-05-21T05:46:53Z</time>
   </trkpt>
   <trkpt lat="48.6701590" lon="-2.8685490">
    <ele>53.2</ele>
    <time>2026-05-21T05:46:54Z</time>
   </trkpt>
   <trkpt lat="48.6701590" lon="-2.8686240">
    <ele>53.3</ele>
    <time>2026-05-21T05:46:55Z</time>
   </trkpt>
   <trkpt lat="48.6701560" lon="-2.8686970">
    <ele>53.3</ele>
    <time>2026-05-21T05:46:56Z</time>
   </trkpt>
   <trkpt lat="48.6701490" lon="-2.8687720">
    <ele>53.4</ele>
    <time>2026-05-21T05:46:57Z</time>
   </trkpt>
   <trkpt lat="48.6701320" lon="-2.8688410">
    <ele>53.5</ele>
    <time>2026-05-21T05:46:58Z</time>
   </trkpt>
   <trkpt lat="48.6701000" lon="-2.8688980">
    <ele>53.6</ele>
    <time>2026-05-21T05:46:59Z</time>
   </trkpt>
   <trkpt lat="48.6700590" lon="-2.8689430">
    <ele>53.7</ele>
    <time>2026-05-21T05:47:00Z</time>
   </trkpt>
   <trkpt lat="48.6700130" lon="-2.8689820">
    <ele>53.8</ele>
    <time>2026-05-21T05:47:01Z</time>
   </trkpt>
   <trkpt lat="48.6699680" lon="-2.8690160">
    <ele>53.9</ele>
    <time>2026-05-21T05:47:02Z</time>
   </trkpt>
   <trkpt lat="48.6699250" lon="-2.8690520">
    <ele>54.0</ele>
    <time>2026-05-21T05:47:03Z</time>
   </trkpt>
   <trkpt lat="48.6698840" lon="-2.8690960">
    <ele>54.1</ele>
    <time>2026-05-21T05:47:04Z</time>
   </trkpt>
   <trkpt lat="48.6698450" lon="-2.8691420">
    <ele>54.2</ele>
    <time>2026-05-21T05:47:05Z</time>
   </trkpt>
   <trkpt lat="48.6698030" lon="-2.8691830">
    <ele>54.3</ele>
    <time>2026-05-21T05:47:06Z</time>
   </trkpt>
   <trkpt lat="48.6697610" lon="-2.8692240">
    <ele>54.5</ele>
    <time>2026-05-21T05:47:07Z</time>
   </trkpt>
   <trkpt lat="48.6697190" lon="-2.8692570">
    <ele>54.6</ele>
    <time>2026-05-21T05:47:08Z</time>
   </trkpt>
   <trkpt lat="48.6696780" lon="-2.8692970">
    <ele>54.7</ele>
    <time>2026-05-21T05:47:09Z</time>
   </trkpt>
   <trkpt lat="48.6696350" lon="-2.8693350">
    <ele>54.9</ele>
    <time>2026-05-21T05:47:10Z</time>
   </trkpt>
   <trkpt lat="48.6695960" lon="-2.8693730">
    <ele>55.1</ele>
    <time>2026-05-21T05:47:11Z</time>
   </trkpt>
   <trkpt lat="48.6695570" lon="-2.8694090">
    <ele>55.2</ele>
    <time>2026-05-21T05:47:12Z</time>
   </trkpt>
   <trkpt lat="48.6695190" lon="-2.8694480">
    <ele>55.4</ele>
    <time>2026-05-21T05:47:13Z</time>
   </trkpt>
   <trkpt lat="48.6694790" lon="-2.8694870">
    <ele>55.5</ele>
    <time>2026-05-21T05:47:14Z</time>
   </trkpt>
   <trkpt lat="48.6694380" lon="-2.8695250">
    <ele>55.7</ele>
    <time>2026-05-21T05:47:15Z</time>
   </trkpt>
   <trkpt lat="48.6693990" lon="-2.8695650">
    <ele>55.9</ele>
    <time>2026-05-21T05:47:16Z</time>
   </trkpt>
   <trkpt lat="48.6693580" lon="-2.8696020">
    <ele>56.1</ele>
    <time>2026-05-21T05:47:17Z</time>
   </trkpt>
   <trkpt lat="48.6693160" lon="-2.8696420">
    <ele>56.3</ele>
    <time>2026-05-21T05:47:18Z</time>
   </trkpt>
   <trkpt lat="48.6692760" lon="-2.8696770">
    <ele>56.5</ele>
    <time>2026-05-21T05:47:19Z</time>
   </trkpt>
   <trkpt lat="48.6692360" lon="-2.8697100">
    <ele>56.7</ele>
    <time>2026-05-21T05:47:20Z</time>
   </trkpt>
   <trkpt lat="48.6691950" lon="-2.8697430">
    <ele>56.9</ele>
    <time>2026-05-21T05:47:21Z</time>
   </trkpt>
   <trkpt lat="48.6691530" lon="-2.8697710">
    <ele>57.1</ele>
    <time>2026-05-21T05:47:22Z</time>
   </trkpt>
   <trkpt lat="48.6691130" lon="-2.8697990">
    <ele>57.3</ele>
    <time>2026-05-21T05:47:23Z</time>
   </trkpt>
   <trkpt lat="48.6690710" lon="-2.8698250">
    <ele>57.5</ele>
    <time>2026-05-21T05:47:24Z</time>
   </trkpt>
   <trkpt lat="48.6690300" lon="-2.8698490">
    <ele>57.7</ele>
    <time>2026-05-21T05:47:25Z</time>
   </trkpt>
   <trkpt lat="48.6689890" lon="-2.8698690">
    <ele>57.9</ele>
    <time>2026-05-21T05:47:26Z</time>
   </trkpt>
   <trkpt lat="48.6689480" lon="-2.8698900">
    <ele>58.1</ele>
    <time>2026-05-21T05:47:27Z</time>
   </trkpt>
   <trkpt lat="48.6689070" lon="-2.8699140">
    <ele>58.3</ele>
    <time>2026-05-21T05:47:28Z</time>
   </trkpt>
   <trkpt lat="48.6688650" lon="-2.8699320">
    <ele>58.5</ele>
    <time>2026-05-21T05:47:29Z</time>
   </trkpt>
   <trkpt lat="48.6688230" lon="-2.8699470">
    <ele>58.7</ele>
    <time>2026-05-21T05:47:31Z</time>
   </trkpt>
   <trkpt lat="48.6687790" lon="-2.8699600">
    <ele>58.9</ele>
    <time>2026-05-21T05:47:32Z</time>
   </trkpt>
   <trkpt lat="48.6687360" lon="-2.8699780">
    <ele>59.1</ele>
    <time>2026-05-21T05:47:33Z</time>
   </trkpt>
   <trkpt lat="48.6686930" lon="-2.8699950">
    <ele>59.3</ele>
    <time>2026-05-21T05:47:34Z</time>
   </trkpt>
   <trkpt lat="48.6686500" lon="-2.8700050">
    <ele>59.5</ele>
    <time>2026-05-21T05:47:35Z</time>
   </trkpt>
   <trkpt lat="48.6686060" lon="-2.8700090">
    <ele>59.6</ele>
    <time>2026-05-21T05:47:36Z</time>
   </trkpt>
   <trkpt lat="48.6685610" lon="-2.8700140">
    <ele>59.8</ele>
    <time>2026-05-21T05:47:37Z</time>
   </trkpt>
   <trkpt lat="48.6685150" lon="-2.8700230">
    <ele>60.0</ele>
    <time>2026-05-21T05:47:38Z</time>
   </trkpt>
   <trkpt lat="48.6684710" lon="-2.8700310">
    <ele>60.1</ele>
    <time>2026-05-21T05:47:39Z</time>
   </trkpt>
   <trkpt lat="48.6684260" lon="-2.8700410">
    <ele>60.3</ele>
    <time>2026-05-21T05:47:40Z</time>
   </trkpt>
   <trkpt lat="48.6683790" lon="-2.8700520">
    <ele>60.5</ele>
    <time>2026-05-21T05:47:41Z</time>
   </trkpt>
   <trkpt lat="48.6683320" lon="-2.8700580">
    <ele>60.6</ele>
    <time>2026-05-21T05:47:42Z</time>
   </trkpt>
   <trkpt lat="48.6682860" lon="-2.8700630">
    <ele>60.7</ele>
    <time>2026-05-21T05:47:43Z</time>
   </trkpt>
   <trkpt lat="48.6682400" lon="-2.8700690">
    <ele>60.8</ele>
    <time>2026-05-21T05:47:44Z</time>
   </trkpt>
   <trkpt lat="48.6681950" lon="-2.8700790">
    <ele>60.9</ele>
    <time>2026-05-21T05:47:45Z</time>
   </trkpt>
   <trkpt lat="48.6681480" lon="-2.8700880">
    <ele>61.0</ele>
    <time>2026-05-21T05:47:46Z</time>
   </trkpt>
   <trkpt lat="48.6681010" lon="-2.8700960">
    <ele>61.1</ele>
    <time>2026-05-21T05:47:47Z</time>
   </trkpt>
   <trkpt lat="48.6680540" lon="-2.8701040">
    <ele>61.2</ele>
    <time>2026-05-21T05:47:48Z</time>
   </trkpt>
   <trkpt lat="48.6680060" lon="-2.8701160">
    <ele>61.3</ele>
    <time>2026-05-21T05:47:49Z</time>
   </trkpt>
   <trkpt lat="48.6679570" lon="-2.8701260">
    <ele>61.4</ele>
    <time>2026-05-21T05:47:50Z</time>
   </trkpt>
   <trkpt lat="48.6678600" lon="-2.8701490">
    <ele>61.6</ele>
    <time>2026-05-21T05:47:51Z</time>
   </trkpt>
   <trkpt lat="48.6678100" lon="-2.8701600">
    <ele>61.7</ele>
    <time>2026-05-21T05:47:52Z</time>
   </trkpt>
   <trkpt lat="48.6677610" lon="-2.8701680">
    <ele>61.8</ele>
    <time>2026-05-21T05:47:53Z</time>
   </trkpt>
   <trkpt lat="48.6677120" lon="-2.8701770">
    <ele>61.8</ele>
    <time>2026-05-21T05:47:54Z</time>
   </trkpt>
   <trkpt lat="48.6676650" lon="-2.8701880">
    <ele>61.9</ele>
    <time>2026-05-21T05:47:55Z</time>
   </trkpt>
   <trkpt lat="48.6676170" lon="-2.8702020">
    <ele>61.9</ele>
    <time>2026-05-21T05:47:56Z</time>
   </trkpt>
   <trkpt lat="48.6675680" lon="-2.8702140">
    <ele>62.0</ele>
    <time>2026-05-21T05:47:57Z</time>
   </trkpt>
   <trkpt lat="48.6675200" lon="-2.8702260">
    <ele>62.0</ele>
    <time>2026-05-21T05:47:58Z</time>
   </trkpt>
   <trkpt lat="48.6674700" lon="-2.8702400">
    <ele>61.9</ele>
    <time>2026-05-21T05:47:59Z</time>
   </trkpt>
   <trkpt lat="48.6674170" lon="-2.8702580">
    <ele>61.9</ele>
    <time>2026-05-21T05:48:00Z</time>
   </trkpt>
   <trkpt lat="48.6673630" lon="-2.8702780">
    <ele>61.9</ele>
    <time>2026-05-21T05:48:01Z</time>
   </trkpt>
   <trkpt lat="48.6673070" lon="-2.8702990">
    <ele>61.8</ele>
    <time>2026-05-21T05:48:02Z</time>
   </trkpt>
   <trkpt lat="48.6672510" lon="-2.8703180">
    <ele>61.8</ele>
    <time>2026-05-21T05:48:03Z</time>
   </trkpt>
   <trkpt lat="48.6671940" lon="-2.8703360">
    <ele>61.8</ele>
    <time>2026-05-21T05:48:04Z</time>
   </trkpt>
   <trkpt lat="48.6671400" lon="-2.8703570">
    <ele>61.8</ele>
    <time>2026-05-21T05:48:05Z</time>
   </trkpt>
   <trkpt lat="48.6670810" lon="-2.8703750">
    <ele>61.8</ele>
    <time>2026-05-21T05:48:06Z</time>
   </trkpt>
   <trkpt lat="48.6670220" lon="-2.8703950">
    <ele>61.8</ele>
    <time>2026-05-21T05:48:07Z</time>
   </trkpt>
   <trkpt lat="48.6669630" lon="-2.8704160">
    <ele>61.8</ele>
    <time>2026-05-21T05:48:08Z</time>
   </trkpt>
   <trkpt lat="48.6669070" lon="-2.8704360">
    <ele>61.8</ele>
    <time>2026-05-21T05:48:09Z</time>
   </trkpt>
   <trkpt lat="48.6668490" lon="-2.8704610">
    <ele>61.9</ele>
    <time>2026-05-21T05:48:10Z</time>
   </trkpt>
   <trkpt lat="48.6667920" lon="-2.8704870">
    <ele>61.9</ele>
    <time>2026-05-21T05:48:11Z</time>
   </trkpt>
   <trkpt lat="48.6667370" lon="-2.8705180">
    <ele>61.9</ele>
    <time>2026-05-21T05:48:12Z</time>
   </trkpt>
   <trkpt lat="48.6666810" lon="-2.8705530">
    <ele>62.0</ele>
    <time>2026-05-21T05:48:13Z</time>
   </trkpt>
   <trkpt lat="48.6666250" lon="-2.8705860">
    <ele>62.0</ele>
    <time>2026-05-21T05:48:14Z</time>
   </trkpt>
   <trkpt lat="48.6665710" lon="-2.8706260">
    <ele>62.0</ele>
    <time>2026-05-21T05:48:15Z</time>
   </trkpt>
   <trkpt lat="48.6665140" lon="-2.8706640">
    <ele>62.1</ele>
    <time>2026-05-21T05:48:16Z</time>
   </trkpt>
   <trkpt lat="48.6664610" lon="-2.8707100">
    <ele>62.1</ele>
    <time>2026-05-21T05:48:17Z</time>
   </trkpt>
   <trkpt lat="48.6664100" lon="-2.8707580">
    <ele>62.2</ele>
    <time>2026-05-21T05:48:18Z</time>
   </trkpt>
   <trkpt lat="48.6663590" lon="-2.8708080">
    <ele>62.2</ele>
    <time>2026-05-21T05:48:19Z</time>
   </trkpt>
   <trkpt lat="48.6663050" lon="-2.8708520">
    <ele>62.2</ele>
    <time>2026-05-21T05:48:20Z</time>
   </trkpt>
   <trkpt lat="48.6662490" lon="-2.8708920">
    <ele>62.3</ele>
    <time>2026-05-21T05:48:21Z</time>
   </trkpt>
   <trkpt lat="48.6661970" lon="-2.8709330">
    <ele>62.4</ele>
    <time>2026-05-21T05:48:22Z</time>
   </trkpt>
   <trkpt lat="48.6661440" lon="-2.8709890">
    <ele>62.4</ele>
    <time>2026-05-21T05:48:23Z</time>
   </trkpt>
   <trkpt lat="48.6660910" lon="-2.8710340">
    <ele>62.5</ele>
    <time>2026-05-21T05:48:24Z</time>
   </trkpt>
   <trkpt lat="48.6660380" lon="-2.8710790">
    <ele>62.6</ele>
    <time>2026-05-21T05:48:25Z</time>
   </trkpt>
   <trkpt lat="48.6659840" lon="-2.8711160">
    <ele>62.8</ele>
    <time>2026-05-21T05:48:26Z</time>
   </trkpt>
   <trkpt lat="48.6659320" lon="-2.8711540">
    <ele>62.9</ele>
    <time>2026-05-21T05:48:27Z</time>
   </trkpt>
   <trkpt lat="48.6658750" lon="-2.8711910">
    <ele>63.0</ele>
    <time>2026-05-21T05:48:28Z</time>
   </trkpt>
   <trkpt lat="48.6658200" lon="-2.8712220">
    <ele>63.1</ele>
    <time>2026-05-21T05:48:29Z</time>
   </trkpt>
   <trkpt lat="48.6657680" lon="-2.8712440">
    <ele>63.2</ele>
    <time>2026-05-21T05:48:30Z</time>
   </trkpt>
   <trkpt lat="48.6657130" lon="-2.8712770">
    <ele>63.4</ele>
    <time>2026-05-21T05:48:31Z</time>
   </trkpt>
   <trkpt lat="48.6656560" lon="-2.8713090">
    <ele>63.5</ele>
    <time>2026-05-21T05:48:32Z</time>
   </trkpt>
   <trkpt lat="48.6656010" lon="-2.8713320">
    <ele>63.6</ele>
    <time>2026-05-21T05:48:33Z</time>
   </trkpt>
   <trkpt lat="48.6655340" lon="-2.8713540">
    <ele>63.8</ele>
    <time>2026-05-21T05:48:34Z</time>
   </trkpt>
   <trkpt lat="48.6654850" lon="-2.8713720">
    <ele>63.9</ele>
    <time>2026-05-21T05:48:35Z</time>
   </trkpt>
   <trkpt lat="48.6654240" lon="-2.8714040">
    <ele>64.1</ele>
    <time>2026-05-21T05:48:36Z</time>
   </trkpt>
   <trkpt lat="48.6653700" lon="-2.8714210">
    <ele>64.3</ele>
    <time>2026-05-21T05:48:37Z</time>
   </trkpt>
   <trkpt lat="48.6653140" lon="-2.8714340">
    <ele>64.4</ele>
    <time>2026-05-21T05:48:38Z</time>
   </trkpt>
   <trkpt lat="48.6652550" lon="-2.8714450">
    <ele>64.6</ele>
    <time>2026-05-21T05:48:39Z</time>
   </trkpt>
   <trkpt lat="48.6652010" lon="-2.8714570">
    <ele>64.8</ele>
    <time>2026-05-21T05:48:40Z</time>
   </trkpt>
   <trkpt lat="48.6651510" lon="-2.8714730">
    <ele>65.0</ele>
    <time>2026-05-21T05:48:41Z</time>
   </trkpt>
   <trkpt lat="48.6650990" lon="-2.8714820">
    <ele>65.2</ele>
    <time>2026-05-21T05:48:42Z</time>
   </trkpt>
   <trkpt lat="48.6650490" lon="-2.8714970">
    <ele>65.4</ele>
    <time>2026-05-21T05:48:43Z</time>
   </trkpt>
   <trkpt lat="48.6649990" lon="-2.8715200">
    <ele>65.6</ele>
    <time>2026-05-21T05:48:44Z</time>
   </trkpt>
   <trkpt lat="48.6649490" lon="-2.8715330">
    <ele>65.8</ele>
    <time>2026-05-21T05:48:45Z</time>
   </trkpt>
   <trkpt lat="48.6648990" lon="-2.8715460">
    <ele>66.0</ele>
    <time>2026-05-21T05:48:46Z</time>
   </trkpt>
   <trkpt lat="48.6648510" lon="-2.8715580">
    <ele>66.3</ele>
    <time>2026-05-21T05:48:47Z</time>
   </trkpt>
   <trkpt lat="48.6648050" lon="-2.8715690">
    <ele>66.5</ele>
    <time>2026-05-21T05:48:48Z</time>
   </trkpt>
   <trkpt lat="48.6647590" lon="-2.8715760">
    <ele>66.7</ele>
    <time>2026-05-21T05:48:49Z</time>
   </trkpt>
   <trkpt lat="48.6647160" lon="-2.8715780">
    <ele>66.9</ele>
    <time>2026-05-21T05:48:50Z</time>
   </trkpt>
   <trkpt lat="48.6646720" lon="-2.8715900">
    <ele>67.1</ele>
    <time>2026-05-21T05:48:51Z</time>
   </trkpt>
   <trkpt lat="48.6646320" lon="-2.8716100">
    <ele>67.3</ele>
    <time>2026-05-21T05:48:52Z</time>
   </trkpt>
   <trkpt lat="48.6645960" lon="-2.8716280">
    <ele>67.5</ele>
    <time>2026-05-21T05:48:53Z</time>
   </trkpt>
   <trkpt lat="48.6645610" lon="-2.8716470">
    <ele>67.6</ele>
    <time>2026-05-21T05:48:54Z</time>
   </trkpt>
   <trkpt lat="48.6645190" lon="-2.8716520">
    <ele>67.7</ele>
    <time>2026-05-21T05:48:55Z</time>
   </trkpt>
   <trkpt lat="48.6644770" lon="-2.8716420">
    <ele>67.8</ele>
    <time>2026-05-21T05:48:56Z</time>
   </trkpt>
   <trkpt lat="48.6644380" lon="-2.8716100">
    <ele>67.8</ele>
    <time>2026-05-21T05:48:57Z</time>
   </trkpt>
   <trkpt lat="48.6644070" lon="-2.8715660">
    <ele>67.8</ele>
    <time>2026-05-21T05:48:58Z</time>
   </trkpt>
   <trkpt lat="48.6643770" lon="-2.8715090">
    <ele>67.7</ele>
    <time>2026-05-21T05:48:59Z</time>
   </trkpt>
   <trkpt lat="48.6643480" lon="-2.8714460">
    <ele>67.6</ele>
    <time>2026-05-21T05:49:00Z</time>
   </trkpt>
   <trkpt lat="48.6643170" lon="-2.8713870">
    <ele>67.5</ele>
    <time>2026-05-21T05:49:01Z</time>
   </trkpt>
   <trkpt lat="48.6642800" lon="-2.8713250">
    <ele>67.4</ele>
    <time>2026-05-21T05:49:02Z</time>
   </trkpt>
   <trkpt lat="48.6642450" lon="-2.8712660">
    <ele>67.2</ele>
    <time>2026-05-21T05:49:03Z</time>
   </trkpt>
   <trkpt lat="48.6642090" lon="-2.8712050">
    <ele>67.0</ele>
    <time>2026-05-21T05:49:04Z</time>
   </trkpt>
   <trkpt lat="48.6641680" lon="-2.8711520">
    <ele>66.9</ele>
    <time>2026-05-21T05:49:05Z</time>
   </trkpt>
   <trkpt lat="48.6641270" lon="-2.8711120">
    <ele>66.7</ele>
    <time>2026-05-21T05:49:06Z</time>
   </trkpt>
   <trkpt lat="48.6640890" lon="-2.8710790">
    <ele>66.6</ele>
    <time>2026-05-21T05:49:07Z</time>
   </trkpt>
   <trkpt lat="48.6640540" lon="-2.8710560">
    <ele>66.5</ele>
    <time>2026-05-21T05:49:08Z</time>
   </trkpt>
   <trkpt lat="48.6640140" lon="-2.8710530">
    <ele>66.3</ele>
    <time>2026-05-21T05:49:09Z</time>
   </trkpt>
   <trkpt lat="48.6639750" lon="-2.8710990">
    <ele>66.5</ele>
    <time>2026-05-21T05:49:10Z</time>
   </trkpt>
   <trkpt lat="48.6639580" lon="-2.8711660">
    <ele>66.7</ele>
    <time>2026-05-21T05:49:11Z</time>
   </trkpt>
   <trkpt lat="48.6639530" lon="-2.8712320">
    <ele>66.9</ele>
    <time>2026-05-21T05:49:12Z</time>
   </trkpt>
   <trkpt lat="48.6639420" lon="-2.8712990">
    <ele>67.1</ele>
    <time>2026-05-21T05:49:13Z</time>
   </trkpt>
   <trkpt lat="48.6639300" lon="-2.8713520">
    <ele>67.3</ele>
    <time>2026-05-21T05:49:14Z</time>
   </trkpt>
   <trkpt lat="48.6639140" lon="-2.8714110">
    <ele>67.5</ele>
    <time>2026-05-21T05:49:15Z</time>
   </trkpt>
   <trkpt lat="48.6639030" lon="-2.8714710">
    <ele>67.8</ele>
    <time>2026-05-21T05:49:16Z</time>
   </trkpt>
   <trkpt lat="48.6638910" lon="-2.8715320">
    <ele>68.1</ele>
    <time>2026-05-21T05:49:17Z</time>
   </trkpt>
   <trkpt lat="48.6638780" lon="-2.8715880">
    <ele>68.3</ele>
    <time>2026-05-21T05:49:18Z</time>
   </trkpt>
   <trkpt lat="48.6638660" lon="-2.8716450">
    <ele>68.6</ele>
    <time>2026-05-21T05:49:19Z</time>
   </trkpt>
   <trkpt lat="48.6638520" lon="-2.8717010">
    <ele>68.9</ele>
    <time>2026-05-21T05:49:20Z</time>
   </trkpt>
   <trkpt lat="48.6638330" lon="-2.8717510">
    <ele>69.1</ele>
    <time>2026-05-21T05:49:21Z</time>
   </trkpt>
   <trkpt lat="48.6638090" lon="-2.8717980">
    <ele>69.4</ele>
    <time>2026-05-21T05:49:22Z</time>
   </trkpt>
   <trkpt lat="48.6637810" lon="-2.8718380">
    <ele>69.5</ele>
    <time>2026-05-21T05:49:23Z</time>
   </trkpt>
   <trkpt lat="48.6637480" lon="-2.8718710">
    <ele>69.5</ele>
    <time>2026-05-21T05:49:24Z</time>
   </trkpt>
   <trkpt lat="48.6637110" lon="-2.8718990">
    <ele>69.6</ele>
    <time>2026-05-21T05:49:25Z</time>
   </trkpt>
   <trkpt lat="48.6636760" lon="-2.8719190">
    <ele>69.6</ele>
    <time>2026-05-21T05:49:26Z</time>
   </trkpt>
   <trkpt lat="48.6636410" lon="-2.8719430">
    <ele>69.7</ele>
    <time>2026-05-21T05:49:27Z</time>
   </trkpt>
   <trkpt lat="48.6636020" lon="-2.8719610">
    <ele>69.7</ele>
    <time>2026-05-21T05:49:28Z</time>
   </trkpt>
   <trkpt lat="48.6635610" lon="-2.8719750">
    <ele>69.7</ele>
    <time>2026-05-21T05:49:29Z</time>
   </trkpt>
   <trkpt lat="48.6635200" lon="-2.8719930">
    <ele>69.7</ele>
    <time>2026-05-21T05:49:30Z</time>
   </trkpt>
   <trkpt lat="48.6634760" lon="-2.8720100">
    <ele>69.7</ele>
    <time>2026-05-21T05:49:31Z</time>
   </trkpt>
   <trkpt lat="48.6634300" lon="-2.8720310">
    <ele>69.7</ele>
    <time>2026-05-21T05:49:32Z</time>
   </trkpt>
   <trkpt lat="48.6633830" lon="-2.8720560">
    <ele>69.7</ele>
    <time>2026-05-21T05:49:33Z</time>
   </trkpt>
   <trkpt lat="48.6633360" lon="-2.8720780">
    <ele>69.7</ele>
    <time>2026-05-21T05:49:34Z</time>
   </trkpt>
   <trkpt lat="48.6632860" lon="-2.8720990">
    <ele>69.7</ele>
    <time>2026-05-21T05:49:35Z</time>
   </trkpt>
   <trkpt lat="48.6632340" lon="-2.8721230">
    <ele>69.7</ele>
    <time>2026-05-21T05:49:37Z</time>
   </trkpt>
   <trkpt lat="48.6631820" lon="-2.8721490">
    <ele>69.7</ele>
    <time>2026-05-21T05:49:38Z</time>
   </trkpt>
   <trkpt lat="48.6631640" lon="-2.8721920">
    <ele>69.7</ele>
    <time>2026-05-21T05:49:39Z</time>
   </trkpt>
   <trkpt lat="48.6631780" lon="-2.8722470">
    <ele>69.8</ele>
    <time>2026-05-21T05:49:40Z</time>
   </trkpt>
   <trkpt lat="48.6632250" lon="-2.8722880">
    <ele>69.8</ele>
    <time>2026-05-21T05:49:41Z</time>
   </trkpt>
   <trkpt lat="48.6632740" lon="-2.8723170">
    <ele>69.9</ele>
    <time>2026-05-21T05:49:42Z</time>
   </trkpt>
   <trkpt lat="48.6633150" lon="-2.8723460">
    <ele>69.9</ele>
    <time>2026-05-21T05:49:43Z</time>
   </trkpt>
   <trkpt lat="48.6633530" lon="-2.8723890">
    <ele>69.9</ele>
    <time>2026-05-21T05:49:44Z</time>
   </trkpt>
   <trkpt lat="48.6633890" lon="-2.8724380">
    <ele>70.0</ele>
    <time>2026-05-21T05:49:45Z</time>
   </trkpt>
   <trkpt lat="48.6634260" lon="-2.8724860">
    <ele>70.0</ele>
    <time>2026-05-21T05:49:46Z</time>
   </trkpt>
   <trkpt lat="48.6634640" lon="-2.8725370">
    <ele>70.1</ele>
    <time>2026-05-21T05:49:47Z</time>
   </trkpt>
   <trkpt lat="48.6634980" lon="-2.8725950">
    <ele>70.1</ele>
    <time>2026-05-21T05:49:48Z</time>
   </trkpt>
   <trkpt lat="48.6635320" lon="-2.8726560">
    <ele>70.2</ele>
    <time>2026-05-21T05:49:49Z</time>
   </trkpt>
   <trkpt lat="48.6635650" lon="-2.8727190">
    <ele>70.2</ele>
    <time>2026-05-21T05:49:50Z</time>
   </trkpt>
   <trkpt lat="48.6635960" lon="-2.8727880">
    <ele>70.3</ele>
    <time>2026-05-21T05:49:51Z</time>
   </trkpt>
   <trkpt lat="48.6636440" lon="-2.8729390">
    <ele>70.3</ele>
    <time>2026-05-21T05:49:52Z</time>
   </trkpt>
   <trkpt lat="48.6636630" lon="-2.8730190">
    <ele>70.3</ele>
    <time>2026-05-21T05:49:53Z</time>
   </trkpt>
   <trkpt lat="48.6636750" lon="-2.8731030">
    <ele>70.3</ele>
    <time>2026-05-21T05:49:54Z</time>
   </trkpt>
   <trkpt lat="48.6636840" lon="-2.8731880">
    <ele>70.4</ele>
    <time>2026-05-21T05:49:55Z</time>
   </trkpt>
   <trkpt lat="48.6636870" lon="-2.8732730">
    <ele>70.4</ele>
    <time>2026-05-21T05:49:56Z</time>
   </trkpt>
   <trkpt lat="48.6636860" lon="-2.8733580">
    <ele>70.4</ele>
    <time>2026-05-21T05:49:57Z</time>
   </trkpt>
   <trkpt lat="48.6636820" lon="-2.8734420">
    <ele>70.4</ele>
    <time>2026-05-21T05:49:58Z</time>
   </trkpt>
   <trkpt lat="48.6636800" lon="-2.8735250">
    <ele>70.4</ele>
    <time>2026-05-21T05:49:59Z</time>
   </trkpt>
   <trkpt lat="48.6636800" lon="-2.8736110">
    <ele>70.5</ele>
    <time>2026-05-21T05:50:00Z</time>
   </trkpt>
   <trkpt lat="48.6636760" lon="-2.8736930">
    <ele>70.5</ele>
    <time>2026-05-21T05:50:01Z</time>
   </trkpt>
   <trkpt lat="48.6636680" lon="-2.8737750">
    <ele>70.4</ele>
    <time>2026-05-21T05:50:02Z</time>
   </trkpt>
   <trkpt lat="48.6636640" lon="-2.8738610">
    <ele>70.4</ele>
    <time>2026-05-21T05:50:03Z</time>
   </trkpt>
   <trkpt lat="48.6636600" lon="-2.8739520">
    <ele>70.4</ele>
    <time>2026-05-21T05:50:04Z</time>
   </trkpt>
   <trkpt lat="48.6636550" lon="-2.8740460">
    <ele>70.4</ele>
    <time>2026-05-21T05:50:05Z</time>
   </trkpt>
   <trkpt lat="48.6636490" lon="-2.8741430">
    <ele>70.4</ele>
    <time>2026-05-21T05:50:06Z</time>
   </trkpt>
   <trkpt lat="48.6636400" lon="-2.8742400">
    <ele>70.4</ele>
    <time>2026-05-21T05:50:07Z</time>
   </trkpt>
   <trkpt lat="48.6636340" lon="-2.8743380">
    <ele>70.4</ele>
    <time>2026-05-21T05:50:08Z</time>
   </trkpt>
   <trkpt lat="48.6636320" lon="-2.8744420">
    <ele>70.4</ele>
    <time>2026-05-21T05:50:09Z</time>
   </trkpt>
   <trkpt lat="48.6636230" lon="-2.8745430">
    <ele>70.4</ele>
    <time>2026-05-21T05:50:10Z</time>
   </trkpt>
   <trkpt lat="48.6636140" lon="-2.8746460">
    <ele>70.4</ele>
    <time>2026-05-21T05:50:11Z</time>
   </trkpt>
   <trkpt lat="48.6636060" lon="-2.8747480">
    <ele>70.4</ele>
    <time>2026-05-21T05:50:12Z</time>
   </trkpt>
   <trkpt lat="48.6635970" lon="-2.8748460">
    <ele>70.4</ele>
    <time>2026-05-21T05:50:13Z</time>
   </trkpt>
   <trkpt lat="48.6635910" lon="-2.8749450">
    <ele>70.5</ele>
    <time>2026-05-21T05:50:14Z</time>
   </trkpt>
   <trkpt lat="48.6635850" lon="-2.8750480">
    <ele>70.5</ele>
    <time>2026-05-21T05:50:15Z</time>
   </trkpt>
   <trkpt lat="48.6635770" lon="-2.8751490">
    <ele>70.5</ele>
    <time>2026-05-21T05:50:16Z</time>
   </trkpt>
   <trkpt lat="48.6635690" lon="-2.8752500">
    <ele>70.6</ele>
    <time>2026-05-21T05:50:17Z</time>
   </trkpt>
   <trkpt lat="48.6635630" lon="-2.8753520">
    <ele>70.6</ele>
    <time>2026-05-21T05:50:18Z</time>
   </trkpt>
   <trkpt lat="48.6635570" lon="-2.8754530">
    <ele>70.7</ele>
    <time>2026-05-21T05:50:19Z</time>
   </trkpt>
   <trkpt lat="48.6635510" lon="-2.8755560">
    <ele>70.8</ele>
    <time>2026-05-21T05:50:20Z</time>
   </trkpt>
   <trkpt lat="48.6635460" lon="-2.8756590">
    <ele>70.8</ele>
    <time>2026-05-21T05:50:21Z</time>
   </trkpt>
   <trkpt lat="48.6635410" lon="-2.8757610">
    <ele>70.8</ele>
    <time>2026-05-21T05:50:22Z</time>
   </trkpt>
   <trkpt lat="48.6635330" lon="-2.8758630">
    <ele>70.9</ele>
    <time>2026-05-21T05:50:23Z</time>
   </trkpt>
   <trkpt lat="48.6635260" lon="-2.8759650">
    <ele>70.9</ele>
    <time>2026-05-21T05:50:24Z</time>
   </trkpt>
   <trkpt lat="48.6635180" lon="-2.8760690">
    <ele>71.0</ele>
    <time>2026-05-21T05:50:25Z</time>
   </trkpt>
   <trkpt lat="48.6635140" lon="-2.8761720">
    <ele>71.0</ele>
    <time>2026-05-21T05:50:26Z</time>
   </trkpt>
   <trkpt lat="48.6635070" lon="-2.8762760">
    <ele>71.1</ele>
    <time>2026-05-21T05:50:27Z</time>
   </trkpt>
   <trkpt lat="48.6635020" lon="-2.8763830">
    <ele>71.1</ele>
    <time>2026-05-21T05:50:28Z</time>
   </trkpt>
   <trkpt lat="48.6634960" lon="-2.8764900">
    <ele>71.2</ele>
    <time>2026-05-21T05:50:29Z</time>
   </trkpt>
   <trkpt lat="48.6634870" lon="-2.8766000">
    <ele>71.2</ele>
    <time>2026-05-21T05:50:30Z</time>
   </trkpt>
   <trkpt lat="48.6634790" lon="-2.8767090">
    <ele>71.3</ele>
    <time>2026-05-21T05:50:31Z</time>
   </trkpt>
   <trkpt lat="48.6634690" lon="-2.8768150">
    <ele>71.3</ele>
    <time>2026-05-21T05:50:32Z</time>
   </trkpt>
   <trkpt lat="48.6634590" lon="-2.8769210">
    <ele>71.3</ele>
    <time>2026-05-21T05:50:33Z</time>
   </trkpt>
   <trkpt lat="48.6634520" lon="-2.8770270">
    <ele>71.4</ele>
    <time>2026-05-21T05:50:34Z</time>
   </trkpt>
   <trkpt lat="48.6634470" lon="-2.8771310">
    <ele>71.5</ele>
    <time>2026-05-21T05:50:35Z</time>
   </trkpt>
   <trkpt lat="48.6634420" lon="-2.8772330">
    <ele>71.6</ele>
    <time>2026-05-21T05:50:36Z</time>
   </trkpt>
   <trkpt lat="48.6634370" lon="-2.8773380">
    <ele>71.7</ele>
    <time>2026-05-21T05:50:37Z</time>
   </trkpt>
   <trkpt lat="48.6634300" lon="-2.8774390">
    <ele>71.8</ele>
    <time>2026-05-21T05:50:38Z</time>
   </trkpt>
   <trkpt lat="48.6634240" lon="-2.8775410">
    <ele>72.0</ele>
    <time>2026-05-21T05:50:39Z</time>
   </trkpt>
   <trkpt lat="48.6634150" lon="-2.8776390">
    <ele>72.0</ele>
    <time>2026-05-21T05:50:40Z</time>
   </trkpt>
   <trkpt lat="48.6634100" lon="-2.8777400">
    <ele>72.1</ele>
    <time>2026-05-21T05:50:41Z</time>
   </trkpt>
   <trkpt lat="48.6634010" lon="-2.8778390">
    <ele>72.2</ele>
    <time>2026-05-21T05:50:42Z</time>
   </trkpt>
   <trkpt lat="48.6633920" lon="-2.8779380">
    <ele>72.3</ele>
    <time>2026-05-21T05:50:43Z</time>
   </trkpt>
   <trkpt lat="48.6633860" lon="-2.8780400">
    <ele>72.4</ele>
    <time>2026-05-21T05:50:44Z</time>
   </trkpt>
   <trkpt lat="48.6633790" lon="-2.8781420">
    <ele>72.6</ele>
    <time>2026-05-21T05:50:45Z</time>
   </trkpt>
   <trkpt lat="48.6633710" lon="-2.8782450">
    <ele>72.8</ele>
    <time>2026-05-21T05:50:46Z</time>
   </trkpt>
   <trkpt lat="48.6633630" lon="-2.8783430">
    <ele>73.0</ele>
    <time>2026-05-21T05:50:47Z</time>
   </trkpt>
   <trkpt lat="48.6633550" lon="-2.8784430">
    <ele>73.1</ele>
    <time>2026-05-21T05:50:48Z</time>
   </trkpt>
   <trkpt lat="48.6633440" lon="-2.8785460">
    <ele>73.3</ele>
    <time>2026-05-21T05:50:49Z</time>
   </trkpt>
   <trkpt lat="48.6633360" lon="-2.8786450">
    <ele>73.3</ele>
    <time>2026-05-21T05:50:50Z</time>
   </trkpt>
   <trkpt lat="48.6633290" lon="-2.8787440">
    <ele>73.3</ele>
    <time>2026-05-21T05:50:51Z</time>
   </trkpt>
   <trkpt lat="48.6633260" lon="-2.8788470">
    <ele>73.3</ele>
    <time>2026-05-21T05:50:52Z</time>
   </trkpt>
   <trkpt lat="48.6633180" lon="-2.8789430">
    <ele>73.2</ele>
    <time>2026-05-21T05:50:53Z</time>
   </trkpt>
   <trkpt lat="48.6633120" lon="-2.8790430">
    <ele>73.1</ele>
    <time>2026-05-21T05:50:54Z</time>
   </trkpt>
   <trkpt lat="48.6633070" lon="-2.8791440">
    <ele>73.0</ele>
    <time>2026-05-21T05:50:55Z</time>
   </trkpt>
   <trkpt lat="48.6633000" lon="-2.8792480">
    <ele>72.8</ele>
    <time>2026-05-21T05:50:56Z</time>
   </trkpt>
   <trkpt lat="48.6632830" lon="-2.8793590">
    <ele>72.7</ele>
    <time>2026-05-21T05:50:57Z</time>
   </trkpt>
   <trkpt lat="48.6632750" lon="-2.8794680">
    <ele>72.5</ele>
    <time>2026-05-21T05:50:58Z</time>
   </trkpt>
   <trkpt lat="48.6632650" lon="-2.8795760">
    <ele>72.4</ele>
    <time>2026-05-21T05:50:59Z</time>
   </trkpt>
   <trkpt lat="48.6632510" lon="-2.8796890">
    <ele>72.2</ele>
    <time>2026-05-21T05:51:00Z</time>
   </trkpt>
   <trkpt lat="48.6632270" lon="-2.8797990">
    <ele>72.0</ele>
    <time>2026-05-21T05:51:01Z</time>
   </trkpt>
   <trkpt lat="48.6631960" lon="-2.8799080">
    <ele>71.9</ele>
    <time>2026-05-21T05:51:02Z</time>
   </trkpt>
   <trkpt lat="48.6631740" lon="-2.8800200">
    <ele>71.7</ele>
    <time>2026-05-21T05:51:03Z</time>
   </trkpt>
   <trkpt lat="48.6631530" lon="-2.8801290">
    <ele>71.6</ele>
    <time>2026-05-21T05:51:04Z</time>
   </trkpt>
   <trkpt lat="48.6631290" lon="-2.8802430">
    <ele>71.5</ele>
    <time>2026-05-21T05:51:05Z</time>
   </trkpt>
   <trkpt lat="48.6631030" lon="-2.8803550">
    <ele>71.4</ele>
    <time>2026-05-21T05:51:06Z</time>
   </trkpt>
   <trkpt lat="48.6630740" lon="-2.8804630">
    <ele>71.3</ele>
    <time>2026-05-21T05:51:07Z</time>
   </trkpt>
   <trkpt lat="48.6630470" lon="-2.8805720">
    <ele>71.2</ele>
    <time>2026-05-21T05:51:08Z</time>
   </trkpt>
   <trkpt lat="48.6630160" lon="-2.8806800">
    <ele>71.1</ele>
    <time>2026-05-21T05:51:09Z</time>
   </trkpt>
   <trkpt lat="48.6629830" lon="-2.8807870">
    <ele>71.1</ele>
    <time>2026-05-21T05:51:10Z</time>
   </trkpt>
   <trkpt lat="48.6629490" lon="-2.8808940">
    <ele>71.0</ele>
    <time>2026-05-21T05:51:11Z</time>
   </trkpt>
   <trkpt lat="48.6629150" lon="-2.8810010">
    <ele>71.0</ele>
    <time>2026-05-21T05:51:12Z</time>
   </trkpt>
   <trkpt lat="48.6628780" lon="-2.8811090">
    <ele>70.9</ele>
    <time>2026-05-21T05:51:13Z</time>
   </trkpt>
   <trkpt lat="48.6628440" lon="-2.8812160">
    <ele>70.9</ele>
    <time>2026-05-21T05:51:14Z</time>
   </trkpt>
   <trkpt lat="48.6628100" lon="-2.8813260">
    <ele>71.0</ele>
    <time>2026-05-21T05:51:15Z</time>
   </trkpt>
   <trkpt lat="48.6627770" lon="-2.8814320">
    <ele>71.0</ele>
    <time>2026-05-21T05:51:16Z</time>
   </trkpt>
   <trkpt lat="48.6627450" lon="-2.8815330">
    <ele>71.1</ele>
    <time>2026-05-21T05:51:17Z</time>
   </trkpt>
   <trkpt lat="48.6627080" lon="-2.8816320">
    <ele>71.2</ele>
    <time>2026-05-21T05:51:18Z</time>
   </trkpt>
   <trkpt lat="48.6626770" lon="-2.8817330">
    <ele>71.3</ele>
    <time>2026-05-21T05:51:19Z</time>
   </trkpt>
   <trkpt lat="48.6626460" lon="-2.8818370">
    <ele>71.4</ele>
    <time>2026-05-21T05:51:20Z</time>
   </trkpt>
   <trkpt lat="48.6626140" lon="-2.8819370">
    <ele>71.6</ele>
    <time>2026-05-21T05:51:21Z</time>
   </trkpt>
   <trkpt lat="48.6625820" lon="-2.8820370">
    <ele>71.7</ele>
    <time>2026-05-21T05:51:22Z</time>
   </trkpt>
   <trkpt lat="48.6625520" lon="-2.8821360">
    <ele>71.9</ele>
    <time>2026-05-21T05:51:23Z</time>
   </trkpt>
   <trkpt lat="48.6625240" lon="-2.8822360">
    <ele>72.1</ele>
    <time>2026-05-21T05:51:24Z</time>
   </trkpt>
   <trkpt lat="48.6625000" lon="-2.8823360">
    <ele>72.2</ele>
    <time>2026-05-21T05:51:25Z</time>
   </trkpt>
   <trkpt lat="48.6624750" lon="-2.8824300">
    <ele>72.3</ele>
    <time>2026-05-21T05:51:26Z</time>
   </trkpt>
   <trkpt lat="48.6624480" lon="-2.8825240">
    <ele>72.3</ele>
    <time>2026-05-21T05:51:27Z</time>
   </trkpt>
   <trkpt lat="48.6624250" lon="-2.8826210">
    <ele>72.3</ele>
    <time>2026-05-21T05:51:28Z</time>
   </trkpt>
   <trkpt lat="48.6624100" lon="-2.8827250">
    <ele>72.3</ele>
    <time>2026-05-21T05:51:29Z</time>
   </trkpt>
   <trkpt lat="48.6623990" lon="-2.8828290">
    <ele>72.2</ele>
    <time>2026-05-21T05:51:30Z</time>
   </trkpt>
   <trkpt lat="48.6623940" lon="-2.8829390">
    <ele>72.1</ele>
    <time>2026-05-21T05:51:31Z</time>
   </trkpt>
   <trkpt lat="48.6623990" lon="-2.8830480">
    <ele>72.0</ele>
    <time>2026-05-21T05:51:32Z</time>
   </trkpt>
   <trkpt lat="48.6624120" lon="-2.8831570">
    <ele>71.9</ele>
    <time>2026-05-21T05:51:33Z</time>
   </trkpt>
   <trkpt lat="48.6624360" lon="-2.8832650">
    <ele>71.7</ele>
    <time>2026-05-21T05:51:34Z</time>
   </trkpt>
   <trkpt lat="48.6624680" lon="-2.8833670">
    <ele>71.6</ele>
    <time>2026-05-21T05:51:35Z</time>
   </trkpt>
   <trkpt lat="48.6625180" lon="-2.8834590">
    <ele>71.5</ele>
    <time>2026-05-21T05:51:36Z</time>
   </trkpt>
   <trkpt lat="48.6625620" lon="-2.8835570">
    <ele>71.3</ele>
    <time>2026-05-21T05:51:37Z</time>
   </trkpt>
   <trkpt lat="48.6626050" lon="-2.8836590">
    <ele>71.2</ele>
    <time>2026-05-21T05:51:38Z</time>
   </trkpt>
   <trkpt lat="48.6626490" lon="-2.8837610">
    <ele>71.0</ele>
    <time>2026-05-21T05:51:39Z</time>
   </trkpt>
   <trkpt lat="48.6626930" lon="-2.8838640">
    <ele>70.9</ele>
    <time>2026-05-21T05:51:40Z</time>
   </trkpt>
   <trkpt lat="48.6627380" lon="-2.8839710">
    <ele>70.7</ele>
    <time>2026-05-21T05:51:41Z</time>
   </trkpt>
   <trkpt lat="48.6627850" lon="-2.8840740">
    <ele>70.4</ele>
    <time>2026-05-21T05:51:42Z</time>
   </trkpt>
   <trkpt lat="48.6628300" lon="-2.8841840">
    <ele>70.2</ele>
    <time>2026-05-21T05:51:43Z</time>
   </trkpt>
   <trkpt lat="48.6628800" lon="-2.8842920">
    <ele>70.0</ele>
    <time>2026-05-21T05:51:44Z</time>
   </trkpt>
   <trkpt lat="48.6629300" lon="-2.8843990">
    <ele>69.8</ele>
    <time>2026-05-21T05:51:45Z</time>
   </trkpt>
   <trkpt lat="48.6629750" lon="-2.8845070">
    <ele>69.7</ele>
    <time>2026-05-21T05:51:46Z</time>
   </trkpt>
   <trkpt lat="48.6630270" lon="-2.8846170">
    <ele>69.5</ele>
    <time>2026-05-21T05:51:47Z</time>
   </trkpt>
   <trkpt lat="48.6630750" lon="-2.8847280">
    <ele>69.3</ele>
    <time>2026-05-21T05:51:48Z</time>
   </trkpt>
   <trkpt lat="48.6631180" lon="-2.8848450">
    <ele>69.1</ele>
    <time>2026-05-21T05:51:49Z</time>
   </trkpt>
   <trkpt lat="48.6631680" lon="-2.8849550">
    <ele>68.9</ele>
    <time>2026-05-21T05:51:50Z</time>
   </trkpt>
   <trkpt lat="48.6632190" lon="-2.8850630">
    <ele>68.7</ele>
    <time>2026-05-21T05:51:51Z</time>
   </trkpt>
   <trkpt lat="48.6632680" lon="-2.8851780">
    <ele>68.5</ele>
    <time>2026-05-21T05:51:52Z</time>
   </trkpt>
   <trkpt lat="48.6633170" lon="-2.8852920">
    <ele>68.3</ele>
    <time>2026-05-21T05:51:53Z</time>
   </trkpt>
   <trkpt lat="48.6633650" lon="-2.8854040">
    <ele>68.2</ele>
    <time>2026-05-21T05:51:54Z</time>
   </trkpt>
   <trkpt lat="48.6634170" lon="-2.8855170">
    <ele>68.1</ele>
    <time>2026-05-21T05:51:55Z</time>
   </trkpt>
   <trkpt lat="48.6634680" lon="-2.8856270">
    <ele>68.0</ele>
    <time>2026-05-21T05:51:56Z</time>
   </trkpt>
   <trkpt lat="48.6635210" lon="-2.8857330">
    <ele>67.9</ele>
    <time>2026-05-21T05:51:57Z</time>
   </trkpt>
   <trkpt lat="48.6635860" lon="-2.8858290">
    <ele>67.8</ele>
    <time>2026-05-21T05:51:58Z</time>
   </trkpt>
   <trkpt lat="48.6636570" lon="-2.8858920">
    <ele>67.7</ele>
    <time>2026-05-21T05:51:59Z</time>
   </trkpt>
   <trkpt lat="48.6637360" lon="-2.8859510">
    <ele>67.8</ele>
    <time>2026-05-21T05:52:00Z</time>
   </trkpt>
   <trkpt lat="48.6638150" lon="-2.8859970">
    <ele>67.8</ele>
    <time>2026-05-21T05:52:01Z</time>
   </trkpt>
   <trkpt lat="48.6638970" lon="-2.8860340">
    <ele>67.8</ele>
    <time>2026-05-21T05:52:02Z</time>
   </trkpt>
   <trkpt lat="48.6639750" lon="-2.8860580">
    <ele>67.8</ele>
    <time>2026-05-21T05:52:03Z</time>
   </trkpt>
   <trkpt lat="48.6640570" lon="-2.8860780">
    <ele>67.8</ele>
    <time>2026-05-21T05:52:04Z</time>
   </trkpt>
   <trkpt lat="48.6641260" lon="-2.8861020">
    <ele>67.9</ele>
    <time>2026-05-21T05:52:05Z</time>
   </trkpt>
   <trkpt lat="48.6641990" lon="-2.8861200">
    <ele>68.0</ele>
    <time>2026-05-21T05:52:06Z</time>
   </trkpt>
   <trkpt lat="48.6642630" lon="-2.8861460">
    <ele>68.0</ele>
    <time>2026-05-21T05:52:07Z</time>
   </trkpt>
   <trkpt lat="48.6643420" lon="-2.8861630">
    <ele>68.1</ele>
    <time>2026-05-21T05:52:08Z</time>
   </trkpt>
   <trkpt lat="48.6644120" lon="-2.8861960">
    <ele>68.2</ele>
    <time>2026-05-21T05:52:09Z</time>
   </trkpt>
   <trkpt lat="48.6644950" lon="-2.8862080">
    <ele>68.3</ele>
    <time>2026-05-21T05:52:10Z</time>
   </trkpt>
   <trkpt lat="48.6645680" lon="-2.8862230">
    <ele>68.4</ele>
    <time>2026-05-21T05:52:11Z</time>
   </trkpt>
   <trkpt lat="48.6646450" lon="-2.8862370">
    <ele>68.4</ele>
    <time>2026-05-21T05:52:12Z</time>
   </trkpt>
   <trkpt lat="48.6647180" lon="-2.8862480">
    <ele>68.5</ele>
    <time>2026-05-21T05:52:13Z</time>
   </trkpt>
   <trkpt lat="48.6647910" lon="-2.8862740">
    <ele>68.5</ele>
    <time>2026-05-21T05:52:14Z</time>
   </trkpt>
   <trkpt lat="48.6648640" lon="-2.8862840">
    <ele>68.5</ele>
    <time>2026-05-21T05:52:15Z</time>
   </trkpt>
   <trkpt lat="48.6649370" lon="-2.8863140">
    <ele>68.6</ele>
    <time>2026-05-21T05:52:16Z</time>
   </trkpt>
   <trkpt lat="48.6650000" lon="-2.8863450">
    <ele>68.7</ele>
    <time>2026-05-21T05:52:17Z</time>
   </trkpt>
   <trkpt lat="48.6650720" lon="-2.8863570">
    <ele>68.7</ele>
    <time>2026-05-21T05:52:18Z</time>
   </trkpt>
   <trkpt lat="48.6651320" lon="-2.8863870">
    <ele>68.9</ele>
    <time>2026-05-21T05:52:19Z</time>
   </trkpt>
   <trkpt lat="48.6652110" lon="-2.8863910">
    <ele>69.0</ele>
    <time>2026-05-21T05:52:20Z</time>
   </trkpt>
   <trkpt lat="48.6652730" lon="-2.8864140">
    <ele>69.1</ele>
    <time>2026-05-21T05:52:21Z</time>
   </trkpt>
   <trkpt lat="48.6653330" lon="-2.8864320">
    <ele>69.1</ele>
    <time>2026-05-21T05:52:22Z</time>
   </trkpt>
   <trkpt lat="48.6653960" lon="-2.8864600">
    <ele>69.2</ele>
    <time>2026-05-21T05:52:23Z</time>
   </trkpt>
   <trkpt lat="48.6654700" lon="-2.8864740">
    <ele>69.3</ele>
    <time>2026-05-21T05:52:24Z</time>
   </trkpt>
   <trkpt lat="48.6655450" lon="-2.8864820">
    <ele>69.3</ele>
    <time>2026-05-21T05:52:25Z</time>
   </trkpt>
   <trkpt lat="48.6656150" lon="-2.8864800">
    <ele>69.4</ele>
    <time>2026-05-21T05:52:26Z</time>
   </trkpt>
   <trkpt lat="48.6656830" lon="-2.8865100">
    <ele>69.5</ele>
    <time>2026-05-21T05:52:27Z</time>
   </trkpt>
   <trkpt lat="48.6657520" lon="-2.8865240">
    <ele>69.5</ele>
    <time>2026-05-21T05:52:28Z</time>
   </trkpt>
   <trkpt lat="48.6658180" lon="-2.8865370">
    <ele>69.6</ele>
    <time>2026-05-21T05:52:29Z</time>
   </trkpt>
   <trkpt lat="48.6658910" lon="-2.8865480">
    <ele>69.7</ele>
    <time>2026-05-21T05:52:30Z</time>
   </trkpt>
   <trkpt lat="48.6659620" lon="-2.8865620">
    <ele>69.8</ele>
    <time>2026-05-21T05:52:31Z</time>
   </trkpt>
   <trkpt lat="48.6660310" lon="-2.8865780">
    <ele>69.9</ele>
    <time>2026-05-21T05:52:32Z</time>
   </trkpt>
   <trkpt lat="48.6661010" lon="-2.8865880">
    <ele>70.0</ele>
    <time>2026-05-21T05:52:33Z</time>
   </trkpt>
   <trkpt lat="48.6661690" lon="-2.8865980">
    <ele>70.1</ele>
    <time>2026-05-21T05:52:34Z</time>
   </trkpt>
   <trkpt lat="48.6662410" lon="-2.8866020">
    <ele>70.2</ele>
    <time>2026-05-21T05:52:35Z</time>
   </trkpt>
   <trkpt lat="48.6663090" lon="-2.8866050">
    <ele>70.2</ele>
    <time>2026-05-21T05:52:36Z</time>
   </trkpt>
   <trkpt lat="48.6663780" lon="-2.8866070">
    <ele>70.3</ele>
    <time>2026-05-21T05:52:37Z</time>
   </trkpt>
   <trkpt lat="48.6664450" lon="-2.8866200">
    <ele>70.4</ele>
    <time>2026-05-21T05:52:38Z</time>
   </trkpt>
   <trkpt lat="48.6665110" lon="-2.8866280">
    <ele>70.4</ele>
    <time>2026-05-21T05:52:39Z</time>
   </trkpt>
   <trkpt lat="48.6665820" lon="-2.8866250">
    <ele>70.5</ele>
    <time>2026-05-21T05:52:40Z</time>
   </trkpt>
   <trkpt lat="48.6666540" lon="-2.8866190">
    <ele>70.5</ele>
    <time>2026-05-21T05:52:41Z</time>
   </trkpt>
   <trkpt lat="48.6667180" lon="-2.8866190">
    <ele>70.5</ele>
    <time>2026-05-21T05:52:42Z</time>
   </trkpt>
   <trkpt lat="48.6667850" lon="-2.8866200">
    <ele>70.5</ele>
    <time>2026-05-21T05:52:43Z</time>
   </trkpt>
   <trkpt lat="48.6668500" lon="-2.8866140">
    <ele>70.5</ele>
    <time>2026-05-21T05:52:44Z</time>
   </trkpt>
   <trkpt lat="48.6669200" lon="-2.8866140">
    <ele>70.5</ele>
    <time>2026-05-21T05:52:45Z</time>
   </trkpt>
   <trkpt lat="48.6669900" lon="-2.8866140">
    <ele>70.5</ele>
    <time>2026-05-21T05:52:46Z</time>
   </trkpt>
   <trkpt lat="48.6670590" lon="-2.8866150">
    <ele>70.4</ele>
    <time>2026-05-21T05:52:47Z</time>
   </trkpt>
   <trkpt lat="48.6671340" lon="-2.8866100">
    <ele>70.3</ele>
    <time>2026-05-21T05:52:48Z</time>
   </trkpt>
   <trkpt lat="48.6672020" lon="-2.8866080">
    <ele>70.3</ele>
    <time>2026-05-21T05:52:49Z</time>
   </trkpt>
   <trkpt lat="48.6672760" lon="-2.8866020">
    <ele>70.1</ele>
    <time>2026-05-21T05:52:50Z</time>
   </trkpt>
   <trkpt lat="48.6673530" lon="-2.8865960">
    <ele>70.0</ele>
    <time>2026-05-21T05:52:51Z</time>
   </trkpt>
   <trkpt lat="48.6674320" lon="-2.8865880">
    <ele>69.9</ele>
    <time>2026-05-21T05:52:52Z</time>
   </trkpt>
   <trkpt lat="48.6675090" lon="-2.8866020">
    <ele>69.7</ele>
    <time>2026-05-21T05:52:53Z</time>
   </trkpt>
   <trkpt lat="48.6675850" lon="-2.8866210">
    <ele>69.6</ele>
    <time>2026-05-21T05:52:54Z</time>
   </trkpt>
   <trkpt lat="48.6676630" lon="-2.8866580">
    <ele>69.5</ele>
    <time>2026-05-21T05:52:55Z</time>
   </trkpt>
   <trkpt lat="48.6677310" lon="-2.8867170">
    <ele>69.3</ele>
    <time>2026-05-21T05:52:56Z</time>
   </trkpt>
   <trkpt lat="48.6677940" lon="-2.8867820">
    <ele>69.2</ele>
    <time>2026-05-21T05:52:57Z</time>
   </trkpt>
   <trkpt lat="48.6678590" lon="-2.8868480">
    <ele>69.2</ele>
    <time>2026-05-21T05:52:58Z</time>
   </trkpt>
   <trkpt lat="48.6679200" lon="-2.8869180">
    <ele>69.1</ele>
    <time>2026-05-21T05:52:59Z</time>
   </trkpt>
   <trkpt lat="48.6679820" lon="-2.8869890">
    <ele>69.1</ele>
    <time>2026-05-21T05:53:00Z</time>
   </trkpt>
   <trkpt lat="48.6680420" lon="-2.8870620">
    <ele>69.0</ele>
    <time>2026-05-21T05:53:01Z</time>
   </trkpt>
   <trkpt lat="48.6681010" lon="-2.8871370">
    <ele>68.8</ele>
    <time>2026-05-21T05:53:02Z</time>
   </trkpt>
   <trkpt lat="48.6681600" lon="-2.8872120">
    <ele>68.7</ele>
    <time>2026-05-21T05:53:03Z</time>
   </trkpt>
   <trkpt lat="48.6682230" lon="-2.8872860">
    <ele>68.5</ele>
    <time>2026-05-21T05:53:04Z</time>
   </trkpt>
   <trkpt lat="48.6682890" lon="-2.8873590">
    <ele>68.3</ele>
    <time>2026-05-21T05:53:05Z</time>
   </trkpt>
   <trkpt lat="48.6683540" lon="-2.8874320">
    <ele>68.1</ele>
    <time>2026-05-21T05:53:06Z</time>
   </trkpt>
   <trkpt lat="48.6684220" lon="-2.8874970">
    <ele>68.0</ele>
    <time>2026-05-21T05:53:07Z</time>
   </trkpt>
   <trkpt lat="48.6684930" lon="-2.8875560">
    <ele>67.8</ele>
    <time>2026-05-21T05:53:08Z</time>
   </trkpt>
   <trkpt lat="48.6685680" lon="-2.8876070">
    <ele>67.6</ele>
    <time>2026-05-21T05:53:09Z</time>
   </trkpt>
   <trkpt lat="48.6686470" lon="-2.8876430">
    <ele>67.5</ele>
    <time>2026-05-21T05:53:10Z</time>
   </trkpt>
   <trkpt lat="48.6687300" lon="-2.8876710">
    <ele>67.3</ele>
    <time>2026-05-21T05:53:11Z</time>
   </trkpt>
   <trkpt lat="48.6688100" lon="-2.8877030">
    <ele>67.1</ele>
    <time>2026-05-21T05:53:12Z</time>
   </trkpt>
   <trkpt lat="48.6688890" lon="-2.8877450">
    <ele>67.0</ele>
    <time>2026-05-21T05:53:13Z</time>
   </trkpt>
   <trkpt lat="48.6689660" lon="-2.8878030">
    <ele>66.8</ele>
    <time>2026-05-21T05:53:14Z</time>
   </trkpt>
   <trkpt lat="48.6690390" lon="-2.8878680">
    <ele>66.5</ele>
    <time>2026-05-21T05:53:15Z</time>
   </trkpt>
   <trkpt lat="48.6691090" lon="-2.8879460">
    <ele>66.4</ele>
    <time>2026-05-21T05:53:16Z</time>
   </trkpt>
   <trkpt lat="48.6691750" lon="-2.8880310">
    <ele>66.3</ele>
    <time>2026-05-21T05:53:17Z</time>
   </trkpt>
   <trkpt lat="48.6692360" lon="-2.8881240">
    <ele>66.2</ele>
    <time>2026-05-21T05:53:18Z</time>
   </trkpt>
   <trkpt lat="48.6692970" lon="-2.8882170">
    <ele>66.2</ele>
    <time>2026-05-21T05:53:19Z</time>
   </trkpt>
   <trkpt lat="48.6693560" lon="-2.8883070">
    <ele>66.2</ele>
    <time>2026-05-21T05:53:20Z</time>
   </trkpt>
   <trkpt lat="48.6694120" lon="-2.8883960">
    <ele>66.2</ele>
    <time>2026-05-21T05:53:21Z</time>
   </trkpt>
   <trkpt lat="48.6694700" lon="-2.8884860">
    <ele>66.3</ele>
    <time>2026-05-21T05:53:22Z</time>
   </trkpt>
   <trkpt lat="48.6695280" lon="-2.8885720">
    <ele>66.3</ele>
    <time>2026-05-21T05:53:23Z</time>
   </trkpt>
   <trkpt lat="48.6695820" lon="-2.8886580">
    <ele>66.4</ele>
    <time>2026-05-21T05:53:24Z</time>
   </trkpt>
   <trkpt lat="48.6696350" lon="-2.8887440">
    <ele>66.4</ele>
    <time>2026-05-21T05:53:25Z</time>
   </trkpt>
   <trkpt lat="48.6696890" lon="-2.8888240">
    <ele>66.4</ele>
    <time>2026-05-21T05:53:26Z</time>
   </trkpt>
   <trkpt lat="48.6697530" lon="-2.8888830">
    <ele>66.2</ele>
    <time>2026-05-21T05:53:27Z</time>
   </trkpt>
   <trkpt lat="48.6698200" lon="-2.8889530">
    <ele>66.1</ele>
    <time>2026-05-21T05:53:28Z</time>
   </trkpt>
   <trkpt lat="48.6698840" lon="-2.8890330">
    <ele>65.8</ele>
    <time>2026-05-21T05:53:29Z</time>
   </trkpt>
   <trkpt lat="48.6699530" lon="-2.8891110">
    <ele>65.6</ele>
    <time>2026-05-21T05:53:30Z</time>
   </trkpt>
   <trkpt lat="48.6700160" lon="-2.8891980">
    <ele>65.5</ele>
    <time>2026-05-21T05:53:31Z</time>
   </trkpt>
   <trkpt lat="48.6700640" lon="-2.8893010">
    <ele>65.4</ele>
    <time>2026-05-21T05:53:32Z</time>
   </trkpt>
   <trkpt lat="48.6701030" lon="-2.8894130">
    <ele>65.3</ele>
    <time>2026-05-21T05:53:33Z</time>
   </trkpt>
   <trkpt lat="48.6701290" lon="-2.8895320">
    <ele>65.2</ele>
    <time>2026-05-21T05:53:34Z</time>
   </trkpt>
   <trkpt lat="48.6701450" lon="-2.8896540">
    <ele>65.2</ele>
    <time>2026-05-21T05:53:35Z</time>
   </trkpt>
   <trkpt lat="48.6701680" lon="-2.8897750">
    <ele>65.1</ele>
    <time>2026-05-21T05:53:36Z</time>
   </trkpt>
   <trkpt lat="48.6702100" lon="-2.8898820">
    <ele>65.0</ele>
    <time>2026-05-21T05:53:37Z</time>
   </trkpt>
   <trkpt lat="48.6702650" lon="-2.8899710">
    <ele>65.0</ele>
    <time>2026-05-21T05:53:38Z</time>
   </trkpt>
   <trkpt lat="48.6703240" lon="-2.8900550">
    <ele>64.9</ele>
    <time>2026-05-21T05:53:39Z</time>
   </trkpt>
   <trkpt lat="48.6703930" lon="-2.8901120">
    <ele>64.9</ele>
    <time>2026-05-21T05:53:40Z</time>
   </trkpt>
   <trkpt lat="48.6704630" lon="-2.8901610">
    <ele>65.0</ele>
    <time>2026-05-21T05:53:41Z</time>
   </trkpt>
   <trkpt lat="48.6705270" lon="-2.8902110">
    <ele>65.0</ele>
    <time>2026-05-21T05:53:42Z</time>
   </trkpt>
   <trkpt lat="48.6705880" lon="-2.8902680">
    <ele>65.1</ele>
    <time>2026-05-21T05:53:43Z</time>
   </trkpt>
   <trkpt lat="48.6706440" lon="-2.8903220">
    <ele>65.1</ele>
    <time>2026-05-21T05:53:44Z</time>
   </trkpt>
   <trkpt lat="48.6706980" lon="-2.8903790">
    <ele>65.0</ele>
    <time>2026-05-21T05:53:45Z</time>
   </trkpt>
   <trkpt lat="48.6707570" lon="-2.8904360">
    <ele>64.8</ele>
    <time>2026-05-21T05:53:46Z</time>
   </trkpt>
   <trkpt lat="48.6708200" lon="-2.8904870">
    <ele>64.6</ele>
    <time>2026-05-21T05:53:47Z</time>
   </trkpt>
   <trkpt lat="48.6708840" lon="-2.8905450">
    <ele>64.3</ele>
    <time>2026-05-21T05:53:48Z</time>
   </trkpt>
   <trkpt lat="48.6709530" lon="-2.8906060">
    <ele>63.9</ele>
    <time>2026-05-21T05:53:49Z</time>
   </trkpt>
   <trkpt lat="48.6710270" lon="-2.8906740">
    <ele>63.4</ele>
    <time>2026-05-21T05:53:50Z</time>
   </trkpt>
   <trkpt lat="48.6710980" lon="-2.8907460">
    <ele>63.0</ele>
    <time>2026-05-21T05:53:51Z</time>
   </trkpt>
   <trkpt lat="48.6711710" lon="-2.8908170">
    <ele>62.6</ele>
    <time>2026-05-21T05:53:52Z</time>
   </trkpt>
   <trkpt lat="48.6712460" lon="-2.8908890">
    <ele>62.2</ele>
    <time>2026-05-21T05:53:53Z</time>
   </trkpt>
   <trkpt lat="48.6713200" lon="-2.8909630">
    <ele>61.7</ele>
    <time>2026-05-21T05:53:54Z</time>
   </trkpt>
   <trkpt lat="48.6713960" lon="-2.8910380">
    <ele>61.3</ele>
    <time>2026-05-21T05:53:55Z</time>
   </trkpt>
   <trkpt lat="48.6714730" lon="-2.8911120">
    <ele>60.8</ele>
    <time>2026-05-21T05:53:56Z</time>
   </trkpt>
   <trkpt lat="48.6715520" lon="-2.8911870">
    <ele>60.4</ele>
    <time>2026-05-21T05:53:57Z</time>
   </trkpt>
   <trkpt lat="48.6716310" lon="-2.8912630">
    <ele>59.9</ele>
    <time>2026-05-21T05:53:58Z</time>
   </trkpt>
   <trkpt lat="48.6717110" lon="-2.8913420">
    <ele>59.5</ele>
    <time>2026-05-21T05:53:59Z</time>
   </trkpt>
   <trkpt lat="48.6717920" lon="-2.8914240">
    <ele>59.1</ele>
    <time>2026-05-21T05:54:00Z</time>
   </trkpt>
   <trkpt lat="48.6718720" lon="-2.8915070">
    <ele>58.8</ele>
    <time>2026-05-21T05:54:01Z</time>
   </trkpt>
   <trkpt lat="48.6719510" lon="-2.8915840">
    <ele>58.5</ele>
    <time>2026-05-21T05:54:02Z</time>
   </trkpt>
   <trkpt lat="48.6720320" lon="-2.8916580">
    <ele>58.4</ele>
    <time>2026-05-21T05:54:03Z</time>
   </trkpt>
   <trkpt lat="48.6721110" lon="-2.8917330">
    <ele>58.3</ele>
    <time>2026-05-21T05:54:04Z</time>
   </trkpt>
   <trkpt lat="48.6721890" lon="-2.8918080">
    <ele>58.2</ele>
    <time>2026-05-21T05:54:05Z</time>
   </trkpt>
   <trkpt lat="48.6722660" lon="-2.8918780">
    <ele>58.2</ele>
    <time>2026-05-21T05:54:06Z</time>
   </trkpt>
   <trkpt lat="48.6723420" lon="-2.8919480">
    <ele>58.2</ele>
    <time>2026-05-21T05:54:07Z</time>
   </trkpt>
   <trkpt lat="48.6724150" lon="-2.8920180">
    <ele>58.2</ele>
    <time>2026-05-21T05:54:08Z</time>
   </trkpt>
   <trkpt lat="48.6724890" lon="-2.8920880">
    <ele>58.3</ele>
    <time>2026-05-21T05:54:09Z</time>
   </trkpt>
   <trkpt lat="48.6725580" lon="-2.8921560">
    <ele>58.4</ele>
    <time>2026-05-21T05:54:10Z</time>
   </trkpt>
   <trkpt lat="48.6726290" lon="-2.8922220">
    <ele>58.6</ele>
    <time>2026-05-21T05:54:11Z</time>
   </trkpt>
   <trkpt lat="48.6726950" lon="-2.8922860">
    <ele>58.8</ele>
    <time>2026-05-21T05:54:12Z</time>
   </trkpt>
   <trkpt lat="48.6727600" lon="-2.8923500">
    <ele>59.1</ele>
    <time>2026-05-21T05:54:13Z</time>
   </trkpt>
   <trkpt lat="48.6728240" lon="-2.8924110">
    <ele>59.4</ele>
    <time>2026-05-21T05:54:14Z</time>
   </trkpt>
   <trkpt lat="48.6728860" lon="-2.8924670">
    <ele>59.7</ele>
    <time>2026-05-21T05:54:15Z</time>
   </trkpt>
   <trkpt lat="48.6729420" lon="-2.8925250">
    <ele>60.0</ele>
    <time>2026-05-21T05:54:16Z</time>
   </trkpt>
   <trkpt lat="48.6729980" lon="-2.8925810">
    <ele>60.3</ele>
    <time>2026-05-21T05:54:17Z</time>
   </trkpt>
   <trkpt lat="48.6730570" lon="-2.8926320">
    <ele>60.6</ele>
    <time>2026-05-21T05:54:18Z</time>
   </trkpt>
   <trkpt lat="48.6731120" lon="-2.8926790">
    <ele>60.9</ele>
    <time>2026-05-21T05:54:19Z</time>
   </trkpt>
   <trkpt lat="48.6731650" lon="-2.8927250">
    <ele>61.2</ele>
    <time>2026-05-21T05:54:20Z</time>
   </trkpt>
   <trkpt lat="48.6732150" lon="-2.8927710">
    <ele>61.5</ele>
    <time>2026-05-21T05:54:21Z</time>
   </trkpt>
   <trkpt lat="48.6732680" lon="-2.8928150">
    <ele>61.9</ele>
    <time>2026-05-21T05:54:22Z</time>
   </trkpt>
   <trkpt lat="48.6733220" lon="-2.8928470">
    <ele>62.2</ele>
    <time>2026-05-21T05:54:23Z</time>
   </trkpt>
   <trkpt lat="48.6733770" lon="-2.8928680">
    <ele>62.5</ele>
    <time>2026-05-21T05:54:24Z</time>
   </trkpt>
   <trkpt lat="48.6734310" lon="-2.8928840">
    <ele>62.8</ele>
    <time>2026-05-21T05:54:25Z</time>
   </trkpt>
   <trkpt lat="48.6734850" lon="-2.8928920">
    <ele>63.0</ele>
    <time>2026-05-21T05:54:26Z</time>
   </trkpt>
   <trkpt lat="48.6735390" lon="-2.8928970">
    <ele>63.3</ele>
    <time>2026-05-21T05:54:27Z</time>
   </trkpt>
   <trkpt lat="48.6735940" lon="-2.8929000">
    <ele>63.6</ele>
    <time>2026-05-21T05:54:28Z</time>
   </trkpt>
   <trkpt lat="48.6736450" lon="-2.8928940">
    <ele>63.8</ele>
    <time>2026-05-21T05:54:29Z</time>
   </trkpt>
   <trkpt lat="48.6736990" lon="-2.8928850">
    <ele>64.0</ele>
    <time>2026-05-21T05:54:30Z</time>
   </trkpt>
   <trkpt lat="48.6737510" lon="-2.8928690">
    <ele>64.3</ele>
    <time>2026-05-21T05:54:31Z</time>
   </trkpt>
   <trkpt lat="48.6737990" lon="-2.8928480">
    <ele>64.5</ele>
    <time>2026-05-21T05:54:32Z</time>
   </trkpt>
   <trkpt lat="48.6738460" lon="-2.8928190">
    <ele>64.7</ele>
    <time>2026-05-21T05:54:33Z</time>
   </trkpt>
   <trkpt lat="48.6738920" lon="-2.8927880">
    <ele>64.9</ele>
    <time>2026-05-21T05:54:34Z</time>
   </trkpt>
   <trkpt lat="48.6739390" lon="-2.8927480">
    <ele>65.1</ele>
    <time>2026-05-21T05:54:35Z</time>
   </trkpt>
   <trkpt lat="48.6739860" lon="-2.8927020">
    <ele>65.3</ele>
    <time>2026-05-21T05:54:36Z</time>
   </trkpt>
   <trkpt lat="48.6740280" lon="-2.8926490">
    <ele>65.5</ele>
    <time>2026-05-21T05:54:37Z</time>
   </trkpt>
   <trkpt lat="48.6740680" lon="-2.8925960">
    <ele>65.7</ele>
    <time>2026-05-21T05:54:38Z</time>
   </trkpt>
   <trkpt lat="48.6741020" lon="-2.8925310">
    <ele>65.9</ele>
    <time>2026-05-21T05:54:39Z</time>
   </trkpt>
   <trkpt lat="48.6741290" lon="-2.8924650">
    <ele>66.0</ele>
    <time>2026-05-21T05:54:40Z</time>
   </trkpt>
   <trkpt lat="48.6741510" lon="-2.8923990">
    <ele>66.1</ele>
    <time>2026-05-21T05:54:41Z</time>
   </trkpt>
   <trkpt lat="48.6741710" lon="-2.8923230">
    <ele>66.2</ele>
    <time>2026-05-21T05:54:42Z</time>
   </trkpt>
   <trkpt lat="48.6741850" lon="-2.8922450">
    <ele>66.2</ele>
    <time>2026-05-21T05:54:43Z</time>
   </trkpt>
   <trkpt lat="48.6741940" lon="-2.8921580">
    <ele>66.0</ele>
    <time>2026-05-21T05:54:44Z</time>
   </trkpt>
   <trkpt lat="48.6742000" lon="-2.8920640">
    <ele>65.8</ele>
    <time>2026-05-21T05:54:45Z</time>
   </trkpt>
   <trkpt lat="48.6741970" lon="-2.8919630">
    <ele>65.4</ele>
    <time>2026-05-21T05:54:46Z</time>
   </trkpt>
   <trkpt lat="48.6741950" lon="-2.8918540">
    <ele>64.9</ele>
    <time>2026-05-21T05:54:47Z</time>
   </trkpt>
   <trkpt lat="48.6741920" lon="-2.8917370">
    <ele>64.3</ele>
    <time>2026-05-21T05:54:48Z</time>
   </trkpt>
   <trkpt lat="48.6741840" lon="-2.8916170">
    <ele>63.7</ele>
    <time>2026-05-21T05:54:49Z</time>
   </trkpt>
   <trkpt lat="48.6741690" lon="-2.8914960">
    <ele>62.9</ele>
    <time>2026-05-21T05:54:50Z</time>
   </trkpt>
   <trkpt lat="48.6741470" lon="-2.8913660">
    <ele>62.1</ele>
    <time>2026-05-21T05:54:51Z</time>
   </trkpt>
   <trkpt lat="48.6741360" lon="-2.8912310">
    <ele>61.3</ele>
    <time>2026-05-21T05:54:52Z</time>
   </trkpt>
   <trkpt lat="48.6741200" lon="-2.8910920">
    <ele>60.4</ele>
    <time>2026-05-21T05:54:53Z</time>
   </trkpt>
   <trkpt lat="48.6741010" lon="-2.8909480">
    <ele>59.5</ele>
    <time>2026-05-21T05:54:54Z</time>
   </trkpt>
   <trkpt lat="48.6740780" lon="-2.8907890">
    <ele>58.4</ele>
    <time>2026-05-21T05:54:55Z</time>
   </trkpt>
   <trkpt lat="48.6740700" lon="-2.8906340">
    <ele>57.3</ele>
    <time>2026-05-21T05:54:56Z</time>
   </trkpt>
   <trkpt lat="48.6740690" lon="-2.8904650">
    <ele>56.1</ele>
    <time>2026-05-21T05:54:57Z</time>
   </trkpt>
   <trkpt lat="48.6740780" lon="-2.8902900">
    <ele>54.6</ele>
    <time>2026-05-21T05:54:58Z</time>
   </trkpt>
   <trkpt lat="48.6741090" lon="-2.8901110">
    <ele>53.1</ele>
    <time>2026-05-21T05:54:59Z</time>
   </trkpt>
   <trkpt lat="48.6741730" lon="-2.8899500">
    <ele>51.6</ele>
    <time>2026-05-21T05:55:00Z</time>
   </trkpt>
   <trkpt lat="48.6742210" lon="-2.8897750">
    <ele>50.1</ele>
    <time>2026-05-21T05:55:01Z</time>
   </trkpt>
   <trkpt lat="48.6742780" lon="-2.8896010">
    <ele>48.7</ele>
    <time>2026-05-21T05:55:02Z</time>
   </trkpt>
   <trkpt lat="48.6743480" lon="-2.8894370">
    <ele>47.4</ele>
    <time>2026-05-21T05:55:03Z</time>
   </trkpt>
   <trkpt lat="48.6744170" lon="-2.8892610">
    <ele>46.0</ele>
    <time>2026-05-21T05:55:04Z</time>
   </trkpt>
   <trkpt lat="48.6744780" lon="-2.8890820">
    <ele>45.1</ele>
    <time>2026-05-21T05:55:05Z</time>
   </trkpt>
   <trkpt lat="48.6745520" lon="-2.8889040">
    <ele>44.5</ele>
    <time>2026-05-21T05:55:06Z</time>
   </trkpt>
   <trkpt lat="48.6746220" lon="-2.8887320">
    <ele>43.1</ele>
    <time>2026-05-21T05:55:07Z</time>
   </trkpt>
   <trkpt lat="48.6746810" lon="-2.8885640">
    <ele>41.6</ele>
    <time>2026-05-21T05:55:08Z</time>
   </trkpt>
   <trkpt lat="48.6747390" lon="-2.8884020">
    <ele>40.1</ele>
    <time>2026-05-21T05:55:09Z</time>
   </trkpt>
   <trkpt lat="48.6748290" lon="-2.8882660">
    <ele>38.5</ele>
    <time>2026-05-21T05:55:10Z</time>
   </trkpt>
   <trkpt lat="48.6749220" lon="-2.8881450">
    <ele>36.9</ele>
    <time>2026-05-21T05:55:11Z</time>
   </trkpt>
   <trkpt lat="48.6750170" lon="-2.8880520">
    <ele>35.5</ele>
    <time>2026-05-21T05:55:12Z</time>
   </trkpt>
   <trkpt lat="48.6751190" lon="-2.8879920">
    <ele>34.0</ele>
    <time>2026-05-21T05:55:13Z</time>
   </trkpt>
   <trkpt lat="48.6751920" lon="-2.8879120">
    <ele>32.8</ele>
    <time>2026-05-21T05:55:14Z</time>
   </trkpt>
   <trkpt lat="48.6752750" lon="-2.8878530">
    <ele>31.4</ele>
    <time>2026-05-21T05:55:15Z</time>
   </trkpt>
   <trkpt lat="48.6753570" lon="-2.8877530">
    <ele>29.8</ele>
    <time>2026-05-21T05:55:16Z</time>
   </trkpt>
   <trkpt lat="48.6754100" lon="-2.8876400">
    <ele>28.3</ele>
    <time>2026-05-21T05:55:17Z</time>
   </trkpt>
   <trkpt lat="48.6754530" lon="-2.8874940">
    <ele>26.6</ele>
    <time>2026-05-21T05:55:18Z</time>
   </trkpt>
   <trkpt lat="48.6754800" lon="-2.8873380">
    <ele>24.9</ele>
    <time>2026-05-21T05:55:19Z</time>
   </trkpt>
   <trkpt lat="48.6755140" lon="-2.8871690">
    <ele>23.2</ele>
    <time>2026-05-21T05:55:20Z</time>
   </trkpt>
   <trkpt lat="48.6755380" lon="-2.8869880">
    <ele>21.5</ele>
    <time>2026-05-21T05:55:21Z</time>
   </trkpt>
   <trkpt lat="48.6755690" lon="-2.8867940">
    <ele>19.7</ele>
    <time>2026-05-21T05:55:22Z</time>
   </trkpt>
   <trkpt lat="48.6755870" lon="-2.8866000">
    <ele>18.1</ele>
    <time>2026-05-21T05:55:23Z</time>
   </trkpt>
   <trkpt lat="48.6756220" lon="-2.8864100">
    <ele>16.5</ele>
    <time>2026-05-21T05:55:24Z</time>
   </trkpt>
   <trkpt lat="48.6756540" lon="-2.8862390">
    <ele>15.2</ele>
    <time>2026-05-21T05:55:25Z</time>
   </trkpt>
   <trkpt lat="48.6756830" lon="-2.8860830">
    <ele>14.0</ele>
    <time>2026-05-21T05:55:26Z</time>
   </trkpt>
   <trkpt lat="48.6757150" lon="-2.8859510">
    <ele>13.0</ele>
    <time>2026-05-21T05:55:27Z</time>
   </trkpt>
   <trkpt lat="48.6757520" lon="-2.8858280">
    <ele>12.0</ele>
    <time>2026-05-21T05:55:28Z</time>
   </trkpt>
   <trkpt lat="48.6758040" lon="-2.8857250">
    <ele>11.1</ele>
    <time>2026-05-21T05:55:29Z</time>
   </trkpt>
   <trkpt lat="48.6758620" lon="-2.8856400">
    <ele>10.3</ele>
    <time>2026-05-21T05:55:30Z</time>
   </trkpt>
   <trkpt lat="48.6759140" lon="-2.8855510">
    <ele>10.0</ele>
    <time>2026-05-21T05:55:31Z</time>
   </trkpt>
   <trkpt lat="48.6759360" lon="-2.8854490">
    <ele>9.7</ele>
    <time>2026-05-21T05:55:32Z</time>
   </trkpt>
   <trkpt lat="48.6759380" lon="-2.8853460">
    <ele>9.3</ele>
    <time>2026-05-21T05:55:33Z</time>
   </trkpt>
   <trkpt lat="48.6759230" lon="-2.8852450">
    <ele>9.0</ele>
    <time>2026-05-21T05:55:34Z</time>
   </trkpt>
   <trkpt lat="48.6758910" lon="-2.8851540">
    <ele>8.7</ele>
    <time>2026-05-21T05:55:35Z</time>
   </trkpt>
   <trkpt lat="48.6758570" lon="-2.8850600">
    <ele>8.5</ele>
    <time>2026-05-21T05:55:36Z</time>
   </trkpt>
   <trkpt lat="48.6758350" lon="-2.8849610">
    <ele>8.4</ele>
    <time>2026-05-21T05:55:37Z</time>
   </trkpt>
   <trkpt lat="48.6758180" lon="-2.8848630">
    <ele>8.3</ele>
    <time>2026-05-21T05:55:38Z</time>
   </trkpt>
   <trkpt lat="48.6758020" lon="-2.8847570">
    <ele>8.2</ele>
    <time>2026-05-21T05:55:39Z</time>
   </trkpt>
   <trkpt lat="48.6757830" lon="-2.8846590">
    <ele>8.2</ele>
    <time>2026-05-21T05:55:40Z</time>
   </trkpt>
   <trkpt lat="48.6757620" lon="-2.8845650">
    <ele>8.2</ele>
    <time>2026-05-21T05:55:41Z</time>
   </trkpt>
   <trkpt lat="48.6757410" lon="-2.8844710">
    <ele>8.2</ele>
    <time>2026-05-21T05:55:42Z</time>
   </trkpt>
   <trkpt lat="48.6757230" lon="-2.8843780">
    <ele>8.2</ele>
    <time>2026-05-21T05:55:43Z</time>
   </trkpt>
   <trkpt lat="48.6757090" lon="-2.8842880">
    <ele>8.2</ele>
    <time>2026-05-21T05:55:44Z</time>
   </trkpt>
   <trkpt lat="48.6756990" lon="-2.8841940">
    <ele>8.2</ele>
    <time>2026-05-21T05:55:45Z</time>
   </trkpt>
   <trkpt lat="48.6756920" lon="-2.8841070">
    <ele>8.2</ele>
    <time>2026-05-21T05:55:46Z</time>
   </trkpt>
   <trkpt lat="48.6756990" lon="-2.8840220">
    <ele>8.1</ele>
    <time>2026-05-21T05:55:47Z</time>
   </trkpt>
   <trkpt lat="48.6757320" lon="-2.8839520">
    <ele>7.9</ele>
    <time>2026-05-21T05:55:48Z</time>
   </trkpt>
   <trkpt lat="48.6757750" lon="-2.8838950">
    <ele>7.6</ele>
    <time>2026-05-21T05:55:49Z</time>
   </trkpt>
   <trkpt lat="48.6758270" lon="-2.8838720">
    <ele>7.6</ele>
    <time>2026-05-21T05:55:50Z</time>
   </trkpt>
   <trkpt lat="48.6758810" lon="-2.8838800">
    <ele>7.6</ele>
    <time>2026-05-21T05:55:51Z</time>
   </trkpt>
   <trkpt lat="48.6759320" lon="-2.8839030">
    <ele>7.5</ele>
    <time>2026-05-21T05:55:52Z</time>
   </trkpt>
   <trkpt lat="48.6759760" lon="-2.8839360">
    <ele>7.5</ele>
    <time>2026-05-21T05:55:53Z</time>
   </trkpt>
   <trkpt lat="48.6760170" lon="-2.8839810">
    <ele>7.4</ele>
    <time>2026-05-21T05:55:54Z</time>
   </trkpt>
   <trkpt lat="48.6760550" lon="-2.8840310">
    <ele>7.4</ele>
    <time>2026-05-21T05:55:55Z</time>
   </trkpt>
   <trkpt lat="48.6760940" lon="-2.8840820">
    <ele>7.4</ele>
    <time>2026-05-21T05:55:56Z</time>
   </trkpt>
   <trkpt lat="48.6761380" lon="-2.8841290">
    <ele>7.4</ele>
    <time>2026-05-21T05:55:57Z</time>
   </trkpt>
   <trkpt lat="48.6761830" lon="-2.8841670">
    <ele>7.4</ele>
    <time>2026-05-21T05:55:58Z</time>
   </trkpt>
   <trkpt lat="48.6762320" lon="-2.8842010">
    <ele>7.3</ele>
    <time>2026-05-21T05:55:59Z</time>
   </trkpt>
   <trkpt lat="48.6762820" lon="-2.8842330">
    <ele>7.3</ele>
    <time>2026-05-21T05:56:00Z</time>
   </trkpt>
   <trkpt lat="48.6763360" lon="-2.8842560">
    <ele>7.3</ele>
    <time>2026-05-21T05:56:01Z</time>
   </trkpt>
   <trkpt lat="48.6763880" lon="-2.8842820">
    <ele>7.3</ele>
    <time>2026-05-21T05:56:02Z</time>
   </trkpt>
   <trkpt lat="48.6764400" lon="-2.8843150">
    <ele>7.2</ele>
    <time>2026-05-21T05:56:03Z</time>
   </trkpt>
   <trkpt lat="48.6764870" lon="-2.8843490">
    <ele>7.2</ele>
    <time>2026-05-21T05:56:04Z</time>
   </trkpt>
   <trkpt lat="48.6765370" lon="-2.8843810">
    <ele>7.2</ele>
    <time>2026-05-21T05:56:05Z</time>
   </trkpt>
   <trkpt lat="48.6765900" lon="-2.8844050">
    <ele>7.2</ele>
    <time>2026-05-21T05:56:06Z</time>
   </trkpt>
   <trkpt lat="48.6766420" lon="-2.8844320">
    <ele>7.2</ele>
    <time>2026-05-21T05:56:07Z</time>
   </trkpt>
   <trkpt lat="48.6766960" lon="-2.8844580">
    <ele>7.3</ele>
    <time>2026-05-21T05:56:08Z</time>
   </trkpt>
   <trkpt lat="48.6767510" lon="-2.8844850">
    <ele>7.3</ele>
    <time>2026-05-21T05:56:09Z</time>
   </trkpt>
   <trkpt lat="48.6768050" lon="-2.8845150">
    <ele>7.3</ele>
    <time>2026-05-21T05:56:10Z</time>
   </trkpt>
   <trkpt lat="48.6768570" lon="-2.8845400">
    <ele>7.4</ele>
    <time>2026-05-21T05:56:11Z</time>
   </trkpt>
   <trkpt lat="48.6769150" lon="-2.8845610">
    <ele>7.5</ele>
    <time>2026-05-21T05:56:12Z</time>
   </trkpt>
   <trkpt lat="48.6769730" lon="-2.8845680">
    <ele>7.5</ele>
    <time>2026-05-21T05:56:13Z</time>
   </trkpt>
   <trkpt lat="48.6770220" lon="-2.8845820">
    <ele>7.6</ele>
    <time>2026-05-21T05:56:14Z</time>
   </trkpt>
   <trkpt lat="48.6770710" lon="-2.8846140">
    <ele>7.8</ele>
    <time>2026-05-21T05:56:15Z</time>
   </trkpt>
   <trkpt lat="48.6771160" lon="-2.8846530">
    <ele>7.9</ele>
    <time>2026-05-21T05:56:16Z</time>
   </trkpt>
   <trkpt lat="48.6771560" lon="-2.8846900">
    <ele>8.0</ele>
    <time>2026-05-21T05:56:17Z</time>
   </trkpt>
   <trkpt lat="48.6771910" lon="-2.8847390">
    <ele>8.1</ele>
    <time>2026-05-21T05:56:18Z</time>
   </trkpt>
   <trkpt lat="48.6772140" lon="-2.8848020">
    <ele>8.2</ele>
    <time>2026-05-21T05:56:19Z</time>
   </trkpt>
   <trkpt lat="48.6772300" lon="-2.8848780">
    <ele>8.3</ele>
    <time>2026-05-21T05:56:20Z</time>
   </trkpt>
   <trkpt lat="48.6772280" lon="-2.8849510">
    <ele>8.3</ele>
    <time>2026-05-21T05:56:21Z</time>
   </trkpt>
   <trkpt lat="48.6772320" lon="-2.8850230">
    <ele>8.4</ele>
    <time>2026-05-21T05:56:22Z</time>
   </trkpt>
   <trkpt lat="48.6772410" lon="-2.8850940">
    <ele>8.5</ele>
    <time>2026-05-21T05:56:23Z</time>
   </trkpt>
   <trkpt lat="48.6772500" lon="-2.8851650">
    <ele>8.6</ele>
    <time>2026-05-21T05:56:24Z</time>
   </trkpt>
   <trkpt lat="48.6772510" lon="-2.8852330">
    <ele>8.7</ele>
    <time>2026-05-21T05:56:25Z</time>
   </trkpt>
   <trkpt lat="48.6772540" lon="-2.8853080">
    <ele>8.8</ele>
    <time>2026-05-21T05:56:26Z</time>
   </trkpt>
   <trkpt lat="48.6772540" lon="-2.8853750">
    <ele>9.0</ele>
    <time>2026-05-21T05:56:27Z</time>
   </trkpt>
   <trkpt lat="48.6772550" lon="-2.8854470">
    <ele>9.1</ele>
    <time>2026-05-21T05:56:28Z</time>
   </trkpt>
   <trkpt lat="48.6772500" lon="-2.8855160">
    <ele>9.2</ele>
    <time>2026-05-21T05:56:29Z</time>
   </trkpt>
   <trkpt lat="48.6772560" lon="-2.8855840">
    <ele>9.4</ele>
    <time>2026-05-21T05:56:30Z</time>
   </trkpt>
   <trkpt lat="48.6772640" lon="-2.8856530">
    <ele>9.5</ele>
    <time>2026-05-21T05:56:31Z</time>
   </trkpt>
   <trkpt lat="48.6772730" lon="-2.8857180">
    <ele>9.6</ele>
    <time>2026-05-21T05:56:32Z</time>
   </trkpt>
   <trkpt lat="48.6772750" lon="-2.8857870">
    <ele>9.7</ele>
    <time>2026-05-21T05:56:33Z</time>
   </trkpt>
   <trkpt lat="48.6772810" lon="-2.8858600">
    <ele>9.8</ele>
    <time>2026-05-21T05:56:34Z</time>
   </trkpt>
   <trkpt lat="48.6772850" lon="-2.8859290">
    <ele>9.9</ele>
    <time>2026-05-21T05:56:35Z</time>
   </trkpt>
   <trkpt lat="48.6772850" lon="-2.8860010">
    <ele>9.9</ele>
    <time>2026-05-21T05:56:36Z</time>
   </trkpt>
   <trkpt lat="48.6772820" lon="-2.8860770">
    <ele>10.0</ele>
    <time>2026-05-21T05:56:37Z</time>
   </trkpt>
   <trkpt lat="48.6772820" lon="-2.8861520">
    <ele>10.0</ele>
    <time>2026-05-21T05:56:38Z</time>
   </trkpt>
   <trkpt lat="48.6772860" lon="-2.8862350">
    <ele>10.1</ele>
    <time>2026-05-21T05:56:39Z</time>
   </trkpt>
   <trkpt lat="48.6772900" lon="-2.8863150">
    <ele>10.1</ele>
    <time>2026-05-21T05:56:40Z</time>
   </trkpt>
   <trkpt lat="48.6772900" lon="-2.8863950">
    <ele>10.2</ele>
    <time>2026-05-21T05:56:41Z</time>
   </trkpt>
   <trkpt lat="48.6772870" lon="-2.8864790">
    <ele>10.2</ele>
    <time>2026-05-21T05:56:42Z</time>
   </trkpt>
   <trkpt lat="48.6772900" lon="-2.8865600">
    <ele>10.2</ele>
    <time>2026-05-21T05:56:43Z</time>
   </trkpt>
   <trkpt lat="48.6772880" lon="-2.8866440">
    <ele>10.2</ele>
    <time>2026-05-21T05:56:44Z</time>
   </trkpt>
   <trkpt lat="48.6772850" lon="-2.8867270">
    <ele>10.2</ele>
    <time>2026-05-21T05:56:45Z</time>
   </trkpt>
   <trkpt lat="48.6772840" lon="-2.8868100">
    <ele>10.2</ele>
    <time>2026-05-21T05:56:46Z</time>
   </trkpt>
   <trkpt lat="48.6772820" lon="-2.8868970">
    <ele>10.2</ele>
    <time>2026-05-21T05:56:47Z</time>
   </trkpt>
   <trkpt lat="48.6772760" lon="-2.8869820">
    <ele>10.2</ele>
    <time>2026-05-21T05:56:48Z</time>
   </trkpt>
   <trkpt lat="48.6772670" lon="-2.8870690">
    <ele>10.3</ele>
    <time>2026-05-21T05:56:49Z</time>
   </trkpt>
   <trkpt lat="48.6772590" lon="-2.8871590">
    <ele>10.3</ele>
    <time>2026-05-21T05:56:50Z</time>
   </trkpt>
   <trkpt lat="48.6772430" lon="-2.8872440">
    <ele>10.3</ele>
    <time>2026-05-21T05:56:51Z</time>
   </trkpt>
   <trkpt lat="48.6772260" lon="-2.8873290">
    <ele>10.3</ele>
    <time>2026-05-21T05:56:52Z</time>
   </trkpt>
   <trkpt lat="48.6772050" lon="-2.8874160">
    <ele>10.3</ele>
    <time>2026-05-21T05:56:53Z</time>
   </trkpt>
   <trkpt lat="48.6771830" lon="-2.8875030">
    <ele>10.3</ele>
    <time>2026-05-21T05:56:54Z</time>
   </trkpt>
   <trkpt lat="48.6771560" lon="-2.8875870">
    <ele>10.3</ele>
    <time>2026-05-21T05:56:55Z</time>
   </trkpt>
   <trkpt lat="48.6771340" lon="-2.8876740">
    <ele>10.3</ele>
    <time>2026-05-21T05:56:56Z</time>
   </trkpt>
   <trkpt lat="48.6771110" lon="-2.8877630">
    <ele>10.3</ele>
    <time>2026-05-21T05:56:57Z</time>
   </trkpt>
   <trkpt lat="48.6770890" lon="-2.8878530">
    <ele>10.4</ele>
    <time>2026-05-21T05:56:58Z</time>
   </trkpt>
   <trkpt lat="48.6770700" lon="-2.8879440">
    <ele>10.4</ele>
    <time>2026-05-21T05:56:59Z</time>
   </trkpt>
   <trkpt lat="48.6770510" lon="-2.8880320">
    <ele>10.4</ele>
    <time>2026-05-21T05:57:00Z</time>
   </trkpt>
   <trkpt lat="48.6770320" lon="-2.8881210">
    <ele>10.4</ele>
    <time>2026-05-21T05:57:01Z</time>
   </trkpt>
   <trkpt lat="48.6770170" lon="-2.8882120">
    <ele>10.5</ele>
    <time>2026-05-21T05:57:02Z</time>
   </trkpt>
   <trkpt lat="48.6770040" lon="-2.8883000">
    <ele>10.5</ele>
    <time>2026-05-21T05:57:03Z</time>
   </trkpt>
   <trkpt lat="48.6769890" lon="-2.8883900">
    <ele>10.5</ele>
    <time>2026-05-21T05:57:04Z</time>
   </trkpt>
   <trkpt lat="48.6769780" lon="-2.8884810">
    <ele>10.6</ele>
    <time>2026-05-21T05:57:05Z</time>
   </trkpt>
   <trkpt lat="48.6769650" lon="-2.8885750">
    <ele>10.6</ele>
    <time>2026-05-21T05:57:06Z</time>
   </trkpt>
   <trkpt lat="48.6769590" lon="-2.8886720">
    <ele>10.7</ele>
    <time>2026-05-21T05:57:07Z</time>
   </trkpt>
   <trkpt lat="48.6769450" lon="-2.8887680">
    <ele>10.7</ele>
    <time>2026-05-21T05:57:08Z</time>
   </trkpt>
   <trkpt lat="48.6769310" lon="-2.8888600">
    <ele>10.7</ele>
    <time>2026-05-21T05:57:09Z</time>
   </trkpt>
   <trkpt lat="48.6769180" lon="-2.8889540">
    <ele>10.8</ele>
    <time>2026-05-21T05:57:10Z</time>
   </trkpt>
   <trkpt lat="48.6769040" lon="-2.8890460">
    <ele>10.8</ele>
    <time>2026-05-21T05:57:11Z</time>
   </trkpt>
   <trkpt lat="48.6768840" lon="-2.8891380">
    <ele>10.8</ele>
    <time>2026-05-21T05:57:12Z</time>
   </trkpt>
   <trkpt lat="48.6768610" lon="-2.8892290">
    <ele>10.8</ele>
    <time>2026-05-21T05:57:13Z</time>
   </trkpt>
   <trkpt lat="48.6768360" lon="-2.8893240">
    <ele>10.8</ele>
    <time>2026-05-21T05:57:14Z</time>
   </trkpt>
   <trkpt lat="48.6768120" lon="-2.8894150">
    <ele>10.9</ele>
    <time>2026-05-21T05:57:15Z</time>
   </trkpt>
   <trkpt lat="48.6767860" lon="-2.8895060">
    <ele>10.9</ele>
    <time>2026-05-21T05:57:16Z</time>
   </trkpt>
   <trkpt lat="48.6767600" lon="-2.8895990">
    <ele>11.0</ele>
    <time>2026-05-21T05:57:17Z</time>
   </trkpt>
   <trkpt lat="48.6767430" lon="-2.8896920">
    <ele>11.0</ele>
    <time>2026-05-21T05:57:18Z</time>
   </trkpt>
   <trkpt lat="48.6767190" lon="-2.8897880">
    <ele>11.1</ele>
    <time>2026-05-21T05:57:19Z</time>
   </trkpt>
   <trkpt lat="48.6766990" lon="-2.8898820">
    <ele>11.1</ele>
    <time>2026-05-21T05:57:20Z</time>
   </trkpt>
   <trkpt lat="48.6766830" lon="-2.8899780">
    <ele>11.2</ele>
    <time>2026-05-21T05:57:21Z</time>
   </trkpt>
   <trkpt lat="48.6766720" lon="-2.8900740">
    <ele>11.2</ele>
    <time>2026-05-21T05:57:22Z</time>
   </trkpt>
   <trkpt lat="48.6766580" lon="-2.8901740">
    <ele>11.3</ele>
    <time>2026-05-21T05:57:23Z</time>
   </trkpt>
   <trkpt lat="48.6766480" lon="-2.8902770">
    <ele>11.3</ele>
    <time>2026-05-21T05:57:24Z</time>
   </trkpt>
   <trkpt lat="48.6766410" lon="-2.8903800">
    <ele>11.3</ele>
    <time>2026-05-21T05:57:25Z</time>
   </trkpt>
   <trkpt lat="48.6766320" lon="-2.8904810">
    <ele>11.4</ele>
    <time>2026-05-21T05:57:26Z</time>
   </trkpt>
   <trkpt lat="48.6766290" lon="-2.8905770">
    <ele>11.4</ele>
    <time>2026-05-21T05:57:27Z</time>
   </trkpt>
   <trkpt lat="48.6766170" lon="-2.8906800">
    <ele>11.4</ele>
    <time>2026-05-21T05:57:28Z</time>
   </trkpt>
   <trkpt lat="48.6766090" lon="-2.8907760">
    <ele>11.4</ele>
    <time>2026-05-21T05:57:29Z</time>
   </trkpt>
   <trkpt lat="48.6765970" lon="-2.8908770">
    <ele>11.4</ele>
    <time>2026-05-21T05:57:30Z</time>
   </trkpt>
   <trkpt lat="48.6765900" lon="-2.8909770">
    <ele>11.4</ele>
    <time>2026-05-21T05:57:31Z</time>
   </trkpt>
   <trkpt lat="48.6765870" lon="-2.8910790">
    <ele>11.5</ele>
    <time>2026-05-21T05:57:32Z</time>
   </trkpt>
   <trkpt lat="48.6765810" lon="-2.8911800">
    <ele>11.5</ele>
    <time>2026-05-21T05:57:33Z</time>
   </trkpt>
   <trkpt lat="48.6765750" lon="-2.8912770">
    <ele>11.6</ele>
    <time>2026-05-21T05:57:34Z</time>
   </trkpt>
   <trkpt lat="48.6765720" lon="-2.8913750">
    <ele>11.6</ele>
    <time>2026-05-21T05:57:35Z</time>
   </trkpt>
   <trkpt lat="48.6765690" lon="-2.8914710">
    <ele>11.7</ele>
    <time>2026-05-21T05:57:36Z</time>
   </trkpt>
   <trkpt lat="48.6765690" lon="-2.8915680">
    <ele>11.8</ele>
    <time>2026-05-21T05:57:37Z</time>
   </trkpt>
   <trkpt lat="48.6765800" lon="-2.8916610">
    <ele>11.9</ele>
    <time>2026-05-21T05:57:38Z</time>
   </trkpt>
   <trkpt lat="48.6766020" lon="-2.8917540">
    <ele>11.9</ele>
    <time>2026-05-21T05:57:39Z</time>
   </trkpt>
   <trkpt lat="48.6766350" lon="-2.8918460">
    <ele>12.0</ele>
    <time>2026-05-21T05:57:40Z</time>
   </trkpt>
   <trkpt lat="48.6766810" lon="-2.8919250">
    <ele>12.0</ele>
    <time>2026-05-21T05:57:41Z</time>
   </trkpt>
   <trkpt lat="48.6767370" lon="-2.8919790">
    <ele>12.1</ele>
    <time>2026-05-21T05:57:42Z</time>
   </trkpt>
   <trkpt lat="48.6767950" lon="-2.8920200">
    <ele>12.1</ele>
    <time>2026-05-21T05:57:43Z</time>
   </trkpt>
   <trkpt lat="48.6768560" lon="-2.8920560">
    <ele>12.2</ele>
    <time>2026-05-21T05:57:44Z</time>
   </trkpt>
   <trkpt lat="48.6769120" lon="-2.8920950">
    <ele>12.2</ele>
    <time>2026-05-21T05:57:45Z</time>
   </trkpt>
   <trkpt lat="48.6769740" lon="-2.8921330">
    <ele>12.2</ele>
    <time>2026-05-21T05:57:46Z</time>
   </trkpt>
   <trkpt lat="48.6770330" lon="-2.8921800">
    <ele>12.3</ele>
    <time>2026-05-21T05:57:47Z</time>
   </trkpt>
   <trkpt lat="48.6770930" lon="-2.8922300">
    <ele>12.3</ele>
    <time>2026-05-21T05:57:48Z</time>
   </trkpt>
   <trkpt lat="48.6771470" lon="-2.8922950">
    <ele>12.4</ele>
    <time>2026-05-21T05:57:49Z</time>
   </trkpt>
   <trkpt lat="48.6771970" lon="-2.8923640">
    <ele>12.6</ele>
    <time>2026-05-21T05:57:50Z</time>
   </trkpt>
   <trkpt lat="48.6772380" lon="-2.8924340">
    <ele>12.7</ele>
    <time>2026-05-21T05:57:51Z</time>
   </trkpt>
   <trkpt lat="48.6772740" lon="-2.8925150">
    <ele>12.9</ele>
    <time>2026-05-21T05:57:52Z</time>
   </trkpt>
   <trkpt lat="48.6773060" lon="-2.8926080">
    <ele>13.1</ele>
    <time>2026-05-21T05:57:53Z</time>
   </trkpt>
   <trkpt lat="48.6773340" lon="-2.8926840">
    <ele>13.3</ele>
    <time>2026-05-21T05:57:54Z</time>
   </trkpt>
   <trkpt lat="48.6773610" lon="-2.8927690">
    <ele>13.5</ele>
    <time>2026-05-21T05:57:55Z</time>
   </trkpt>
   <trkpt lat="48.6773790" lon="-2.8928530">
    <ele>13.8</ele>
    <time>2026-05-21T05:57:56Z</time>
   </trkpt>
   <trkpt lat="48.6773990" lon="-2.8929330">
    <ele>14.0</ele>
    <time>2026-05-21T05:57:57Z</time>
   </trkpt>
   <trkpt lat="48.6774120" lon="-2.8930130">
    <ele>14.2</ele>
    <time>2026-05-21T05:57:58Z</time>
   </trkpt>
   <trkpt lat="48.6774220" lon="-2.8930900">
    <ele>14.3</ele>
    <time>2026-05-21T05:57:59Z</time>
   </trkpt>
   <trkpt lat="48.6774260" lon="-2.8931680">
    <ele>14.3</ele>
    <time>2026-05-21T05:58:00Z</time>
   </trkpt>
   <trkpt lat="48.6774180" lon="-2.8932450">
    <ele>14.4</ele>
    <time>2026-05-21T05:58:01Z</time>
   </trkpt>
   <trkpt lat="48.6774060" lon="-2.8933240">
    <ele>14.4</ele>
    <time>2026-05-21T05:58:02Z</time>
   </trkpt>
   <trkpt lat="48.6773790" lon="-2.8934030">
    <ele>14.5</ele>
    <time>2026-05-21T05:58:03Z</time>
   </trkpt>
   <trkpt lat="48.6773520" lon="-2.8934820">
    <ele>14.5</ele>
    <time>2026-05-21T05:58:04Z</time>
   </trkpt>
   <trkpt lat="48.6773270" lon="-2.8935680">
    <ele>14.6</ele>
    <time>2026-05-21T05:58:05Z</time>
   </trkpt>
   <trkpt lat="48.6773040" lon="-2.8936530">
    <ele>14.7</ele>
    <time>2026-05-21T05:58:06Z</time>
   </trkpt>
   <trkpt lat="48.6772800" lon="-2.8937400">
    <ele>14.8</ele>
    <time>2026-05-21T05:58:07Z</time>
   </trkpt>
   <trkpt lat="48.6772590" lon="-2.8938280">
    <ele>14.8</ele>
    <time>2026-05-21T05:58:08Z</time>
   </trkpt>
   <trkpt lat="48.6772350" lon="-2.8939130">
    <ele>14.9</ele>
    <time>2026-05-21T05:58:09Z</time>
   </trkpt>
   <trkpt lat="48.6772060" lon="-2.8939990">
    <ele>15.0</ele>
    <time>2026-05-21T05:58:10Z</time>
   </trkpt>
   <trkpt lat="48.6771770" lon="-2.8940880">
    <ele>15.1</ele>
    <time>2026-05-21T05:58:11Z</time>
   </trkpt>
   <trkpt lat="48.6771490" lon="-2.8941750">
    <ele>15.1</ele>
    <time>2026-05-21T05:58:12Z</time>
   </trkpt>
   <trkpt lat="48.6771210" lon="-2.8942610">
    <ele>15.2</ele>
    <time>2026-05-21T05:58:13Z</time>
   </trkpt>
   <trkpt lat="48.6770890" lon="-2.8943480">
    <ele>15.2</ele>
    <time>2026-05-21T05:58:14Z</time>
   </trkpt>
   <trkpt lat="48.6770550" lon="-2.8944340">
    <ele>15.3</ele>
    <time>2026-05-21T05:58:15Z</time>
   </trkpt>
   <trkpt lat="48.6770180" lon="-2.8945210">
    <ele>15.3</ele>
    <time>2026-05-21T05:58:16Z</time>
   </trkpt>
   <trkpt lat="48.6769780" lon="-2.8946070">
    <ele>15.4</ele>
    <time>2026-05-21T05:58:17Z</time>
   </trkpt>
   <trkpt lat="48.6769340" lon="-2.8946940">
    <ele>15.5</ele>
    <time>2026-05-21T05:58:18Z</time>
   </trkpt>
   <trkpt lat="48.6768910" lon="-2.8947800">
    <ele>15.6</ele>
    <time>2026-05-21T05:58:19Z</time>
   </trkpt>
   <trkpt lat="48.6768470" lon="-2.8948610">
    <ele>15.7</ele>
    <time>2026-05-21T05:58:20Z</time>
   </trkpt>
   <trkpt lat="48.6768040" lon="-2.8949430">
    <ele>15.8</ele>
    <time>2026-05-21T05:58:21Z</time>
   </trkpt>
   <trkpt lat="48.6767620" lon="-2.8950240">
    <ele>15.9</ele>
    <time>2026-05-21T05:58:22Z</time>
   </trkpt>
   <trkpt lat="48.6767170" lon="-2.8951050">
    <ele>15.9</ele>
    <time>2026-05-21T05:58:23Z</time>
   </trkpt>
   <trkpt lat="48.6766730" lon="-2.8951890">
    <ele>16.0</ele>
    <time>2026-05-21T05:58:24Z</time>
   </trkpt>
   <trkpt lat="48.6766380" lon="-2.8952700">
    <ele>16.0</ele>
    <time>2026-05-21T05:58:25Z</time>
   </trkpt>
   <trkpt lat="48.6765980" lon="-2.8953530">
    <ele>16.1</ele>
    <time>2026-05-21T05:58:26Z</time>
   </trkpt>
   <trkpt lat="48.6765590" lon="-2.8954400">
    <ele>16.1</ele>
    <time>2026-05-21T05:58:27Z</time>
   </trkpt>
   <trkpt lat="48.6765240" lon="-2.8955280">
    <ele>16.2</ele>
    <time>2026-05-21T05:58:28Z</time>
   </trkpt>
   <trkpt lat="48.6764930" lon="-2.8956200">
    <ele>16.2</ele>
    <time>2026-05-21T05:58:29Z</time>
   </trkpt>
   <trkpt lat="48.6764710" lon="-2.8957150">
    <ele>16.2</ele>
    <time>2026-05-21T05:58:30Z</time>
   </trkpt>
   <trkpt lat="48.6764500" lon="-2.8958100">
    <ele>16.3</ele>
    <time>2026-05-21T05:58:31Z</time>
   </trkpt>
   <trkpt lat="48.6764270" lon="-2.8959110">
    <ele>16.3</ele>
    <time>2026-05-21T05:58:32Z</time>
   </trkpt>
   <trkpt lat="48.6764060" lon="-2.8960140">
    <ele>16.2</ele>
    <time>2026-05-21T05:58:33Z</time>
   </trkpt>
   <trkpt lat="48.6763870" lon="-2.8961160">
    <ele>16.2</ele>
    <time>2026-05-21T05:58:34Z</time>
   </trkpt>
   <trkpt lat="48.6763750" lon="-2.8962180">
    <ele>16.2</ele>
    <time>2026-05-21T05:58:35Z</time>
   </trkpt>
   <trkpt lat="48.6763530" lon="-2.8963220">
    <ele>16.2</ele>
    <time>2026-05-21T05:58:36Z</time>
   </trkpt>
   <trkpt lat="48.6763360" lon="-2.8964220">
    <ele>16.2</ele>
    <time>2026-05-21T05:58:37Z</time>
   </trkpt>
   <trkpt lat="48.6763110" lon="-2.8965240">
    <ele>16.1</ele>
    <time>2026-05-21T05:58:38Z</time>
   </trkpt>
   <trkpt lat="48.6762930" lon="-2.8966270">
    <ele>16.1</ele>
    <time>2026-05-21T05:58:39Z</time>
   </trkpt>
   <trkpt lat="48.6762720" lon="-2.8967280">
    <ele>16.1</ele>
    <time>2026-05-21T05:58:40Z</time>
   </trkpt>
   <trkpt lat="48.6762430" lon="-2.8968250">
    <ele>16.1</ele>
    <time>2026-05-21T05:58:41Z</time>
   </trkpt>
   <trkpt lat="48.6762050" lon="-2.8969160">
    <ele>16.1</ele>
    <time>2026-05-21T05:58:42Z</time>
   </trkpt>
   <trkpt lat="48.6761690" lon="-2.8970050">
    <ele>16.1</ele>
    <time>2026-05-21T05:58:43Z</time>
   </trkpt>
   <trkpt lat="48.6761250" lon="-2.8970980">
    <ele>16.1</ele>
    <time>2026-05-21T05:58:44Z</time>
   </trkpt>
   <trkpt lat="48.6760790" lon="-2.8971790">
    <ele>16.1</ele>
    <time>2026-05-21T05:58:45Z</time>
   </trkpt>
   <trkpt lat="48.6760250" lon="-2.8972540">
    <ele>16.2</ele>
    <time>2026-05-21T05:58:46Z</time>
   </trkpt>
   <trkpt lat="48.6759730" lon="-2.8973130">
    <ele>16.2</ele>
    <time>2026-05-21T05:58:47Z</time>
   </trkpt>
   <trkpt lat="48.6759210" lon="-2.8973720">
    <ele>16.3</ele>
    <time>2026-05-21T05:58:48Z</time>
   </trkpt>
   <trkpt lat="48.6758600" lon="-2.8974260">
    <ele>16.3</ele>
    <time>2026-05-21T05:58:49Z</time>
   </trkpt>
   <trkpt lat="48.6758030" lon="-2.8974810">
    <ele>16.4</ele>
    <time>2026-05-21T05:58:50Z</time>
   </trkpt>
   <trkpt lat="48.6757510" lon="-2.8975380">
    <ele>16.5</ele>
    <time>2026-05-21T05:58:51Z</time>
   </trkpt>
   <trkpt lat="48.6756910" lon="-2.8976000">
    <ele>16.6</ele>
    <time>2026-05-21T05:58:52Z</time>
   </trkpt>
   <trkpt lat="48.6756310" lon="-2.8976630">
    <ele>16.8</ele>
    <time>2026-05-21T05:58:53Z</time>
   </trkpt>
   <trkpt lat="48.6755720" lon="-2.8977110">
    <ele>16.9</ele>
    <time>2026-05-21T05:58:54Z</time>
   </trkpt>
   <trkpt lat="48.6755110" lon="-2.8977570">
    <ele>17.1</ele>
    <time>2026-05-21T05:58:55Z</time>
   </trkpt>
   <trkpt lat="48.6754510" lon="-2.8977990">
    <ele>17.2</ele>
    <time>2026-05-21T05:58:56Z</time>
   </trkpt>
   <trkpt lat="48.6753930" lon="-2.8978360">
    <ele>17.4</ele>
    <time>2026-05-21T05:58:57Z</time>
   </trkpt>
   <trkpt lat="48.6753310" lon="-2.8978690">
    <ele>17.5</ele>
    <time>2026-05-21T05:58:58Z</time>
   </trkpt>
   <trkpt lat="48.6752720" lon="-2.8979080">
    <ele>17.7</ele>
    <time>2026-05-21T05:58:59Z</time>
   </trkpt>
   <trkpt lat="48.6752150" lon="-2.8979360">
    <ele>17.9</ele>
    <time>2026-05-21T05:59:00Z</time>
   </trkpt>
   <trkpt lat="48.6751570" lon="-2.8979590">
    <ele>18.2</ele>
    <time>2026-05-21T05:59:01Z</time>
   </trkpt>
   <trkpt lat="48.6750990" lon="-2.8979800">
    <ele>18.4</ele>
    <time>2026-05-21T05:59:02Z</time>
   </trkpt>
   <trkpt lat="48.6750470" lon="-2.8979970">
    <ele>18.6</ele>
    <time>2026-05-21T05:59:03Z</time>
   </trkpt>
   <trkpt lat="48.6749920" lon="-2.8980140">
    <ele>18.8</ele>
    <time>2026-05-21T05:59:04Z</time>
   </trkpt>
   <trkpt lat="48.6749400" lon="-2.8980380">
    <ele>19.1</ele>
    <time>2026-05-21T05:59:05Z</time>
   </trkpt>
   <trkpt lat="48.6748900" lon="-2.8980700">
    <ele>19.3</ele>
    <time>2026-05-21T05:59:06Z</time>
   </trkpt>
   <trkpt lat="48.6748400" lon="-2.8980940">
    <ele>19.5</ele>
    <time>2026-05-21T05:59:07Z</time>
   </trkpt>
   <trkpt lat="48.6747850" lon="-2.8981020">
    <ele>19.7</ele>
    <time>2026-05-21T05:59:08Z</time>
   </trkpt>
   <trkpt lat="48.6747320" lon="-2.8981180">
    <ele>19.8</ele>
    <time>2026-05-21T05:59:09Z</time>
   </trkpt>
   <trkpt lat="48.6746790" lon="-2.8981360">
    <ele>20.0</ele>
    <time>2026-05-21T05:59:10Z</time>
   </trkpt>
   <trkpt lat="48.6746240" lon="-2.8981500">
    <ele>20.1</ele>
    <time>2026-05-21T05:59:11Z</time>
   </trkpt>
   <trkpt lat="48.6745690" lon="-2.8981650">
    <ele>20.3</ele>
    <time>2026-05-21T05:59:12Z</time>
   </trkpt>
   <trkpt lat="48.6745140" lon="-2.8981840">
    <ele>20.4</ele>
    <time>2026-05-21T05:59:13Z</time>
   </trkpt>
   <trkpt lat="48.6744580" lon="-2.8982040">
    <ele>20.5</ele>
    <time>2026-05-21T05:59:14Z</time>
   </trkpt>
   <trkpt lat="48.6744000" lon="-2.8982280">
    <ele>20.6</ele>
    <time>2026-05-21T05:59:15Z</time>
   </trkpt>
   <trkpt lat="48.6743440" lon="-2.8982450">
    <ele>20.7</ele>
    <time>2026-05-21T05:59:16Z</time>
   </trkpt>
   <trkpt lat="48.6742870" lon="-2.8982620">
    <ele>20.8</ele>
    <time>2026-05-21T05:59:17Z</time>
   </trkpt>
   <trkpt lat="48.6742320" lon="-2.8982830">
    <ele>20.9</ele>
    <time>2026-05-21T05:59:18Z</time>
   </trkpt>
   <trkpt lat="48.6741760" lon="-2.8983020">
    <ele>20.9</ele>
    <time>2026-05-21T05:59:19Z</time>
   </trkpt>
   <trkpt lat="48.6741190" lon="-2.8983160">
    <ele>21.0</ele>
    <time>2026-05-21T05:59:20Z</time>
   </trkpt>
   <trkpt lat="48.6740630" lon="-2.8983330">
    <ele>21.1</ele>
    <time>2026-05-21T05:59:21Z</time>
   </trkpt>
   <trkpt lat="48.6740080" lon="-2.8983550">
    <ele>21.1</ele>
    <time>2026-05-21T05:59:22Z</time>
   </trkpt>
   <trkpt lat="48.6739570" lon="-2.8983900">
    <ele>21.2</ele>
    <time>2026-05-21T05:59:23Z</time>
   </trkpt>
   <trkpt lat="48.6739000" lon="-2.8984150">
    <ele>21.2</ele>
    <time>2026-05-21T05:59:24Z</time>
   </trkpt>
   <trkpt lat="48.6738500" lon="-2.8984560">
    <ele>21.3</ele>
    <time>2026-05-21T05:59:25Z</time>
   </trkpt>
   <trkpt lat="48.6738010" lon="-2.8984950">
    <ele>21.4</ele>
    <time>2026-05-21T05:59:26Z</time>
   </trkpt>
   <trkpt lat="48.6737550" lon="-2.8985390">
    <ele>21.5</ele>
    <time>2026-05-21T05:59:27Z</time>
   </trkpt>
   <trkpt lat="48.6737110" lon="-2.8985910">
    <ele>21.6</ele>
    <time>2026-05-21T05:59:28Z</time>
   </trkpt>
   <trkpt lat="48.6736660" lon="-2.8986430">
    <ele>21.6</ele>
    <time>2026-05-21T05:59:29Z</time>
   </trkpt>
   <trkpt lat="48.6736230" lon="-2.8986870">
    <ele>21.8</ele>
    <time>2026-05-21T05:59:30Z</time>
   </trkpt>
   <trkpt lat="48.6735810" lon="-2.8987320">
    <ele>21.9</ele>
    <time>2026-05-21T05:59:31Z</time>
   </trkpt>
   <trkpt lat="48.6735390" lon="-2.8987680">
    <ele>22.0</ele>
    <time>2026-05-21T05:59:32Z</time>
   </trkpt>
   <trkpt lat="48.6734940" lon="-2.8988080">
    <ele>22.2</ele>
    <time>2026-05-21T05:59:33Z</time>
   </trkpt>
   <trkpt lat="48.6734530" lon="-2.8988430">
    <ele>22.3</ele>
    <time>2026-05-21T05:59:34Z</time>
   </trkpt>
   <trkpt lat="48.6734110" lon="-2.8988710">
    <ele>22.5</ele>
    <time>2026-05-21T05:59:35Z</time>
   </trkpt>
   <trkpt lat="48.6733670" lon="-2.8988930">
    <ele>22.7</ele>
    <time>2026-05-21T05:59:36Z</time>
   </trkpt>
   <trkpt lat="48.6733280" lon="-2.8989120">
    <ele>22.8</ele>
    <time>2026-05-21T05:59:37Z</time>
   </trkpt>
   <trkpt lat="48.6732890" lon="-2.8989240">
    <ele>23.0</ele>
    <time>2026-05-21T05:59:38Z</time>
   </trkpt>
   <trkpt lat="48.6732470" lon="-2.8989430">
    <ele>23.1</ele>
    <time>2026-05-21T05:59:39Z</time>
   </trkpt>
   <trkpt lat="48.6732070" lon="-2.8989620">
    <ele>23.3</ele>
    <time>2026-05-21T05:59:40Z</time>
   </trkpt>
   <trkpt lat="48.6731620" lon="-2.8989930">
    <ele>23.5</ele>
    <time>2026-05-21T05:59:41Z</time>
   </trkpt>
   <trkpt lat="48.6731340" lon="-2.8990070">
    <ele>23.6</ele>
    <time>2026-05-21T05:59:42Z</time>
   </trkpt>
   <trkpt lat="48.6730870" lon="-2.8990220">
    <ele>23.8</ele>
    <time>2026-05-21T05:59:43Z</time>
   </trkpt>
   <trkpt lat="48.6730450" lon="-2.8990380">
    <ele>24.0</ele>
    <time>2026-05-21T05:59:44Z</time>
   </trkpt>
   <trkpt lat="48.6730000" lon="-2.8990540">
    <ele>24.2</ele>
    <time>2026-05-21T05:59:45Z</time>
   </trkpt>
   <trkpt lat="48.6729580" lon="-2.8990690">
    <ele>24.4</ele>
    <time>2026-05-21T05:59:46Z</time>
   </trkpt>
   <trkpt lat="48.6729170" lon="-2.8990720">
    <ele>24.6</ele>
    <time>2026-05-21T05:59:47Z</time>
   </trkpt>
   <trkpt lat="48.6728750" lon="-2.8990840">
    <ele>24.8</ele>
    <time>2026-05-21T05:59:48Z</time>
   </trkpt>
   <trkpt lat="48.6728340" lon="-2.8990920">
    <ele>25.0</ele>
    <time>2026-05-21T05:59:49Z</time>
   </trkpt>
   <trkpt lat="48.6727920" lon="-2.8991050">
    <ele>25.2</ele>
    <time>2026-05-21T05:59:50Z</time>
   </trkpt>
   <trkpt lat="48.6727490" lon="-2.8991110">
    <ele>25.4</ele>
    <time>2026-05-21T05:59:51Z</time>
   </trkpt>
   <trkpt lat="48.6727020" lon="-2.8991160">
    <ele>25.6</ele>
    <time>2026-05-21T05:59:52Z</time>
   </trkpt>
   <trkpt lat="48.6726610" lon="-2.8991310">
    <ele>25.8</ele>
    <time>2026-05-21T05:59:53Z</time>
   </trkpt>
   <trkpt lat="48.6726160" lon="-2.8991520">
    <ele>25.9</ele>
    <time>2026-05-21T05:59:54Z</time>
   </trkpt>
   <trkpt lat="48.6725770" lon="-2.8991680">
    <ele>26.1</ele>
    <time>2026-05-21T05:59:55Z</time>
   </trkpt>
   <trkpt lat="48.6725330" lon="-2.8991870">
    <ele>26.2</ele>
    <time>2026-05-21T05:59:56Z</time>
   </trkpt>
   <trkpt lat="48.6724940" lon="-2.8992250">
    <ele>26.4</ele>
    <time>2026-05-21T05:59:57Z</time>
   </trkpt>
   <trkpt lat="48.6724580" lon="-2.8992720">
    <ele>26.5</ele>
    <time>2026-05-21T05:59:58Z</time>
   </trkpt>
   <trkpt lat="48.6724300" lon="-2.8993240">
    <ele>26.7</ele>
    <time>2026-05-21T05:59:59Z</time>
   </trkpt>
   <trkpt lat="48.6724060" lon="-2.8993860">
    <ele>26.8</ele>
    <time>2026-05-21T06:00:00Z</time>
   </trkpt>
   <trkpt lat="48.6723910" lon="-2.8994480">
    <ele>26.9</ele>
    <time>2026-05-21T06:00:01Z</time>
   </trkpt>
   <trkpt lat="48.6723860" lon="-2.8995150">
    <ele>27.1</ele>
    <time>2026-05-21T06:00:02Z</time>
   </trkpt>
   <trkpt lat="48.6723960" lon="-2.8995820">
    <ele>27.2</ele>
    <time>2026-05-21T06:00:03Z</time>
   </trkpt>
   <trkpt lat="48.6724080" lon="-2.8996450">
    <ele>27.3</ele>
    <time>2026-05-21T06:00:04Z</time>
   </trkpt>
   <trkpt lat="48.6724320" lon="-2.8996960">
    <ele>27.5</ele>
    <time>2026-05-21T06:00:05Z</time>
   </trkpt>
   <trkpt lat="48.6724540" lon="-2.8997390">
    <ele>27.6</ele>
    <time>2026-05-21T06:00:07Z</time>
   </trkpt>
   <trkpt lat="48.6725080" lon="-2.8998260">
    <ele>27.8</ele>
    <time>2026-05-21T06:00:08Z</time>
   </trkpt>
   <trkpt lat="48.6725370" lon="-2.8998750">
    <ele>27.9</ele>
    <time>2026-05-21T06:00:10Z</time>
   </trkpt>
   <trkpt lat="48.6725750" lon="-2.8999910">
    <ele>28.2</ele>
    <time>2026-05-21T06:00:11Z</time>
   </trkpt>
   <trkpt lat="48.6725970" lon="-2.9000440">
    <ele>28.3</ele>
    <time>2026-05-21T06:00:13Z</time>
   </trkpt>
   <trkpt lat="48.6726420" lon="-2.9001400">
    <ele>28.5</ele>
    <time>2026-05-21T06:00:14Z</time>
   </trkpt>
   <trkpt lat="48.6726670" lon="-2.9002000">
    <ele>28.6</ele>
    <time>2026-05-21T06:00:16Z</time>
   </trkpt>
   <trkpt lat="48.6727030" lon="-2.9003320">
    <ele>28.8</ele>
    <time>2026-05-21T06:00:17Z</time>
   </trkpt>
   <trkpt lat="48.6727130" lon="-2.9003980">
    <ele>28.9</ele>
    <time>2026-05-21T06:00:19Z</time>
   </trkpt>
   <trkpt lat="48.6727400" lon="-2.9005430">
    <ele>29.0</ele>
    <time>2026-05-21T06:00:20Z</time>
   </trkpt>
   <trkpt lat="48.6727340" lon="-2.9006090">
    <ele>29.0</ele>
    <time>2026-05-21T06:00:21Z</time>
   </trkpt>
   <trkpt lat="48.6727360" lon="-2.9006790">
    <ele>29.0</ele>
    <time>2026-05-21T06:00:22Z</time>
   </trkpt>
   <trkpt lat="48.6727490" lon="-2.9007330">
    <ele>29.1</ele>
    <time>2026-05-21T06:00:23Z</time>
   </trkpt>
   <trkpt lat="48.6727510" lon="-2.9008000">
    <ele>29.1</ele>
    <time>2026-05-21T06:00:24Z</time>
   </trkpt>
   <trkpt lat="48.6727450" lon="-2.9008700">
    <ele>29.2</ele>
    <time>2026-05-21T06:00:25Z</time>
   </trkpt>
   <trkpt lat="48.6727460" lon="-2.9009410">
    <ele>29.4</ele>
    <time>2026-05-21T06:00:26Z</time>
   </trkpt>
   <trkpt lat="48.6727480" lon="-2.9010090">
    <ele>29.5</ele>
    <time>2026-05-21T06:00:27Z</time>
   </trkpt>
   <trkpt lat="48.6727470" lon="-2.9010760">
    <ele>29.7</ele>
    <time>2026-05-21T06:00:28Z</time>
   </trkpt>
   <trkpt lat="48.6727520" lon="-2.9011520">
    <ele>29.9</ele>
    <time>2026-05-21T06:00:29Z</time>
   </trkpt>
   <trkpt lat="48.6727530" lon="-2.9012140">
    <ele>30.0</ele>
    <time>2026-05-21T06:00:30Z</time>
   </trkpt>
   <trkpt lat="48.6727560" lon="-2.9012770">
    <ele>30.2</ele>
    <time>2026-05-21T06:00:31Z</time>
   </trkpt>
   <trkpt lat="48.6727570" lon="-2.9013460">
    <ele>30.4</ele>
    <time>2026-05-21T06:00:32Z</time>
   </trkpt>
   <trkpt lat="48.6727640" lon="-2.9014030">
    <ele>30.5</ele>
    <time>2026-05-21T06:00:33Z</time>
   </trkpt>
   <trkpt lat="48.6727620" lon="-2.9014620">
    <ele>30.7</ele>
    <time>2026-05-21T06:00:34Z</time>
   </trkpt>
   <trkpt lat="48.6727660" lon="-2.9015290">
    <ele>30.9</ele>
    <time>2026-05-21T06:00:35Z</time>
   </trkpt>
   <trkpt lat="48.6727760" lon="-2.9015890">
    <ele>31.0</ele>
    <time>2026-05-21T06:00:36Z</time>
   </trkpt>
   <trkpt lat="48.6727780" lon="-2.9016440">
    <ele>31.2</ele>
    <time>2026-05-21T06:00:37Z</time>
   </trkpt>
   <trkpt lat="48.6727830" lon="-2.9017070">
    <ele>31.4</ele>
    <time>2026-05-21T06:00:38Z</time>
   </trkpt>
   <trkpt lat="48.6727860" lon="-2.9017700">
    <ele>31.5</ele>
    <time>2026-05-21T06:00:39Z</time>
   </trkpt>
   <trkpt lat="48.6727930" lon="-2.9018310">
    <ele>31.7</ele>
    <time>2026-05-21T06:00:40Z</time>
   </trkpt>
   <trkpt lat="48.6727890" lon="-2.9018950">
    <ele>31.9</ele>
    <time>2026-05-21T06:00:41Z</time>
   </trkpt>
   <trkpt lat="48.6727930" lon="-2.9019520">
    <ele>32.0</ele>
    <time>2026-05-21T06:00:42Z</time>
   </trkpt>
   <trkpt lat="48.6728010" lon="-2.9020180">
    <ele>32.2</ele>
    <time>2026-05-21T06:00:43Z</time>
   </trkpt>
   <trkpt lat="48.6728090" lon="-2.9020770">
    <ele>32.4</ele>
    <time>2026-05-21T06:00:44Z</time>
   </trkpt>
   <trkpt lat="48.6728090" lon="-2.9021350">
    <ele>32.5</ele>
    <time>2026-05-21T06:00:45Z</time>
   </trkpt>
   <trkpt lat="48.6728100" lon="-2.9022010">
    <ele>32.7</ele>
    <time>2026-05-21T06:00:46Z</time>
   </trkpt>
   <trkpt lat="48.6728150" lon="-2.9022630">
    <ele>32.9</ele>
    <time>2026-05-21T06:00:47Z</time>
   </trkpt>
   <trkpt lat="48.6728190" lon="-2.9023270">
    <ele>33.1</ele>
    <time>2026-05-21T06:00:48Z</time>
   </trkpt>
   <trkpt lat="48.6728190" lon="-2.9023890">
    <ele>33.3</ele>
    <time>2026-05-21T06:00:49Z</time>
   </trkpt>
   <trkpt lat="48.6728170" lon="-2.9024520">
    <ele>33.4</ele>
    <time>2026-05-21T06:00:50Z</time>
   </trkpt>
   <trkpt lat="48.6728170" lon="-2.9025120">
    <ele>33.6</ele>
    <time>2026-05-21T06:00:51Z</time>
   </trkpt>
   <trkpt lat="48.6728120" lon="-2.9025820">
    <ele>33.8</ele>
    <time>2026-05-21T06:00:52Z</time>
   </trkpt>
   <trkpt lat="48.6728080" lon="-2.9026490">
    <ele>34.0</ele>
    <time>2026-05-21T06:00:53Z</time>
   </trkpt>
   <trkpt lat="48.6728100" lon="-2.9027110">
    <ele>34.2</ele>
    <time>2026-05-21T06:00:54Z</time>
   </trkpt>
   <trkpt lat="48.6728000" lon="-2.9027700">
    <ele>34.4</ele>
    <time>2026-05-21T06:00:55Z</time>
   </trkpt>
   <trkpt lat="48.6727880" lon="-2.9028370">
    <ele>34.6</ele>
    <time>2026-05-21T06:00:56Z</time>
   </trkpt>
   <trkpt lat="48.6727850" lon="-2.9029020">
    <ele>34.8</ele>
    <time>2026-05-21T06:00:57Z</time>
   </trkpt>
   <trkpt lat="48.6727770" lon="-2.9029660">
    <ele>35.0</ele>
    <time>2026-05-21T06:00:58Z</time>
   </trkpt>
   <trkpt lat="48.6727650" lon="-2.9030230">
    <ele>35.2</ele>
    <time>2026-05-21T06:00:59Z</time>
   </trkpt>
   <trkpt lat="48.6727490" lon="-2.9030790">
    <ele>35.3</ele>
    <time>2026-05-21T06:01:00Z</time>
   </trkpt>
   <trkpt lat="48.6727410" lon="-2.9031440">
    <ele>35.5</ele>
    <time>2026-05-21T06:01:01Z</time>
   </trkpt>
   <trkpt lat="48.6727420" lon="-2.9032120">
    <ele>35.8</ele>
    <time>2026-05-21T06:01:02Z</time>
   </trkpt>
   <trkpt lat="48.6727350" lon="-2.9032680">
    <ele>35.9</ele>
    <time>2026-05-21T06:01:03Z</time>
   </trkpt>
   <trkpt lat="48.6727300" lon="-2.9033160">
    <ele>36.1</ele>
    <time>2026-05-21T06:01:04Z</time>
   </trkpt>
   <trkpt lat="48.6727220" lon="-2.9033810">
    <ele>36.3</ele>
    <time>2026-05-21T06:01:05Z</time>
   </trkpt>
   <trkpt lat="48.6727110" lon="-2.9034460">
    <ele>36.5</ele>
    <time>2026-05-21T06:01:06Z</time>
   </trkpt>
   <trkpt lat="48.6727020" lon="-2.9035060">
    <ele>36.7</ele>
    <time>2026-05-21T06:01:07Z</time>
   </trkpt>
   <trkpt lat="48.6726920" lon="-2.9035660">
    <ele>36.8</ele>
    <time>2026-05-21T06:01:08Z</time>
   </trkpt>
   <trkpt lat="48.6726780" lon="-2.9036260">
    <ele>37.0</ele>
    <time>2026-05-21T06:01:09Z</time>
   </trkpt>
   <trkpt lat="48.6726730" lon="-2.9036880">
    <ele>37.1</ele>
    <time>2026-05-21T06:01:10Z</time>
   </trkpt>
   <trkpt lat="48.6726580" lon="-2.9037490">
    <ele>37.3</ele>
    <time>2026-05-21T06:01:11Z</time>
   </trkpt>
   <trkpt lat="48.6726400" lon="-2.9038120">
    <ele>37.4</ele>
    <time>2026-05-21T06:01:12Z</time>
   </trkpt>
   <trkpt lat="48.6726310" lon="-2.9038740">
    <ele>37.4</ele>
    <time>2026-05-21T06:01:13Z</time>
   </trkpt>
   <trkpt lat="48.6726140" lon="-2.9039380">
    <ele>37.5</ele>
    <time>2026-05-21T06:01:14Z</time>
   </trkpt>
   <trkpt lat="48.6725970" lon="-2.9040020">
    <ele>37.5</ele>
    <time>2026-05-21T06:01:15Z</time>
   </trkpt>
   <trkpt lat="48.6725800" lon="-2.9040730">
    <ele>37.5</ele>
    <time>2026-05-21T06:01:16Z</time>
   </trkpt>
   <trkpt lat="48.6725620" lon="-2.9041440">
    <ele>37.5</ele>
    <time>2026-05-21T06:01:17Z</time>
   </trkpt>
   <trkpt lat="48.6725400" lon="-2.9042170">
    <ele>37.4</ele>
    <time>2026-05-21T06:01:18Z</time>
   </trkpt>
   <trkpt lat="48.6725230" lon="-2.9042990">
    <ele>37.4</ele>
    <time>2026-05-21T06:01:19Z</time>
   </trkpt>
   <trkpt lat="48.6725090" lon="-2.9043760">
    <ele>37.3</ele>
    <time>2026-05-21T06:01:20Z</time>
   </trkpt>
   <trkpt lat="48.6724840" lon="-2.9044570">
    <ele>37.3</ele>
    <time>2026-05-21T06:01:21Z</time>
   </trkpt>
   <trkpt lat="48.6724700" lon="-2.9045420">
    <ele>37.3</ele>
    <time>2026-05-21T06:01:22Z</time>
   </trkpt>
   <trkpt lat="48.6724640" lon="-2.9046250">
    <ele>37.2</ele>
    <time>2026-05-21T06:01:23Z</time>
   </trkpt>
   <trkpt lat="48.6724490" lon="-2.9047110">
    <ele>37.2</ele>
    <time>2026-05-21T06:01:24Z</time>
   </trkpt>
   <trkpt lat="48.6724330" lon="-2.9047970">
    <ele>37.2</ele>
    <time>2026-05-21T06:01:25Z</time>
   </trkpt>
   <trkpt lat="48.6724220" lon="-2.9048810">
    <ele>37.2</ele>
    <time>2026-05-21T06:01:26Z</time>
   </trkpt>
   <trkpt lat="48.6724190" lon="-2.9049680">
    <ele>37.2</ele>
    <time>2026-05-21T06:01:27Z</time>
   </trkpt>
   <trkpt lat="48.6724100" lon="-2.9050520">
    <ele>37.2</ele>
    <time>2026-05-21T06:01:28Z</time>
   </trkpt>
   <trkpt lat="48.6723960" lon="-2.9051360">
    <ele>37.2</ele>
    <time>2026-05-21T06:01:29Z</time>
   </trkpt>
   <trkpt lat="48.6723820" lon="-2.9052210">
    <ele>37.2</ele>
    <time>2026-05-21T06:01:30Z</time>
   </trkpt>
   <trkpt lat="48.6723640" lon="-2.9053040">
    <ele>37.2</ele>
    <time>2026-05-21T06:01:31Z</time>
   </trkpt>
   <trkpt lat="48.6723480" lon="-2.9053900">
    <ele>37.2</ele>
    <time>2026-05-21T06:01:32Z</time>
   </trkpt>
   <trkpt lat="48.6723360" lon="-2.9054750">
    <ele>37.2</ele>
    <time>2026-05-21T06:01:33Z</time>
   </trkpt>
   <trkpt lat="48.6723210" lon="-2.9055610">
    <ele>37.2</ele>
    <time>2026-05-21T06:01:34Z</time>
   </trkpt>
   <trkpt lat="48.6723080" lon="-2.9056450">
    <ele>37.3</ele>
    <time>2026-05-21T06:01:35Z</time>
   </trkpt>
   <trkpt lat="48.6722930" lon="-2.9057320">
    <ele>37.3</ele>
    <time>2026-05-21T06:01:36Z</time>
   </trkpt>
   <trkpt lat="48.6722830" lon="-2.9058180">
    <ele>37.3</ele>
    <time>2026-05-21T06:01:37Z</time>
   </trkpt>
   <trkpt lat="48.6722710" lon="-2.9059070">
    <ele>37.4</ele>
    <time>2026-05-21T06:01:38Z</time>
   </trkpt>
   <trkpt lat="48.6722620" lon="-2.9059920">
    <ele>37.5</ele>
    <time>2026-05-21T06:01:39Z</time>
   </trkpt>
   <trkpt lat="48.6722520" lon="-2.9060800">
    <ele>37.6</ele>
    <time>2026-05-21T06:01:40Z</time>
   </trkpt>
   <trkpt lat="48.6722420" lon="-2.9061690">
    <ele>37.7</ele>
    <time>2026-05-21T06:01:41Z</time>
   </trkpt>
   <trkpt lat="48.6722300" lon="-2.9062550">
    <ele>37.8</ele>
    <time>2026-05-21T06:01:42Z</time>
   </trkpt>
   <trkpt lat="48.6722210" lon="-2.9063370">
    <ele>38.0</ele>
    <time>2026-05-21T06:01:43Z</time>
   </trkpt>
   <trkpt lat="48.6722150" lon="-2.9064210">
    <ele>38.2</ele>
    <time>2026-05-21T06:01:44Z</time>
   </trkpt>
   <trkpt lat="48.6722030" lon="-2.9065030">
    <ele>38.4</ele>
    <time>2026-05-21T06:01:45Z</time>
   </trkpt>
   <trkpt lat="48.6721940" lon="-2.9065850">
    <ele>38.7</ele>
    <time>2026-05-21T06:01:46Z</time>
   </trkpt>
   <trkpt lat="48.6721880" lon="-2.9066680">
    <ele>38.9</ele>
    <time>2026-05-21T06:01:47Z</time>
   </trkpt>
   <trkpt lat="48.6721810" lon="-2.9067500">
    <ele>39.2</ele>
    <time>2026-05-21T06:01:48Z</time>
   </trkpt>
   <trkpt lat="48.6721650" lon="-2.9068260">
    <ele>39.5</ele>
    <time>2026-05-21T06:01:49Z</time>
   </trkpt>
   <trkpt lat="48.6721680" lon="-2.9069090">
    <ele>39.8</ele>
    <time>2026-05-21T06:01:50Z</time>
   </trkpt>
   <trkpt lat="48.6721690" lon="-2.9069840">
    <ele>40.1</ele>
    <time>2026-05-21T06:01:51Z</time>
   </trkpt>
   <trkpt lat="48.6721700" lon="-2.9070510">
    <ele>40.4</ele>
    <time>2026-05-21T06:01:52Z</time>
   </trkpt>
   <trkpt lat="48.6721660" lon="-2.9071200">
    <ele>40.6</ele>
    <time>2026-05-21T06:01:53Z</time>
   </trkpt>
   <trkpt lat="48.6721670" lon="-2.9071860">
    <ele>40.9</ele>
    <time>2026-05-21T06:01:54Z</time>
   </trkpt>
   <trkpt lat="48.6721730" lon="-2.9072490">
    <ele>41.1</ele>
    <time>2026-05-21T06:01:55Z</time>
   </trkpt>
   <trkpt lat="48.6721750" lon="-2.9073150">
    <ele>41.4</ele>
    <time>2026-05-21T06:01:56Z</time>
   </trkpt>
   <trkpt lat="48.6721750" lon="-2.9073820">
    <ele>41.7</ele>
    <time>2026-05-21T06:01:57Z</time>
   </trkpt>
   <trkpt lat="48.6721770" lon="-2.9074480">
    <ele>41.9</ele>
    <time>2026-05-21T06:01:58Z</time>
   </trkpt>
   <trkpt lat="48.6721810" lon="-2.9075130">
    <ele>42.2</ele>
    <time>2026-05-21T06:01:59Z</time>
   </trkpt>
   <trkpt lat="48.6721820" lon="-2.9075790">
    <ele>42.5</ele>
    <time>2026-05-21T06:02:00Z</time>
   </trkpt>
   <trkpt lat="48.6721820" lon="-2.9076420">
    <ele>42.7</ele>
    <time>2026-05-21T06:02:01Z</time>
   </trkpt>
   <trkpt lat="48.6721810" lon="-2.9077070">
    <ele>43.0</ele>
    <time>2026-05-21T06:02:02Z</time>
   </trkpt>
   <trkpt lat="48.6721790" lon="-2.9077700">
    <ele>43.2</ele>
    <time>2026-05-21T06:02:03Z</time>
   </trkpt>
   <trkpt lat="48.6721820" lon="-2.9078390">
    <ele>43.5</ele>
    <time>2026-05-21T06:02:04Z</time>
   </trkpt>
   <trkpt lat="48.6721840" lon="-2.9079030">
    <ele>43.7</ele>
    <time>2026-05-21T06:02:05Z</time>
   </trkpt>
   <trkpt lat="48.6721810" lon="-2.9079710">
    <ele>44.0</ele>
    <time>2026-05-21T06:02:06Z</time>
   </trkpt>
   <trkpt lat="48.6721800" lon="-2.9080370">
    <ele>44.2</ele>
    <time>2026-05-21T06:02:07Z</time>
   </trkpt>
   <trkpt lat="48.6721750" lon="-2.9081060">
    <ele>44.5</ele>
    <time>2026-05-21T06:02:08Z</time>
   </trkpt>
   <trkpt lat="48.6721690" lon="-2.9081760">
    <ele>44.7</ele>
    <time>2026-05-21T06:02:09Z</time>
   </trkpt>
   <trkpt lat="48.6721650" lon="-2.9082440">
    <ele>44.9</ele>
    <time>2026-05-21T06:02:10Z</time>
   </trkpt>
   <trkpt lat="48.6721610" lon="-2.9083110">
    <ele>45.1</ele>
    <time>2026-05-21T06:02:11Z</time>
   </trkpt>
   <trkpt lat="48.6721540" lon="-2.9083820">
    <ele>45.2</ele>
    <time>2026-05-21T06:02:13Z</time>
   </trkpt>
   <trkpt lat="48.6721470" lon="-2.9084540">
    <ele>45.4</ele>
    <time>2026-05-21T06:02:14Z</time>
   </trkpt>
   <trkpt lat="48.6721390" lon="-2.9085230">
    <ele>45.5</ele>
    <time>2026-05-21T06:02:15Z</time>
   </trkpt>
   <trkpt lat="48.6721300" lon="-2.9085940">
    <ele>45.6</ele>
    <time>2026-05-21T06:02:16Z</time>
   </trkpt>
   <trkpt lat="48.6721090" lon="-2.9087380">
    <ele>45.8</ele>
    <time>2026-05-21T06:02:17Z</time>
   </trkpt>
   <trkpt lat="48.6720850" lon="-2.9088140">
    <ele>45.9</ele>
    <time>2026-05-21T06:02:19Z</time>
   </trkpt>
   <trkpt lat="48.6721070" lon="-2.9089670">
    <ele>46.0</ele>
    <time>2026-05-21T06:02:20Z</time>
   </trkpt>
   <trkpt lat="48.6720970" lon="-2.9090360">
    <ele>46.0</ele>
    <time>2026-05-21T06:02:22Z</time>
   </trkpt>
   <trkpt lat="48.6720780" lon="-2.9092080">
    <ele>46.1</ele>
    <time>2026-05-21T06:02:23Z</time>
   </trkpt>
   <trkpt lat="48.6720790" lon="-2.9092810">
    <ele>46.1</ele>
    <time>2026-05-21T06:02:25Z</time>
   </trkpt>
   <trkpt lat="48.6720780" lon="-2.9094330">
    <ele>46.1</ele>
    <time>2026-05-21T06:02:26Z</time>
   </trkpt>
   <trkpt lat="48.6720700" lon="-2.9095120">
    <ele>46.1</ele>
    <time>2026-05-21T06:02:27Z</time>
   </trkpt>
   <trkpt lat="48.6720690" lon="-2.9095960">
    <ele>46.1</ele>
    <time>2026-05-21T06:02:28Z</time>
   </trkpt>
   <trkpt lat="48.6720450" lon="-2.9096940">
    <ele>46.1</ele>
    <time>2026-05-21T06:02:29Z</time>
   </trkpt>
   <trkpt lat="48.6720430" lon="-2.9097760">
    <ele>46.1</ele>
    <time>2026-05-21T06:02:30Z</time>
   </trkpt>
   <trkpt lat="48.6720440" lon="-2.9098600">
    <ele>46.1</ele>
    <time>2026-05-21T06:02:31Z</time>
   </trkpt>
   <trkpt lat="48.6720430" lon="-2.9099440">
    <ele>46.1</ele>
    <time>2026-05-21T06:02:32Z</time>
   </trkpt>
   <trkpt lat="48.6720270" lon="-2.9100240">
    <ele>46.1</ele>
    <time>2026-05-21T06:02:33Z</time>
   </trkpt>
   <trkpt lat="48.6720100" lon="-2.9101060">
    <ele>46.0</ele>
    <time>2026-05-21T06:02:34Z</time>
   </trkpt>
   <trkpt lat="48.6719840" lon="-2.9101890">
    <ele>46.0</ele>
    <time>2026-05-21T06:02:35Z</time>
   </trkpt>
   <trkpt lat="48.6719590" lon="-2.9102780">
    <ele>45.9</ele>
    <time>2026-05-21T06:02:36Z</time>
   </trkpt>
   <trkpt lat="48.6719390" lon="-2.9103610">
    <ele>45.9</ele>
    <time>2026-05-21T06:02:37Z</time>
   </trkpt>
   <trkpt lat="48.6719150" lon="-2.9104420">
    <ele>45.8</ele>
    <time>2026-05-21T06:02:38Z</time>
   </trkpt>
   <trkpt lat="48.6718950" lon="-2.9105230">
    <ele>45.8</ele>
    <time>2026-05-21T06:02:39Z</time>
   </trkpt>
   <trkpt lat="48.6718760" lon="-2.9106070">
    <ele>45.7</ele>
    <time>2026-05-21T06:02:40Z</time>
   </trkpt>
   <trkpt lat="48.6718500" lon="-2.9106940">
    <ele>45.8</ele>
    <time>2026-05-21T06:02:41Z</time>
   </trkpt>
   <trkpt lat="48.6718260" lon="-2.9107760">
    <ele>45.8</ele>
    <time>2026-05-21T06:02:42Z</time>
   </trkpt>
   <trkpt lat="48.6718060" lon="-2.9108640">
    <ele>45.8</ele>
    <time>2026-05-21T06:02:43Z</time>
   </trkpt>
   <trkpt lat="48.6717810" lon="-2.9109480">
    <ele>45.9</ele>
    <time>2026-05-21T06:02:44Z</time>
   </trkpt>
   <trkpt lat="48.6717570" lon="-2.9110320">
    <ele>45.9</ele>
    <time>2026-05-21T06:02:45Z</time>
   </trkpt>
   <trkpt lat="48.6717380" lon="-2.9111120">
    <ele>45.9</ele>
    <time>2026-05-21T06:02:46Z</time>
   </trkpt>
   <trkpt lat="48.6717210" lon="-2.9111920">
    <ele>45.9</ele>
    <time>2026-05-21T06:02:47Z</time>
   </trkpt>
   <trkpt lat="48.6716970" lon="-2.9112770">
    <ele>45.8</ele>
    <time>2026-05-21T06:02:48Z</time>
   </trkpt>
   <trkpt lat="48.6716750" lon="-2.9113590">
    <ele>45.8</ele>
    <time>2026-05-21T06:02:49Z</time>
   </trkpt>
   <trkpt lat="48.6716530" lon="-2.9114460">
    <ele>45.8</ele>
    <time>2026-05-21T06:02:50Z</time>
   </trkpt>
   <trkpt lat="48.6716270" lon="-2.9115310">
    <ele>45.7</ele>
    <time>2026-05-21T06:02:51Z</time>
   </trkpt>
   <trkpt lat="48.6716040" lon="-2.9116170">
    <ele>45.7</ele>
    <time>2026-05-21T06:02:52Z</time>
   </trkpt>
   <trkpt lat="48.6715830" lon="-2.9117020">
    <ele>45.7</ele>
    <time>2026-05-21T06:02:53Z</time>
   </trkpt>
   <trkpt lat="48.6715580" lon="-2.9117850">
    <ele>45.6</ele>
    <time>2026-05-21T06:02:54Z</time>
   </trkpt>
   <trkpt lat="48.6715360" lon="-2.9118680">
    <ele>45.6</ele>
    <time>2026-05-21T06:02:55Z</time>
   </trkpt>
   <trkpt lat="48.6715150" lon="-2.9119460">
    <ele>45.6</ele>
    <time>2026-05-21T06:02:56Z</time>
   </trkpt>
   <trkpt lat="48.6714920" lon="-2.9120290">
    <ele>45.5</ele>
    <time>2026-05-21T06:02:57Z</time>
   </trkpt>
   <trkpt lat="48.6714760" lon="-2.9121190">
    <ele>45.5</ele>
    <time>2026-05-21T06:02:58Z</time>
   </trkpt>
   <trkpt lat="48.6714650" lon="-2.9122080">
    <ele>45.5</ele>
    <time>2026-05-21T06:02:59Z</time>
   </trkpt>
   <trkpt lat="48.6714520" lon="-2.9123020">
    <ele>45.5</ele>
    <time>2026-05-21T06:03:00Z</time>
   </trkpt>
   <trkpt lat="48.6714350" lon="-2.9123950">
    <ele>45.5</ele>
    <time>2026-05-21T06:03:01Z</time>
   </trkpt>
   <trkpt lat="48.6714220" lon="-2.9125000">
    <ele>45.5</ele>
    <time>2026-05-21T06:03:02Z</time>
   </trkpt>
   <trkpt lat="48.6714110" lon="-2.9126040">
    <ele>45.5</ele>
    <time>2026-05-21T06:03:03Z</time>
   </trkpt>
   <trkpt lat="48.6714100" lon="-2.9127000">
    <ele>45.5</ele>
    <time>2026-05-21T06:03:04Z</time>
   </trkpt>
   <trkpt lat="48.6714100" lon="-2.9127950">
    <ele>45.5</ele>
    <time>2026-05-21T06:03:05Z</time>
   </trkpt>
   <trkpt lat="48.6714060" lon="-2.9128890">
    <ele>45.5</ele>
    <time>2026-05-21T06:03:06Z</time>
   </trkpt>
   <trkpt lat="48.6714070" lon="-2.9129840">
    <ele>45.5</ele>
    <time>2026-05-21T06:03:07Z</time>
   </trkpt>
   <trkpt lat="48.6714060" lon="-2.9130790">
    <ele>45.5</ele>
    <time>2026-05-21T06:03:08Z</time>
   </trkpt>
   <trkpt lat="48.6714040" lon="-2.9131730">
    <ele>45.5</ele>
    <time>2026-05-21T06:03:09Z</time>
   </trkpt>
   <trkpt lat="48.6714040" lon="-2.9132670">
    <ele>45.5</ele>
    <time>2026-05-21T06:03:10Z</time>
   </trkpt>
   <trkpt lat="48.6714010" lon="-2.9133550">
    <ele>45.5</ele>
    <time>2026-05-21T06:03:11Z</time>
   </trkpt>
   <trkpt lat="48.6713990" lon="-2.9134450">
    <ele>45.5</ele>
    <time>2026-05-21T06:03:12Z</time>
   </trkpt>
   <trkpt lat="48.6713960" lon="-2.9135370">
    <ele>45.5</ele>
    <time>2026-05-21T06:03:13Z</time>
   </trkpt>
   <trkpt lat="48.6713980" lon="-2.9136270">
    <ele>45.6</ele>
    <time>2026-05-21T06:03:14Z</time>
   </trkpt>
   <trkpt lat="48.6713980" lon="-2.9137160">
    <ele>45.7</ele>
    <time>2026-05-21T06:03:15Z</time>
   </trkpt>
   <trkpt lat="48.6713990" lon="-2.9138010">
    <ele>45.7</ele>
    <time>2026-05-21T06:03:16Z</time>
   </trkpt>
   <trkpt lat="48.6713990" lon="-2.9138840">
    <ele>45.8</ele>
    <time>2026-05-21T06:03:17Z</time>
   </trkpt>
   <trkpt lat="48.6713970" lon="-2.9139760">
    <ele>45.9</ele>
    <time>2026-05-21T06:03:18Z</time>
   </trkpt>
   <trkpt lat="48.6713950" lon="-2.9140740">
    <ele>46.1</ele>
    <time>2026-05-21T06:03:19Z</time>
   </trkpt>
   <trkpt lat="48.6713920" lon="-2.9141640">
    <ele>46.2</ele>
    <time>2026-05-21T06:03:20Z</time>
   </trkpt>
   <trkpt lat="48.6713910" lon="-2.9142550">
    <ele>46.3</ele>
    <time>2026-05-21T06:03:21Z</time>
   </trkpt>
   <trkpt lat="48.6713920" lon="-2.9143400">
    <ele>46.4</ele>
    <time>2026-05-21T06:03:22Z</time>
   </trkpt>
   <trkpt lat="48.6713910" lon="-2.9144250">
    <ele>46.5</ele>
    <time>2026-05-21T06:03:23Z</time>
   </trkpt>
   <trkpt lat="48.6713810" lon="-2.9145120">
    <ele>46.7</ele>
    <time>2026-05-21T06:03:24Z</time>
   </trkpt>
   <trkpt lat="48.6713810" lon="-2.9146000">
    <ele>46.8</ele>
    <time>2026-05-21T06:03:25Z</time>
   </trkpt>
   <trkpt lat="48.6713720" lon="-2.9146740">
    <ele>46.9</ele>
    <time>2026-05-21T06:03:26Z</time>
   </trkpt>
   <trkpt lat="48.6713710" lon="-2.9147610">
    <ele>47.0</ele>
    <time>2026-05-21T06:03:27Z</time>
   </trkpt>
   <trkpt lat="48.6713680" lon="-2.9148410">
    <ele>47.1</ele>
    <time>2026-05-21T06:03:28Z</time>
   </trkpt>
   <trkpt lat="48.6713660" lon="-2.9149110">
    <ele>47.2</ele>
    <time>2026-05-21T06:03:29Z</time>
   </trkpt>
   <trkpt lat="48.6713550" lon="-2.9149940">
    <ele>47.4</ele>
    <time>2026-05-21T06:03:30Z</time>
   </trkpt>
   <trkpt lat="48.6713400" lon="-2.9150750">
    <ele>47.5</ele>
    <time>2026-05-21T06:03:31Z</time>
   </trkpt>
   <trkpt lat="48.6713270" lon="-2.9151500">
    <ele>47.7</ele>
    <time>2026-05-21T06:03:32Z</time>
   </trkpt>
   <trkpt lat="48.6713170" lon="-2.9152260">
    <ele>47.8</ele>
    <time>2026-05-21T06:03:33Z</time>
   </trkpt>
   <trkpt lat="48.6713040" lon="-2.9153000">
    <ele>47.9</ele>
    <time>2026-05-21T06:03:34Z</time>
   </trkpt>
   <trkpt lat="48.6712920" lon="-2.9153770">
    <ele>48.0</ele>
    <time>2026-05-21T06:03:35Z</time>
   </trkpt>
   <trkpt lat="48.6712780" lon="-2.9154530">
    <ele>48.1</ele>
    <time>2026-05-21T06:03:36Z</time>
   </trkpt>
   <trkpt lat="48.6712640" lon="-2.9155310">
    <ele>48.3</ele>
    <time>2026-05-21T06:03:37Z</time>
   </trkpt>
   <trkpt lat="48.6712530" lon="-2.9156040">
    <ele>48.4</ele>
    <time>2026-05-21T06:03:38Z</time>
   </trkpt>
   <trkpt lat="48.6712360" lon="-2.9156740">
    <ele>48.6</ele>
    <time>2026-05-21T06:03:39Z</time>
   </trkpt>
   <trkpt lat="48.6712190" lon="-2.9157510">
    <ele>48.8</ele>
    <time>2026-05-21T06:03:40Z</time>
   </trkpt>
   <trkpt lat="48.6712050" lon="-2.9158170">
    <ele>48.9</ele>
    <time>2026-05-21T06:03:41Z</time>
   </trkpt>
   <trkpt lat="48.6711800" lon="-2.9158920">
    <ele>49.1</ele>
    <time>2026-05-21T06:03:42Z</time>
   </trkpt>
   <trkpt lat="48.6711600" lon="-2.9159710">
    <ele>49.3</ele>
    <time>2026-05-21T06:03:43Z</time>
   </trkpt>
   <trkpt lat="48.6711380" lon="-2.9160400">
    <ele>49.5</ele>
    <time>2026-05-21T06:03:44Z</time>
   </trkpt>
   <trkpt lat="48.6711260" lon="-2.9161110">
    <ele>49.7</ele>
    <time>2026-05-21T06:03:45Z</time>
   </trkpt>
   <trkpt lat="48.6711170" lon="-2.9161860">
    <ele>49.9</ele>
    <time>2026-05-21T06:03:46Z</time>
   </trkpt>
   <trkpt lat="48.6711010" lon="-2.9162550">
    <ele>50.1</ele>
    <time>2026-05-21T06:03:47Z</time>
   </trkpt>
   <trkpt lat="48.6710900" lon="-2.9163210">
    <ele>50.3</ele>
    <time>2026-05-21T06:03:48Z</time>
   </trkpt>
   <trkpt lat="48.6710660" lon="-2.9163840">
    <ele>50.4</ele>
    <time>2026-05-21T06:03:49Z</time>
   </trkpt>
   <trkpt lat="48.6710520" lon="-2.9164560">
    <ele>50.6</ele>
    <time>2026-05-21T06:03:50Z</time>
   </trkpt>
   <trkpt lat="48.6710400" lon="-2.9165370">
    <ele>50.8</ele>
    <time>2026-05-21T06:03:51Z</time>
   </trkpt>
   <trkpt lat="48.6710220" lon="-2.9166060">
    <ele>51.0</ele>
    <time>2026-05-21T06:03:52Z</time>
   </trkpt>
   <trkpt lat="48.6709910" lon="-2.9166700">
    <ele>51.2</ele>
    <time>2026-05-21T06:03:53Z</time>
   </trkpt>
   <trkpt lat="48.6709760" lon="-2.9167480">
    <ele>51.4</ele>
    <time>2026-05-21T06:03:54Z</time>
   </trkpt>
   <trkpt lat="48.6709590" lon="-2.9168270">
    <ele>51.6</ele>
    <time>2026-05-21T06:03:55Z</time>
   </trkpt>
   <trkpt lat="48.6709360" lon="-2.9168790">
    <ele>51.7</ele>
    <time>2026-05-21T06:03:56Z</time>
   </trkpt>
   <trkpt lat="48.6708960" lon="-2.9169410">
    <ele>51.9</ele>
    <time>2026-05-21T06:03:57Z</time>
   </trkpt>
   <trkpt lat="48.6708580" lon="-2.9170290">
    <ele>52.2</ele>
    <time>2026-05-21T06:03:58Z</time>
   </trkpt>
   <trkpt lat="48.6708330" lon="-2.9170960">
    <ele>52.3</ele>
    <time>2026-05-21T06:03:59Z</time>
   </trkpt>
   <trkpt lat="48.6707970" lon="-2.9171650">
    <ele>52.5</ele>
    <time>2026-05-21T06:04:00Z</time>
   </trkpt>
   <trkpt lat="48.6707700" lon="-2.9172110">
    <ele>52.5</ele>
    <time>2026-05-21T06:04:01Z</time>
   </trkpt>
   <trkpt lat="48.6707380" lon="-2.9172660">
    <ele>52.6</ele>
    <time>2026-05-21T06:04:02Z</time>
   </trkpt>
   <trkpt lat="48.6706830" lon="-2.9173420">
    <ele>52.7</ele>
    <time>2026-05-21T06:04:03Z</time>
   </trkpt>
   <trkpt lat="48.6706370" lon="-2.9174130">
    <ele>52.7</ele>
    <time>2026-05-21T06:04:04Z</time>
   </trkpt>
   <trkpt lat="48.6706080" lon="-2.9175000">
    <ele>52.8</ele>
    <time>2026-05-21T06:04:05Z</time>
   </trkpt>
   <trkpt lat="48.6705930" lon="-2.9175490">
    <ele>52.8</ele>
    <time>2026-05-21T06:04:06Z</time>
   </trkpt>
   <trkpt lat="48.6705630" lon="-2.9176370">
    <ele>52.8</ele>
    <time>2026-05-21T06:04:07Z</time>
   </trkpt>
   <trkpt lat="48.6705340" lon="-2.9176980">
    <ele>52.8</ele>
    <time>2026-05-21T06:04:08Z</time>
   </trkpt>
   <trkpt lat="48.6705180" lon="-2.9177740">
    <ele>52.8</ele>
    <time>2026-05-21T06:04:09Z</time>
   </trkpt>
   <trkpt lat="48.6704990" lon="-2.9178670">
    <ele>52.8</ele>
    <time>2026-05-21T06:04:10Z</time>
   </trkpt>
   <trkpt lat="48.6704770" lon="-2.9179510">
    <ele>52.9</ele>
    <time>2026-05-21T06:04:11Z</time>
   </trkpt>
   <trkpt lat="48.6704580" lon="-2.9180260">
    <ele>52.9</ele>
    <time>2026-05-21T06:04:12Z</time>
   </trkpt>
   <trkpt lat="48.6704430" lon="-2.9181090">
    <ele>52.9</ele>
    <time>2026-05-21T06:04:13Z</time>
   </trkpt>
   <trkpt lat="48.6704260" lon="-2.9181900">
    <ele>52.8</ele>
    <time>2026-05-21T06:04:14Z</time>
   </trkpt>
   <trkpt lat="48.6704150" lon="-2.9182850">
    <ele>52.8</ele>
    <time>2026-05-21T06:04:15Z</time>
   </trkpt>
   <trkpt lat="48.6704060" lon="-2.9183650">
    <ele>52.9</ele>
    <time>2026-05-21T06:04:16Z</time>
   </trkpt>
   <trkpt lat="48.6703960" lon="-2.9184570">
    <ele>52.9</ele>
    <time>2026-05-21T06:04:17Z</time>
   </trkpt>
   <trkpt lat="48.6703890" lon="-2.9185470">
    <ele>52.9</ele>
    <time>2026-05-21T06:04:18Z</time>
   </trkpt>
   <trkpt lat="48.6703710" lon="-2.9186410">
    <ele>52.9</ele>
    <time>2026-05-21T06:04:19Z</time>
   </trkpt>
   <trkpt lat="48.6703690" lon="-2.9187300">
    <ele>52.9</ele>
    <time>2026-05-21T06:04:20Z</time>
   </trkpt>
   <trkpt lat="48.6703610" lon="-2.9188200">
    <ele>52.9</ele>
    <time>2026-05-21T06:04:21Z</time>
   </trkpt>
   <trkpt lat="48.6703480" lon="-2.9189150">
    <ele>52.9</ele>
    <time>2026-05-21T06:04:22Z</time>
   </trkpt>
   <trkpt lat="48.6703420" lon="-2.9190080">
    <ele>53.0</ele>
    <time>2026-05-21T06:04:23Z</time>
   </trkpt>
   <trkpt lat="48.6703370" lon="-2.9190980">
    <ele>53.0</ele>
    <time>2026-05-21T06:04:24Z</time>
   </trkpt>
   <trkpt lat="48.6703310" lon="-2.9191920">
    <ele>52.9</ele>
    <time>2026-05-21T06:04:25Z</time>
   </trkpt>
   <trkpt lat="48.6703250" lon="-2.9192870">
    <ele>52.9</ele>
    <time>2026-05-21T06:04:26Z</time>
   </trkpt>
   <trkpt lat="48.6703200" lon="-2.9193810">
    <ele>52.9</ele>
    <time>2026-05-21T06:04:27Z</time>
   </trkpt>
   <trkpt lat="48.6703190" lon="-2.9194750">
    <ele>52.9</ele>
    <time>2026-05-21T06:04:28Z</time>
   </trkpt>
   <trkpt lat="48.6703170" lon="-2.9195690">
    <ele>52.9</ele>
    <time>2026-05-21T06:04:29Z</time>
   </trkpt>
   <trkpt lat="48.6703060" lon="-2.9196690">
    <ele>52.9</ele>
    <time>2026-05-21T06:04:30Z</time>
   </trkpt>
   <trkpt lat="48.6703030" lon="-2.9197690">
    <ele>52.9</ele>
    <time>2026-05-21T06:04:31Z</time>
   </trkpt>
   <trkpt lat="48.6702940" lon="-2.9198650">
    <ele>52.8</ele>
    <time>2026-05-21T06:04:32Z</time>
   </trkpt>
   <trkpt lat="48.6702900" lon="-2.9199650">
    <ele>52.8</ele>
    <time>2026-05-21T06:04:33Z</time>
   </trkpt>
   <trkpt lat="48.6702800" lon="-2.9200640">
    <ele>52.8</ele>
    <time>2026-05-21T06:04:34Z</time>
   </trkpt>
   <trkpt lat="48.6702650" lon="-2.9201620">
    <ele>52.8</ele>
    <time>2026-05-21T06:04:35Z</time>
   </trkpt>
   <trkpt lat="48.6702460" lon="-2.9202580">
    <ele>52.8</ele>
    <time>2026-05-21T06:04:36Z</time>
   </trkpt>
   <trkpt lat="48.6702190" lon="-2.9203480">
    <ele>52.8</ele>
    <time>2026-05-21T06:04:37Z</time>
   </trkpt>
   <trkpt lat="48.6701800" lon="-2.9204240">
    <ele>52.9</ele>
    <time>2026-05-21T06:04:38Z</time>
   </trkpt>
   <trkpt lat="48.6701400" lon="-2.9204970">
    <ele>52.9</ele>
    <time>2026-05-21T06:04:39Z</time>
   </trkpt>
   <trkpt lat="48.6701010" lon="-2.9205760">
    <ele>53.0</ele>
    <time>2026-05-21T06:04:40Z</time>
   </trkpt>
   <trkpt lat="48.6700570" lon="-2.9206500">
    <ele>53.1</ele>
    <time>2026-05-21T06:04:41Z</time>
   </trkpt>
   <trkpt lat="48.6700230" lon="-2.9207270">
    <ele>53.1</ele>
    <time>2026-05-21T06:04:42Z</time>
   </trkpt>
   <trkpt lat="48.6699870" lon="-2.9208070">
    <ele>53.2</ele>
    <time>2026-05-21T06:04:43Z</time>
   </trkpt>
   <trkpt lat="48.6699490" lon="-2.9208760">
    <ele>53.3</ele>
    <time>2026-05-21T06:04:44Z</time>
   </trkpt>
   <trkpt lat="48.6699210" lon="-2.9209400">
    <ele>53.4</ele>
    <time>2026-05-21T06:04:45Z</time>
   </trkpt>
   <trkpt lat="48.6698970" lon="-2.9210030">
    <ele>53.4</ele>
    <time>2026-05-21T06:04:46Z</time>
   </trkpt>
   <trkpt lat="48.6698670" lon="-2.9210610">
    <ele>53.5</ele>
    <time>2026-05-21T06:04:47Z</time>
   </trkpt>
   <trkpt lat="48.6698470" lon="-2.9211260">
    <ele>53.5</ele>
    <time>2026-05-21T06:04:48Z</time>
   </trkpt>
   <trkpt lat="48.6698030" lon="-2.9211920">
    <ele>53.5</ele>
    <time>2026-05-21T06:04:49Z</time>
   </trkpt>
   <trkpt lat="48.6697700" lon="-2.9212620">
    <ele>53.6</ele>
    <time>2026-05-21T06:04:50Z</time>
   </trkpt>
   <trkpt lat="48.6697360" lon="-2.9213350">
    <ele>53.7</ele>
    <time>2026-05-21T06:04:51Z</time>
   </trkpt>
   <trkpt lat="48.6697080" lon="-2.9214100">
    <ele>53.8</ele>
    <time>2026-05-21T06:04:52Z</time>
   </trkpt>
   <trkpt lat="48.6696760" lon="-2.9214830">
    <ele>53.9</ele>
    <time>2026-05-21T06:04:53Z</time>
   </trkpt>
   <trkpt lat="48.6696440" lon="-2.9215600">
    <ele>54.0</ele>
    <time>2026-05-21T06:04:54Z</time>
   </trkpt>
   <trkpt lat="48.6696140" lon="-2.9216260">
    <ele>54.2</ele>
    <time>2026-05-21T06:04:55Z</time>
   </trkpt>
   <trkpt lat="48.6695830" lon="-2.9216930">
    <ele>54.4</ele>
    <time>2026-05-21T06:04:56Z</time>
   </trkpt>
   <trkpt lat="48.6695560" lon="-2.9217590">
    <ele>54.6</ele>
    <time>2026-05-21T06:04:57Z</time>
   </trkpt>
   <trkpt lat="48.6695260" lon="-2.9218210">
    <ele>54.8</ele>
    <time>2026-05-21T06:04:58Z</time>
   </trkpt>
   <trkpt lat="48.6695010" lon="-2.9218810">
    <ele>55.0</ele>
    <time>2026-05-21T06:04:59Z</time>
   </trkpt>
   <trkpt lat="48.6694740" lon="-2.9219350">
    <ele>55.3</ele>
    <time>2026-05-21T06:05:00Z</time>
   </trkpt>
   <trkpt lat="48.6694530" lon="-2.9219880">
    <ele>55.4</ele>
    <time>2026-05-21T06:05:01Z</time>
   </trkpt>
   <trkpt lat="48.6694320" lon="-2.9220320">
    <ele>55.5</ele>
    <time>2026-05-21T06:05:02Z</time>
   </trkpt>
   <trkpt lat="48.6694140" lon="-2.9220710">
    <ele>55.5</ele>
    <time>2026-05-21T06:05:03Z</time>
   </trkpt>
   <trkpt lat="48.6693870" lon="-2.9221040">
    <ele>55.6</ele>
    <time>2026-05-21T06:05:04Z</time>
   </trkpt>
   <trkpt lat="48.6693620" lon="-2.9221220">
    <ele>55.7</ele>
    <time>2026-05-21T06:05:05Z</time>
   </trkpt>
   <trkpt lat="48.6693220" lon="-2.9221340">
    <ele>55.7</ele>
    <time>2026-05-21T06:05:06Z</time>
   </trkpt>
   <trkpt lat="48.6692850" lon="-2.9221100">
    <ele>55.7</ele>
    <time>2026-05-21T06:05:07Z</time>
   </trkpt>
   <trkpt lat="48.6692470" lon="-2.9220710">
    <ele>55.7</ele>
    <time>2026-05-21T06:05:08Z</time>
   </trkpt>
   <trkpt lat="48.6692120" lon="-2.9220390">
    <ele>55.8</ele>
    <time>2026-05-21T06:05:09Z</time>
   </trkpt>
   <trkpt lat="48.6691710" lon="-2.9220240">
    <ele>55.8</ele>
    <time>2026-05-21T06:05:10Z</time>
   </trkpt>
   <trkpt lat="48.6691280" lon="-2.9220300">
    <ele>55.7</ele>
    <time>2026-05-21T06:05:11Z</time>
   </trkpt>
   <trkpt lat="48.6690880" lon="-2.9220640">
    <ele>55.5</ele>
    <time>2026-05-21T06:05:12Z</time>
   </trkpt>
   <trkpt lat="48.6690550" lon="-2.9221200">
    <ele>55.3</ele>
    <time>2026-05-21T06:05:13Z</time>
   </trkpt>
   <trkpt lat="48.6690220" lon="-2.9221720">
    <ele>55.1</ele>
    <time>2026-05-21T06:05:14Z</time>
   </trkpt>
   <trkpt lat="48.6689850" lon="-2.9222160">
    <ele>54.9</ele>
    <time>2026-05-21T06:05:15Z</time>
   </trkpt>
   <trkpt lat="48.6689520" lon="-2.9222750">
    <ele>54.7</ele>
    <time>2026-05-21T06:05:16Z</time>
   </trkpt>
   <trkpt lat="48.6689370" lon="-2.9223590">
    <ele>54.5</ele>
    <time>2026-05-21T06:05:17Z</time>
   </trkpt>
   <trkpt lat="48.6689390" lon="-2.9224430">
    <ele>54.4</ele>
    <time>2026-05-21T06:05:18Z</time>
   </trkpt>
   <trkpt lat="48.6689380" lon="-2.9225370">
    <ele>54.3</ele>
    <time>2026-05-21T06:05:19Z</time>
   </trkpt>
   <trkpt lat="48.6689330" lon="-2.9226310">
    <ele>54.2</ele>
    <time>2026-05-21T06:05:20Z</time>
   </trkpt>
   <trkpt lat="48.6689230" lon="-2.9227250">
    <ele>54.1</ele>
    <time>2026-05-21T06:05:21Z</time>
   </trkpt>
   <trkpt lat="48.6689160" lon="-2.9228060">
    <ele>54.1</ele>
    <time>2026-05-21T06:05:22Z</time>
   </trkpt>
   <trkpt lat="48.6689060" lon="-2.9228880">
    <ele>54.1</ele>
    <time>2026-05-21T06:05:23Z</time>
   </trkpt>
   <trkpt lat="48.6688950" lon="-2.9229770">
    <ele>54.1</ele>
    <time>2026-05-21T06:05:24Z</time>
   </trkpt>
   <trkpt lat="48.6688800" lon="-2.9230570">
    <ele>54.2</ele>
    <time>2026-05-21T06:05:25Z</time>
   </trkpt>
   <trkpt lat="48.6688670" lon="-2.9231410">
    <ele>54.2</ele>
    <time>2026-05-21T06:05:26Z</time>
   </trkpt>
   <trkpt lat="48.6688590" lon="-2.9232220">
    <ele>54.3</ele>
    <time>2026-05-21T06:05:27Z</time>
   </trkpt>
   <trkpt lat="48.6688430" lon="-2.9233040">
    <ele>54.4</ele>
    <time>2026-05-21T06:05:28Z</time>
   </trkpt>
   <trkpt lat="48.6688340" lon="-2.9233870">
    <ele>54.5</ele>
    <time>2026-05-21T06:05:29Z</time>
   </trkpt>
   <trkpt lat="48.6688220" lon="-2.9234700">
    <ele>54.7</ele>
    <time>2026-05-21T06:05:30Z</time>
   </trkpt>
   <trkpt lat="48.6688090" lon="-2.9235540">
    <ele>54.8</ele>
    <time>2026-05-21T06:05:31Z</time>
   </trkpt>
   <trkpt lat="48.6688020" lon="-2.9236370">
    <ele>55.0</ele>
    <time>2026-05-21T06:05:32Z</time>
   </trkpt>
   <trkpt lat="48.6687900" lon="-2.9237190">
    <ele>55.1</ele>
    <time>2026-05-21T06:05:33Z</time>
   </trkpt>
   <trkpt lat="48.6687800" lon="-2.9238020">
    <ele>55.2</ele>
    <time>2026-05-21T06:05:34Z</time>
   </trkpt>
   <trkpt lat="48.6687700" lon="-2.9238880">
    <ele>55.4</ele>
    <time>2026-05-21T06:05:35Z</time>
   </trkpt>
   <trkpt lat="48.6687590" lon="-2.9239750">
    <ele>55.5</ele>
    <time>2026-05-21T06:05:36Z</time>
   </trkpt>
   <trkpt lat="48.6687470" lon="-2.9240610">
    <ele>55.7</ele>
    <time>2026-05-21T06:05:37Z</time>
   </trkpt>
   <trkpt lat="48.6687330" lon="-2.9241450">
    <ele>55.8</ele>
    <time>2026-05-21T06:05:38Z</time>
   </trkpt>
   <trkpt lat="48.6687200" lon="-2.9242290">
    <ele>56.0</ele>
    <time>2026-05-21T06:05:39Z</time>
   </trkpt>
   <trkpt lat="48.6687080" lon="-2.9243140">
    <ele>56.1</ele>
    <time>2026-05-21T06:05:40Z</time>
   </trkpt>
   <trkpt lat="48.6686950" lon="-2.9244010">
    <ele>56.3</ele>
    <time>2026-05-21T06:05:41Z</time>
   </trkpt>
   <trkpt lat="48.6686890" lon="-2.9244860">
    <ele>56.5</ele>
    <time>2026-05-21T06:05:42Z</time>
   </trkpt>
   <trkpt lat="48.6686800" lon="-2.9245720">
    <ele>56.6</ele>
    <time>2026-05-21T06:05:43Z</time>
   </trkpt>
   <trkpt lat="48.6686710" lon="-2.9246590">
    <ele>56.8</ele>
    <time>2026-05-21T06:05:44Z</time>
   </trkpt>
   <trkpt lat="48.6686630" lon="-2.9247470">
    <ele>57.0</ele>
    <time>2026-05-21T06:05:45Z</time>
   </trkpt>
   <trkpt lat="48.6686560" lon="-2.9248340">
    <ele>57.1</ele>
    <time>2026-05-21T06:05:46Z</time>
   </trkpt>
   <trkpt lat="48.6686510" lon="-2.9249190">
    <ele>57.2</ele>
    <time>2026-05-21T06:05:47Z</time>
   </trkpt>
   <trkpt lat="48.6686440" lon="-2.9250070">
    <ele>57.3</ele>
    <time>2026-05-21T06:05:48Z</time>
   </trkpt>
   <trkpt lat="48.6686380" lon="-2.9250970">
    <ele>57.5</ele>
    <time>2026-05-21T06:05:49Z</time>
   </trkpt>
   <trkpt lat="48.6686360" lon="-2.9251860">
    <ele>57.6</ele>
    <time>2026-05-21T06:05:50Z</time>
   </trkpt>
   <trkpt lat="48.6686380" lon="-2.9252700">
    <ele>57.7</ele>
    <time>2026-05-21T06:05:51Z</time>
   </trkpt>
   <trkpt lat="48.6686390" lon="-2.9253550">
    <ele>57.8</ele>
    <time>2026-05-21T06:05:52Z</time>
   </trkpt>
   <trkpt lat="48.6686450" lon="-2.9254400">
    <ele>57.8</ele>
    <time>2026-05-21T06:05:53Z</time>
   </trkpt>
   <trkpt lat="48.6686520" lon="-2.9255250">
    <ele>57.9</ele>
    <time>2026-05-21T06:05:54Z</time>
   </trkpt>
   <trkpt lat="48.6686600" lon="-2.9256110">
    <ele>58.1</ele>
    <time>2026-05-21T06:05:55Z</time>
   </trkpt>
   <trkpt lat="48.6686680" lon="-2.9256960">
    <ele>58.2</ele>
    <time>2026-05-21T06:05:56Z</time>
   </trkpt>
   <trkpt lat="48.6686760" lon="-2.9257820">
    <ele>58.3</ele>
    <time>2026-05-21T06:05:57Z</time>
   </trkpt>
   <trkpt lat="48.6686850" lon="-2.9258660">
    <ele>58.5</ele>
    <time>2026-05-21T06:05:58Z</time>
   </trkpt>
   <trkpt lat="48.6686950" lon="-2.9259490">
    <ele>58.6</ele>
    <time>2026-05-21T06:05:59Z</time>
   </trkpt>
   <trkpt lat="48.6687040" lon="-2.9260340">
    <ele>58.8</ele>
    <time>2026-05-21T06:06:00Z</time>
   </trkpt>
   <trkpt lat="48.6687160" lon="-2.9261180">
    <ele>59.0</ele>
    <time>2026-05-21T06:06:01Z</time>
   </trkpt>
   <trkpt lat="48.6687280" lon="-2.9262030">
    <ele>59.1</ele>
    <time>2026-05-21T06:06:02Z</time>
   </trkpt>
   <trkpt lat="48.6687410" lon="-2.9262860">
    <ele>59.3</ele>
    <time>2026-05-21T06:06:03Z</time>
   </trkpt>
   <trkpt lat="48.6687560" lon="-2.9263690">
    <ele>59.5</ele>
    <time>2026-05-21T06:06:04Z</time>
   </trkpt>
   <trkpt lat="48.6687690" lon="-2.9264540">
    <ele>59.7</ele>
    <time>2026-05-21T06:06:05Z</time>
   </trkpt>
   <trkpt lat="48.6687840" lon="-2.9265340">
    <ele>59.9</ele>
    <time>2026-05-21T06:06:06Z</time>
   </trkpt>
   <trkpt lat="48.6688000" lon="-2.9266120">
    <ele>60.1</ele>
    <time>2026-05-21T06:06:07Z</time>
   </trkpt>
   <trkpt lat="48.6688190" lon="-2.9266900">
    <ele>60.4</ele>
    <time>2026-05-21T06:06:08Z</time>
   </trkpt>
   <trkpt lat="48.6688370" lon="-2.9267610">
    <ele>60.6</ele>
    <time>2026-05-21T06:06:09Z</time>
   </trkpt>
   <trkpt lat="48.6688560" lon="-2.9268370">
    <ele>60.9</ele>
    <time>2026-05-21T06:06:10Z</time>
   </trkpt>
   <trkpt lat="48.6688740" lon="-2.9269100">
    <ele>61.1</ele>
    <time>2026-05-21T06:06:11Z</time>
   </trkpt>
   <trkpt lat="48.6688920" lon="-2.9269820">
    <ele>61.3</ele>
    <time>2026-05-21T06:06:12Z</time>
   </trkpt>
   <trkpt lat="48.6689110" lon="-2.9270540">
    <ele>61.6</ele>
    <time>2026-05-21T06:06:13Z</time>
   </trkpt>
   <trkpt lat="48.6689320" lon="-2.9271230">
    <ele>61.9</ele>
    <time>2026-05-21T06:06:14Z</time>
   </trkpt>
   <trkpt lat="48.6689530" lon="-2.9271910">
    <ele>62.1</ele>
    <time>2026-05-21T06:06:15Z</time>
   </trkpt>
   <trkpt lat="48.6689720" lon="-2.9272560">
    <ele>62.4</ele>
    <time>2026-05-21T06:06:16Z</time>
   </trkpt>
   <trkpt lat="48.6689920" lon="-2.9273190">
    <ele>62.6</ele>
    <time>2026-05-21T06:06:17Z</time>
   </trkpt>
   <trkpt lat="48.6690130" lon="-2.9273820">
    <ele>62.9</ele>
    <time>2026-05-21T06:06:18Z</time>
   </trkpt>
   <trkpt lat="48.6690360" lon="-2.9274420">
    <ele>63.1</ele>
    <time>2026-05-21T06:06:19Z</time>
   </trkpt>
   <trkpt lat="48.6690600" lon="-2.9275000">
    <ele>63.3</ele>
    <time>2026-05-21T06:06:20Z</time>
   </trkpt>
   <trkpt lat="48.6690820" lon="-2.9275590">
    <ele>63.5</ele>
    <time>2026-05-21T06:06:21Z</time>
   </trkpt>
   <trkpt lat="48.6691050" lon="-2.9276160">
    <ele>63.8</ele>
    <time>2026-05-21T06:06:22Z</time>
   </trkpt>
   <trkpt lat="48.6691280" lon="-2.9276710">
    <ele>64.0</ele>
    <time>2026-05-21T06:06:23Z</time>
   </trkpt>
   <trkpt lat="48.6691510" lon="-2.9277290">
    <ele>64.2</ele>
    <time>2026-05-21T06:06:24Z</time>
   </trkpt>
   <trkpt lat="48.6691740" lon="-2.9277850">
    <ele>64.4</ele>
    <time>2026-05-21T06:06:25Z</time>
   </trkpt>
   <trkpt lat="48.6691970" lon="-2.9278410">
    <ele>64.7</ele>
    <time>2026-05-21T06:06:26Z</time>
   </trkpt>
   <trkpt lat="48.6692220" lon="-2.9278950">
    <ele>64.9</ele>
    <time>2026-05-21T06:06:27Z</time>
   </trkpt>
   <trkpt lat="48.6692460" lon="-2.9279470">
    <ele>65.1</ele>
    <time>2026-05-21T06:06:28Z</time>
   </trkpt>
   <trkpt lat="48.6692700" lon="-2.9280000">
    <ele>65.3</ele>
    <time>2026-05-21T06:06:29Z</time>
   </trkpt>
   <trkpt lat="48.6692930" lon="-2.9280540">
    <ele>65.5</ele>
    <time>2026-05-21T06:06:30Z</time>
   </trkpt>
   <trkpt lat="48.6693160" lon="-2.9281070">
    <ele>65.7</ele>
    <time>2026-05-21T06:06:31Z</time>
   </trkpt>
   <trkpt lat="48.6693390" lon="-2.9281610">
    <ele>66.0</ele>
    <time>2026-05-21T06:06:32Z</time>
   </trkpt>
   <trkpt lat="48.6693620" lon="-2.9282150">
    <ele>66.2</ele>
    <time>2026-05-21T06:06:33Z</time>
   </trkpt>
   <trkpt lat="48.6693850" lon="-2.9282700">
    <ele>66.4</ele>
    <time>2026-05-21T06:06:34Z</time>
   </trkpt>
   <trkpt lat="48.6694110" lon="-2.9283230">
    <ele>66.6</ele>
    <time>2026-05-21T06:06:35Z</time>
   </trkpt>
   <trkpt lat="48.6694370" lon="-2.9283760">
    <ele>66.9</ele>
    <time>2026-05-21T06:06:36Z</time>
   </trkpt>
   <trkpt lat="48.6694600" lon="-2.9284300">
    <ele>67.1</ele>
    <time>2026-05-21T06:06:37Z</time>
   </trkpt>
   <trkpt lat="48.6694820" lon="-2.9284840">
    <ele>67.4</ele>
    <time>2026-05-21T06:06:38Z</time>
   </trkpt>
   <trkpt lat="48.6695050" lon="-2.9285380">
    <ele>67.6</ele>
    <time>2026-05-21T06:06:39Z</time>
   </trkpt>
   <trkpt lat="48.6695270" lon="-2.9285920">
    <ele>67.8</ele>
    <time>2026-05-21T06:06:40Z</time>
   </trkpt>
   <trkpt lat="48.6695530" lon="-2.9286440">
    <ele>68.1</ele>
    <time>2026-05-21T06:06:41Z</time>
   </trkpt>
   <trkpt lat="48.6695790" lon="-2.9286940">
    <ele>68.3</ele>
    <time>2026-05-21T06:06:42Z</time>
   </trkpt>
   <trkpt lat="48.6696030" lon="-2.9287470">
    <ele>68.5</ele>
    <time>2026-05-21T06:06:43Z</time>
   </trkpt>
   <trkpt lat="48.6696240" lon="-2.9287990">
    <ele>68.7</ele>
    <time>2026-05-21T06:06:44Z</time>
   </trkpt>
   <trkpt lat="48.6696490" lon="-2.9288510">
    <ele>68.9</ele>
    <time>2026-05-21T06:06:45Z</time>
   </trkpt>
   <trkpt lat="48.6696710" lon="-2.9289040">
    <ele>69.1</ele>
    <time>2026-05-21T06:06:46Z</time>
   </trkpt>
   <trkpt lat="48.6696940" lon="-2.9289580">
    <ele>69.3</ele>
    <time>2026-05-21T06:06:47Z</time>
   </trkpt>
   <trkpt lat="48.6697160" lon="-2.9290120">
    <ele>69.5</ele>
    <time>2026-05-21T06:06:48Z</time>
   </trkpt>
   <trkpt lat="48.6697400" lon="-2.9290660">
    <ele>69.7</ele>
    <time>2026-05-21T06:06:49Z</time>
   </trkpt>
   <trkpt lat="48.6697610" lon="-2.9291210">
    <ele>69.9</ele>
    <time>2026-05-21T06:06:50Z</time>
   </trkpt>
   <trkpt lat="48.6697850" lon="-2.9291730">
    <ele>70.1</ele>
    <time>2026-05-21T06:06:51Z</time>
   </trkpt>
   <trkpt lat="48.6698100" lon="-2.9292250">
    <ele>70.3</ele>
    <time>2026-05-21T06:06:52Z</time>
   </trkpt>
   <trkpt lat="48.6698330" lon="-2.9292790">
    <ele>70.6</ele>
    <time>2026-05-21T06:06:53Z</time>
   </trkpt>
   <trkpt lat="48.6698560" lon="-2.9293330">
    <ele>70.8</ele>
    <time>2026-05-21T06:06:54Z</time>
   </trkpt>
   <trkpt lat="48.6698800" lon="-2.9293840">
    <ele>71.0</ele>
    <time>2026-05-21T06:06:55Z</time>
   </trkpt>
   <trkpt lat="48.6699030" lon="-2.9294360">
    <ele>71.2</ele>
    <time>2026-05-21T06:06:56Z</time>
   </trkpt>
   <trkpt lat="48.6699240" lon="-2.9294900">
    <ele>71.4</ele>
    <time>2026-05-21T06:06:57Z</time>
   </trkpt>
   <trkpt lat="48.6699490" lon="-2.9295400">
    <ele>71.6</ele>
    <time>2026-05-21T06:06:58Z</time>
   </trkpt>
   <trkpt lat="48.6699740" lon="-2.9295900">
    <ele>71.8</ele>
    <time>2026-05-21T06:06:59Z</time>
   </trkpt>
   <trkpt lat="48.6699960" lon="-2.9296440">
    <ele>72.0</ele>
    <time>2026-05-21T06:07:00Z</time>
   </trkpt>
   <trkpt lat="48.6700190" lon="-2.9296940">
    <ele>72.1</ele>
    <time>2026-05-21T06:07:01Z</time>
   </trkpt>
   <trkpt lat="48.6700430" lon="-2.9297440">
    <ele>72.3</ele>
    <time>2026-05-21T06:07:02Z</time>
   </trkpt>
   <trkpt lat="48.6700680" lon="-2.9297950">
    <ele>72.5</ele>
    <time>2026-05-21T06:07:03Z</time>
   </trkpt>
   <trkpt lat="48.6700930" lon="-2.9298450">
    <ele>72.7</ele>
    <time>2026-05-21T06:07:04Z</time>
   </trkpt>
   <trkpt lat="48.6701200" lon="-2.9298960">
    <ele>72.9</ele>
    <time>2026-05-21T06:07:05Z</time>
   </trkpt>
   <trkpt lat="48.6701480" lon="-2.9299440">
    <ele>73.0</ele>
    <time>2026-05-21T06:07:06Z</time>
   </trkpt>
   <trkpt lat="48.6701770" lon="-2.9299910">
    <ele>73.2</ele>
    <time>2026-05-21T06:07:07Z</time>
   </trkpt>
   <trkpt lat="48.6702070" lon="-2.9300380">
    <ele>73.4</ele>
    <time>2026-05-21T06:07:08Z</time>
   </trkpt>
   <trkpt lat="48.6702350" lon="-2.9300860">
    <ele>73.6</ele>
    <time>2026-05-21T06:07:09Z</time>
   </trkpt>
   <trkpt lat="48.6702640" lon="-2.9301330">
    <ele>73.7</ele>
    <time>2026-05-21T06:07:10Z</time>
   </trkpt>
   <trkpt lat="48.6702900" lon="-2.9301830">
    <ele>73.9</ele>
    <time>2026-05-21T06:07:11Z</time>
   </trkpt>
   <trkpt lat="48.6703210" lon="-2.9302270">
    <ele>74.0</ele>
    <time>2026-05-21T06:07:12Z</time>
   </trkpt>
   <trkpt lat="48.6703510" lon="-2.9302710">
    <ele>74.1</ele>
    <time>2026-05-21T06:07:13Z</time>
   </trkpt>
   <trkpt lat="48.6703790" lon="-2.9303170">
    <ele>74.2</ele>
    <time>2026-05-21T06:07:14Z</time>
   </trkpt>
   <trkpt lat="48.6704090" lon="-2.9303610">
    <ele>74.4</ele>
    <time>2026-05-21T06:07:15Z</time>
   </trkpt>
   <trkpt lat="48.6704410" lon="-2.9304020">
    <ele>74.5</ele>
    <time>2026-05-21T06:07:16Z</time>
   </trkpt>
   <trkpt lat="48.6704710" lon="-2.9304450">
    <ele>74.6</ele>
    <time>2026-05-21T06:07:17Z</time>
   </trkpt>
   <trkpt lat="48.6705030" lon="-2.9304860">
    <ele>74.8</ele>
    <time>2026-05-21T06:07:18Z</time>
   </trkpt>
   <trkpt lat="48.6705350" lon="-2.9305250">
    <ele>74.9</ele>
    <time>2026-05-21T06:07:19Z</time>
   </trkpt>
   <trkpt lat="48.6705680" lon="-2.9305660">
    <ele>75.1</ele>
    <time>2026-05-21T06:07:20Z</time>
   </trkpt>
   <trkpt lat="48.6706000" lon="-2.9306060">
    <ele>75.2</ele>
    <time>2026-05-21T06:07:21Z</time>
   </trkpt>
   <trkpt lat="48.6706330" lon="-2.9306420">
    <ele>75.4</ele>
    <time>2026-05-21T06:07:22Z</time>
   </trkpt>
   <trkpt lat="48.6706660" lon="-2.9306800">
    <ele>75.6</ele>
    <time>2026-05-21T06:07:23Z</time>
   </trkpt>
   <trkpt lat="48.6706980" lon="-2.9307190">
    <ele>75.7</ele>
    <time>2026-05-21T06:07:24Z</time>
   </trkpt>
   <trkpt lat="48.6707320" lon="-2.9307550">
    <ele>75.9</ele>
    <time>2026-05-21T06:07:25Z</time>
   </trkpt>
   <trkpt lat="48.6707670" lon="-2.9307890">
    <ele>76.0</ele>
    <time>2026-05-21T06:07:26Z</time>
   </trkpt>
   <trkpt lat="48.6708030" lon="-2.9308260">
    <ele>76.2</ele>
    <time>2026-05-21T06:07:27Z</time>
   </trkpt>
   <trkpt lat="48.6708390" lon="-2.9308630">
    <ele>76.4</ele>
    <time>2026-05-21T06:07:28Z</time>
   </trkpt>
   <trkpt lat="48.6708750" lon="-2.9309000">
    <ele>76.6</ele>
    <time>2026-05-21T06:07:29Z</time>
   </trkpt>
   <trkpt lat="48.6709120" lon="-2.9309350">
    <ele>76.8</ele>
    <time>2026-05-21T06:07:30Z</time>
   </trkpt>
   <trkpt lat="48.6709510" lon="-2.9309690">
    <ele>77.0</ele>
    <time>2026-05-21T06:07:31Z</time>
   </trkpt>
   <trkpt lat="48.6709880" lon="-2.9310030">
    <ele>77.1</ele>
    <time>2026-05-21T06:07:32Z</time>
   </trkpt>
   <trkpt lat="48.6710280" lon="-2.9310340">
    <ele>77.3</ele>
    <time>2026-05-21T06:07:33Z</time>
   </trkpt>
   <trkpt lat="48.6710660" lon="-2.9310640">
    <ele>77.5</ele>
    <time>2026-05-21T06:07:34Z</time>
   </trkpt>
   <trkpt lat="48.6711050" lon="-2.9310960">
    <ele>77.7</ele>
    <time>2026-05-21T06:07:35Z</time>
   </trkpt>
   <trkpt lat="48.6711460" lon="-2.9311260">
    <ele>77.9</ele>
    <time>2026-05-21T06:07:36Z</time>
   </trkpt>
   <trkpt lat="48.6711850" lon="-2.9311560">
    <ele>78.0</ele>
    <time>2026-05-21T06:07:37Z</time>
   </trkpt>
   <trkpt lat="48.6712250" lon="-2.9311830">
    <ele>78.2</ele>
    <time>2026-05-21T06:07:38Z</time>
   </trkpt>
   <trkpt lat="48.6712650" lon="-2.9312090">
    <ele>78.4</ele>
    <time>2026-05-21T06:07:39Z</time>
   </trkpt>
   <trkpt lat="48.6713040" lon="-2.9312370">
    <ele>78.6</ele>
    <time>2026-05-21T06:07:40Z</time>
   </trkpt>
   <trkpt lat="48.6713430" lon="-2.9312600">
    <ele>78.8</ele>
    <time>2026-05-21T06:07:41Z</time>
   </trkpt>
   <trkpt lat="48.6713820" lon="-2.9312820">
    <ele>78.9</ele>
    <time>2026-05-21T06:07:42Z</time>
   </trkpt>
   <trkpt lat="48.6714200" lon="-2.9313050">
    <ele>79.1</ele>
    <time>2026-05-21T06:07:43Z</time>
   </trkpt>
   <trkpt lat="48.6714580" lon="-2.9313270">
    <ele>79.2</ele>
    <time>2026-05-21T06:07:44Z</time>
   </trkpt>
   <trkpt lat="48.6714970" lon="-2.9313490">
    <ele>79.4</ele>
    <time>2026-05-21T06:07:45Z</time>
   </trkpt>
   <trkpt lat="48.6715340" lon="-2.9313710">
    <ele>79.5</ele>
    <time>2026-05-21T06:07:46Z</time>
   </trkpt>
   <trkpt lat="48.6715740" lon="-2.9313900">
    <ele>79.7</ele>
    <time>2026-05-21T06:07:47Z</time>
   </trkpt>
   <trkpt lat="48.6716140" lon="-2.9314100">
    <ele>79.8</ele>
    <time>2026-05-21T06:07:48Z</time>
   </trkpt>
   <trkpt lat="48.6716560" lon="-2.9314310">
    <ele>80.0</ele>
    <time>2026-05-21T06:07:49Z</time>
   </trkpt>
   <trkpt lat="48.6716980" lon="-2.9314490">
    <ele>80.1</ele>
    <time>2026-05-21T06:07:50Z</time>
   </trkpt>
   <trkpt lat="48.6717390" lon="-2.9314670">
    <ele>80.2</ele>
    <time>2026-05-21T06:07:51Z</time>
   </trkpt>
   <trkpt lat="48.6717820" lon="-2.9314830">
    <ele>80.4</ele>
    <time>2026-05-21T06:07:52Z</time>
   </trkpt>
   <trkpt lat="48.6718230" lon="-2.9315000">
    <ele>80.5</ele>
    <time>2026-05-21T06:07:53Z</time>
   </trkpt>
   <trkpt lat="48.6718640" lon="-2.9315150">
    <ele>80.6</ele>
    <time>2026-05-21T06:07:54Z</time>
   </trkpt>
   <trkpt lat="48.6719060" lon="-2.9315290">
    <ele>80.7</ele>
    <time>2026-05-21T06:07:55Z</time>
   </trkpt>
   <trkpt lat="48.6719490" lon="-2.9315410">
    <ele>80.8</ele>
    <time>2026-05-21T06:07:56Z</time>
   </trkpt>
   <trkpt lat="48.6719950" lon="-2.9315590">
    <ele>80.9</ele>
    <time>2026-05-21T06:07:57Z</time>
   </trkpt>
   <trkpt lat="48.6720440" lon="-2.9315720">
    <ele>81.0</ele>
    <time>2026-05-21T06:07:58Z</time>
   </trkpt>
   <trkpt lat="48.6720920" lon="-2.9315840">
    <ele>81.0</ele>
    <time>2026-05-21T06:07:59Z</time>
   </trkpt>
   <trkpt lat="48.6721400" lon="-2.9315950">
    <ele>81.1</ele>
    <time>2026-05-21T06:08:00Z</time>
   </trkpt>
   <trkpt lat="48.6721920" lon="-2.9316020">
    <ele>81.1</ele>
    <time>2026-05-21T06:08:01Z</time>
   </trkpt>
   <trkpt lat="48.6722420" lon="-2.9316130">
    <ele>81.2</ele>
    <time>2026-05-21T06:08:02Z</time>
   </trkpt>
   <trkpt lat="48.6722900" lon="-2.9316230">
    <ele>81.2</ele>
    <time>2026-05-21T06:08:03Z</time>
   </trkpt>
   <trkpt lat="48.6723410" lon="-2.9316230">
    <ele>81.2</ele>
    <time>2026-05-21T06:08:04Z</time>
   </trkpt>
   <trkpt lat="48.6723920" lon="-2.9316270">
    <ele>81.3</ele>
    <time>2026-05-21T06:08:05Z</time>
   </trkpt>
   <trkpt lat="48.6724430" lon="-2.9316290">
    <ele>81.3</ele>
    <time>2026-05-21T06:08:06Z</time>
   </trkpt>
   <trkpt lat="48.6724960" lon="-2.9316240">
    <ele>81.3</ele>
    <time>2026-05-21T06:08:07Z</time>
   </trkpt>
   <trkpt lat="48.6725500" lon="-2.9316280">
    <ele>81.3</ele>
    <time>2026-05-21T06:08:08Z</time>
   </trkpt>
   <trkpt lat="48.6726030" lon="-2.9316290">
    <ele>81.4</ele>
    <time>2026-05-21T06:08:09Z</time>
   </trkpt>
   <trkpt lat="48.6726510" lon="-2.9316260">
    <ele>81.4</ele>
    <time>2026-05-21T06:08:10Z</time>
   </trkpt>
   <trkpt lat="48.6727030" lon="-2.9316210">
    <ele>81.4</ele>
    <time>2026-05-21T06:08:11Z</time>
   </trkpt>
   <trkpt lat="48.6727570" lon="-2.9316170">
    <ele>81.4</ele>
    <time>2026-05-21T06:08:12Z</time>
   </trkpt>
   <trkpt lat="48.6728140" lon="-2.9316150">
    <ele>81.5</ele>
    <time>2026-05-21T06:08:13Z</time>
   </trkpt>
   <trkpt lat="48.6728690" lon="-2.9316120">
    <ele>81.5</ele>
    <time>2026-05-21T06:08:14Z</time>
   </trkpt>
   <trkpt lat="48.6729250" lon="-2.9316060">
    <ele>81.5</ele>
    <time>2026-05-21T06:08:15Z</time>
   </trkpt>
   <trkpt lat="48.6729830" lon="-2.9316010">
    <ele>81.5</ele>
    <time>2026-05-21T06:08:16Z</time>
   </trkpt>
   <trkpt lat="48.6730390" lon="-2.9316020">
    <ele>81.6</ele>
    <time>2026-05-21T06:08:17Z</time>
   </trkpt>
   <trkpt lat="48.6730970" lon="-2.9316010">
    <ele>81.6</ele>
    <time>2026-05-21T06:08:18Z</time>
   </trkpt>
   <trkpt lat="48.6731550" lon="-2.9315970">
    <ele>81.7</ele>
    <time>2026-05-21T06:08:19Z</time>
   </trkpt>
   <trkpt lat="48.6732120" lon="-2.9315920">
    <ele>81.8</ele>
    <time>2026-05-21T06:08:20Z</time>
   </trkpt>
   <trkpt lat="48.6732690" lon="-2.9315880">
    <ele>81.9</ele>
    <time>2026-05-21T06:08:21Z</time>
   </trkpt>
   <trkpt lat="48.6733260" lon="-2.9315870">
    <ele>82.0</ele>
    <time>2026-05-21T06:08:22Z</time>
   </trkpt>
   <trkpt lat="48.6733830" lon="-2.9315820">
    <ele>82.1</ele>
    <time>2026-05-21T06:08:23Z</time>
   </trkpt>
   <trkpt lat="48.6734380" lon="-2.9315820">
    <ele>82.2</ele>
    <time>2026-05-21T06:08:24Z</time>
   </trkpt>
   <trkpt lat="48.6734950" lon="-2.9315810">
    <ele>82.3</ele>
    <time>2026-05-21T06:08:25Z</time>
   </trkpt>
   <trkpt lat="48.6735500" lon="-2.9315800">
    <ele>82.5</ele>
    <time>2026-05-21T06:08:26Z</time>
   </trkpt>
   <trkpt lat="48.6736030" lon="-2.9315780">
    <ele>82.7</ele>
    <time>2026-05-21T06:08:27Z</time>
   </trkpt>
   <trkpt lat="48.6736570" lon="-2.9315750">
    <ele>82.8</ele>
    <time>2026-05-21T06:08:28Z</time>
   </trkpt>
   <trkpt lat="48.6737080" lon="-2.9315710">
    <ele>83.0</ele>
    <time>2026-05-21T06:08:29Z</time>
   </trkpt>
   <trkpt lat="48.6737580" lon="-2.9315700">
    <ele>83.2</ele>
    <time>2026-05-21T06:08:30Z</time>
   </trkpt>
   <trkpt lat="48.6738030" lon="-2.9315640">
    <ele>83.4</ele>
    <time>2026-05-21T06:08:31Z</time>
   </trkpt>
   <trkpt lat="48.6738480" lon="-2.9315630">
    <ele>83.6</ele>
    <time>2026-05-21T06:08:32Z</time>
   </trkpt>
   <trkpt lat="48.6739000" lon="-2.9315650">
    <ele>83.8</ele>
    <time>2026-05-21T06:08:33Z</time>
   </trkpt>
   <trkpt lat="48.6739520" lon="-2.9315620">
    <ele>84.1</ele>
    <time>2026-05-21T06:08:34Z</time>
   </trkpt>
   <trkpt lat="48.6740040" lon="-2.9315580">
    <ele>84.3</ele>
    <time>2026-05-21T06:08:35Z</time>
   </trkpt>
   <trkpt lat="48.6740590" lon="-2.9315570">
    <ele>84.3</ele>
    <time>2026-05-21T06:08:36Z</time>
   </trkpt>
   <trkpt lat="48.6741110" lon="-2.9315530">
    <ele>84.4</ele>
    <time>2026-05-21T06:08:37Z</time>
   </trkpt>
   <trkpt lat="48.6741630" lon="-2.9315520">
    <ele>84.6</ele>
    <time>2026-05-21T06:08:38Z</time>
   </trkpt>
   <trkpt lat="48.6742140" lon="-2.9315600">
    <ele>84.9</ele>
    <time>2026-05-21T06:08:39Z</time>
   </trkpt>
   <trkpt lat="48.6742640" lon="-2.9315700">
    <ele>85.1</ele>
    <time>2026-05-21T06:08:40Z</time>
   </trkpt>
   <trkpt lat="48.6743140" lon="-2.9315800">
    <ele>85.3</ele>
    <time>2026-05-21T06:08:41Z</time>
   </trkpt>
   <trkpt lat="48.6743620" lon="-2.9315910">
    <ele>85.5</ele>
    <time>2026-05-21T06:08:42Z</time>
   </trkpt>
   <trkpt lat="48.6744110" lon="-2.9316080">
    <ele>85.7</ele>
    <time>2026-05-21T06:08:43Z</time>
   </trkpt>
   <trkpt lat="48.6744580" lon="-2.9316260">
    <ele>86.0</ele>
    <time>2026-05-21T06:08:44Z</time>
   </trkpt>
   <trkpt lat="48.6745050" lon="-2.9316410">
    <ele>86.2</ele>
    <time>2026-05-21T06:08:45Z</time>
   </trkpt>
   <trkpt lat="48.6745530" lon="-2.9316500">
    <ele>86.4</ele>
    <time>2026-05-21T06:08:46Z</time>
   </trkpt>
   <trkpt lat="48.6745980" lon="-2.9316600">
    <ele>86.7</ele>
    <time>2026-05-21T06:08:47Z</time>
   </trkpt>
   <trkpt lat="48.6746450" lon="-2.9316740">
    <ele>86.9</ele>
    <time>2026-05-21T06:08:48Z</time>
   </trkpt>
   <trkpt lat="48.6746910" lon="-2.9316810">
    <ele>87.1</ele>
    <time>2026-05-21T06:08:49Z</time>
   </trkpt>
   <trkpt lat="48.6747390" lon="-2.9316860">
    <ele>87.4</ele>
    <time>2026-05-21T06:08:50Z</time>
   </trkpt>
   <trkpt lat="48.6747860" lon="-2.9316880">
    <ele>87.6</ele>
    <time>2026-05-21T06:08:51Z</time>
   </trkpt>
   <trkpt lat="48.6748330" lon="-2.9316880">
    <ele>87.9</ele>
    <time>2026-05-21T06:08:52Z</time>
   </trkpt>
   <trkpt lat="48.6748780" lon="-2.9316810">
    <ele>88.2</ele>
    <time>2026-05-21T06:08:53Z</time>
   </trkpt>
   <trkpt lat="48.6749220" lon="-2.9316670">
    <ele>88.4</ele>
    <time>2026-05-21T06:08:54Z</time>
   </trkpt>
   <trkpt lat="48.6749660" lon="-2.9316590">
    <ele>88.7</ele>
    <time>2026-05-21T06:08:55Z</time>
   </trkpt>
   <trkpt lat="48.6750070" lon="-2.9316480">
    <ele>88.9</ele>
    <time>2026-05-21T06:08:56Z</time>
   </trkpt>
   <trkpt lat="48.6750530" lon="-2.9316330">
    <ele>89.0</ele>
    <time>2026-05-21T06:08:57Z</time>
   </trkpt>
   <trkpt lat="48.6750960" lon="-2.9316180">
    <ele>89.2</ele>
    <time>2026-05-21T06:08:58Z</time>
   </trkpt>
   <trkpt lat="48.6751440" lon="-2.9316040">
    <ele>89.4</ele>
    <time>2026-05-21T06:08:59Z</time>
   </trkpt>
   <trkpt lat="48.6751900" lon="-2.9315880">
    <ele>89.6</ele>
    <time>2026-05-21T06:09:00Z</time>
   </trkpt>
   <trkpt lat="48.6752400" lon="-2.9315660">
    <ele>89.9</ele>
    <time>2026-05-21T06:09:01Z</time>
   </trkpt>
   <trkpt lat="48.6752840" lon="-2.9315440">
    <ele>90.2</ele>
    <time>2026-05-21T06:09:02Z</time>
   </trkpt>
   <trkpt lat="48.6753250" lon="-2.9315230">
    <ele>90.5</ele>
    <time>2026-05-21T06:09:03Z</time>
   </trkpt>
   <trkpt lat="48.6753650" lon="-2.9314960">
    <ele>90.8</ele>
    <time>2026-05-21T06:09:04Z</time>
   </trkpt>
   <trkpt lat="48.6754050" lon="-2.9314680">
    <ele>91.1</ele>
    <time>2026-05-21T06:09:05Z</time>
   </trkpt>
   <trkpt lat="48.6754420" lon="-2.9314470">
    <ele>91.3</ele>
    <time>2026-05-21T06:09:06Z</time>
   </trkpt>
   <trkpt lat="48.6754760" lon="-2.9314240">
    <ele>91.5</ele>
    <time>2026-05-21T06:09:07Z</time>
   </trkpt>
   <trkpt lat="48.6755090" lon="-2.9313970">
    <ele>91.7</ele>
    <time>2026-05-21T06:09:08Z</time>
   </trkpt>
   <trkpt lat="48.6755400" lon="-2.9313600">
    <ele>91.8</ele>
    <time>2026-05-21T06:09:09Z</time>
   </trkpt>
   <trkpt lat="48.6755590" lon="-2.9313080">
    <ele>92.0</ele>
    <time>2026-05-21T06:09:10Z</time>
   </trkpt>
   <trkpt lat="48.6755750" lon="-2.9312510">
    <ele>92.0</ele>
    <time>2026-05-21T06:09:11Z</time>
   </trkpt>
   <trkpt lat="48.6756050" lon="-2.9312050">
    <ele>92.1</ele>
    <time>2026-05-21T06:09:12Z</time>
   </trkpt>
   <trkpt lat="48.6756460" lon="-2.9311700">
    <ele>92.2</ele>
    <time>2026-05-21T06:09:13Z</time>
   </trkpt>
   <trkpt lat="48.6756870" lon="-2.9311480">
    <ele>92.4</ele>
    <time>2026-05-21T06:09:14Z</time>
   </trkpt>
   <trkpt lat="48.6757330" lon="-2.9311500">
    <ele>92.7</ele>
    <time>2026-05-21T06:09:15Z</time>
   </trkpt>
   <trkpt lat="48.6757770" lon="-2.9311710">
    <ele>92.9</ele>
    <time>2026-05-21T06:09:16Z</time>
   </trkpt>
   <trkpt lat="48.6758150" lon="-2.9311980">
    <ele>93.0</ele>
    <time>2026-05-21T06:09:17Z</time>
   </trkpt>
   <trkpt lat="48.6758560" lon="-2.9312130">
    <ele>93.0</ele>
    <time>2026-05-21T06:09:18Z</time>
   </trkpt>
   <trkpt lat="48.6758990" lon="-2.9312140">
    <ele>93.1</ele>
    <time>2026-05-21T06:09:19Z</time>
   </trkpt>
   <trkpt lat="48.6759390" lon="-2.9312000">
    <ele>93.2</ele>
    <time>2026-05-21T06:09:20Z</time>
   </trkpt>
   <trkpt lat="48.6759770" lon="-2.9311880">
    <ele>93.3</ele>
    <time>2026-05-21T06:09:21Z</time>
   </trkpt>
   <trkpt lat="48.6760270" lon="-2.9311670">
    <ele>93.4</ele>
    <time>2026-05-21T06:09:22Z</time>
   </trkpt>
   <trkpt lat="48.6760710" lon="-2.9311510">
    <ele>93.5</ele>
    <time>2026-05-21T06:09:23Z</time>
   </trkpt>
   <trkpt lat="48.6761060" lon="-2.9311300">
    <ele>93.6</ele>
    <time>2026-05-21T06:09:24Z</time>
   </trkpt>
   <trkpt lat="48.6761460" lon="-2.9311190">
    <ele>93.7</ele>
    <time>2026-05-21T06:09:25Z</time>
   </trkpt>
   <trkpt lat="48.6761850" lon="-2.9311120">
    <ele>93.8</ele>
    <time>2026-05-21T06:09:26Z</time>
   </trkpt>
   <trkpt lat="48.6762260" lon="-2.9311050">
    <ele>93.9</ele>
    <time>2026-05-21T06:09:27Z</time>
   </trkpt>
   <trkpt lat="48.6762670" lon="-2.9311070">
    <ele>94.0</ele>
    <time>2026-05-21T06:09:28Z</time>
   </trkpt>
   <trkpt lat="48.6763100" lon="-2.9311050">
    <ele>94.2</ele>
    <time>2026-05-21T06:09:29Z</time>
   </trkpt>
   <trkpt lat="48.6763450" lon="-2.9311050">
    <ele>94.3</ele>
    <time>2026-05-21T06:09:30Z</time>
   </trkpt>
   <trkpt lat="48.6763870" lon="-2.9310990">
    <ele>94.5</ele>
    <time>2026-05-21T06:09:31Z</time>
   </trkpt>
   <trkpt lat="48.6764280" lon="-2.9310920">
    <ele>94.6</ele>
    <time>2026-05-21T06:09:32Z</time>
   </trkpt>
   <trkpt lat="48.6764700" lon="-2.9310890">
    <ele>94.8</ele>
    <time>2026-05-21T06:09:33Z</time>
   </trkpt>
   <trkpt lat="48.6765070" lon="-2.9310920">
    <ele>94.9</ele>
    <time>2026-05-21T06:09:34Z</time>
   </trkpt>
   <trkpt lat="48.6765480" lon="-2.9310920">
    <ele>95.1</ele>
    <time>2026-05-21T06:09:35Z</time>
   </trkpt>
   <trkpt lat="48.6765890" lon="-2.9310940">
    <ele>95.2</ele>
    <time>2026-05-21T06:09:36Z</time>
   </trkpt>
   <trkpt lat="48.6766310" lon="-2.9310930">
    <ele>95.4</ele>
    <time>2026-05-21T06:09:37Z</time>
   </trkpt>
   <trkpt lat="48.6766660" lon="-2.9310940">
    <ele>95.5</ele>
    <time>2026-05-21T06:09:38Z</time>
   </trkpt>
   <trkpt lat="48.6767060" lon="-2.9310940">
    <ele>95.7</ele>
    <time>2026-05-21T06:09:39Z</time>
   </trkpt>
   <trkpt lat="48.6767470" lon="-2.9310890">
    <ele>95.8</ele>
    <time>2026-05-21T06:09:40Z</time>
   </trkpt>
   <trkpt lat="48.6767850" lon="-2.9310890">
    <ele>96.0</ele>
    <time>2026-05-21T06:09:41Z</time>
   </trkpt>
   <trkpt lat="48.6768240" lon="-2.9310850">
    <ele>96.1</ele>
    <time>2026-05-21T06:09:42Z</time>
   </trkpt>
   <trkpt lat="48.6768650" lon="-2.9310880">
    <ele>96.3</ele>
    <time>2026-05-21T06:09:43Z</time>
   </trkpt>
   <trkpt lat="48.6769070" lon="-2.9310820">
    <ele>96.5</ele>
    <time>2026-05-21T06:09:44Z</time>
   </trkpt>
   <trkpt lat="48.6769480" lon="-2.9310780">
    <ele>96.7</ele>
    <time>2026-05-21T06:09:45Z</time>
   </trkpt>
   <trkpt lat="48.6769880" lon="-2.9310740">
    <ele>96.8</ele>
    <time>2026-05-21T06:09:46Z</time>
   </trkpt>
   <trkpt lat="48.6770300" lon="-2.9310700">
    <ele>97.0</ele>
    <time>2026-05-21T06:09:47Z</time>
   </trkpt>
   <trkpt lat="48.6770740" lon="-2.9310700">
    <ele>97.2</ele>
    <time>2026-05-21T06:09:48Z</time>
   </trkpt>
   <trkpt lat="48.6771190" lon="-2.9310680">
    <ele>97.4</ele>
    <time>2026-05-21T06:09:49Z</time>
   </trkpt>
   <trkpt lat="48.6771620" lon="-2.9310680">
    <ele>97.6</ele>
    <time>2026-05-21T06:09:50Z</time>
   </trkpt>
   <trkpt lat="48.6772020" lon="-2.9310720">
    <ele>97.7</ele>
    <time>2026-05-21T06:09:51Z</time>
   </trkpt>
   <trkpt lat="48.6772420" lon="-2.9310700">
    <ele>97.9</ele>
    <time>2026-05-21T06:09:52Z</time>
   </trkpt>
   <trkpt lat="48.6772870" lon="-2.9310640">
    <ele>98.1</ele>
    <time>2026-05-21T06:09:53Z</time>
   </trkpt>
   <trkpt lat="48.6773270" lon="-2.9310580">
    <ele>98.3</ele>
    <time>2026-05-21T06:09:54Z</time>
   </trkpt>
   <trkpt lat="48.6773710" lon="-2.9310590">
    <ele>98.5</ele>
    <time>2026-05-21T06:09:55Z</time>
   </trkpt>
   <trkpt lat="48.6774120" lon="-2.9310580">
    <ele>98.7</ele>
    <time>2026-05-21T06:09:56Z</time>
   </trkpt>
   <trkpt lat="48.6774560" lon="-2.9310550">
    <ele>98.8</ele>
    <time>2026-05-21T06:09:57Z</time>
   </trkpt>
   <trkpt lat="48.6774950" lon="-2.9310580">
    <ele>99.0</ele>
    <time>2026-05-21T06:09:58Z</time>
   </trkpt>
   <trkpt lat="48.6775390" lon="-2.9310550">
    <ele>99.2</ele>
    <time>2026-05-21T06:09:59Z</time>
   </trkpt>
   <trkpt lat="48.6775810" lon="-2.9310480">
    <ele>99.3</ele>
    <time>2026-05-21T06:10:00Z</time>
   </trkpt>
   <trkpt lat="48.6776230" lon="-2.9310470">
    <ele>99.5</ele>
    <time>2026-05-21T06:10:01Z</time>
   </trkpt>
   <trkpt lat="48.6776640" lon="-2.9310470">
    <ele>99.7</ele>
    <time>2026-05-21T06:10:02Z</time>
   </trkpt>
   <trkpt lat="48.6777060" lon="-2.9310420">
    <ele>99.9</ele>
    <time>2026-05-21T06:10:03Z</time>
   </trkpt>
   <trkpt lat="48.6777470" lon="-2.9310400">
    <ele>100.0</ele>
    <time>2026-05-21T06:10:04Z</time>
   </trkpt>
   <trkpt lat="48.6777920" lon="-2.9310370">
    <ele>100.2</ele>
    <time>2026-05-21T06:10:05Z</time>
   </trkpt>
   <trkpt lat="48.6778330" lon="-2.9310350">
    <ele>100.3</ele>
    <time>2026-05-21T06:10:06Z</time>
   </trkpt>
   <trkpt lat="48.6778730" lon="-2.9310290">
    <ele>100.4</ele>
    <time>2026-05-21T06:10:07Z</time>
   </trkpt>
   <trkpt lat="48.6779180" lon="-2.9310230">
    <ele>100.5</ele>
    <time>2026-05-21T06:10:08Z</time>
   </trkpt>
   <trkpt lat="48.6779570" lon="-2.9310240">
    <ele>100.6</ele>
    <time>2026-05-21T06:10:09Z</time>
   </trkpt>
   <trkpt lat="48.6779990" lon="-2.9310250">
    <ele>100.7</ele>
    <time>2026-05-21T06:10:10Z</time>
   </trkpt>
   <trkpt lat="48.6780410" lon="-2.9310210">
    <ele>100.8</ele>
    <time>2026-05-21T06:10:11Z</time>
   </trkpt>
   <trkpt lat="48.6780840" lon="-2.9310220">
    <ele>100.9</ele>
    <time>2026-05-21T06:10:12Z</time>
   </trkpt>
   <trkpt lat="48.6781230" lon="-2.9310240">
    <ele>101.0</ele>
    <time>2026-05-21T06:10:13Z</time>
   </trkpt>
   <trkpt lat="48.6781670" lon="-2.9310200">
    <ele>101.0</ele>
    <time>2026-05-21T06:10:14Z</time>
   </trkpt>
   <trkpt lat="48.6782080" lon="-2.9310180">
    <ele>101.1</ele>
    <time>2026-05-21T06:10:15Z</time>
   </trkpt>
   <trkpt lat="48.6782490" lon="-2.9310140">
    <ele>101.2</ele>
    <time>2026-05-21T06:10:16Z</time>
   </trkpt>
   <trkpt lat="48.6782930" lon="-2.9310100">
    <ele>101.3</ele>
    <time>2026-05-21T06:10:17Z</time>
   </trkpt>
   <trkpt lat="48.6783370" lon="-2.9310080">
    <ele>101.3</ele>
    <time>2026-05-21T06:10:18Z</time>
   </trkpt>
   <trkpt lat="48.6783770" lon="-2.9310080">
    <ele>101.4</ele>
    <time>2026-05-21T06:10:19Z</time>
   </trkpt>
   <trkpt lat="48.6784190" lon="-2.9310070">
    <ele>101.4</ele>
    <time>2026-05-21T06:10:20Z</time>
   </trkpt>
   <trkpt lat="48.6784600" lon="-2.9310090">
    <ele>101.5</ele>
    <time>2026-05-21T06:10:21Z</time>
   </trkpt>
   <trkpt lat="48.6785020" lon="-2.9310050">
    <ele>101.5</ele>
    <time>2026-05-21T06:10:22Z</time>
   </trkpt>
   <trkpt lat="48.6785480" lon="-2.9309990">
    <ele>101.5</ele>
    <time>2026-05-21T06:10:23Z</time>
   </trkpt>
   <trkpt lat="48.6785900" lon="-2.9309990">
    <ele>101.5</ele>
    <time>2026-05-21T06:10:24Z</time>
   </trkpt>
   <trkpt lat="48.6786350" lon="-2.9309930">
    <ele>101.5</ele>
    <time>2026-05-21T06:10:25Z</time>
   </trkpt>
   <trkpt lat="48.6786820" lon="-2.9309900">
    <ele>101.5</ele>
    <time>2026-05-21T06:10:26Z</time>
   </trkpt>
   <trkpt lat="48.6787300" lon="-2.9309900">
    <ele>101.4</ele>
    <time>2026-05-21T06:10:27Z</time>
   </trkpt>
   <trkpt lat="48.6787800" lon="-2.9309890">
    <ele>101.4</ele>
    <time>2026-05-21T06:10:28Z</time>
   </trkpt>
   <trkpt lat="48.6788280" lon="-2.9309880">
    <ele>101.4</ele>
    <time>2026-05-21T06:10:29Z</time>
   </trkpt>
   <trkpt lat="48.6788800" lon="-2.9309840">
    <ele>101.3</ele>
    <time>2026-05-21T06:10:30Z</time>
   </trkpt>
   <trkpt lat="48.6789320" lon="-2.9309790">
    <ele>101.3</ele>
    <time>2026-05-21T06:10:31Z</time>
   </trkpt>
   <trkpt lat="48.6789860" lon="-2.9309770">
    <ele>101.2</ele>
    <time>2026-05-21T06:10:32Z</time>
   </trkpt>
   <trkpt lat="48.6790390" lon="-2.9309760">
    <ele>101.1</ele>
    <time>2026-05-21T06:10:33Z</time>
   </trkpt>
   <trkpt lat="48.6790940" lon="-2.9309750">
    <ele>101.0</ele>
    <time>2026-05-21T06:10:34Z</time>
   </trkpt>
   <trkpt lat="48.6791540" lon="-2.9309700">
    <ele>100.8</ele>
    <time>2026-05-21T06:10:35Z</time>
   </trkpt>
   <trkpt lat="48.6792140" lon="-2.9309670">
    <ele>100.6</ele>
    <time>2026-05-21T06:10:37Z</time>
   </trkpt>
   <trkpt lat="48.6792780" lon="-2.9309610">
    <ele>100.4</ele>
    <time>2026-05-21T06:10:38Z</time>
   </trkpt>
   <trkpt lat="48.6793430" lon="-2.9309570">
    <ele>100.2</ele>
    <time>2026-05-21T06:10:39Z</time>
   </trkpt>
   <trkpt lat="48.6794100" lon="-2.9309540">
    <ele>99.9</ele>
    <time>2026-05-21T06:10:40Z</time>
   </trkpt>
   <trkpt lat="48.6794800" lon="-2.9309520">
    <ele>99.6</ele>
    <time>2026-05-21T06:10:41Z</time>
   </trkpt>
   <trkpt lat="48.6795500" lon="-2.9309540">
    <ele>99.3</ele>
    <time>2026-05-21T06:10:42Z</time>
   </trkpt>
   <trkpt lat="48.6796210" lon="-2.9309530">
    <ele>99.0</ele>
    <time>2026-05-21T06:10:43Z</time>
   </trkpt>
   <trkpt lat="48.6796950" lon="-2.9309440">
    <ele>98.7</ele>
    <time>2026-05-21T06:10:44Z</time>
   </trkpt>
   <trkpt lat="48.6797670" lon="-2.9309310">
    <ele>98.4</ele>
    <time>2026-05-21T06:10:45Z</time>
   </trkpt>
   <trkpt lat="48.6798420" lon="-2.9309220">
    <ele>98.0</ele>
    <time>2026-05-21T06:10:46Z</time>
   </trkpt>
   <trkpt lat="48.6799190" lon="-2.9309200">
    <ele>97.7</ele>
    <time>2026-05-21T06:10:47Z</time>
   </trkpt>
   <trkpt lat="48.6800000" lon="-2.9309160">
    <ele>97.3</ele>
    <time>2026-05-21T06:10:48Z</time>
   </trkpt>
   <trkpt lat="48.6800820" lon="-2.9309070">
    <ele>96.9</ele>
    <time>2026-05-21T06:10:49Z</time>
   </trkpt>
   <trkpt lat="48.6801650" lon="-2.9308940">
    <ele>96.6</ele>
    <time>2026-05-21T06:10:50Z</time>
   </trkpt>
   <trkpt lat="48.6803360" lon="-2.9308810">
    <ele>95.8</ele>
    <time>2026-05-21T06:10:51Z</time>
   </trkpt>
   <trkpt lat="48.6804220" lon="-2.9308740">
    <ele>95.4</ele>
    <time>2026-05-21T06:10:52Z</time>
   </trkpt>
   <trkpt lat="48.6805070" lon="-2.9308610">
    <ele>95.0</ele>
    <time>2026-05-21T06:10:53Z</time>
   </trkpt>
   <trkpt lat="48.6805950" lon="-2.9308470">
    <ele>94.6</ele>
    <time>2026-05-21T06:10:54Z</time>
   </trkpt>
   <trkpt lat="48.6806840" lon="-2.9308390">
    <ele>94.2</ele>
    <time>2026-05-21T06:10:55Z</time>
   </trkpt>
   <trkpt lat="48.6807750" lon="-2.9308340">
    <ele>94.0</ele>
    <time>2026-05-21T06:10:56Z</time>
   </trkpt>
   <trkpt lat="48.6808630" lon="-2.9308270">
    <ele>93.8</ele>
    <time>2026-05-21T06:10:57Z</time>
   </trkpt>
   <trkpt lat="48.6809580" lon="-2.9308120">
    <ele>93.5</ele>
    <time>2026-05-21T06:10:58Z</time>
   </trkpt>
   <trkpt lat="48.6810500" lon="-2.9308050">
    <ele>93.1</ele>
    <time>2026-05-21T06:10:59Z</time>
   </trkpt>
   <trkpt lat="48.6811430" lon="-2.9308000">
    <ele>92.8</ele>
    <time>2026-05-21T06:11:00Z</time>
   </trkpt>
   <trkpt lat="48.6812380" lon="-2.9307930">
    <ele>92.5</ele>
    <time>2026-05-21T06:11:01Z</time>
   </trkpt>
   <trkpt lat="48.6813430" lon="-2.9307820">
    <ele>92.1</ele>
    <time>2026-05-21T06:11:02Z</time>
   </trkpt>
   <trkpt lat="48.6814330" lon="-2.9307660">
    <ele>91.9</ele>
    <time>2026-05-21T06:11:03Z</time>
   </trkpt>
   <trkpt lat="48.6815290" lon="-2.9307540">
    <ele>91.8</ele>
    <time>2026-05-21T06:11:04Z</time>
   </trkpt>
   <trkpt lat="48.6816270" lon="-2.9307440">
    <ele>91.7</ele>
    <time>2026-05-21T06:11:05Z</time>
   </trkpt>
   <trkpt lat="48.6817230" lon="-2.9307370">
    <ele>91.5</ele>
    <time>2026-05-21T06:11:06Z</time>
   </trkpt>
   <trkpt lat="48.6818200" lon="-2.9307270">
    <ele>91.3</ele>
    <time>2026-05-21T06:11:07Z</time>
   </trkpt>
   <trkpt lat="48.6819160" lon="-2.9307150">
    <ele>91.1</ele>
    <time>2026-05-21T06:11:08Z</time>
   </trkpt>
   <trkpt lat="48.6820110" lon="-2.9307080">
    <ele>91.0</ele>
    <time>2026-05-21T06:11:09Z</time>
   </trkpt>
   <trkpt lat="48.6821070" lon="-2.9306990">
    <ele>90.9</ele>
    <time>2026-05-21T06:11:10Z</time>
   </trkpt>
   <trkpt lat="48.6822000" lon="-2.9306850">
    <ele>90.9</ele>
    <time>2026-05-21T06:11:11Z</time>
   </trkpt>
   <trkpt lat="48.6822920" lon="-2.9306640">
    <ele>91.0</ele>
    <time>2026-05-21T06:11:12Z</time>
   </trkpt>
   <trkpt lat="48.6823810" lon="-2.9306470">
    <ele>91.0</ele>
    <time>2026-05-21T06:11:13Z</time>
   </trkpt>
   <trkpt lat="48.6824700" lon="-2.9306360">
    <ele>91.1</ele>
    <time>2026-05-21T06:11:14Z</time>
   </trkpt>
   <trkpt lat="48.6825590" lon="-2.9306290">
    <ele>91.1</ele>
    <time>2026-05-21T06:11:15Z</time>
   </trkpt>
   <trkpt lat="48.6826460" lon="-2.9306220">
    <ele>91.1</ele>
    <time>2026-05-21T06:11:16Z</time>
   </trkpt>
   <trkpt lat="48.6827320" lon="-2.9306130">
    <ele>91.1</ele>
    <time>2026-05-21T06:11:17Z</time>
   </trkpt>
   <trkpt lat="48.6828140" lon="-2.9306010">
    <ele>91.1</ele>
    <time>2026-05-21T06:11:18Z</time>
   </trkpt>
   <trkpt lat="48.6828980" lon="-2.9305900">
    <ele>90.9</ele>
    <time>2026-05-21T06:11:19Z</time>
   </trkpt>
   <trkpt lat="48.6829840" lon="-2.9305850">
    <ele>90.7</ele>
    <time>2026-05-21T06:11:20Z</time>
   </trkpt>
   <trkpt lat="48.6830700" lon="-2.9305800">
    <ele>90.5</ele>
    <time>2026-05-21T06:11:21Z</time>
   </trkpt>
   <trkpt lat="48.6831610" lon="-2.9305800">
    <ele>90.3</ele>
    <time>2026-05-21T06:11:22Z</time>
   </trkpt>
   <trkpt lat="48.6832500" lon="-2.9305830">
    <ele>90.1</ele>
    <time>2026-05-21T06:11:23Z</time>
   </trkpt>
   <trkpt lat="48.6833390" lon="-2.9305860">
    <ele>90.0</ele>
    <time>2026-05-21T06:11:24Z</time>
   </trkpt>
   <trkpt lat="48.6834250" lon="-2.9305970">
    <ele>89.9</ele>
    <time>2026-05-21T06:11:25Z</time>
   </trkpt>
   <trkpt lat="48.6835160" lon="-2.9305970">
    <ele>89.8</ele>
    <time>2026-05-21T06:11:26Z</time>
   </trkpt>
   <trkpt lat="48.6836010" lon="-2.9306010">
    <ele>89.8</ele>
    <time>2026-05-21T06:11:27Z</time>
   </trkpt>
   <trkpt lat="48.6836910" lon="-2.9306040">
    <ele>89.7</ele>
    <time>2026-05-21T06:11:28Z</time>
   </trkpt>
   <trkpt lat="48.6837740" lon="-2.9306080">
    <ele>89.6</ele>
    <time>2026-05-21T06:11:29Z</time>
   </trkpt>
   <trkpt lat="48.6838580" lon="-2.9306130">
    <ele>89.6</ele>
    <time>2026-05-21T06:11:30Z</time>
   </trkpt>
   <trkpt lat="48.6839390" lon="-2.9306210">
    <ele>89.5</ele>
    <time>2026-05-21T06:11:31Z</time>
   </trkpt>
   <trkpt lat="48.6840250" lon="-2.9306290">
    <ele>89.5</ele>
    <time>2026-05-21T06:11:32Z</time>
   </trkpt>
   <trkpt lat="48.6841100" lon="-2.9306380">
    <ele>89.5</ele>
    <time>2026-05-21T06:11:33Z</time>
   </trkpt>
   <trkpt lat="48.6841900" lon="-2.9306370">
    <ele>89.5</ele>
    <time>2026-05-21T06:11:34Z</time>
   </trkpt>
   <trkpt lat="48.6842720" lon="-2.9306290">
    <ele>89.5</ele>
    <time>2026-05-21T06:11:35Z</time>
   </trkpt>
   <trkpt lat="48.6843560" lon="-2.9306250">
    <ele>89.6</ele>
    <time>2026-05-21T06:11:36Z</time>
   </trkpt>
   <trkpt lat="48.6844370" lon="-2.9306190">
    <ele>89.6</ele>
    <time>2026-05-21T06:11:37Z</time>
   </trkpt>
   <trkpt lat="48.6845170" lon="-2.9306160">
    <ele>89.7</ele>
    <time>2026-05-21T06:11:38Z</time>
   </trkpt>
   <trkpt lat="48.6845970" lon="-2.9306140">
    <ele>89.8</ele>
    <time>2026-05-21T06:11:39Z</time>
   </trkpt>
   <trkpt lat="48.6846740" lon="-2.9306140">
    <ele>89.9</ele>
    <time>2026-05-21T06:11:40Z</time>
   </trkpt>
   <trkpt lat="48.6847520" lon="-2.9306060">
    <ele>90.0</ele>
    <time>2026-05-21T06:11:41Z</time>
   </trkpt>
   <trkpt lat="48.6848280" lon="-2.9306040">
    <ele>90.2</ele>
    <time>2026-05-21T06:11:42Z</time>
   </trkpt>
   <trkpt lat="48.6849020" lon="-2.9306060">
    <ele>90.3</ele>
    <time>2026-05-21T06:11:43Z</time>
   </trkpt>
   <trkpt lat="48.6849710" lon="-2.9306040">
    <ele>90.3</ele>
    <time>2026-05-21T06:11:44Z</time>
   </trkpt>
   <trkpt lat="48.6850430" lon="-2.9306130">
    <ele>90.4</ele>
    <time>2026-05-21T06:11:45Z</time>
   </trkpt>
   <trkpt lat="48.6851200" lon="-2.9306130">
    <ele>90.4</ele>
    <time>2026-05-21T06:11:46Z</time>
   </trkpt>
   <trkpt lat="48.6851930" lon="-2.9306170">
    <ele>90.5</ele>
    <time>2026-05-21T06:11:47Z</time>
   </trkpt>
   <trkpt lat="48.6852690" lon="-2.9306230">
    <ele>90.5</ele>
    <time>2026-05-21T06:11:48Z</time>
   </trkpt>
   <trkpt lat="48.6853440" lon="-2.9306340">
    <ele>90.5</ele>
    <time>2026-05-21T06:11:49Z</time>
   </trkpt>
   <trkpt lat="48.6854180" lon="-2.9306440">
    <ele>90.5</ele>
    <time>2026-05-21T06:11:50Z</time>
   </trkpt>
   <trkpt lat="48.6854910" lon="-2.9306530">
    <ele>90.5</ele>
    <time>2026-05-21T06:11:51Z</time>
   </trkpt>
   <trkpt lat="48.6855660" lon="-2.9306560">
    <ele>90.5</ele>
    <time>2026-05-21T06:11:52Z</time>
   </trkpt>
   <trkpt lat="48.6856390" lon="-2.9306630">
    <ele>90.5</ele>
    <time>2026-05-21T06:11:53Z</time>
   </trkpt>
   <trkpt lat="48.6857130" lon="-2.9306730">
    <ele>90.5</ele>
    <time>2026-05-21T06:11:54Z</time>
   </trkpt>
   <trkpt lat="48.6857830" lon="-2.9306820">
    <ele>90.4</ele>
    <time>2026-05-21T06:11:55Z</time>
   </trkpt>
   <trkpt lat="48.6858530" lon="-2.9306910">
    <ele>90.3</ele>
    <time>2026-05-21T06:11:56Z</time>
   </trkpt>
   <trkpt lat="48.6859300" lon="-2.9306990">
    <ele>90.2</ele>
    <time>2026-05-21T06:11:57Z</time>
   </trkpt>
   <trkpt lat="48.6860080" lon="-2.9307090">
    <ele>90.0</ele>
    <time>2026-05-21T06:11:58Z</time>
   </trkpt>
   <trkpt lat="48.6860880" lon="-2.9307260">
    <ele>89.8</ele>
    <time>2026-05-21T06:11:59Z</time>
   </trkpt>
   <trkpt lat="48.6861710" lon="-2.9307330">
    <ele>89.7</ele>
    <time>2026-05-21T06:12:00Z</time>
   </trkpt>
   <trkpt lat="48.6862530" lon="-2.9307410">
    <ele>89.6</ele>
    <time>2026-05-21T06:12:01Z</time>
   </trkpt>
   <trkpt lat="48.6863350" lon="-2.9307540">
    <ele>89.5</ele>
    <time>2026-05-21T06:12:02Z</time>
   </trkpt>
   <trkpt lat="48.6864170" lon="-2.9307640">
    <ele>89.5</ele>
    <time>2026-05-21T06:12:03Z</time>
   </trkpt>
   <trkpt lat="48.6865000" lon="-2.9307750">
    <ele>89.4</ele>
    <time>2026-05-21T06:12:04Z</time>
   </trkpt>
   <trkpt lat="48.6865810" lon="-2.9307840">
    <ele>89.4</ele>
    <time>2026-05-21T06:12:05Z</time>
   </trkpt>
   <trkpt lat="48.6866620" lon="-2.9307960">
    <ele>89.4</ele>
    <time>2026-05-21T06:12:06Z</time>
   </trkpt>
   <trkpt lat="48.6867430" lon="-2.9308090">
    <ele>89.3</ele>
    <time>2026-05-21T06:12:07Z</time>
   </trkpt>
   <trkpt lat="48.6868240" lon="-2.9308190">
    <ele>89.3</ele>
    <time>2026-05-21T06:12:08Z</time>
   </trkpt>
   <trkpt lat="48.6869050" lon="-2.9308290">
    <ele>89.2</ele>
    <time>2026-05-21T06:12:09Z</time>
   </trkpt>
   <trkpt lat="48.6869880" lon="-2.9308350">
    <ele>89.2</ele>
    <time>2026-05-21T06:12:10Z</time>
   </trkpt>
   <trkpt lat="48.6870680" lon="-2.9308480">
    <ele>89.1</ele>
    <time>2026-05-21T06:12:11Z</time>
   </trkpt>
   <trkpt lat="48.6871470" lon="-2.9308600">
    <ele>89.1</ele>
    <time>2026-05-21T06:12:12Z</time>
   </trkpt>
   <trkpt lat="48.6872260" lon="-2.9308790">
    <ele>89.0</ele>
    <time>2026-05-21T06:12:13Z</time>
   </trkpt>
   <trkpt lat="48.6873040" lon="-2.9309000">
    <ele>89.0</ele>
    <time>2026-05-21T06:12:14Z</time>
   </trkpt>
   <trkpt lat="48.6873820" lon="-2.9309190">
    <ele>89.0</ele>
    <time>2026-05-21T06:12:15Z</time>
   </trkpt>
   <trkpt lat="48.6874620" lon="-2.9309420">
    <ele>88.9</ele>
    <time>2026-05-21T06:12:16Z</time>
   </trkpt>
   <trkpt lat="48.6875410" lon="-2.9309690">
    <ele>88.9</ele>
    <time>2026-05-21T06:12:17Z</time>
   </trkpt>
   <trkpt lat="48.6876200" lon="-2.9310000">
    <ele>88.9</ele>
    <time>2026-05-21T06:12:18Z</time>
   </trkpt>
   <trkpt lat="48.6877000" lon="-2.9310290">
    <ele>88.8</ele>
    <time>2026-05-21T06:12:19Z</time>
   </trkpt>
   <trkpt lat="48.6877820" lon="-2.9310580">
    <ele>88.8</ele>
    <time>2026-05-21T06:12:20Z</time>
   </trkpt>
   <trkpt lat="48.6878580" lon="-2.9310880">
    <ele>88.8</ele>
    <time>2026-05-21T06:12:21Z</time>
   </trkpt>
   <trkpt lat="48.6879370" lon="-2.9311190">
    <ele>88.8</ele>
    <time>2026-05-21T06:12:22Z</time>
   </trkpt>
   <trkpt lat="48.6880150" lon="-2.9311550">
    <ele>88.8</ele>
    <time>2026-05-21T06:12:23Z</time>
   </trkpt>
   <trkpt lat="48.6880990" lon="-2.9311810">
    <ele>88.8</ele>
    <time>2026-05-21T06:12:24Z</time>
   </trkpt>
   <trkpt lat="48.6881800" lon="-2.9312110">
    <ele>88.7</ele>
    <time>2026-05-21T06:12:25Z</time>
   </trkpt>
   <trkpt lat="48.6882600" lon="-2.9312510">
    <ele>88.7</ele>
    <time>2026-05-21T06:12:26Z</time>
   </trkpt>
   <trkpt lat="48.6883390" lon="-2.9312790">
    <ele>88.6</ele>
    <time>2026-05-21T06:12:27Z</time>
   </trkpt>
   <trkpt lat="48.6884190" lon="-2.9313050">
    <ele>88.6</ele>
    <time>2026-05-21T06:12:28Z</time>
   </trkpt>
   <trkpt lat="48.6884960" lon="-2.9313340">
    <ele>88.6</ele>
    <time>2026-05-21T06:12:29Z</time>
   </trkpt>
   <trkpt lat="48.6885720" lon="-2.9313670">
    <ele>88.6</ele>
    <time>2026-05-21T06:12:30Z</time>
   </trkpt>
   <trkpt lat="48.6886460" lon="-2.9313930">
    <ele>88.7</ele>
    <time>2026-05-21T06:12:31Z</time>
   </trkpt>
   <trkpt lat="48.6887230" lon="-2.9314180">
    <ele>88.7</ele>
    <time>2026-05-21T06:12:32Z</time>
   </trkpt>
   <trkpt lat="48.6887990" lon="-2.9314410">
    <ele>88.8</ele>
    <time>2026-05-21T06:12:33Z</time>
   </trkpt>
   <trkpt lat="48.6888680" lon="-2.9314730">
    <ele>88.9</ele>
    <time>2026-05-21T06:12:34Z</time>
   </trkpt>
   <trkpt lat="48.6889370" lon="-2.9315090">
    <ele>88.9</ele>
    <time>2026-05-21T06:12:35Z</time>
   </trkpt>
   <trkpt lat="48.6890050" lon="-2.9315430">
    <ele>89.0</ele>
    <time>2026-05-21T06:12:36Z</time>
   </trkpt>
   <trkpt lat="48.6890740" lon="-2.9315750">
    <ele>89.0</ele>
    <time>2026-05-21T06:12:37Z</time>
   </trkpt>
   <trkpt lat="48.6891370" lon="-2.9316140">
    <ele>89.0</ele>
    <time>2026-05-21T06:12:38Z</time>
   </trkpt>
   <trkpt lat="48.6892000" lon="-2.9316610">
    <ele>89.0</ele>
    <time>2026-05-21T06:12:39Z</time>
   </trkpt>
   <trkpt lat="48.6892640" lon="-2.9317060">
    <ele>89.0</ele>
    <time>2026-05-21T06:12:40Z</time>
   </trkpt>
   <trkpt lat="48.6893230" lon="-2.9317610">
    <ele>89.0</ele>
    <time>2026-05-21T06:12:41Z</time>
   </trkpt>
   <trkpt lat="48.6893850" lon="-2.9318090">
    <ele>89.0</ele>
    <time>2026-05-21T06:12:43Z</time>
   </trkpt>
   <trkpt lat="48.6894430" lon="-2.9318670">
    <ele>89.0</ele>
    <time>2026-05-21T06:12:44Z</time>
   </trkpt>
   <trkpt lat="48.6895030" lon="-2.9319230">
    <ele>88.9</ele>
    <time>2026-05-21T06:12:45Z</time>
   </trkpt>
   <trkpt lat="48.6895640" lon="-2.9319790">
    <ele>88.9</ele>
    <time>2026-05-21T06:12:46Z</time>
   </trkpt>
   <trkpt lat="48.6896230" lon="-2.9320400">
    <ele>88.9</ele>
    <time>2026-05-21T06:12:47Z</time>
   </trkpt>
   <trkpt lat="48.6896810" lon="-2.9321030">
    <ele>88.9</ele>
    <time>2026-05-21T06:12:48Z</time>
   </trkpt>
   <trkpt lat="48.6897430" lon="-2.9321620">
    <ele>88.8</ele>
    <time>2026-05-21T06:12:49Z</time>
   </trkpt>
   <trkpt lat="48.6898020" lon="-2.9322240">
    <ele>88.8</ele>
    <time>2026-05-21T06:12:50Z</time>
   </trkpt>
   <trkpt lat="48.6898640" lon="-2.9322860">
    <ele>88.8</ele>
    <time>2026-05-21T06:12:51Z</time>
   </trkpt>
   <trkpt lat="48.6899270" lon="-2.9323510">
    <ele>88.7</ele>
    <time>2026-05-21T06:12:52Z</time>
   </trkpt>
   <trkpt lat="48.6899870" lon="-2.9324150">
    <ele>88.6</ele>
    <time>2026-05-21T06:12:53Z</time>
   </trkpt>
   <trkpt lat="48.6900480" lon="-2.9324790">
    <ele>88.6</ele>
    <time>2026-05-21T06:12:54Z</time>
   </trkpt>
   <trkpt lat="48.6901090" lon="-2.9325410">
    <ele>88.5</ele>
    <time>2026-05-21T06:12:55Z</time>
   </trkpt>
   <trkpt lat="48.6901720" lon="-2.9326010">
    <ele>88.4</ele>
    <time>2026-05-21T06:12:56Z</time>
   </trkpt>
   <trkpt lat="48.6902350" lon="-2.9326650">
    <ele>88.3</ele>
    <time>2026-05-21T06:12:57Z</time>
   </trkpt>
   <trkpt lat="48.6903580" lon="-2.9327920">
    <ele>88.2</ele>
    <time>2026-05-21T06:12:58Z</time>
   </trkpt>
   <trkpt lat="48.6904190" lon="-2.9328560">
    <ele>88.1</ele>
    <time>2026-05-21T06:12:59Z</time>
   </trkpt>
   <trkpt lat="48.6904800" lon="-2.9329200">
    <ele>88.0</ele>
    <time>2026-05-21T06:13:00Z</time>
   </trkpt>
   <trkpt lat="48.6905420" lon="-2.9329820">
    <ele>88.0</ele>
    <time>2026-05-21T06:13:01Z</time>
   </trkpt>
   <trkpt lat="48.6906020" lon="-2.9330410">
    <ele>87.9</ele>
    <time>2026-05-21T06:13:02Z</time>
   </trkpt>
   <trkpt lat="48.6906610" lon="-2.9331030">
    <ele>87.9</ele>
    <time>2026-05-21T06:13:03Z</time>
   </trkpt>
   <trkpt lat="48.6907180" lon="-2.9331650">
    <ele>87.8</ele>
    <time>2026-05-21T06:13:04Z</time>
   </trkpt>
   <trkpt lat="48.6907770" lon="-2.9332240">
    <ele>87.8</ele>
    <time>2026-05-21T06:13:05Z</time>
   </trkpt>
   <trkpt lat="48.6908300" lon="-2.9332750">
    <ele>87.8</ele>
    <time>2026-05-21T06:13:06Z</time>
   </trkpt>
   <trkpt lat="48.6908820" lon="-2.9333350">
    <ele>87.8</ele>
    <time>2026-05-21T06:13:07Z</time>
   </trkpt>
   <trkpt lat="48.6909380" lon="-2.9333910">
    <ele>87.8</ele>
    <time>2026-05-21T06:13:08Z</time>
   </trkpt>
   <trkpt lat="48.6909940" lon="-2.9334500">
    <ele>87.8</ele>
    <time>2026-05-21T06:13:09Z</time>
   </trkpt>
   <trkpt lat="48.6910500" lon="-2.9335120">
    <ele>87.8</ele>
    <time>2026-05-21T06:13:10Z</time>
   </trkpt>
   <trkpt lat="48.6911060" lon="-2.9335740">
    <ele>87.9</ele>
    <time>2026-05-21T06:13:11Z</time>
   </trkpt>
   <trkpt lat="48.6911620" lon="-2.9336350">
    <ele>87.9</ele>
    <time>2026-05-21T06:13:12Z</time>
   </trkpt>
   <trkpt lat="48.6912210" lon="-2.9336940">
    <ele>87.9</ele>
    <time>2026-05-21T06:13:13Z</time>
   </trkpt>
   <trkpt lat="48.6912780" lon="-2.9337570">
    <ele>87.9</ele>
    <time>2026-05-21T06:13:14Z</time>
   </trkpt>
   <trkpt lat="48.6913350" lon="-2.9338210">
    <ele>88.0</ele>
    <time>2026-05-21T06:13:15Z</time>
   </trkpt>
   <trkpt lat="48.6913930" lon="-2.9338830">
    <ele>88.0</ele>
    <time>2026-05-21T06:13:16Z</time>
   </trkpt>
   <trkpt lat="48.6914490" lon="-2.9339480">
    <ele>88.0</ele>
    <time>2026-05-21T06:13:17Z</time>
   </trkpt>
   <trkpt lat="48.6915050" lon="-2.9340140">
    <ele>88.1</ele>
    <time>2026-05-21T06:13:18Z</time>
   </trkpt>
   <trkpt lat="48.6915620" lon="-2.9340760">
    <ele>88.1</ele>
    <time>2026-05-21T06:13:19Z</time>
   </trkpt>
   <trkpt lat="48.6916200" lon="-2.9341380">
    <ele>88.2</ele>
    <time>2026-05-21T06:13:20Z</time>
   </trkpt>
   <trkpt lat="48.6916740" lon="-2.9342050">
    <ele>88.2</ele>
    <time>2026-05-21T06:13:21Z</time>
   </trkpt>
   <trkpt lat="48.6917290" lon="-2.9342700">
    <ele>88.2</ele>
    <time>2026-05-21T06:13:22Z</time>
   </trkpt>
   <trkpt lat="48.6917840" lon="-2.9343350">
    <ele>88.3</ele>
    <time>2026-05-21T06:13:23Z</time>
   </trkpt>
   <trkpt lat="48.6918390" lon="-2.9343980">
    <ele>88.3</ele>
    <time>2026-05-21T06:13:24Z</time>
   </trkpt>
   <trkpt lat="48.6918920" lon="-2.9344600">
    <ele>88.3</ele>
    <time>2026-05-21T06:13:25Z</time>
   </trkpt>
   <trkpt lat="48.6919410" lon="-2.9345240">
    <ele>88.3</ele>
    <time>2026-05-21T06:13:26Z</time>
   </trkpt>
   <trkpt lat="48.6919930" lon="-2.9345870">
    <ele>88.4</ele>
    <time>2026-05-21T06:13:27Z</time>
   </trkpt>
   <trkpt lat="48.6920440" lon="-2.9346540">
    <ele>88.4</ele>
    <time>2026-05-21T06:13:28Z</time>
   </trkpt>
   <trkpt lat="48.6920940" lon="-2.9347180">
    <ele>88.4</ele>
    <time>2026-05-21T06:13:29Z</time>
   </trkpt>
   <trkpt lat="48.6921450" lon="-2.9347880">
    <ele>88.4</ele>
    <time>2026-05-21T06:13:30Z</time>
   </trkpt>
   <trkpt lat="48.6921910" lon="-2.9348640">
    <ele>88.4</ele>
    <time>2026-05-21T06:13:31Z</time>
   </trkpt>
   <trkpt lat="48.6922370" lon="-2.9349450">
    <ele>88.4</ele>
    <time>2026-05-21T06:13:32Z</time>
   </trkpt>
   <trkpt lat="48.6922830" lon="-2.9350210">
    <ele>88.4</ele>
    <time>2026-05-21T06:13:33Z</time>
   </trkpt>
   <trkpt lat="48.6923310" lon="-2.9350940">
    <ele>88.4</ele>
    <time>2026-05-21T06:13:34Z</time>
   </trkpt>
   <trkpt lat="48.6923800" lon="-2.9351660">
    <ele>88.5</ele>
    <time>2026-05-21T06:13:35Z</time>
   </trkpt>
   <trkpt lat="48.6924300" lon="-2.9352380">
    <ele>88.5</ele>
    <time>2026-05-21T06:13:36Z</time>
   </trkpt>
   <trkpt lat="48.6924780" lon="-2.9353120">
    <ele>88.6</ele>
    <time>2026-05-21T06:13:37Z</time>
   </trkpt>
   <trkpt lat="48.6925230" lon="-2.9353870">
    <ele>88.7</ele>
    <time>2026-05-21T06:13:38Z</time>
   </trkpt>
   <trkpt lat="48.6925680" lon="-2.9354570">
    <ele>88.8</ele>
    <time>2026-05-21T06:13:39Z</time>
   </trkpt>
   <trkpt lat="48.6926130" lon="-2.9355310">
    <ele>88.9</ele>
    <time>2026-05-21T06:13:40Z</time>
   </trkpt>
   <trkpt lat="48.6926570" lon="-2.9356040">
    <ele>89.0</ele>
    <time>2026-05-21T06:13:41Z</time>
   </trkpt>
   <trkpt lat="48.6927000" lon="-2.9356770">
    <ele>89.1</ele>
    <time>2026-05-21T06:13:42Z</time>
   </trkpt>
   <trkpt lat="48.6927430" lon="-2.9357470">
    <ele>89.2</ele>
    <time>2026-05-21T06:13:43Z</time>
   </trkpt>
   <trkpt lat="48.6927870" lon="-2.9358150">
    <ele>89.4</ele>
    <time>2026-05-21T06:13:44Z</time>
   </trkpt>
   <trkpt lat="48.6928310" lon="-2.9358820">
    <ele>89.5</ele>
    <time>2026-05-21T06:13:45Z</time>
   </trkpt>
   <trkpt lat="48.6928740" lon="-2.9359470">
    <ele>89.6</ele>
    <time>2026-05-21T06:13:46Z</time>
   </trkpt>
   <trkpt lat="48.6929170" lon="-2.9360100">
    <ele>89.8</ele>
    <time>2026-05-21T06:13:47Z</time>
   </trkpt>
   <trkpt lat="48.6929550" lon="-2.9360750">
    <ele>89.9</ele>
    <time>2026-05-21T06:13:48Z</time>
   </trkpt>
   <trkpt lat="48.6929940" lon="-2.9361390">
    <ele>90.0</ele>
    <time>2026-05-21T06:13:49Z</time>
   </trkpt>
   <trkpt lat="48.6930270" lon="-2.9362060">
    <ele>90.2</ele>
    <time>2026-05-21T06:13:50Z</time>
   </trkpt>
   <trkpt lat="48.6930620" lon="-2.9362650">
    <ele>90.3</ele>
    <time>2026-05-21T06:13:51Z</time>
   </trkpt>
   <trkpt lat="48.6931010" lon="-2.9363180">
    <ele>90.4</ele>
    <time>2026-05-21T06:13:52Z</time>
   </trkpt>
   <trkpt lat="48.6931370" lon="-2.9363720">
    <ele>90.6</ele>
    <time>2026-05-21T06:13:53Z</time>
   </trkpt>
   <trkpt lat="48.6931680" lon="-2.9364270">
    <ele>90.7</ele>
    <time>2026-05-21T06:13:54Z</time>
   </trkpt>
   <trkpt lat="48.6932030" lon="-2.9364750">
    <ele>90.9</ele>
    <time>2026-05-21T06:13:55Z</time>
   </trkpt>
   <trkpt lat="48.6932400" lon="-2.9365230">
    <ele>91.0</ele>
    <time>2026-05-21T06:13:56Z</time>
   </trkpt>
   <trkpt lat="48.6932750" lon="-2.9365710">
    <ele>91.1</ele>
    <time>2026-05-21T06:13:57Z</time>
   </trkpt>
   <trkpt lat="48.6933110" lon="-2.9366200">
    <ele>91.3</ele>
    <time>2026-05-21T06:13:58Z</time>
   </trkpt>
   <trkpt lat="48.6933480" lon="-2.9366650">
    <ele>91.4</ele>
    <time>2026-05-21T06:13:59Z</time>
   </trkpt>
   <trkpt lat="48.6933850" lon="-2.9367110">
    <ele>91.5</ele>
    <time>2026-05-21T06:14:00Z</time>
   </trkpt>
   <trkpt lat="48.6934210" lon="-2.9367580">
    <ele>91.6</ele>
    <time>2026-05-21T06:14:01Z</time>
   </trkpt>
   <trkpt lat="48.6934560" lon="-2.9368040">
    <ele>91.7</ele>
    <time>2026-05-21T06:14:02Z</time>
   </trkpt>
   <trkpt lat="48.6934930" lon="-2.9368470">
    <ele>91.8</ele>
    <time>2026-05-21T06:14:03Z</time>
   </trkpt>
   <trkpt lat="48.6935290" lon="-2.9368950">
    <ele>91.9</ele>
    <time>2026-05-21T06:14:04Z</time>
   </trkpt>
   <trkpt lat="48.6935630" lon="-2.9369340">
    <ele>91.9</ele>
    <time>2026-05-21T06:14:05Z</time>
   </trkpt>
   <trkpt lat="48.6935950" lon="-2.9369710">
    <ele>92.0</ele>
    <time>2026-05-21T06:14:06Z</time>
   </trkpt>
   <trkpt lat="48.6936260" lon="-2.9370120">
    <ele>92.1</ele>
    <time>2026-05-21T06:14:07Z</time>
   </trkpt>
   <trkpt lat="48.6936570" lon="-2.9370500">
    <ele>92.1</ele>
    <time>2026-05-21T06:14:08Z</time>
   </trkpt>
   <trkpt lat="48.6936870" lon="-2.9370940">
    <ele>92.2</ele>
    <time>2026-05-21T06:14:09Z</time>
   </trkpt>
   <trkpt lat="48.6937190" lon="-2.9371380">
    <ele>92.3</ele>
    <time>2026-05-21T06:14:10Z</time>
   </trkpt>
   <trkpt lat="48.6937550" lon="-2.9371820">
    <ele>92.3</ele>
    <time>2026-05-21T06:14:11Z</time>
   </trkpt>
   <trkpt lat="48.6937900" lon="-2.9372280">
    <ele>92.4</ele>
    <time>2026-05-21T06:14:12Z</time>
   </trkpt>
   <trkpt lat="48.6938300" lon="-2.9372770">
    <ele>92.4</ele>
    <time>2026-05-21T06:14:13Z</time>
   </trkpt>
   <trkpt lat="48.6938700" lon="-2.9373290">
    <ele>92.4</ele>
    <time>2026-05-21T06:14:14Z</time>
   </trkpt>
   <trkpt lat="48.6939140" lon="-2.9373770">
    <ele>92.4</ele>
    <time>2026-05-21T06:14:15Z</time>
   </trkpt>
   <trkpt lat="48.6939570" lon="-2.9374300">
    <ele>92.4</ele>
    <time>2026-05-21T06:14:16Z</time>
   </trkpt>
   <trkpt lat="48.6939970" lon="-2.9374800">
    <ele>92.4</ele>
    <time>2026-05-21T06:14:17Z</time>
   </trkpt>
   <trkpt lat="48.6940420" lon="-2.9375290">
    <ele>92.4</ele>
    <time>2026-05-21T06:14:18Z</time>
   </trkpt>
   <trkpt lat="48.6940900" lon="-2.9375760">
    <ele>92.4</ele>
    <time>2026-05-21T06:14:19Z</time>
   </trkpt>
   <trkpt lat="48.6941340" lon="-2.9376220">
    <ele>92.4</ele>
    <time>2026-05-21T06:14:20Z</time>
   </trkpt>
   <trkpt lat="48.6941830" lon="-2.9376690">
    <ele>92.4</ele>
    <time>2026-05-21T06:14:21Z</time>
   </trkpt>
   <trkpt lat="48.6942290" lon="-2.9377230">
    <ele>92.3</ele>
    <time>2026-05-21T06:14:22Z</time>
   </trkpt>
   <trkpt lat="48.6942770" lon="-2.9377780">
    <ele>92.3</ele>
    <time>2026-05-21T06:14:23Z</time>
   </trkpt>
   <trkpt lat="48.6943280" lon="-2.9378290">
    <ele>92.2</ele>
    <time>2026-05-21T06:14:24Z</time>
   </trkpt>
   <trkpt lat="48.6943810" lon="-2.9378800">
    <ele>92.2</ele>
    <time>2026-05-21T06:14:25Z</time>
   </trkpt>
   <trkpt lat="48.6944370" lon="-2.9379370">
    <ele>92.1</ele>
    <time>2026-05-21T06:14:26Z</time>
   </trkpt>
   <trkpt lat="48.6944960" lon="-2.9379890">
    <ele>92.0</ele>
    <time>2026-05-21T06:14:27Z</time>
   </trkpt>
   <trkpt lat="48.6945540" lon="-2.9380430">
    <ele>91.9</ele>
    <time>2026-05-21T06:14:28Z</time>
   </trkpt>
   <trkpt lat="48.6946120" lon="-2.9380930">
    <ele>91.9</ele>
    <time>2026-05-21T06:14:29Z</time>
   </trkpt>
   <trkpt lat="48.6946790" lon="-2.9381410">
    <ele>91.8</ele>
    <time>2026-05-21T06:14:30Z</time>
   </trkpt>
   <trkpt lat="48.6947410" lon="-2.9381870">
    <ele>91.7</ele>
    <time>2026-05-21T06:14:31Z</time>
   </trkpt>
   <trkpt lat="48.6948030" lon="-2.9382370">
    <ele>91.7</ele>
    <time>2026-05-21T06:14:32Z</time>
   </trkpt>
   <trkpt lat="48.6948630" lon="-2.9382810">
    <ele>91.6</ele>
    <time>2026-05-21T06:14:33Z</time>
   </trkpt>
   <trkpt lat="48.6949250" lon="-2.9383240">
    <ele>91.5</ele>
    <time>2026-05-21T06:14:34Z</time>
   </trkpt>
   <trkpt lat="48.6949850" lon="-2.9383690">
    <ele>91.5</ele>
    <time>2026-05-21T06:14:35Z</time>
   </trkpt>
   <trkpt lat="48.6950490" lon="-2.9384150">
    <ele>91.4</ele>
    <time>2026-05-21T06:14:36Z</time>
   </trkpt>
   <trkpt lat="48.6951140" lon="-2.9384620">
    <ele>91.4</ele>
    <time>2026-05-21T06:14:37Z</time>
   </trkpt>
   <trkpt lat="48.6951780" lon="-2.9385080">
    <ele>91.4</ele>
    <time>2026-05-21T06:14:38Z</time>
   </trkpt>
   <trkpt lat="48.6952440" lon="-2.9385550">
    <ele>91.3</ele>
    <time>2026-05-21T06:14:39Z</time>
   </trkpt>
   <trkpt lat="48.6953070" lon="-2.9386040">
    <ele>91.3</ele>
    <time>2026-05-21T06:14:40Z</time>
   </trkpt>
   <trkpt lat="48.6953720" lon="-2.9386490">
    <ele>91.2</ele>
    <time>2026-05-21T06:14:41Z</time>
   </trkpt>
   <trkpt lat="48.6954260" lon="-2.9386950">
    <ele>91.2</ele>
    <time>2026-05-21T06:14:42Z</time>
   </trkpt>
   <trkpt lat="48.6954880" lon="-2.9387480">
    <ele>91.1</ele>
    <time>2026-05-21T06:14:43Z</time>
   </trkpt>
   <trkpt lat="48.6955510" lon="-2.9388030">
    <ele>91.0</ele>
    <time>2026-05-21T06:14:44Z</time>
   </trkpt>
   <trkpt lat="48.6956140" lon="-2.9388580">
    <ele>91.0</ele>
    <time>2026-05-21T06:14:45Z</time>
   </trkpt>
   <trkpt lat="48.6956760" lon="-2.9389160">
    <ele>90.9</ele>
    <time>2026-05-21T06:14:46Z</time>
   </trkpt>
   <trkpt lat="48.6957420" lon="-2.9389690">
    <ele>90.8</ele>
    <time>2026-05-21T06:14:47Z</time>
   </trkpt>
   <trkpt lat="48.6958060" lon="-2.9390280">
    <ele>90.8</ele>
    <time>2026-05-21T06:14:49Z</time>
   </trkpt>
   <trkpt lat="48.6959350" lon="-2.9391490">
    <ele>90.7</ele>
    <time>2026-05-21T06:14:50Z</time>
   </trkpt>
   <trkpt lat="48.6959970" lon="-2.9392090">
    <ele>90.7</ele>
    <time>2026-05-21T06:14:52Z</time>
   </trkpt>
   <trkpt lat="48.6961200" lon="-2.9393270">
    <ele>90.7</ele>
    <time>2026-05-21T06:14:53Z</time>
   </trkpt>
   <trkpt lat="48.6961790" lon="-2.9393870">
    <ele>90.8</ele>
    <time>2026-05-21T06:14:55Z</time>
   </trkpt>
   <trkpt lat="48.6962840" lon="-2.9395190">
    <ele>90.9</ele>
    <time>2026-05-21T06:14:56Z</time>
   </trkpt>
   <trkpt lat="48.6963340" lon="-2.9395850">
    <ele>90.9</ele>
    <time>2026-05-21T06:14:58Z</time>
   </trkpt>
   <trkpt lat="48.6964360" lon="-2.9397060">
    <ele>91.0</ele>
    <time>2026-05-21T06:14:59Z</time>
   </trkpt>
   <trkpt lat="48.6964880" lon="-2.9397670">
    <ele>91.0</ele>
    <time>2026-05-21T06:15:01Z</time>
   </trkpt>
   <trkpt lat="48.6965980" lon="-2.9398820">
    <ele>91.0</ele>
    <time>2026-05-21T06:15:02Z</time>
   </trkpt>
   <trkpt lat="48.6966550" lon="-2.9399360">
    <ele>91.1</ele>
    <time>2026-05-21T06:15:03Z</time>
   </trkpt>
   <trkpt lat="48.6967120" lon="-2.9399850">
    <ele>91.1</ele>
    <time>2026-05-21T06:15:04Z</time>
   </trkpt>
   <trkpt lat="48.6967690" lon="-2.9400330">
    <ele>91.0</ele>
    <time>2026-05-21T06:15:05Z</time>
   </trkpt>
   <trkpt lat="48.6968270" lon="-2.9400760">
    <ele>91.0</ele>
    <time>2026-05-21T06:15:06Z</time>
   </trkpt>
   <trkpt lat="48.6968910" lon="-2.9401150">
    <ele>91.0</ele>
    <time>2026-05-21T06:15:07Z</time>
   </trkpt>
   <trkpt lat="48.6969560" lon="-2.9401500">
    <ele>91.0</ele>
    <time>2026-05-21T06:15:08Z</time>
   </trkpt>
   <trkpt lat="48.6970200" lon="-2.9401840">
    <ele>91.0</ele>
    <time>2026-05-21T06:15:09Z</time>
   </trkpt>
   <trkpt lat="48.6970840" lon="-2.9402080">
    <ele>91.0</ele>
    <time>2026-05-21T06:15:10Z</time>
   </trkpt>
   <trkpt lat="48.6971490" lon="-2.9402370">
    <ele>91.0</ele>
    <time>2026-05-21T06:15:11Z</time>
   </trkpt>
   <trkpt lat="48.6972110" lon="-2.9402710">
    <ele>90.9</ele>
    <time>2026-05-21T06:15:12Z</time>
   </trkpt>
   <trkpt lat="48.6972750" lon="-2.9403000">
    <ele>90.9</ele>
    <time>2026-05-21T06:15:13Z</time>
   </trkpt>
   <trkpt lat="48.6973390" lon="-2.9403340">
    <ele>90.8</ele>
    <time>2026-05-21T06:15:14Z</time>
   </trkpt>
   <trkpt lat="48.6974020" lon="-2.9403670">
    <ele>90.7</ele>
    <time>2026-05-21T06:15:15Z</time>
   </trkpt>
   <trkpt lat="48.6974650" lon="-2.9404080">
    <ele>90.6</ele>
    <time>2026-05-21T06:15:16Z</time>
   </trkpt>
   <trkpt lat="48.6975280" lon="-2.9404550">
    <ele>90.5</ele>
    <time>2026-05-21T06:15:17Z</time>
   </trkpt>
   <trkpt lat="48.6975910" lon="-2.9405100">
    <ele>90.4</ele>
    <time>2026-05-21T06:15:18Z</time>
   </trkpt>
   <trkpt lat="48.6976540" lon="-2.9405660">
    <ele>90.2</ele>
    <time>2026-05-21T06:15:19Z</time>
   </trkpt>
   <trkpt lat="48.6977160" lon="-2.9406240">
    <ele>90.1</ele>
    <time>2026-05-21T06:15:20Z</time>
   </trkpt>
   <trkpt lat="48.6977700" lon="-2.9406920">
    <ele>90.0</ele>
    <time>2026-05-21T06:15:21Z</time>
   </trkpt>
   <trkpt lat="48.6978320" lon="-2.9407590">
    <ele>89.9</ele>
    <time>2026-05-21T06:15:22Z</time>
   </trkpt>
   <trkpt lat="48.6978930" lon="-2.9408300">
    <ele>89.7</ele>
    <time>2026-05-21T06:15:23Z</time>
   </trkpt>
   <trkpt lat="48.6979510" lon="-2.9408990">
    <ele>89.6</ele>
    <time>2026-05-21T06:15:24Z</time>
   </trkpt>
   <trkpt lat="48.6980110" lon="-2.9409700">
    <ele>89.5</ele>
    <time>2026-05-21T06:15:25Z</time>
   </trkpt>
   <trkpt lat="48.6980680" lon="-2.9410410">
    <ele>89.4</ele>
    <time>2026-05-21T06:15:26Z</time>
   </trkpt>
   <trkpt lat="48.6981260" lon="-2.9411110">
    <ele>89.3</ele>
    <time>2026-05-21T06:15:27Z</time>
   </trkpt>
   <trkpt lat="48.6981820" lon="-2.9411810">
    <ele>89.2</ele>
    <time>2026-05-21T06:15:28Z</time>
   </trkpt>
   <trkpt lat="48.6982390" lon="-2.9412510">
    <ele>89.0</ele>
    <time>2026-05-21T06:15:29Z</time>
   </trkpt>
   <trkpt lat="48.6982960" lon="-2.9413220">
    <ele>88.9</ele>
    <time>2026-05-21T06:15:30Z</time>
   </trkpt>
   <trkpt lat="48.6983580" lon="-2.9413930">
    <ele>88.8</ele>
    <time>2026-05-21T06:15:31Z</time>
   </trkpt>
   <trkpt lat="48.6984190" lon="-2.9414640">
    <ele>88.7</ele>
    <time>2026-05-21T06:15:32Z</time>
   </trkpt>
   <trkpt lat="48.6984810" lon="-2.9415400">
    <ele>88.7</ele>
    <time>2026-05-21T06:15:33Z</time>
   </trkpt>
   <trkpt lat="48.6985390" lon="-2.9416200">
    <ele>88.7</ele>
    <time>2026-05-21T06:15:34Z</time>
   </trkpt>
   <trkpt lat="48.6985980" lon="-2.9417010">
    <ele>88.7</ele>
    <time>2026-05-21T06:15:35Z</time>
   </trkpt>
   <trkpt lat="48.6986550" lon="-2.9417820">
    <ele>88.7</ele>
    <time>2026-05-21T06:15:36Z</time>
   </trkpt>
   <trkpt lat="48.6987090" lon="-2.9418710">
    <ele>88.7</ele>
    <time>2026-05-21T06:15:37Z</time>
   </trkpt>
   <trkpt lat="48.6987590" lon="-2.9419600">
    <ele>88.7</ele>
    <time>2026-05-21T06:15:38Z</time>
   </trkpt>
   <trkpt lat="48.6988080" lon="-2.9420530">
    <ele>88.7</ele>
    <time>2026-05-21T06:15:39Z</time>
   </trkpt>
   <trkpt lat="48.6988620" lon="-2.9421350">
    <ele>88.7</ele>
    <time>2026-05-21T06:15:40Z</time>
   </trkpt>
   <trkpt lat="48.6989080" lon="-2.9422250">
    <ele>88.7</ele>
    <time>2026-05-21T06:15:41Z</time>
   </trkpt>
   <trkpt lat="48.6989540" lon="-2.9423160">
    <ele>88.8</ele>
    <time>2026-05-21T06:15:42Z</time>
   </trkpt>
   <trkpt lat="48.6989980" lon="-2.9424050">
    <ele>88.8</ele>
    <time>2026-05-21T06:15:43Z</time>
   </trkpt>
   <trkpt lat="48.6990430" lon="-2.9424930">
    <ele>88.9</ele>
    <time>2026-05-21T06:15:44Z</time>
   </trkpt>
   <trkpt lat="48.6990870" lon="-2.9425830">
    <ele>88.9</ele>
    <time>2026-05-21T06:15:45Z</time>
   </trkpt>
   <trkpt lat="48.6991320" lon="-2.9426630">
    <ele>89.0</ele>
    <time>2026-05-21T06:15:46Z</time>
   </trkpt>
   <trkpt lat="48.6991780" lon="-2.9427480">
    <ele>89.0</ele>
    <time>2026-05-21T06:15:47Z</time>
   </trkpt>
   <trkpt lat="48.6992230" lon="-2.9428310">
    <ele>89.1</ele>
    <time>2026-05-21T06:15:48Z</time>
   </trkpt>
   <trkpt lat="48.6992680" lon="-2.9429120">
    <ele>89.2</ele>
    <time>2026-05-21T06:15:49Z</time>
   </trkpt>
   <trkpt lat="48.6993130" lon="-2.9429910">
    <ele>89.3</ele>
    <time>2026-05-21T06:15:50Z</time>
   </trkpt>
   <trkpt lat="48.6993560" lon="-2.9430690">
    <ele>89.3</ele>
    <time>2026-05-21T06:15:51Z</time>
   </trkpt>
   <trkpt lat="48.6994050" lon="-2.9431390">
    <ele>89.4</ele>
    <time>2026-05-21T06:15:52Z</time>
   </trkpt>
   <trkpt lat="48.6994550" lon="-2.9432120">
    <ele>89.4</ele>
    <time>2026-05-21T06:15:53Z</time>
   </trkpt>
   <trkpt lat="48.6995040" lon="-2.9432840">
    <ele>89.5</ele>
    <time>2026-05-21T06:15:54Z</time>
   </trkpt>
   <trkpt lat="48.6995530" lon="-2.9433590">
    <ele>89.5</ele>
    <time>2026-05-21T06:15:55Z</time>
   </trkpt>
   <trkpt lat="48.6996020" lon="-2.9434340">
    <ele>89.6</ele>
    <time>2026-05-21T06:15:56Z</time>
   </trkpt>
   <trkpt lat="48.6996520" lon="-2.9435100">
    <ele>89.6</ele>
    <time>2026-05-21T06:15:57Z</time>
   </trkpt>
   <trkpt lat="48.6997030" lon="-2.9435860">
    <ele>89.7</ele>
    <time>2026-05-21T06:15:58Z</time>
   </trkpt>
   <trkpt lat="48.6997500" lon="-2.9436650">
    <ele>89.8</ele>
    <time>2026-05-21T06:15:59Z</time>
   </trkpt>
   <trkpt lat="48.6997990" lon="-2.9437410">
    <ele>89.8</ele>
    <time>2026-05-21T06:16:00Z</time>
   </trkpt>
   <trkpt lat="48.6998480" lon="-2.9438180">
    <ele>89.9</ele>
    <time>2026-05-21T06:16:01Z</time>
   </trkpt>
   <trkpt lat="48.6998940" lon="-2.9438960">
    <ele>90.0</ele>
    <time>2026-05-21T06:16:02Z</time>
   </trkpt>
   <trkpt lat="48.6999370" lon="-2.9439770">
    <ele>90.1</ele>
    <time>2026-05-21T06:16:03Z</time>
   </trkpt>
   <trkpt lat="48.6999830" lon="-2.9440550">
    <ele>90.2</ele>
    <time>2026-05-21T06:16:04Z</time>
   </trkpt>
   <trkpt lat="48.7000280" lon="-2.9441350">
    <ele>90.3</ele>
    <time>2026-05-21T06:16:05Z</time>
   </trkpt>
   <trkpt lat="48.7000730" lon="-2.9442120">
    <ele>90.3</ele>
    <time>2026-05-21T06:16:06Z</time>
   </trkpt>
   <trkpt lat="48.7001140" lon="-2.9442910">
    <ele>90.4</ele>
    <time>2026-05-21T06:16:07Z</time>
   </trkpt>
   <trkpt lat="48.7001530" lon="-2.9443730">
    <ele>90.5</ele>
    <time>2026-05-21T06:16:08Z</time>
   </trkpt>
   <trkpt lat="48.7001900" lon="-2.9444510">
    <ele>90.5</ele>
    <time>2026-05-21T06:16:09Z</time>
   </trkpt>
   <trkpt lat="48.7002300" lon="-2.9445330">
    <ele>90.6</ele>
    <time>2026-05-21T06:16:10Z</time>
   </trkpt>
   <trkpt lat="48.7002670" lon="-2.9446210">
    <ele>90.6</ele>
    <time>2026-05-21T06:16:11Z</time>
   </trkpt>
   <trkpt lat="48.7003060" lon="-2.9447030">
    <ele>90.6</ele>
    <time>2026-05-21T06:16:12Z</time>
   </trkpt>
   <trkpt lat="48.7003470" lon="-2.9447960">
    <ele>90.6</ele>
    <time>2026-05-21T06:16:13Z</time>
   </trkpt>
   <trkpt lat="48.7003860" lon="-2.9448860">
    <ele>90.6</ele>
    <time>2026-05-21T06:16:14Z</time>
   </trkpt>
   <trkpt lat="48.7004270" lon="-2.9449770">
    <ele>90.6</ele>
    <time>2026-05-21T06:16:15Z</time>
   </trkpt>
   <trkpt lat="48.7004650" lon="-2.9450720">
    <ele>90.6</ele>
    <time>2026-05-21T06:16:16Z</time>
   </trkpt>
   <trkpt lat="48.7005010" lon="-2.9451670">
    <ele>90.5</ele>
    <time>2026-05-21T06:16:17Z</time>
   </trkpt>
   <trkpt lat="48.7005370" lon="-2.9452650">
    <ele>90.5</ele>
    <time>2026-05-21T06:16:18Z</time>
   </trkpt>
   <trkpt lat="48.7005720" lon="-2.9453630">
    <ele>90.4</ele>
    <time>2026-05-21T06:16:19Z</time>
   </trkpt>
   <trkpt lat="48.7006080" lon="-2.9454620">
    <ele>90.2</ele>
    <time>2026-05-21T06:16:20Z</time>
   </trkpt>
   <trkpt lat="48.7006430" lon="-2.9455640">
    <ele>90.1</ele>
    <time>2026-05-21T06:16:21Z</time>
   </trkpt>
   <trkpt lat="48.7006740" lon="-2.9456710">
    <ele>90.0</ele>
    <time>2026-05-21T06:16:22Z</time>
   </trkpt>
   <trkpt lat="48.7007070" lon="-2.9457730">
    <ele>89.9</ele>
    <time>2026-05-21T06:16:23Z</time>
   </trkpt>
   <trkpt lat="48.7007370" lon="-2.9458810">
    <ele>89.7</ele>
    <time>2026-05-21T06:16:24Z</time>
   </trkpt>
   <trkpt lat="48.7007690" lon="-2.9459890">
    <ele>89.6</ele>
    <time>2026-05-21T06:16:25Z</time>
   </trkpt>
   <trkpt lat="48.7008010" lon="-2.9460980">
    <ele>89.4</ele>
    <time>2026-05-21T06:16:26Z</time>
   </trkpt>
   <trkpt lat="48.7008370" lon="-2.9462060">
    <ele>89.3</ele>
    <time>2026-05-21T06:16:27Z</time>
   </trkpt>
   <trkpt lat="48.7008700" lon="-2.9463200">
    <ele>89.2</ele>
    <time>2026-05-21T06:16:28Z</time>
   </trkpt>
   <trkpt lat="48.7009090" lon="-2.9464290">
    <ele>89.1</ele>
    <time>2026-05-21T06:16:29Z</time>
   </trkpt>
   <trkpt lat="48.7009520" lon="-2.9465340">
    <ele>89.1</ele>
    <time>2026-05-21T06:16:30Z</time>
   </trkpt>
   <trkpt lat="48.7009960" lon="-2.9466350">
    <ele>89.0</ele>
    <time>2026-05-21T06:16:31Z</time>
   </trkpt>
   <trkpt lat="48.7010420" lon="-2.9467350">
    <ele>89.0</ele>
    <time>2026-05-21T06:16:32Z</time>
   </trkpt>
   <trkpt lat="48.7010900" lon="-2.9468330">
    <ele>89.0</ele>
    <time>2026-05-21T06:16:33Z</time>
   </trkpt>
   <trkpt lat="48.7011400" lon="-2.9469280">
    <ele>89.0</ele>
    <time>2026-05-21T06:16:34Z</time>
   </trkpt>
   <trkpt lat="48.7011920" lon="-2.9470180">
    <ele>88.9</ele>
    <time>2026-05-21T06:16:35Z</time>
   </trkpt>
   <trkpt lat="48.7012420" lon="-2.9471110">
    <ele>88.9</ele>
    <time>2026-05-21T06:16:36Z</time>
   </trkpt>
   <trkpt lat="48.7013010" lon="-2.9471910">
    <ele>88.9</ele>
    <time>2026-05-21T06:16:37Z</time>
   </trkpt>
   <trkpt lat="48.7013620" lon="-2.9472680">
    <ele>88.8</ele>
    <time>2026-05-21T06:16:38Z</time>
   </trkpt>
   <trkpt lat="48.7014190" lon="-2.9473450">
    <ele>88.8</ele>
    <time>2026-05-21T06:16:39Z</time>
   </trkpt>
   <trkpt lat="48.7014770" lon="-2.9474150">
    <ele>88.8</ele>
    <time>2026-05-21T06:16:40Z</time>
   </trkpt>
   <trkpt lat="48.7015340" lon="-2.9474790">
    <ele>88.8</ele>
    <time>2026-05-21T06:16:41Z</time>
   </trkpt>
   <trkpt lat="48.7015890" lon="-2.9475480">
    <ele>88.8</ele>
    <time>2026-05-21T06:16:42Z</time>
   </trkpt>
   <trkpt lat="48.7016420" lon="-2.9476090">
    <ele>88.8</ele>
    <time>2026-05-21T06:16:43Z</time>
   </trkpt>
   <trkpt lat="48.7016960" lon="-2.9476740">
    <ele>88.7</ele>
    <time>2026-05-21T06:16:44Z</time>
   </trkpt>
   <trkpt lat="48.7017500" lon="-2.9477390">
    <ele>88.7</ele>
    <time>2026-05-21T06:16:45Z</time>
   </trkpt>
   <trkpt lat="48.7018050" lon="-2.9477990">
    <ele>88.6</ele>
    <time>2026-05-21T06:16:46Z</time>
   </trkpt>
   <trkpt lat="48.7018610" lon="-2.9478600">
    <ele>88.6</ele>
    <time>2026-05-21T06:16:47Z</time>
   </trkpt>
   <trkpt lat="48.7019140" lon="-2.9479250">
    <ele>88.6</ele>
    <time>2026-05-21T06:16:48Z</time>
   </trkpt>
   <trkpt lat="48.7019670" lon="-2.9479910">
    <ele>88.6</ele>
    <time>2026-05-21T06:16:49Z</time>
   </trkpt>
   <trkpt lat="48.7020190" lon="-2.9480530">
    <ele>88.6</ele>
    <time>2026-05-21T06:16:50Z</time>
   </trkpt>
   <trkpt lat="48.7020640" lon="-2.9481250">
    <ele>88.7</ele>
    <time>2026-05-21T06:16:51Z</time>
   </trkpt>
   <trkpt lat="48.7021160" lon="-2.9481880">
    <ele>88.7</ele>
    <time>2026-05-21T06:16:52Z</time>
   </trkpt>
   <trkpt lat="48.7021630" lon="-2.9482630">
    <ele>88.8</ele>
    <time>2026-05-21T06:16:53Z</time>
   </trkpt>
   <trkpt lat="48.7022170" lon="-2.9483170">
    <ele>88.8</ele>
    <time>2026-05-21T06:16:54Z</time>
   </trkpt>
   <trkpt lat="48.7022660" lon="-2.9483780">
    <ele>88.8</ele>
    <time>2026-05-21T06:16:55Z</time>
   </trkpt>
   <trkpt lat="48.7023070" lon="-2.9484470">
    <ele>88.8</ele>
    <time>2026-05-21T06:16:56Z</time>
   </trkpt>
   <trkpt lat="48.7023470" lon="-2.9485210">
    <ele>88.8</ele>
    <time>2026-05-21T06:16:57Z</time>
   </trkpt>
   <trkpt lat="48.7024000" lon="-2.9485810">
    <ele>88.8</ele>
    <time>2026-05-21T06:16:58Z</time>
   </trkpt>
   <trkpt lat="48.7024480" lon="-2.9486480">
    <ele>88.8</ele>
    <time>2026-05-21T06:16:59Z</time>
   </trkpt>
   <trkpt lat="48.7024930" lon="-2.9487200">
    <ele>88.8</ele>
    <time>2026-05-21T06:17:00Z</time>
   </trkpt>
   <trkpt lat="48.7025870" lon="-2.9488540">
    <ele>88.8</ele>
    <time>2026-05-21T06:17:02Z</time>
   </trkpt>
   <trkpt lat="48.7026330" lon="-2.9489230">
    <ele>88.9</ele>
    <time>2026-05-21T06:17:03Z</time>
   </trkpt>
   <trkpt lat="48.7027230" lon="-2.9490650">
    <ele>89.0</ele>
    <time>2026-05-21T06:17:05Z</time>
   </trkpt>
   <trkpt lat="48.7027650" lon="-2.9491400">
    <ele>89.0</ele>
    <time>2026-05-21T06:17:06Z</time>
   </trkpt>
   <trkpt lat="48.7028520" lon="-2.9492820">
    <ele>89.1</ele>
    <time>2026-05-21T06:17:08Z</time>
   </trkpt>
   <trkpt lat="48.7028940" lon="-2.9493520">
    <ele>89.1</ele>
    <time>2026-05-21T06:17:09Z</time>
   </trkpt>
   <trkpt lat="48.7029380" lon="-2.9494220">
    <ele>89.2</ele>
    <time>2026-05-21T06:17:10Z</time>
   </trkpt>
   <trkpt lat="48.7029780" lon="-2.9494920">
    <ele>89.2</ele>
    <time>2026-05-21T06:17:11Z</time>
   </trkpt>
   <trkpt lat="48.7030160" lon="-2.9495660">
    <ele>89.2</ele>
    <time>2026-05-21T06:17:12Z</time>
   </trkpt>
   <trkpt lat="48.7030540" lon="-2.9496400">
    <ele>89.2</ele>
    <time>2026-05-21T06:17:13Z</time>
   </trkpt>
   <trkpt lat="48.7030920" lon="-2.9497130">
    <ele>89.2</ele>
    <time>2026-05-21T06:17:14Z</time>
   </trkpt>
   <trkpt lat="48.7031280" lon="-2.9497910">
    <ele>89.3</ele>
    <time>2026-05-21T06:17:15Z</time>
   </trkpt>
   <trkpt lat="48.7031620" lon="-2.9498710">
    <ele>89.3</ele>
    <time>2026-05-21T06:17:16Z</time>
   </trkpt>
   <trkpt lat="48.7031990" lon="-2.9499500">
    <ele>89.4</ele>
    <time>2026-05-21T06:17:17Z</time>
   </trkpt>
   <trkpt lat="48.7032350" lon="-2.9500290">
    <ele>89.4</ele>
    <time>2026-05-21T06:17:18Z</time>
   </trkpt>
   <trkpt lat="48.7032710" lon="-2.9501090">
    <ele>89.5</ele>
    <time>2026-05-21T06:17:19Z</time>
   </trkpt>
   <trkpt lat="48.7033090" lon="-2.9501880">
    <ele>89.5</ele>
    <time>2026-05-21T06:17:20Z</time>
   </trkpt>
   <trkpt lat="48.7033460" lon="-2.9502660">
    <ele>89.6</ele>
    <time>2026-05-21T06:17:21Z</time>
   </trkpt>
   <trkpt lat="48.7033850" lon="-2.9503430">
    <ele>89.7</ele>
    <time>2026-05-21T06:17:22Z</time>
   </trkpt>
   <trkpt lat="48.7034250" lon="-2.9504170">
    <ele>89.9</ele>
    <time>2026-05-21T06:17:23Z</time>
   </trkpt>
   <trkpt lat="48.7034630" lon="-2.9504910">
    <ele>90.0</ele>
    <time>2026-05-21T06:17:24Z</time>
   </trkpt>
   <trkpt lat="48.7035020" lon="-2.9505620">
    <ele>90.1</ele>
    <time>2026-05-21T06:17:25Z</time>
   </trkpt>
   <trkpt lat="48.7035400" lon="-2.9506300">
    <ele>90.2</ele>
    <time>2026-05-21T06:17:26Z</time>
   </trkpt>
   <trkpt lat="48.7035810" lon="-2.9506980">
    <ele>90.4</ele>
    <time>2026-05-21T06:17:27Z</time>
   </trkpt>
   <trkpt lat="48.7036200" lon="-2.9507670">
    <ele>90.5</ele>
    <time>2026-05-21T06:17:28Z</time>
   </trkpt>
   <trkpt lat="48.7036590" lon="-2.9508340">
    <ele>90.7</ele>
    <time>2026-05-21T06:17:29Z</time>
   </trkpt>
   <trkpt lat="48.7036980" lon="-2.9508980">
    <ele>90.9</ele>
    <time>2026-05-21T06:17:30Z</time>
   </trkpt>
   <trkpt lat="48.7037360" lon="-2.9509620">
    <ele>91.0</ele>
    <time>2026-05-21T06:17:31Z</time>
   </trkpt>
   <trkpt lat="48.7037730" lon="-2.9510270">
    <ele>91.2</ele>
    <time>2026-05-21T06:17:32Z</time>
   </trkpt>
   <trkpt lat="48.7038120" lon="-2.9510910">
    <ele>91.3</ele>
    <time>2026-05-21T06:17:33Z</time>
   </trkpt>
   <trkpt lat="48.7038500" lon="-2.9511550">
    <ele>91.5</ele>
    <time>2026-05-21T06:17:34Z</time>
   </trkpt>
   <trkpt lat="48.7038880" lon="-2.9512230">
    <ele>91.6</ele>
    <time>2026-05-21T06:17:35Z</time>
   </trkpt>
   <trkpt lat="48.7039250" lon="-2.9512910">
    <ele>91.8</ele>
    <time>2026-05-21T06:17:36Z</time>
   </trkpt>
   <trkpt lat="48.7039640" lon="-2.9513600">
    <ele>91.9</ele>
    <time>2026-05-21T06:17:37Z</time>
   </trkpt>
   <trkpt lat="48.7040020" lon="-2.9514300">
    <ele>92.0</ele>
    <time>2026-05-21T06:17:38Z</time>
   </trkpt>
   <trkpt lat="48.7040430" lon="-2.9514980">
    <ele>92.1</ele>
    <time>2026-05-21T06:17:39Z</time>
   </trkpt>
   <trkpt lat="48.7040830" lon="-2.9515660">
    <ele>92.2</ele>
    <time>2026-05-21T06:17:40Z</time>
   </trkpt>
   <trkpt lat="48.7041210" lon="-2.9516360">
    <ele>92.4</ele>
    <time>2026-05-21T06:17:41Z</time>
   </trkpt>
   <trkpt lat="48.7041610" lon="-2.9517040">
    <ele>92.6</ele>
    <time>2026-05-21T06:17:42Z</time>
   </trkpt>
   <trkpt lat="48.7042040" lon="-2.9517690">
    <ele>92.7</ele>
    <time>2026-05-21T06:17:43Z</time>
   </trkpt>
   <trkpt lat="48.7042460" lon="-2.9518340">
    <ele>92.8</ele>
    <time>2026-05-21T06:17:44Z</time>
   </trkpt>
   <trkpt lat="48.7042890" lon="-2.9518970">
    <ele>92.9</ele>
    <time>2026-05-21T06:17:45Z</time>
   </trkpt>
   <trkpt lat="48.7043310" lon="-2.9519620">
    <ele>93.0</ele>
    <time>2026-05-21T06:17:46Z</time>
   </trkpt>
   <trkpt lat="48.7043740" lon="-2.9520280">
    <ele>93.1</ele>
    <time>2026-05-21T06:17:47Z</time>
   </trkpt>
   <trkpt lat="48.7044170" lon="-2.9520900">
    <ele>93.2</ele>
    <time>2026-05-21T06:17:48Z</time>
   </trkpt>
   <trkpt lat="48.7044580" lon="-2.9521520">
    <ele>93.3</ele>
    <time>2026-05-21T06:17:49Z</time>
   </trkpt>
   <trkpt lat="48.7045010" lon="-2.9522130">
    <ele>93.4</ele>
    <time>2026-05-21T06:17:50Z</time>
   </trkpt>
   <trkpt lat="48.7045440" lon="-2.9522730">
    <ele>93.5</ele>
    <time>2026-05-21T06:17:51Z</time>
   </trkpt>
   <trkpt lat="48.7045840" lon="-2.9523350">
    <ele>93.6</ele>
    <time>2026-05-21T06:17:52Z</time>
   </trkpt>
   <trkpt lat="48.7046260" lon="-2.9523980">
    <ele>93.7</ele>
    <time>2026-05-21T06:17:53Z</time>
   </trkpt>
   <trkpt lat="48.7046660" lon="-2.9524630">
    <ele>93.8</ele>
    <time>2026-05-21T06:17:54Z</time>
   </trkpt>
   <trkpt lat="48.7047060" lon="-2.9525300">
    <ele>93.9</ele>
    <time>2026-05-21T06:17:55Z</time>
   </trkpt>
   <trkpt lat="48.7047440" lon="-2.9525960">
    <ele>93.9</ele>
    <time>2026-05-21T06:17:56Z</time>
   </trkpt>
   <trkpt lat="48.7047850" lon="-2.9526640">
    <ele>94.0</ele>
    <time>2026-05-21T06:17:57Z</time>
   </trkpt>
   <trkpt lat="48.7048260" lon="-2.9527290">
    <ele>94.1</ele>
    <time>2026-05-21T06:17:58Z</time>
   </trkpt>
   <trkpt lat="48.7048660" lon="-2.9527980">
    <ele>94.1</ele>
    <time>2026-05-21T06:17:59Z</time>
   </trkpt>
   <trkpt lat="48.7049060" lon="-2.9528690">
    <ele>94.2</ele>
    <time>2026-05-21T06:18:00Z</time>
   </trkpt>
   <trkpt lat="48.7049430" lon="-2.9529430">
    <ele>94.2</ele>
    <time>2026-05-21T06:18:01Z</time>
   </trkpt>
   <trkpt lat="48.7049840" lon="-2.9530160">
    <ele>94.2</ele>
    <time>2026-05-21T06:18:02Z</time>
   </trkpt>
   <trkpt lat="48.7050270" lon="-2.9530880">
    <ele>94.2</ele>
    <time>2026-05-21T06:18:03Z</time>
   </trkpt>
   <trkpt lat="48.7050710" lon="-2.9531600">
    <ele>94.2</ele>
    <time>2026-05-21T06:18:04Z</time>
   </trkpt>
   <trkpt lat="48.7051140" lon="-2.9532330">
    <ele>94.2</ele>
    <time>2026-05-21T06:18:05Z</time>
   </trkpt>
   <trkpt lat="48.7051610" lon="-2.9533050">
    <ele>94.2</ele>
    <time>2026-05-21T06:18:06Z</time>
   </trkpt>
   <trkpt lat="48.7052060" lon="-2.9533770">
    <ele>94.3</ele>
    <time>2026-05-21T06:18:07Z</time>
   </trkpt>
   <trkpt lat="48.7052500" lon="-2.9534510">
    <ele>94.3</ele>
    <time>2026-05-21T06:18:08Z</time>
   </trkpt>
   <trkpt lat="48.7052960" lon="-2.9535230">
    <ele>94.3</ele>
    <time>2026-05-21T06:18:09Z</time>
   </trkpt>
   <trkpt lat="48.7053420" lon="-2.9535940">
    <ele>94.3</ele>
    <time>2026-05-21T06:18:10Z</time>
   </trkpt>
   <trkpt lat="48.7053900" lon="-2.9536600">
    <ele>94.3</ele>
    <time>2026-05-21T06:18:11Z</time>
   </trkpt>
   <trkpt lat="48.7054370" lon="-2.9537260">
    <ele>94.4</ele>
    <time>2026-05-21T06:18:12Z</time>
   </trkpt>
   <trkpt lat="48.7054830" lon="-2.9537920">
    <ele>94.4</ele>
    <time>2026-05-21T06:18:13Z</time>
   </trkpt>
   <trkpt lat="48.7055310" lon="-2.9538580">
    <ele>94.5</ele>
    <time>2026-05-21T06:18:14Z</time>
   </trkpt>
   <trkpt lat="48.7055760" lon="-2.9539200">
    <ele>94.6</ele>
    <time>2026-05-21T06:18:15Z</time>
   </trkpt>
   <trkpt lat="48.7056230" lon="-2.9539820">
    <ele>94.7</ele>
    <time>2026-05-21T06:18:16Z</time>
   </trkpt>
   <trkpt lat="48.7056680" lon="-2.9540450">
    <ele>94.8</ele>
    <time>2026-05-21T06:18:17Z</time>
   </trkpt>
   <trkpt lat="48.7057130" lon="-2.9541050">
    <ele>94.8</ele>
    <time>2026-05-21T06:18:18Z</time>
   </trkpt>
   <trkpt lat="48.7057560" lon="-2.9541630">
    <ele>94.9</ele>
    <time>2026-05-21T06:18:19Z</time>
   </trkpt>
   <trkpt lat="48.7057980" lon="-2.9542240">
    <ele>95.0</ele>
    <time>2026-05-21T06:18:20Z</time>
   </trkpt>
   <trkpt lat="48.7058400" lon="-2.9542810">
    <ele>95.1</ele>
    <time>2026-05-21T06:18:21Z</time>
   </trkpt>
   <trkpt lat="48.7058850" lon="-2.9543280">
    <ele>95.2</ele>
    <time>2026-05-21T06:18:22Z</time>
   </trkpt>
   <trkpt lat="48.7059330" lon="-2.9543660">
    <ele>95.3</ele>
    <time>2026-05-21T06:18:23Z</time>
   </trkpt>
   <trkpt lat="48.7059860" lon="-2.9543950">
    <ele>95.4</ele>
    <time>2026-05-21T06:18:24Z</time>
   </trkpt>
   <trkpt lat="48.7060350" lon="-2.9544220">
    <ele>95.4</ele>
    <time>2026-05-21T06:18:25Z</time>
   </trkpt>
   <trkpt lat="48.7060870" lon="-2.9544460">
    <ele>95.5</ele>
    <time>2026-05-21T06:18:26Z</time>
   </trkpt>
   <trkpt lat="48.7061350" lon="-2.9544500">
    <ele>95.5</ele>
    <time>2026-05-21T06:18:27Z</time>
   </trkpt>
   <trkpt lat="48.7061810" lon="-2.9544600">
    <ele>95.5</ele>
    <time>2026-05-21T06:18:28Z</time>
   </trkpt>
   <trkpt lat="48.7062250" lon="-2.9544610">
    <ele>95.5</ele>
    <time>2026-05-21T06:18:29Z</time>
   </trkpt>
   <trkpt lat="48.7062770" lon="-2.9544600">
    <ele>95.4</ele>
    <time>2026-05-21T06:18:30Z</time>
   </trkpt>
   <trkpt lat="48.7063220" lon="-2.9544570">
    <ele>95.4</ele>
    <time>2026-05-21T06:18:31Z</time>
   </trkpt>
   <trkpt lat="48.7063720" lon="-2.9544530">
    <ele>95.4</ele>
    <time>2026-05-21T06:18:32Z</time>
   </trkpt>
   <trkpt lat="48.7064230" lon="-2.9544560">
    <ele>95.4</ele>
    <time>2026-05-21T06:18:33Z</time>
   </trkpt>
   <trkpt lat="48.7064770" lon="-2.9544630">
    <ele>95.4</ele>
    <time>2026-05-21T06:18:34Z</time>
   </trkpt>
   <trkpt lat="48.7065290" lon="-2.9544630">
    <ele>95.4</ele>
    <time>2026-05-21T06:18:35Z</time>
   </trkpt>
   <trkpt lat="48.7065830" lon="-2.9544590">
    <ele>95.4</ele>
    <time>2026-05-21T06:18:36Z</time>
   </trkpt>
   <trkpt lat="48.7066370" lon="-2.9544540">
    <ele>95.4</ele>
    <time>2026-05-21T06:18:37Z</time>
   </trkpt>
   <trkpt lat="48.7066940" lon="-2.9544520">
    <ele>95.5</ele>
    <time>2026-05-21T06:18:38Z</time>
   </trkpt>
   <trkpt lat="48.7067480" lon="-2.9544550">
    <ele>95.5</ele>
    <time>2026-05-21T06:18:39Z</time>
   </trkpt>
   <trkpt lat="48.7068050" lon="-2.9544520">
    <ele>95.5</ele>
    <time>2026-05-21T06:18:40Z</time>
   </trkpt>
   <trkpt lat="48.7068660" lon="-2.9544460">
    <ele>95.5</ele>
    <time>2026-05-21T06:18:41Z</time>
   </trkpt>
   <trkpt lat="48.7069230" lon="-2.9544430">
    <ele>95.5</ele>
    <time>2026-05-21T06:18:42Z</time>
   </trkpt>
   <trkpt lat="48.7069820" lon="-2.9544430">
    <ele>95.5</ele>
    <time>2026-05-21T06:18:43Z</time>
   </trkpt>
   <trkpt lat="48.7070440" lon="-2.9544440">
    <ele>95.5</ele>
    <time>2026-05-21T06:18:44Z</time>
   </trkpt>
   <trkpt lat="48.7071020" lon="-2.9544440">
    <ele>95.5</ele>
    <time>2026-05-21T06:18:45Z</time>
   </trkpt>
   <trkpt lat="48.7071610" lon="-2.9544430">
    <ele>95.5</ele>
    <time>2026-05-21T06:18:46Z</time>
   </trkpt>
   <trkpt lat="48.7072240" lon="-2.9544420">
    <ele>95.4</ele>
    <time>2026-05-21T06:18:47Z</time>
   </trkpt>
   <trkpt lat="48.7072810" lon="-2.9544460">
    <ele>95.3</ele>
    <time>2026-05-21T06:18:48Z</time>
   </trkpt>
   <trkpt lat="48.7073410" lon="-2.9544500">
    <ele>95.3</ele>
    <time>2026-05-21T06:18:49Z</time>
   </trkpt>
   <trkpt lat="48.7074020" lon="-2.9544490">
    <ele>95.2</ele>
    <time>2026-05-21T06:18:50Z</time>
   </trkpt>
   <trkpt lat="48.7074630" lon="-2.9544460">
    <ele>95.1</ele>
    <time>2026-05-21T06:18:51Z</time>
   </trkpt>
   <trkpt lat="48.7075240" lon="-2.9544450">
    <ele>95.1</ele>
    <time>2026-05-21T06:18:52Z</time>
   </trkpt>
   <trkpt lat="48.7075870" lon="-2.9544450">
    <ele>95.0</ele>
    <time>2026-05-21T06:18:53Z</time>
   </trkpt>
   <trkpt lat="48.7076550" lon="-2.9544440">
    <ele>95.0</ele>
    <time>2026-05-21T06:18:54Z</time>
   </trkpt>
   <trkpt lat="48.7077190" lon="-2.9544390">
    <ele>95.0</ele>
    <time>2026-05-21T06:18:55Z</time>
   </trkpt>
   <trkpt lat="48.7077890" lon="-2.9544380">
    <ele>94.9</ele>
    <time>2026-05-21T06:18:56Z</time>
   </trkpt>
   <trkpt lat="48.7078540" lon="-2.9544330">
    <ele>94.9</ele>
    <time>2026-05-21T06:18:57Z</time>
   </trkpt>
   <trkpt lat="48.7079180" lon="-2.9544330">
    <ele>94.8</ele>
    <time>2026-05-21T06:18:58Z</time>
   </trkpt>
   <trkpt lat="48.7079830" lon="-2.9544310">
    <ele>94.8</ele>
    <time>2026-05-21T06:18:59Z</time>
   </trkpt>
   <trkpt lat="48.7080480" lon="-2.9544260">
    <ele>94.7</ele>
    <time>2026-05-21T06:19:01Z</time>
   </trkpt>
   <trkpt lat="48.7081120" lon="-2.9544200">
    <ele>94.6</ele>
    <time>2026-05-21T06:19:02Z</time>
   </trkpt>
   <trkpt lat="48.7081830" lon="-2.9544110">
    <ele>94.5</ele>
    <time>2026-05-21T06:19:03Z</time>
   </trkpt>
   <trkpt lat="48.7082520" lon="-2.9544050">
    <ele>94.3</ele>
    <time>2026-05-21T06:19:04Z</time>
   </trkpt>
   <trkpt lat="48.7083180" lon="-2.9543990">
    <ele>94.2</ele>
    <time>2026-05-21T06:19:05Z</time>
   </trkpt>
   <trkpt lat="48.7083860" lon="-2.9543920">
    <ele>94.1</ele>
    <time>2026-05-21T06:19:06Z</time>
   </trkpt>
   <trkpt lat="48.7084580" lon="-2.9543820">
    <ele>94.0</ele>
    <time>2026-05-21T06:19:07Z</time>
   </trkpt>
   <trkpt lat="48.7085260" lon="-2.9543690">
    <ele>93.9</ele>
    <time>2026-05-21T06:19:08Z</time>
   </trkpt>
   <trkpt lat="48.7085980" lon="-2.9543580">
    <ele>93.7</ele>
    <time>2026-05-21T06:19:09Z</time>
   </trkpt>
   <trkpt lat="48.7086740" lon="-2.9543480">
    <ele>93.6</ele>
    <time>2026-05-21T06:19:10Z</time>
   </trkpt>
   <trkpt lat="48.7087470" lon="-2.9543420">
    <ele>93.5</ele>
    <time>2026-05-21T06:19:11Z</time>
   </trkpt>
   <trkpt lat="48.7088160" lon="-2.9543320">
    <ele>93.3</ele>
    <time>2026-05-21T06:19:12Z</time>
   </trkpt>
   <trkpt lat="48.7088920" lon="-2.9543230">
    <ele>93.1</ele>
    <time>2026-05-21T06:19:13Z</time>
   </trkpt>
   <trkpt lat="48.7089670" lon="-2.9543150">
    <ele>93.0</ele>
    <time>2026-05-21T06:19:14Z</time>
   </trkpt>
   <trkpt lat="48.7091190" lon="-2.9543030">
    <ele>92.6</ele>
    <time>2026-05-21T06:19:15Z</time>
   </trkpt>
   <trkpt lat="48.7091950" lon="-2.9543010">
    <ele>92.4</ele>
    <time>2026-05-21T06:19:16Z</time>
   </trkpt>
   <trkpt lat="48.7092740" lon="-2.9542990">
    <ele>92.1</ele>
    <time>2026-05-21T06:19:17Z</time>
   </trkpt>
   <trkpt lat="48.7093530" lon="-2.9543070">
    <ele>91.9</ele>
    <time>2026-05-21T06:19:18Z</time>
   </trkpt>
   <trkpt lat="48.7094290" lon="-2.9543160">
    <ele>91.7</ele>
    <time>2026-05-21T06:19:19Z</time>
   </trkpt>
   <trkpt lat="48.7095060" lon="-2.9543260">
    <ele>91.5</ele>
    <time>2026-05-21T06:19:20Z</time>
   </trkpt>
   <trkpt lat="48.7095810" lon="-2.9543350">
    <ele>91.3</ele>
    <time>2026-05-21T06:19:21Z</time>
   </trkpt>
   <trkpt lat="48.7096560" lon="-2.9543660">
    <ele>91.1</ele>
    <time>2026-05-21T06:19:22Z</time>
   </trkpt>
   <trkpt lat="48.7097310" lon="-2.9544040">
    <ele>91.0</ele>
    <time>2026-05-21T06:19:23Z</time>
   </trkpt>
   <trkpt lat="48.7098070" lon="-2.9544370">
    <ele>90.6</ele>
    <time>2026-05-21T06:19:24Z</time>
   </trkpt>
   <trkpt lat="48.7098860" lon="-2.9544690">
    <ele>90.2</ele>
    <time>2026-05-21T06:19:25Z</time>
   </trkpt>
   <trkpt lat="48.7099680" lon="-2.9545030">
    <ele>89.8</ele>
    <time>2026-05-21T06:19:26Z</time>
   </trkpt>
   <trkpt lat="48.7100530" lon="-2.9545410">
    <ele>89.4</ele>
    <time>2026-05-21T06:19:27Z</time>
   </trkpt>
   <trkpt lat="48.7101380" lon="-2.9545770">
    <ele>89.0</ele>
    <time>2026-05-21T06:19:28Z</time>
   </trkpt>
   <trkpt lat="48.7102240" lon="-2.9546100">
    <ele>88.8</ele>
    <time>2026-05-21T06:19:29Z</time>
   </trkpt>
   <trkpt lat="48.7103110" lon="-2.9546280">
    <ele>88.6</ele>
    <time>2026-05-21T06:19:30Z</time>
   </trkpt>
   <trkpt lat="48.7103930" lon="-2.9546410">
    <ele>88.4</ele>
    <time>2026-05-21T06:19:31Z</time>
   </trkpt>
   <trkpt lat="48.7104840" lon="-2.9546620">
    <ele>88.2</ele>
    <time>2026-05-21T06:19:32Z</time>
   </trkpt>
   <trkpt lat="48.7105710" lon="-2.9546830">
    <ele>88.1</ele>
    <time>2026-05-21T06:19:33Z</time>
   </trkpt>
   <trkpt lat="48.7106560" lon="-2.9546980">
    <ele>88.1</ele>
    <time>2026-05-21T06:19:34Z</time>
   </trkpt>
   <trkpt lat="48.7107400" lon="-2.9547160">
    <ele>88.0</ele>
    <time>2026-05-21T06:19:35Z</time>
   </trkpt>
   <trkpt lat="48.7108220" lon="-2.9547350">
    <ele>88.0</ele>
    <time>2026-05-21T06:19:36Z</time>
   </trkpt>
   <trkpt lat="48.7109050" lon="-2.9547510">
    <ele>88.0</ele>
    <time>2026-05-21T06:19:37Z</time>
   </trkpt>
   <trkpt lat="48.7109870" lon="-2.9547690">
    <ele>88.0</ele>
    <time>2026-05-21T06:19:38Z</time>
   </trkpt>
   <trkpt lat="48.7110720" lon="-2.9547880">
    <ele>88.0</ele>
    <time>2026-05-21T06:19:39Z</time>
   </trkpt>
   <trkpt lat="48.7111530" lon="-2.9548040">
    <ele>87.9</ele>
    <time>2026-05-21T06:19:40Z</time>
   </trkpt>
   <trkpt lat="48.7112340" lon="-2.9548210">
    <ele>87.9</ele>
    <time>2026-05-21T06:19:41Z</time>
   </trkpt>
   <trkpt lat="48.7113150" lon="-2.9548350">
    <ele>87.8</ele>
    <time>2026-05-21T06:19:42Z</time>
   </trkpt>
   <trkpt lat="48.7113970" lon="-2.9548540">
    <ele>87.7</ele>
    <time>2026-05-21T06:19:43Z</time>
   </trkpt>
   <trkpt lat="48.7114740" lon="-2.9548720">
    <ele>87.7</ele>
    <time>2026-05-21T06:19:44Z</time>
   </trkpt>
   <trkpt lat="48.7115600" lon="-2.9548780">
    <ele>87.6</ele>
    <time>2026-05-21T06:19:45Z</time>
   </trkpt>
   <trkpt lat="48.7116380" lon="-2.9548980">
    <ele>87.5</ele>
    <time>2026-05-21T06:19:46Z</time>
   </trkpt>
   <trkpt lat="48.7117230" lon="-2.9549180">
    <ele>87.4</ele>
    <time>2026-05-21T06:19:47Z</time>
   </trkpt>
   <trkpt lat="48.7118010" lon="-2.9549350">
    <ele>87.4</ele>
    <time>2026-05-21T06:19:48Z</time>
   </trkpt>
   <trkpt lat="48.7118800" lon="-2.9549530">
    <ele>87.3</ele>
    <time>2026-05-21T06:19:49Z</time>
   </trkpt>
   <trkpt lat="48.7119600" lon="-2.9549740">
    <ele>87.2</ele>
    <time>2026-05-21T06:19:50Z</time>
   </trkpt>
   <trkpt lat="48.7120380" lon="-2.9549950">
    <ele>87.2</ele>
    <time>2026-05-21T06:19:51Z</time>
   </trkpt>
   <trkpt lat="48.7121130" lon="-2.9550190">
    <ele>87.1</ele>
    <time>2026-05-21T06:19:52Z</time>
   </trkpt>
   <trkpt lat="48.7121900" lon="-2.9550340">
    <ele>87.1</ele>
    <time>2026-05-21T06:19:53Z</time>
   </trkpt>
   <trkpt lat="48.7122620" lon="-2.9550490">
    <ele>87.1</ele>
    <time>2026-05-21T06:19:54Z</time>
   </trkpt>
   <trkpt lat="48.7123370" lon="-2.9550680">
    <ele>87.1</ele>
    <time>2026-05-21T06:19:55Z</time>
   </trkpt>
   <trkpt lat="48.7124120" lon="-2.9550830">
    <ele>87.1</ele>
    <time>2026-05-21T06:19:56Z</time>
   </trkpt>
   <trkpt lat="48.7124840" lon="-2.9551000">
    <ele>87.0</ele>
    <time>2026-05-21T06:19:57Z</time>
   </trkpt>
   <trkpt lat="48.7125540" lon="-2.9551170">
    <ele>87.0</ele>
    <time>2026-05-21T06:19:58Z</time>
   </trkpt>
   <trkpt lat="48.7126280" lon="-2.9551280">
    <ele>86.9</ele>
    <time>2026-05-21T06:19:59Z</time>
   </trkpt>
   <trkpt lat="48.7127040" lon="-2.9551490">
    <ele>86.9</ele>
    <time>2026-05-21T06:20:00Z</time>
   </trkpt>
   <trkpt lat="48.7127770" lon="-2.9551700">
    <ele>86.8</ele>
    <time>2026-05-21T06:20:01Z</time>
   </trkpt>
   <trkpt lat="48.7128530" lon="-2.9551830">
    <ele>86.8</ele>
    <time>2026-05-21T06:20:02Z</time>
   </trkpt>
   <trkpt lat="48.7129250" lon="-2.9551990">
    <ele>86.8</ele>
    <time>2026-05-21T06:20:03Z</time>
   </trkpt>
   <trkpt lat="48.7130000" lon="-2.9552160">
    <ele>86.7</ele>
    <time>2026-05-21T06:20:04Z</time>
   </trkpt>
   <trkpt lat="48.7130740" lon="-2.9552360">
    <ele>86.7</ele>
    <time>2026-05-21T06:20:05Z</time>
   </trkpt>
   <trkpt lat="48.7131490" lon="-2.9552520">
    <ele>86.7</ele>
    <time>2026-05-21T06:20:06Z</time>
   </trkpt>
   <trkpt lat="48.7132170" lon="-2.9552690">
    <ele>86.6</ele>
    <time>2026-05-21T06:20:07Z</time>
   </trkpt>
   <trkpt lat="48.7132900" lon="-2.9552840">
    <ele>86.6</ele>
    <time>2026-05-21T06:20:08Z</time>
   </trkpt>
   <trkpt lat="48.7133620" lon="-2.9553080">
    <ele>86.5</ele>
    <time>2026-05-21T06:20:09Z</time>
   </trkpt>
   <trkpt lat="48.7134350" lon="-2.9553320">
    <ele>86.5</ele>
    <time>2026-05-21T06:20:10Z</time>
   </trkpt>
   <trkpt lat="48.7135090" lon="-2.9553600">
    <ele>86.5</ele>
    <time>2026-05-21T06:20:11Z</time>
   </trkpt>
   <trkpt lat="48.7135800" lon="-2.9553890">
    <ele>86.5</ele>
    <time>2026-05-21T06:20:12Z</time>
   </trkpt>
   <trkpt lat="48.7136530" lon="-2.9554220">
    <ele>86.5</ele>
    <time>2026-05-21T06:20:13Z</time>
   </trkpt>
   <trkpt lat="48.7137230" lon="-2.9554580">
    <ele>86.5</ele>
    <time>2026-05-21T06:20:14Z</time>
   </trkpt>
   <trkpt lat="48.7137940" lon="-2.9554880">
    <ele>86.6</ele>
    <time>2026-05-21T06:20:15Z</time>
   </trkpt>
   <trkpt lat="48.7138640" lon="-2.9555220">
    <ele>86.7</ele>
    <time>2026-05-21T06:20:16Z</time>
   </trkpt>
   <trkpt lat="48.7139340" lon="-2.9555540">
    <ele>86.7</ele>
    <time>2026-05-21T06:20:17Z</time>
   </trkpt>
   <trkpt lat="48.7140050" lon="-2.9555830">
    <ele>86.8</ele>
    <time>2026-05-21T06:20:18Z</time>
   </trkpt>
   <trkpt lat="48.7140720" lon="-2.9556080">
    <ele>86.9</ele>
    <time>2026-05-21T06:20:19Z</time>
   </trkpt>
   <trkpt lat="48.7141360" lon="-2.9556320">
    <ele>87.0</ele>
    <time>2026-05-21T06:20:20Z</time>
   </trkpt>
   <trkpt lat="48.7141990" lon="-2.9556560">
    <ele>87.1</ele>
    <time>2026-05-21T06:20:21Z</time>
   </trkpt>
   <trkpt lat="48.7142630" lon="-2.9556750">
    <ele>87.2</ele>
    <time>2026-05-21T06:20:22Z</time>
   </trkpt>
   <trkpt lat="48.7143240" lon="-2.9556870">
    <ele>87.3</ele>
    <time>2026-05-21T06:20:23Z</time>
   </trkpt>
   <trkpt lat="48.7143860" lon="-2.9556930">
    <ele>87.4</ele>
    <time>2026-05-21T06:20:24Z</time>
   </trkpt>
   <trkpt lat="48.7144470" lon="-2.9556920">
    <ele>87.5</ele>
    <time>2026-05-21T06:20:25Z</time>
   </trkpt>
   <trkpt lat="48.7145120" lon="-2.9556920">
    <ele>87.7</ele>
    <time>2026-05-21T06:20:26Z</time>
   </trkpt>
   <trkpt lat="48.7145700" lon="-2.9556910">
    <ele>87.8</ele>
    <time>2026-05-21T06:20:27Z</time>
   </trkpt>
   <trkpt lat="48.7146270" lon="-2.9556830">
    <ele>87.9</ele>
    <time>2026-05-21T06:20:28Z</time>
   </trkpt>
   <trkpt lat="48.7146850" lon="-2.9556690">
    <ele>88.0</ele>
    <time>2026-05-21T06:20:29Z</time>
   </trkpt>
   <trkpt lat="48.7147430" lon="-2.9556640">
    <ele>88.0</ele>
    <time>2026-05-21T06:20:30Z</time>
   </trkpt>
   <trkpt lat="48.7147970" lon="-2.9556540">
    <ele>88.1</ele>
    <time>2026-05-21T06:20:31Z</time>
   </trkpt>
   <trkpt lat="48.7148540" lon="-2.9556390">
    <ele>88.1</ele>
    <time>2026-05-21T06:20:32Z</time>
   </trkpt>
   <trkpt lat="48.7149080" lon="-2.9556230">
    <ele>88.1</ele>
    <time>2026-05-21T06:20:33Z</time>
   </trkpt>
   <trkpt lat="48.7149620" lon="-2.9556000">
    <ele>88.1</ele>
    <time>2026-05-21T06:20:34Z</time>
   </trkpt>
   <trkpt lat="48.7150160" lon="-2.9555680">
    <ele>88.0</ele>
    <time>2026-05-21T06:20:35Z</time>
   </trkpt>
   <trkpt lat="48.7150730" lon="-2.9555270">
    <ele>87.9</ele>
    <time>2026-05-21T06:20:36Z</time>
   </trkpt>
   <trkpt lat="48.7151300" lon="-2.9554850">
    <ele>87.8</ele>
    <time>2026-05-21T06:20:37Z</time>
   </trkpt>
   <trkpt lat="48.7151860" lon="-2.9554440">
    <ele>87.7</ele>
    <time>2026-05-21T06:20:38Z</time>
   </trkpt>
   <trkpt lat="48.7152450" lon="-2.9553960">
    <ele>87.6</ele>
    <time>2026-05-21T06:20:39Z</time>
   </trkpt>
   <trkpt lat="48.7153000" lon="-2.9553490">
    <ele>87.4</ele>
    <time>2026-05-21T06:20:40Z</time>
   </trkpt>
   <trkpt lat="48.7153600" lon="-2.9553030">
    <ele>87.3</ele>
    <time>2026-05-21T06:20:41Z</time>
   </trkpt>
   <trkpt lat="48.7154210" lon="-2.9552530">
    <ele>87.1</ele>
    <time>2026-05-21T06:20:42Z</time>
   </trkpt>
   <trkpt lat="48.7154810" lon="-2.9552070">
    <ele>86.9</ele>
    <time>2026-05-21T06:20:43Z</time>
   </trkpt>
   <trkpt lat="48.7155410" lon="-2.9551600">
    <ele>86.7</ele>
    <time>2026-05-21T06:20:44Z</time>
   </trkpt>
   <trkpt lat="48.7156070" lon="-2.9551190">
    <ele>86.5</ele>
    <time>2026-05-21T06:20:45Z</time>
   </trkpt>
   <trkpt lat="48.7156770" lon="-2.9550890">
    <ele>86.3</ele>
    <time>2026-05-21T06:20:46Z</time>
   </trkpt>
   <trkpt lat="48.7157490" lon="-2.9550680">
    <ele>86.1</ele>
    <time>2026-05-21T06:20:47Z</time>
   </trkpt>
   <trkpt lat="48.7158200" lon="-2.9550530">
    <ele>85.9</ele>
    <time>2026-05-21T06:20:48Z</time>
   </trkpt>
   <trkpt lat="48.7158940" lon="-2.9550460">
    <ele>85.6</ele>
    <time>2026-05-21T06:20:49Z</time>
   </trkpt>
   <trkpt lat="48.7159700" lon="-2.9550440">
    <ele>85.4</ele>
    <time>2026-05-21T06:20:50Z</time>
   </trkpt>
   <trkpt lat="48.7160460" lon="-2.9550470">
    <ele>85.2</ele>
    <time>2026-05-21T06:20:51Z</time>
   </trkpt>
   <trkpt lat="48.7161260" lon="-2.9550480">
    <ele>84.9</ele>
    <time>2026-05-21T06:20:52Z</time>
   </trkpt>
   <trkpt lat="48.7162060" lon="-2.9550450">
    <ele>84.7</ele>
    <time>2026-05-21T06:20:53Z</time>
   </trkpt>
   <trkpt lat="48.7162860" lon="-2.9550270">
    <ele>84.4</ele>
    <time>2026-05-21T06:20:54Z</time>
   </trkpt>
   <trkpt lat="48.7163650" lon="-2.9549890">
    <ele>84.2</ele>
    <time>2026-05-21T06:20:55Z</time>
   </trkpt>
   <trkpt lat="48.7164400" lon="-2.9549330">
    <ele>83.9</ele>
    <time>2026-05-21T06:20:56Z</time>
   </trkpt>
   <trkpt lat="48.7165100" lon="-2.9548760">
    <ele>83.6</ele>
    <time>2026-05-21T06:20:57Z</time>
   </trkpt>
   <trkpt lat="48.7165810" lon="-2.9548070">
    <ele>83.3</ele>
    <time>2026-05-21T06:20:58Z</time>
   </trkpt>
   <trkpt lat="48.7166460" lon="-2.9547280">
    <ele>83.0</ele>
    <time>2026-05-21T06:20:59Z</time>
   </trkpt>
   <trkpt lat="48.7167080" lon="-2.9546370">
    <ele>82.7</ele>
    <time>2026-05-21T06:21:00Z</time>
   </trkpt>
   <trkpt lat="48.7167620" lon="-2.9545380">
    <ele>82.4</ele>
    <time>2026-05-21T06:21:01Z</time>
   </trkpt>
   <trkpt lat="48.7168180" lon="-2.9544360">
    <ele>82.0</ele>
    <time>2026-05-21T06:21:02Z</time>
   </trkpt>
   <trkpt lat="48.7168730" lon="-2.9543300">
    <ele>81.6</ele>
    <time>2026-05-21T06:21:03Z</time>
   </trkpt>
   <trkpt lat="48.7169260" lon="-2.9542230">
    <ele>81.1</ele>
    <time>2026-05-21T06:21:04Z</time>
   </trkpt>
   <trkpt lat="48.7169820" lon="-2.9541160">
    <ele>80.6</ele>
    <time>2026-05-21T06:21:05Z</time>
   </trkpt>
   <trkpt lat="48.7170390" lon="-2.9540050">
    <ele>80.1</ele>
    <time>2026-05-21T06:21:07Z</time>
   </trkpt>
   <trkpt lat="48.7171000" lon="-2.9538890">
    <ele>79.5</ele>
    <time>2026-05-21T06:21:08Z</time>
   </trkpt>
   <trkpt lat="48.7171600" lon="-2.9537720">
    <ele>79.0</ele>
    <time>2026-05-21T06:21:09Z</time>
   </trkpt>
   <trkpt lat="48.7172190" lon="-2.9536510">
    <ele>78.6</ele>
    <time>2026-05-21T06:21:10Z</time>
   </trkpt>
   <trkpt lat="48.7172800" lon="-2.9535380">
    <ele>78.2</ele>
    <time>2026-05-21T06:21:11Z</time>
   </trkpt>
   <trkpt lat="48.7173430" lon="-2.9534380">
    <ele>78.0</ele>
    <time>2026-05-21T06:21:12Z</time>
   </trkpt>
   <trkpt lat="48.7174120" lon="-2.9533480">
    <ele>77.7</ele>
    <time>2026-05-21T06:21:13Z</time>
   </trkpt>
   <trkpt lat="48.7174830" lon="-2.9532680">
    <ele>77.5</ele>
    <time>2026-05-21T06:21:14Z</time>
   </trkpt>
   <trkpt lat="48.7175640" lon="-2.9531920">
    <ele>77.4</ele>
    <time>2026-05-21T06:21:15Z</time>
   </trkpt>
   <trkpt lat="48.7176400" lon="-2.9531120">
    <ele>77.2</ele>
    <time>2026-05-21T06:21:16Z</time>
   </trkpt>
   <trkpt lat="48.7177150" lon="-2.9530400">
    <ele>77.0</ele>
    <time>2026-05-21T06:21:17Z</time>
   </trkpt>
   <trkpt lat="48.7177880" lon="-2.9529690">
    <ele>76.9</ele>
    <time>2026-05-21T06:21:18Z</time>
   </trkpt>
   <trkpt lat="48.7178590" lon="-2.9528990">
    <ele>76.7</ele>
    <time>2026-05-21T06:21:19Z</time>
   </trkpt>
   <trkpt lat="48.7179300" lon="-2.9528360">
    <ele>76.6</ele>
    <time>2026-05-21T06:21:20Z</time>
   </trkpt>
   <trkpt lat="48.7180740" lon="-2.9526890">
    <ele>76.3</ele>
    <time>2026-05-21T06:21:21Z</time>
   </trkpt>
   <trkpt lat="48.7181490" lon="-2.9526250">
    <ele>76.2</ele>
    <time>2026-05-21T06:21:22Z</time>
   </trkpt>
   <trkpt lat="48.7182310" lon="-2.9525760">
    <ele>76.2</ele>
    <time>2026-05-21T06:21:23Z</time>
   </trkpt>
   <trkpt lat="48.7183130" lon="-2.9525410">
    <ele>76.2</ele>
    <time>2026-05-21T06:21:24Z</time>
   </trkpt>
   <trkpt lat="48.7183910" lon="-2.9525420">
    <ele>76.3</ele>
    <time>2026-05-21T06:21:25Z</time>
   </trkpt>
   <trkpt lat="48.7184650" lon="-2.9525700">
    <ele>76.4</ele>
    <time>2026-05-21T06:21:26Z</time>
   </trkpt>
   <trkpt lat="48.7185350" lon="-2.9526140">
    <ele>76.5</ele>
    <time>2026-05-21T06:21:27Z</time>
   </trkpt>
   <trkpt lat="48.7185980" lon="-2.9526700">
    <ele>76.6</ele>
    <time>2026-05-21T06:21:28Z</time>
   </trkpt>
   <trkpt lat="48.7186560" lon="-2.9527320">
    <ele>76.7</ele>
    <time>2026-05-21T06:21:29Z</time>
   </trkpt>
   <trkpt lat="48.7187060" lon="-2.9527960">
    <ele>76.8</ele>
    <time>2026-05-21T06:21:30Z</time>
   </trkpt>
   <trkpt lat="48.7187520" lon="-2.9528610">
    <ele>76.9</ele>
    <time>2026-05-21T06:21:31Z</time>
   </trkpt>
   <trkpt lat="48.7188010" lon="-2.9529280">
    <ele>77.0</ele>
    <time>2026-05-21T06:21:32Z</time>
   </trkpt>
   <trkpt lat="48.7188620" lon="-2.9529850">
    <ele>77.0</ele>
    <time>2026-05-21T06:21:33Z</time>
   </trkpt>
   <trkpt lat="48.7189150" lon="-2.9530460">
    <ele>77.1</ele>
    <time>2026-05-21T06:21:34Z</time>
   </trkpt>
   <trkpt lat="48.7189710" lon="-2.9531080">
    <ele>77.3</ele>
    <time>2026-05-21T06:21:35Z</time>
   </trkpt>
   <trkpt lat="48.7190240" lon="-2.9531690">
    <ele>77.4</ele>
    <time>2026-05-21T06:21:36Z</time>
   </trkpt>
   <trkpt lat="48.7190740" lon="-2.9532220">
    <ele>77.5</ele>
    <time>2026-05-21T06:21:37Z</time>
   </trkpt>
   <trkpt lat="48.7191330" lon="-2.9532710">
    <ele>77.6</ele>
    <time>2026-05-21T06:21:38Z</time>
   </trkpt>
   <trkpt lat="48.7191890" lon="-2.9533060">
    <ele>77.6</ele>
    <time>2026-05-21T06:21:39Z</time>
   </trkpt>
   <trkpt lat="48.7192460" lon="-2.9533320">
    <ele>77.5</ele>
    <time>2026-05-21T06:21:40Z</time>
   </trkpt>
   <trkpt lat="48.7193040" lon="-2.9533520">
    <ele>77.4</ele>
    <time>2026-05-21T06:21:41Z</time>
   </trkpt>
   <trkpt lat="48.7193660" lon="-2.9533710">
    <ele>77.1</ele>
    <time>2026-05-21T06:21:42Z</time>
   </trkpt>
   <trkpt lat="48.7194310" lon="-2.9533800">
    <ele>76.8</ele>
    <time>2026-05-21T06:21:43Z</time>
   </trkpt>
   <trkpt lat="48.7194990" lon="-2.9533800">
    <ele>76.5</ele>
    <time>2026-05-21T06:21:44Z</time>
   </trkpt>
   <trkpt lat="48.7195690" lon="-2.9533680">
    <ele>76.0</ele>
    <time>2026-05-21T06:21:45Z</time>
   </trkpt>
   <trkpt lat="48.7196430" lon="-2.9533380">
    <ele>75.4</ele>
    <time>2026-05-21T06:21:46Z</time>
   </trkpt>
   <trkpt lat="48.7197230" lon="-2.9533010">
    <ele>74.7</ele>
    <time>2026-05-21T06:21:47Z</time>
   </trkpt>
   <trkpt lat="48.7198050" lon="-2.9532610">
    <ele>74.0</ele>
    <time>2026-05-21T06:21:48Z</time>
   </trkpt>
   <trkpt lat="48.7198850" lon="-2.9532110">
    <ele>73.3</ele>
    <time>2026-05-21T06:21:49Z</time>
   </trkpt>
   <trkpt lat="48.7199640" lon="-2.9531670">
    <ele>72.7</ele>
    <time>2026-05-21T06:21:50Z</time>
   </trkpt>
   <trkpt lat="48.7200500" lon="-2.9531230">
    <ele>72.0</ele>
    <time>2026-05-21T06:21:51Z</time>
   </trkpt>
   <trkpt lat="48.7201400" lon="-2.9530810">
    <ele>71.3</ele>
    <time>2026-05-21T06:21:52Z</time>
   </trkpt>
   <trkpt lat="48.7202310" lon="-2.9530450">
    <ele>70.6</ele>
    <time>2026-05-21T06:21:53Z</time>
   </trkpt>
   <trkpt lat="48.7203260" lon="-2.9530120">
    <ele>69.9</ele>
    <time>2026-05-21T06:21:54Z</time>
   </trkpt>
   <trkpt lat="48.7204230" lon="-2.9529760">
    <ele>69.2</ele>
    <time>2026-05-21T06:21:55Z</time>
   </trkpt>
   <trkpt lat="48.7205160" lon="-2.9529300">
    <ele>68.6</ele>
    <time>2026-05-21T06:21:56Z</time>
   </trkpt>
   <trkpt lat="48.7206120" lon="-2.9528810">
    <ele>68.1</ele>
    <time>2026-05-21T06:21:57Z</time>
   </trkpt>
   <trkpt lat="48.7207080" lon="-2.9528320">
    <ele>68.0</ele>
    <time>2026-05-21T06:21:58Z</time>
   </trkpt>
   <trkpt lat="48.7208010" lon="-2.9527780">
    <ele>67.8</ele>
    <time>2026-05-21T06:21:59Z</time>
   </trkpt>
   <trkpt lat="48.7208920" lon="-2.9527200">
    <ele>67.6</ele>
    <time>2026-05-21T06:22:00Z</time>
   </trkpt>
   <trkpt lat="48.7209900" lon="-2.9526640">
    <ele>67.4</ele>
    <time>2026-05-21T06:22:01Z</time>
   </trkpt>
   <trkpt lat="48.7210680" lon="-2.9525980">
    <ele>67.4</ele>
    <time>2026-05-21T06:22:02Z</time>
   </trkpt>
   <trkpt lat="48.7211550" lon="-2.9525440">
    <ele>67.3</ele>
    <time>2026-05-21T06:22:03Z</time>
   </trkpt>
   <trkpt lat="48.7212400" lon="-2.9524880">
    <ele>67.3</ele>
    <time>2026-05-21T06:22:04Z</time>
   </trkpt>
   <trkpt lat="48.7213200" lon="-2.9524260">
    <ele>67.1</ele>
    <time>2026-05-21T06:22:05Z</time>
   </trkpt>
   <trkpt lat="48.7213920" lon="-2.9523500">
    <ele>67.0</ele>
    <time>2026-05-21T06:22:06Z</time>
   </trkpt>
   <trkpt lat="48.7214530" lon="-2.9522730">
    <ele>66.9</ele>
    <time>2026-05-21T06:22:07Z</time>
   </trkpt>
   <trkpt lat="48.7215140" lon="-2.9522020">
    <ele>67.0</ele>
    <time>2026-05-21T06:22:08Z</time>
   </trkpt>
   <trkpt lat="48.7215760" lon="-2.9521330">
    <ele>67.0</ele>
    <time>2026-05-21T06:22:09Z</time>
   </trkpt>
   <trkpt lat="48.7216390" lon="-2.9520750">
    <ele>66.9</ele>
    <time>2026-05-21T06:22:10Z</time>
   </trkpt>
   <trkpt lat="48.7217010" lon="-2.9520170">
    <ele>66.9</ele>
    <time>2026-05-21T06:22:11Z</time>
   </trkpt>
   <trkpt lat="48.7217660" lon="-2.9519610">
    <ele>66.7</ele>
    <time>2026-05-21T06:22:12Z</time>
   </trkpt>
   <trkpt lat="48.7218320" lon="-2.9518890">
    <ele>66.5</ele>
    <time>2026-05-21T06:22:13Z</time>
   </trkpt>
   <trkpt lat="48.7218960" lon="-2.9518230">
    <ele>66.2</ele>
    <time>2026-05-21T06:22:14Z</time>
   </trkpt>
   <trkpt lat="48.7219630" lon="-2.9517610">
    <ele>65.9</ele>
    <time>2026-05-21T06:22:15Z</time>
   </trkpt>
   <trkpt lat="48.7220260" lon="-2.9516970">
    <ele>65.7</ele>
    <time>2026-05-21T06:22:16Z</time>
   </trkpt>
   <trkpt lat="48.7220980" lon="-2.9516270">
    <ele>65.4</ele>
    <time>2026-05-21T06:22:17Z</time>
   </trkpt>
   <trkpt lat="48.7221690" lon="-2.9515500">
    <ele>64.8</ele>
    <time>2026-05-21T06:22:18Z</time>
   </trkpt>
   <trkpt lat="48.7222410" lon="-2.9514750">
    <ele>64.1</ele>
    <time>2026-05-21T06:22:19Z</time>
   </trkpt>
   <trkpt lat="48.7223170" lon="-2.9514050">
    <ele>63.5</ele>
    <time>2026-05-21T06:22:20Z</time>
   </trkpt>
   <trkpt lat="48.7223960" lon="-2.9513280">
    <ele>62.8</ele>
    <time>2026-05-21T06:22:21Z</time>
   </trkpt>
   <trkpt lat="48.7224750" lon="-2.9512480">
    <ele>62.1</ele>
    <time>2026-05-21T06:22:22Z</time>
   </trkpt>
   <trkpt lat="48.7225570" lon="-2.9511690">
    <ele>61.4</ele>
    <time>2026-05-21T06:22:23Z</time>
   </trkpt>
   <trkpt lat="48.7226410" lon="-2.9510900">
    <ele>60.7</ele>
    <time>2026-05-21T06:22:24Z</time>
   </trkpt>
   <trkpt lat="48.7227290" lon="-2.9510050">
    <ele>60.0</ele>
    <time>2026-05-21T06:22:25Z</time>
   </trkpt>
   <trkpt lat="48.7228170" lon="-2.9509260">
    <ele>59.9</ele>
    <time>2026-05-21T06:22:26Z</time>
   </trkpt>
   <trkpt lat="48.7229080" lon="-2.9508450">
    <ele>59.3</ele>
    <time>2026-05-21T06:22:27Z</time>
   </trkpt>
   <trkpt lat="48.7229950" lon="-2.9507640">
    <ele>58.8</ele>
    <time>2026-05-21T06:22:28Z</time>
   </trkpt>
   <trkpt lat="48.7230810" lon="-2.9506780">
    <ele>58.2</ele>
    <time>2026-05-21T06:22:29Z</time>
   </trkpt>
   <trkpt lat="48.7231580" lon="-2.9505810">
    <ele>57.7</ele>
    <time>2026-05-21T06:22:30Z</time>
   </trkpt>
   <trkpt lat="48.7232400" lon="-2.9504790">
    <ele>57.1</ele>
    <time>2026-05-21T06:22:31Z</time>
   </trkpt>
   <trkpt lat="48.7233250" lon="-2.9504070">
    <ele>57.1</ele>
    <time>2026-05-21T06:22:32Z</time>
   </trkpt>
   <trkpt lat="48.7234040" lon="-2.9503290">
    <ele>57.1</ele>
    <time>2026-05-21T06:22:33Z</time>
   </trkpt>
   <trkpt lat="48.7234850" lon="-2.9502540">
    <ele>57.1</ele>
    <time>2026-05-21T06:22:34Z</time>
   </trkpt>
   <trkpt lat="48.7235640" lon="-2.9501740">
    <ele>57.0</ele>
    <time>2026-05-21T06:22:35Z</time>
   </trkpt>
   <trkpt lat="48.7236430" lon="-2.9500980">
    <ele>57.0</ele>
    <time>2026-05-21T06:22:36Z</time>
   </trkpt>
   <trkpt lat="48.7237210" lon="-2.9500210">
    <ele>57.1</ele>
    <time>2026-05-21T06:22:37Z</time>
   </trkpt>
   <trkpt lat="48.7237960" lon="-2.9499430">
    <ele>57.2</ele>
    <time>2026-05-21T06:22:38Z</time>
   </trkpt>
   <trkpt lat="48.7238690" lon="-2.9498680">
    <ele>57.3</ele>
    <time>2026-05-21T06:22:39Z</time>
   </trkpt>
   <trkpt lat="48.7239390" lon="-2.9497920">
    <ele>57.4</ele>
    <time>2026-05-21T06:22:40Z</time>
   </trkpt>
   <trkpt lat="48.7240090" lon="-2.9497180">
    <ele>57.5</ele>
    <time>2026-05-21T06:22:41Z</time>
   </trkpt>
   <trkpt lat="48.7240730" lon="-2.9496460">
    <ele>57.6</ele>
    <time>2026-05-21T06:22:42Z</time>
   </trkpt>
   <trkpt lat="48.7241350" lon="-2.9495770">
    <ele>57.7</ele>
    <time>2026-05-21T06:22:43Z</time>
   </trkpt>
   <trkpt lat="48.7241890" lon="-2.9495110">
    <ele>57.8</ele>
    <time>2026-05-21T06:22:44Z</time>
   </trkpt>
   <trkpt lat="48.7242460" lon="-2.9494440">
    <ele>58.0</ele>
    <time>2026-05-21T06:22:45Z</time>
   </trkpt>
   <trkpt lat="48.7242970" lon="-2.9493920">
    <ele>58.1</ele>
    <time>2026-05-21T06:22:46Z</time>
   </trkpt>
   <trkpt lat="48.7243450" lon="-2.9493440">
    <ele>58.1</ele>
    <time>2026-05-21T06:22:47Z</time>
   </trkpt>
   <trkpt lat="48.7243960" lon="-2.9492990">
    <ele>58.0</ele>
    <time>2026-05-21T06:22:48Z</time>
   </trkpt>
   <trkpt lat="48.7244450" lon="-2.9492540">
    <ele>57.8</ele>
    <time>2026-05-21T06:22:49Z</time>
   </trkpt>
   <trkpt lat="48.7245090" lon="-2.9492070">
    <ele>57.4</ele>
    <time>2026-05-21T06:22:50Z</time>
   </trkpt>
   <trkpt lat="48.7245830" lon="-2.9491740">
    <ele>56.8</ele>
    <time>2026-05-21T06:22:51Z</time>
   </trkpt>
   <trkpt lat="48.7246600" lon="-2.9491590">
    <ele>56.0</ele>
    <time>2026-05-21T06:22:52Z</time>
   </trkpt>
   <trkpt lat="48.7247460" lon="-2.9491590">
    <ele>55.1</ele>
    <time>2026-05-21T06:22:53Z</time>
   </trkpt>
   <trkpt lat="48.7248360" lon="-2.9491810">
    <ele>54.2</ele>
    <time>2026-05-21T06:22:54Z</time>
   </trkpt>
   <trkpt lat="48.7249260" lon="-2.9492240">
    <ele>53.2</ele>
    <time>2026-05-21T06:22:55Z</time>
   </trkpt>
   <trkpt lat="48.7250160" lon="-2.9492800">
    <ele>52.3</ele>
    <time>2026-05-21T06:22:56Z</time>
   </trkpt>
   <trkpt lat="48.7251080" lon="-2.9493450">
    <ele>51.3</ele>
    <time>2026-05-21T06:22:57Z</time>
   </trkpt>
   <trkpt lat="48.7252010" lon="-2.9494120">
    <ele>50.3</ele>
    <time>2026-05-21T06:22:58Z</time>
   </trkpt>
   <trkpt lat="48.7252970" lon="-2.9494770">
    <ele>49.4</ele>
    <time>2026-05-21T06:22:59Z</time>
   </trkpt>
   <trkpt lat="48.7253980" lon="-2.9495400">
    <ele>49.0</ele>
    <time>2026-05-21T06:23:00Z</time>
   </trkpt>
   <trkpt lat="48.7254770" lon="-2.9496080">
    <ele>48.2</ele>
    <time>2026-05-21T06:23:01Z</time>
   </trkpt>
   <trkpt lat="48.7255570" lon="-2.9496600">
    <ele>47.2</ele>
    <time>2026-05-21T06:23:02Z</time>
   </trkpt>
   <trkpt lat="48.7256340" lon="-2.9497090">
    <ele>46.2</ele>
    <time>2026-05-21T06:23:03Z</time>
   </trkpt>
   <trkpt lat="48.7257160" lon="-2.9497520">
    <ele>45.2</ele>
    <time>2026-05-21T06:23:04Z</time>
   </trkpt>
   <trkpt lat="48.7257940" lon="-2.9497830">
    <ele>44.3</ele>
    <time>2026-05-21T06:23:05Z</time>
   </trkpt>
   <trkpt lat="48.7258720" lon="-2.9498060">
    <ele>43.5</ele>
    <time>2026-05-21T06:23:06Z</time>
   </trkpt>
   <trkpt lat="48.7259460" lon="-2.9498290">
    <ele>43.1</ele>
    <time>2026-05-21T06:23:07Z</time>
   </trkpt>
   <trkpt lat="48.7260170" lon="-2.9498450">
    <ele>42.6</ele>
    <time>2026-05-21T06:23:08Z</time>
   </trkpt>
   <trkpt lat="48.7260860" lon="-2.9498730">
    <ele>42.2</ele>
    <time>2026-05-21T06:23:09Z</time>
   </trkpt>
   <trkpt lat="48.7261510" lon="-2.9499140">
    <ele>41.9</ele>
    <time>2026-05-21T06:23:10Z</time>
   </trkpt>
   <trkpt lat="48.7262120" lon="-2.9499690">
    <ele>41.6</ele>
    <time>2026-05-21T06:23:11Z</time>
   </trkpt>
   <trkpt lat="48.7262670" lon="-2.9500550">
    <ele>40.9</ele>
    <time>2026-05-21T06:23:13Z</time>
   </trkpt>
   <trkpt lat="48.7263400" lon="-2.9502640">
    <ele>39.3</ele>
    <time>2026-05-21T06:23:14Z</time>
   </trkpt>
   <trkpt lat="48.7263430" lon="-2.9503940">
    <ele>38.5</ele>
    <time>2026-05-21T06:23:16Z</time>
   </trkpt>
   <trkpt lat="48.7263190" lon="-2.9506590">
    <ele>36.9</ele>
    <time>2026-05-21T06:23:17Z</time>
   </trkpt>
   <trkpt lat="48.7263040" lon="-2.9507930">
    <ele>36.1</ele>
    <time>2026-05-21T06:23:19Z</time>
   </trkpt>
   <trkpt lat="48.7262790" lon="-2.9510750">
    <ele>35.2</ele>
    <time>2026-05-21T06:23:20Z</time>
   </trkpt>
   <trkpt lat="48.7262740" lon="-2.9512180">
    <ele>34.8</ele>
    <time>2026-05-21T06:23:22Z</time>
   </trkpt>
   <trkpt lat="48.7262710" lon="-2.9513690">
    <ele>34.5</ele>
    <time>2026-05-21T06:23:23Z</time>
   </trkpt>
   <trkpt lat="48.7262620" lon="-2.9515180">
    <ele>33.9</ele>
    <time>2026-05-21T06:23:24Z</time>
   </trkpt>
   <trkpt lat="48.7262430" lon="-2.9516620">
    <ele>33.4</ele>
    <time>2026-05-21T06:23:25Z</time>
   </trkpt>
   <trkpt lat="48.7262190" lon="-2.9518080">
    <ele>32.8</ele>
    <time>2026-05-21T06:23:26Z</time>
   </trkpt>
   <trkpt lat="48.7261320" lon="-2.9520510">
    <ele>31.6</ele>
    <time>2026-05-21T06:23:27Z</time>
   </trkpt>
   <trkpt lat="48.7260880" lon="-2.9521630">
    <ele>31.1</ele>
    <time>2026-05-21T06:23:28Z</time>
   </trkpt>
   <trkpt lat="48.7260390" lon="-2.9522550">
    <ele>30.5</ele>
    <time>2026-05-21T06:23:29Z</time>
   </trkpt>
   <trkpt lat="48.7260070" lon="-2.9523500">
    <ele>30.0</ele>
    <time>2026-05-21T06:23:30Z</time>
   </trkpt>
   <trkpt lat="48.7259880" lon="-2.9524440">
    <ele>29.4</ele>
    <time>2026-05-21T06:23:31Z</time>
   </trkpt>
   <trkpt lat="48.7259930" lon="-2.9525330">
    <ele>28.8</ele>
    <time>2026-05-21T06:23:32Z</time>
   </trkpt>
   <trkpt lat="48.7260350" lon="-2.9526090">
    <ele>28.1</ele>
    <time>2026-05-21T06:23:33Z</time>
   </trkpt>
   <trkpt lat="48.7260890" lon="-2.9526750">
    <ele>27.3</ele>
    <time>2026-05-21T06:23:34Z</time>
   </trkpt>
   <trkpt lat="48.7261530" lon="-2.9526760">
    <ele>26.6</ele>
    <time>2026-05-21T06:23:35Z</time>
   </trkpt>
   <trkpt lat="48.7262170" lon="-2.9526380">
    <ele>25.8</ele>
    <time>2026-05-21T06:23:36Z</time>
   </trkpt>
   <trkpt lat="48.7262790" lon="-2.9525610">
    <ele>25.0</ele>
    <time>2026-05-21T06:23:37Z</time>
   </trkpt>
   <trkpt lat="48.7263180" lon="-2.9524540">
    <ele>24.3</ele>
    <time>2026-05-21T06:23:38Z</time>
   </trkpt>
   <trkpt lat="48.7263380" lon="-2.9523400">
    <ele>23.7</ele>
    <time>2026-05-21T06:23:39Z</time>
   </trkpt>
   <trkpt lat="48.7263680" lon="-2.9522300">
    <ele>23.0</ele>
    <time>2026-05-21T06:23:40Z</time>
   </trkpt>
   <trkpt lat="48.7263880" lon="-2.9521140">
    <ele>22.4</ele>
    <time>2026-05-21T06:23:41Z</time>
   </trkpt>
   <trkpt lat="48.7264110" lon="-2.9519920">
    <ele>21.7</ele>
    <time>2026-05-21T06:23:42Z</time>
   </trkpt>
   <trkpt lat="48.7264370" lon="-2.9518640">
    <ele>20.9</ele>
    <time>2026-05-21T06:23:43Z</time>
   </trkpt>
   <trkpt lat="48.7264620" lon="-2.9517380">
    <ele>20.2</ele>
    <time>2026-05-21T06:23:44Z</time>
   </trkpt>
   <trkpt lat="48.7264900" lon="-2.9516090">
    <ele>19.5</ele>
    <time>2026-05-21T06:23:45Z</time>
   </trkpt>
   <trkpt lat="48.7265230" lon="-2.9514720">
    <ele>18.7</ele>
    <time>2026-05-21T06:23:46Z</time>
   </trkpt>
   <trkpt lat="48.7265650" lon="-2.9513380">
    <ele>17.9</ele>
    <time>2026-05-21T06:23:47Z</time>
   </trkpt>
   <trkpt lat="48.7266090" lon="-2.9512050">
    <ele>17.2</ele>
    <time>2026-05-21T06:23:48Z</time>
   </trkpt>
   <trkpt lat="48.7266540" lon="-2.9510720">
    <ele>16.4</ele>
    <time>2026-05-21T06:23:49Z</time>
   </trkpt>
   <trkpt lat="48.7266980" lon="-2.9509350">
    <ele>15.7</ele>
    <time>2026-05-21T06:23:50Z</time>
   </trkpt>
   <trkpt lat="48.7267470" lon="-2.9508000">
    <ele>14.9</ele>
    <time>2026-05-21T06:23:51Z</time>
   </trkpt>
   <trkpt lat="48.7268040" lon="-2.9506630">
    <ele>14.2</ele>
    <time>2026-05-21T06:23:52Z</time>
   </trkpt>
   <trkpt lat="48.7268560" lon="-2.9505170">
    <ele>13.4</ele>
    <time>2026-05-21T06:23:53Z</time>
   </trkpt>
   <trkpt lat="48.7269090" lon="-2.9503690">
    <ele>12.6</ele>
    <time>2026-05-21T06:23:54Z</time>
   </trkpt>
   <trkpt lat="48.7269580" lon="-2.9502210">
    <ele>11.9</ele>
    <time>2026-05-21T06:23:55Z</time>
   </trkpt>
   <trkpt lat="48.7270170" lon="-2.9500750">
    <ele>11.1</ele>
    <time>2026-05-21T06:23:56Z</time>
   </trkpt>
   <trkpt lat="48.7270690" lon="-2.9499330">
    <ele>10.5</ele>
    <time>2026-05-21T06:23:57Z</time>
   </trkpt>
   <trkpt lat="48.7271280" lon="-2.9497860">
    <ele>9.9</ele>
    <time>2026-05-21T06:23:58Z</time>
   </trkpt>
   <trkpt lat="48.7271860" lon="-2.9496300">
    <ele>9.4</ele>
    <time>2026-05-21T06:23:59Z</time>
   </trkpt>
   <trkpt lat="48.7272370" lon="-2.9494770">
    <ele>8.9</ele>
    <time>2026-05-21T06:24:00Z</time>
   </trkpt>
   <trkpt lat="48.7272660" lon="-2.9493490">
    <ele>8.6</ele>
    <time>2026-05-21T06:24:01Z</time>
   </trkpt>
   <trkpt lat="48.7273200" lon="-2.9492450">
    <ele>8.6</ele>
    <time>2026-05-21T06:24:02Z</time>
   </trkpt>
   <trkpt lat="48.7273490" lon="-2.9491650">
    <ele>8.5</ele>
    <time>2026-05-21T06:24:03Z</time>
   </trkpt>
   <trkpt lat="48.7273700" lon="-2.9490860">
    <ele>8.5</ele>
    <time>2026-05-21T06:24:04Z</time>
   </trkpt>
   <trkpt lat="48.7273910" lon="-2.9490140">
    <ele>8.5</ele>
    <time>2026-05-21T06:24:05Z</time>
   </trkpt>
   <trkpt lat="48.7274060" lon="-2.9489580">
    <ele>8.5</ele>
    <time>2026-05-21T06:24:06Z</time>
   </trkpt>
   <trkpt lat="48.7273930" lon="-2.9489130">
    <ele>8.5</ele>
    <time>2026-05-21T06:24:07Z</time>
   </trkpt>
   <trkpt lat="48.7273450" lon="-2.9488750">
    <ele>8.6</ele>
    <time>2026-05-21T06:24:08Z</time>
   </trkpt>
   <trkpt lat="48.7272870" lon="-2.9488630">
    <ele>8.6</ele>
    <time>2026-05-21T06:24:09Z</time>
   </trkpt>
   <trkpt lat="48.7272520" lon="-2.9488340">
    <ele>8.6</ele>
    <time>2026-05-21T06:24:10Z</time>
   </trkpt>
   <trkpt lat="48.7272210" lon="-2.9487810">
    <ele>8.6</ele>
    <time>2026-05-21T06:24:11Z</time>
   </trkpt>
   <trkpt lat="48.7271860" lon="-2.9487460">
    <ele>8.6</ele>
    <time>2026-05-21T06:24:12Z</time>
   </trkpt>
   <trkpt lat="48.7271600" lon="-2.9487150">
    <ele>8.6</ele>
    <time>2026-05-21T06:24:13Z</time>
   </trkpt>
   <trkpt lat="48.7271490" lon="-2.9486930">
    <ele>8.6</ele>
    <time>2026-05-21T06:24:14Z</time>
   </trkpt>
   <trkpt lat="48.7271420" lon="-2.9486350">
    <ele>8.6</ele>
    <time>2026-05-21T06:24:15Z</time>
   </trkpt>
   <trkpt lat="48.7271260" lon="-2.9485910">
    <ele>8.6</ele>
    <time>2026-05-21T06:24:16Z</time>
   </trkpt>
   <trkpt lat="48.7271060" lon="-2.9485470">
    <ele>8.6</ele>
    <time>2026-05-21T06:24:17Z</time>
   </trkpt>
   <trkpt lat="48.7270820" lon="-2.9485130">
    <ele>8.7</ele>
    <time>2026-05-21T06:24:18Z</time>
   </trkpt>
   <trkpt lat="48.7270820" lon="-2.9484600">
    <ele>8.7</ele>
    <time>2026-05-21T06:24:19Z</time>
   </trkpt>
   <trkpt lat="48.7270860" lon="-2.9484430">
    <ele>8.7</ele>
    <time>2026-05-21T06:24:20Z</time>
   </trkpt>
   <trkpt lat="48.7271110" lon="-2.9484010">
    <ele>8.8</ele>
    <time>2026-05-21T06:24:21Z</time>
   </trkpt>
   <trkpt lat="48.7271200" lon="-2.9483900">
    <ele>8.8</ele>
    <time>2026-05-21T06:24:22Z</time>
   </trkpt>
   <trkpt lat="48.7271510" lon="-2.9483890">
    <ele>8.8</ele>
    <time>2026-05-21T06:24:23Z</time>
   </trkpt>
   <trkpt lat="48.7271620" lon="-2.9483890">
    <ele>8.7</ele>
    <time>2026-05-21T06:24:24Z</time>
   </trkpt>
   <trkpt lat="48.7271950" lon="-2.9483840">
    <ele>8.7</ele>
    <time>2026-05-21T06:24:25Z</time>
   </trkpt>
   <trkpt lat="48.7272070" lon="-2.9483830">
    <ele>8.7</ele>
    <time>2026-05-21T06:24:26Z</time>
   </trkpt>
   <trkpt lat="48.7272430" lon="-2.9483780">
    <ele>8.6</ele>
    <time>2026-05-21T06:24:27Z</time>
   </trkpt>
   <trkpt lat="48.7272540" lon="-2.9483750">
    <ele>8.6</ele>
    <time>2026-05-21T06:24:28Z</time>
   </trkpt>
   <trkpt lat="48.7272830" lon="-2.9483620">
    <ele>8.6</ele>
    <time>2026-05-21T06:24:29Z</time>
   </trkpt>
   <trkpt lat="48.7272930" lon="-2.9483590">
    <ele>8.6</ele>
    <time>2026-05-21T06:24:30Z</time>
   </trkpt>
   <trkpt lat="48.7273280" lon="-2.9483650">
    <ele>8.5</ele>
    <time>2026-05-21T06:24:31Z</time>
   </trkpt>
   <trkpt lat="48.7273360" lon="-2.9483770">
    <ele>8.5</ele>
    <time>2026-05-21T06:24:32Z</time>
   </trkpt>
   <trkpt lat="48.7273460" lon="-2.9484210">
    <ele>8.6</ele>
    <time>2026-05-21T06:24:33Z</time>
   </trkpt>
   <trkpt lat="48.7273570" lon="-2.9484710">
    <ele>8.6</ele>
    <time>2026-05-21T06:24:34Z</time>
   </trkpt>
   <trkpt lat="48.7273620" lon="-2.9484860">
    <ele>8.6</ele>
    <time>2026-05-21T06:24:35Z</time>
   </trkpt>
   <trkpt lat="48.7273820" lon="-2.9485280">
    <ele>8.6</ele>
    <time>2026-05-21T06:24:36Z</time>
   </trkpt>
   <trkpt lat="48.7273900" lon="-2.9485430">
    <ele>8.6</ele>
    <time>2026-05-21T06:24:37Z</time>
   </trkpt>
   <trkpt lat="48.7274090" lon="-2.9485750">
    <ele>8.6</ele>
    <time>2026-05-21T06:24:38Z</time>
   </trkpt>
   <trkpt lat="48.7274310" lon="-2.9486230">
    <ele>8.6</ele>
    <time>2026-05-21T06:24:39Z</time>
   </trkpt>
   <trkpt lat="48.7274430" lon="-2.9486370">
    <ele>8.6</ele>
    <time>2026-05-21T06:24:40Z</time>
   </trkpt>
   <trkpt lat="48.7274710" lon="-2.9486710">
    <ele>8.6</ele>
    <time>2026-05-21T06:24:41Z</time>
   </trkpt>
   <trkpt lat="48.7274990" lon="-2.9487100">
    <ele>8.6</ele>
    <time>2026-05-21T06:24:42Z</time>
   </trkpt>
   <trkpt lat="48.7275190" lon="-2.9487660">
    <ele>8.6</ele>
    <time>2026-05-21T06:24:43Z</time>
   </trkpt>
   <trkpt lat="48.7275360" lon="-2.9488240">
    <ele>8.6</ele>
    <time>2026-05-21T06:24:44Z</time>
   </trkpt>
   <trkpt lat="48.7275580" lon="-2.9488820">
    <ele>8.6</ele>
    <time>2026-05-21T06:24:45Z</time>
   </trkpt>
   <trkpt lat="48.7275790" lon="-2.9489400">
    <ele>8.6</ele>
    <time>2026-05-21T06:24:46Z</time>
   </trkpt>
   <trkpt lat="48.7276040" lon="-2.9489970">
    <ele>8.6</ele>
    <time>2026-05-21T06:24:47Z</time>
   </trkpt>
   <trkpt lat="48.7276260" lon="-2.9490570">
    <ele>8.7</ele>
    <time>2026-05-21T06:24:48Z</time>
   </trkpt>
   <trkpt lat="48.7276470" lon="-2.9491190">
    <ele>8.7</ele>
    <time>2026-05-21T06:24:49Z</time>
   </trkpt>
   <trkpt lat="48.7276680" lon="-2.9491800">
    <ele>8.8</ele>
    <time>2026-05-21T06:24:50Z</time>
   </trkpt>
   <trkpt lat="48.7276920" lon="-2.9492390">
    <ele>8.9</ele>
    <time>2026-05-21T06:24:51Z</time>
   </trkpt>
   <trkpt lat="48.7277150" lon="-2.9493000">
    <ele>8.9</ele>
    <time>2026-05-21T06:24:52Z</time>
   </trkpt>
   <trkpt lat="48.7277310" lon="-2.9493650">
    <ele>9.0</ele>
    <time>2026-05-21T06:24:53Z</time>
   </trkpt>
   <trkpt lat="48.7277440" lon="-2.9494300">
    <ele>9.1</ele>
    <time>2026-05-21T06:24:54Z</time>
   </trkpt>
   <trkpt lat="48.7277530" lon="-2.9494970">
    <ele>9.1</ele>
    <time>2026-05-21T06:24:55Z</time>
   </trkpt>
   <trkpt lat="48.7277610" lon="-2.9495670">
    <ele>9.2</ele>
    <time>2026-05-21T06:24:56Z</time>
   </trkpt>
   <trkpt lat="48.7277680" lon="-2.9496390">
    <ele>9.2</ele>
    <time>2026-05-21T06:24:57Z</time>
   </trkpt>
   <trkpt lat="48.7277700" lon="-2.9497130">
    <ele>9.3</ele>
    <time>2026-05-21T06:24:58Z</time>
   </trkpt>
   <trkpt lat="48.7277660" lon="-2.9497910">
    <ele>9.3</ele>
    <time>2026-05-21T06:24:59Z</time>
   </trkpt>
   <trkpt lat="48.7277600" lon="-2.9498690">
    <ele>9.4</ele>
    <time>2026-05-21T06:25:00Z</time>
   </trkpt>
   <trkpt lat="48.7277550" lon="-2.9499470">
    <ele>9.4</ele>
    <time>2026-05-21T06:25:01Z</time>
   </trkpt>
   <trkpt lat="48.7277430" lon="-2.9500260">
    <ele>9.5</ele>
    <time>2026-05-21T06:25:02Z</time>
   </trkpt>
   <trkpt lat="48.7277310" lon="-2.9501070">
    <ele>9.6</ele>
    <time>2026-05-21T06:25:03Z</time>
   </trkpt>
   <trkpt lat="48.7277140" lon="-2.9501850">
    <ele>9.6</ele>
    <time>2026-05-21T06:25:04Z</time>
   </trkpt>
   <trkpt lat="48.7276970" lon="-2.9502640">
    <ele>9.7</ele>
    <time>2026-05-21T06:25:05Z</time>
   </trkpt>
   <trkpt lat="48.7276800" lon="-2.9503440">
    <ele>9.8</ele>
    <time>2026-05-21T06:25:06Z</time>
   </trkpt>
   <trkpt lat="48.7276700" lon="-2.9504220">
    <ele>9.9</ele>
    <time>2026-05-21T06:25:07Z</time>
   </trkpt>
   <trkpt lat="48.7276560" lon="-2.9505010">
    <ele>9.9</ele>
    <time>2026-05-21T06:25:08Z</time>
   </trkpt>
   <trkpt lat="48.7276390" lon="-2.9505800">
    <ele>9.9</ele>
    <time>2026-05-21T06:25:09Z</time>
   </trkpt>
   <trkpt lat="48.7276180" lon="-2.9506580">
    <ele>10.0</ele>
    <time>2026-05-21T06:25:10Z</time>
   </trkpt>
   <trkpt lat="48.7275970" lon="-2.9507360">
    <ele>10.0</ele>
    <time>2026-05-21T06:25:11Z</time>
   </trkpt>
   <trkpt lat="48.7275780" lon="-2.9508170">
    <ele>10.1</ele>
    <time>2026-05-21T06:25:12Z</time>
   </trkpt>
   <trkpt lat="48.7275580" lon="-2.9508970">
    <ele>10.1</ele>
    <time>2026-05-21T06:25:13Z</time>
   </trkpt>
   <trkpt lat="48.7275420" lon="-2.9509740">
    <ele>10.2</ele>
    <time>2026-05-21T06:25:14Z</time>
   </trkpt>
   <trkpt lat="48.7275260" lon="-2.9510530">
    <ele>10.2</ele>
    <time>2026-05-21T06:25:15Z</time>
   </trkpt>
   <trkpt lat="48.7275090" lon="-2.9511340">
    <ele>10.3</ele>
    <time>2026-05-21T06:25:16Z</time>
   </trkpt>
   <trkpt lat="48.7274910" lon="-2.9512120">
    <ele>10.3</ele>
    <time>2026-05-21T06:25:17Z</time>
   </trkpt>
   <trkpt lat="48.7274700" lon="-2.9512890">
    <ele>10.4</ele>
    <time>2026-05-21T06:25:19Z</time>
   </trkpt>
   <trkpt lat="48.7274520" lon="-2.9513650">
    <ele>10.4</ele>
    <time>2026-05-21T06:25:20Z</time>
   </trkpt>
   <trkpt lat="48.7274350" lon="-2.9514380">
    <ele>10.5</ele>
    <time>2026-05-21T06:25:21Z</time>
   </trkpt>
   <trkpt lat="48.7274200" lon="-2.9515100">
    <ele>10.5</ele>
    <time>2026-05-21T06:25:22Z</time>
   </trkpt>
   <trkpt lat="48.7274040" lon="-2.9515850">
    <ele>10.6</ele>
    <time>2026-05-21T06:25:23Z</time>
   </trkpt>
   <trkpt lat="48.7273870" lon="-2.9516590">
    <ele>10.7</ele>
    <time>2026-05-21T06:25:24Z</time>
   </trkpt>
   <trkpt lat="48.7273650" lon="-2.9517350">
    <ele>10.8</ele>
    <time>2026-05-21T06:25:25Z</time>
   </trkpt>
   <trkpt lat="48.7273440" lon="-2.9518070">
    <ele>10.8</ele>
    <time>2026-05-21T06:25:26Z</time>
   </trkpt>
   <trkpt lat="48.7273250" lon="-2.9518800">
    <ele>10.9</ele>
    <time>2026-05-21T06:25:27Z</time>
   </trkpt>
   <trkpt lat="48.7272960" lon="-2.9519550">
    <ele>11.0</ele>
    <time>2026-05-21T06:25:28Z</time>
   </trkpt>
   <trkpt lat="48.7272720" lon="-2.9520290">
    <ele>11.1</ele>
    <time>2026-05-21T06:25:29Z</time>
   </trkpt>
   <trkpt lat="48.7272520" lon="-2.9521070">
    <ele>11.2</ele>
    <time>2026-05-21T06:25:30Z</time>
   </trkpt>
   <trkpt lat="48.7272270" lon="-2.9521850">
    <ele>11.3</ele>
    <time>2026-05-21T06:25:31Z</time>
   </trkpt>
   <trkpt lat="48.7272100" lon="-2.9522650">
    <ele>11.4</ele>
    <time>2026-05-21T06:25:32Z</time>
   </trkpt>
   <trkpt lat="48.7271650" lon="-2.9524200">
    <ele>11.7</ele>
    <time>2026-05-21T06:25:33Z</time>
   </trkpt>
   <trkpt lat="48.7271430" lon="-2.9524960">
    <ele>11.8</ele>
    <time>2026-05-21T06:25:34Z</time>
   </trkpt>
   <trkpt lat="48.7271200" lon="-2.9525740">
    <ele>11.8</ele>
    <time>2026-05-21T06:25:35Z</time>
   </trkpt>
   <trkpt lat="48.7270990" lon="-2.9526510">
    <ele>11.9</ele>
    <time>2026-05-21T06:25:36Z</time>
   </trkpt>
   <trkpt lat="48.7270760" lon="-2.9527310">
    <ele>12.0</ele>
    <time>2026-05-21T06:25:37Z</time>
   </trkpt>
   <trkpt lat="48.7270550" lon="-2.9528120">
    <ele>12.1</ele>
    <time>2026-05-21T06:25:38Z</time>
   </trkpt>
   <trkpt lat="48.7270340" lon="-2.9528930">
    <ele>12.2</ele>
    <time>2026-05-21T06:25:39Z</time>
   </trkpt>
   <trkpt lat="48.7270040" lon="-2.9529730">
    <ele>12.2</ele>
    <time>2026-05-21T06:25:40Z</time>
   </trkpt>
   <trkpt lat="48.7269820" lon="-2.9530550">
    <ele>12.3</ele>
    <time>2026-05-21T06:25:41Z</time>
   </trkpt>
   <trkpt lat="48.7269620" lon="-2.9531370">
    <ele>12.3</ele>
    <time>2026-05-21T06:25:42Z</time>
   </trkpt>
   <trkpt lat="48.7269410" lon="-2.9532190">
    <ele>12.4</ele>
    <time>2026-05-21T06:25:43Z</time>
   </trkpt>
   <trkpt lat="48.7269170" lon="-2.9533040">
    <ele>12.5</ele>
    <time>2026-05-21T06:25:44Z</time>
   </trkpt>
   <trkpt lat="48.7268880" lon="-2.9533880">
    <ele>12.6</ele>
    <time>2026-05-21T06:25:45Z</time>
   </trkpt>
   <trkpt lat="48.7268630" lon="-2.9534710">
    <ele>12.6</ele>
    <time>2026-05-21T06:25:46Z</time>
   </trkpt>
   <trkpt lat="48.7268450" lon="-2.9535540">
    <ele>12.7</ele>
    <time>2026-05-21T06:25:47Z</time>
   </trkpt>
   <trkpt lat="48.7268220" lon="-2.9536350">
    <ele>12.8</ele>
    <time>2026-05-21T06:25:48Z</time>
   </trkpt>
   <trkpt lat="48.7267990" lon="-2.9537160">
    <ele>12.9</ele>
    <time>2026-05-21T06:25:49Z</time>
   </trkpt>
   <trkpt lat="48.7267770" lon="-2.9537970">
    <ele>13.0</ele>
    <time>2026-05-21T06:25:50Z</time>
   </trkpt>
   <trkpt lat="48.7267530" lon="-2.9538770">
    <ele>13.1</ele>
    <time>2026-05-21T06:25:51Z</time>
   </trkpt>
   <trkpt lat="48.7267300" lon="-2.9539540">
    <ele>13.2</ele>
    <time>2026-05-21T06:25:52Z</time>
   </trkpt>
   <trkpt lat="48.7267130" lon="-2.9540320">
    <ele>13.3</ele>
    <time>2026-05-21T06:25:53Z</time>
   </trkpt>
   <trkpt lat="48.7266910" lon="-2.9541170">
    <ele>13.4</ele>
    <time>2026-05-21T06:25:54Z</time>
   </trkpt>
   <trkpt lat="48.7266740" lon="-2.9542050">
    <ele>13.5</ele>
    <time>2026-05-21T06:25:55Z</time>
   </trkpt>
   <trkpt lat="48.7266570" lon="-2.9542860">
    <ele>13.5</ele>
    <time>2026-05-21T06:25:56Z</time>
   </trkpt>
   <trkpt lat="48.7266430" lon="-2.9543720">
    <ele>13.6</ele>
    <time>2026-05-21T06:25:57Z</time>
   </trkpt>
   <trkpt lat="48.7266270" lon="-2.9544570">
    <ele>13.7</ele>
    <time>2026-05-21T06:25:58Z</time>
   </trkpt>
   <trkpt lat="48.7266110" lon="-2.9545410">
    <ele>13.7</ele>
    <time>2026-05-21T06:25:59Z</time>
   </trkpt>
   <trkpt lat="48.7265950" lon="-2.9546280">
    <ele>13.7</ele>
    <time>2026-05-21T06:26:00Z</time>
   </trkpt>
   <trkpt lat="48.7265850" lon="-2.9547170">
    <ele>13.8</ele>
    <time>2026-05-21T06:26:01Z</time>
   </trkpt>
   <trkpt lat="48.7265760" lon="-2.9548060">
    <ele>13.8</ele>
    <time>2026-05-21T06:26:02Z</time>
   </trkpt>
   <trkpt lat="48.7265650" lon="-2.9548950">
    <ele>13.8</ele>
    <time>2026-05-21T06:26:03Z</time>
   </trkpt>
   <trkpt lat="48.7265610" lon="-2.9549860">
    <ele>13.8</ele>
    <time>2026-05-21T06:26:04Z</time>
   </trkpt>
   <trkpt lat="48.7265530" lon="-2.9550800">
    <ele>13.9</ele>
    <time>2026-05-21T06:26:05Z</time>
   </trkpt>
   <trkpt lat="48.7265470" lon="-2.9551690">
    <ele>13.9</ele>
    <time>2026-05-21T06:26:06Z</time>
   </trkpt>
   <trkpt lat="48.7265340" lon="-2.9552600">
    <ele>14.0</ele>
    <time>2026-05-21T06:26:07Z</time>
   </trkpt>
   <trkpt lat="48.7265340" lon="-2.9553500">
    <ele>14.0</ele>
    <time>2026-05-21T06:26:08Z</time>
   </trkpt>
   <trkpt lat="48.7265340" lon="-2.9554410">
    <ele>14.1</ele>
    <time>2026-05-21T06:26:09Z</time>
   </trkpt>
   <trkpt lat="48.7265380" lon="-2.9555340">
    <ele>14.1</ele>
    <time>2026-05-21T06:26:10Z</time>
   </trkpt>
   <trkpt lat="48.7265440" lon="-2.9556250">
    <ele>14.2</ele>
    <time>2026-05-21T06:26:11Z</time>
   </trkpt>
   <trkpt lat="48.7265470" lon="-2.9557160">
    <ele>14.2</ele>
    <time>2026-05-21T06:26:12Z</time>
   </trkpt>
   <trkpt lat="48.7265520" lon="-2.9558060">
    <ele>14.2</ele>
    <time>2026-05-21T06:26:13Z</time>
   </trkpt>
   <trkpt lat="48.7265620" lon="-2.9558930">
    <ele>14.3</ele>
    <time>2026-05-21T06:26:14Z</time>
   </trkpt>
   <trkpt lat="48.7265650" lon="-2.9559860">
    <ele>14.3</ele>
    <time>2026-05-21T06:26:15Z</time>
   </trkpt>
   <trkpt lat="48.7265650" lon="-2.9560780">
    <ele>14.3</ele>
    <time>2026-05-21T06:26:16Z</time>
   </trkpt>
   <trkpt lat="48.7265630" lon="-2.9561720">
    <ele>14.4</ele>
    <time>2026-05-21T06:26:17Z</time>
   </trkpt>
   <trkpt lat="48.7265510" lon="-2.9562620">
    <ele>14.4</ele>
    <time>2026-05-21T06:26:18Z</time>
   </trkpt>
   <trkpt lat="48.7265330" lon="-2.9563510">
    <ele>14.5</ele>
    <time>2026-05-21T06:26:19Z</time>
   </trkpt>
   <trkpt lat="48.7265110" lon="-2.9564350">
    <ele>14.6</ele>
    <time>2026-05-21T06:26:20Z</time>
   </trkpt>
   <trkpt lat="48.7264880" lon="-2.9565180">
    <ele>14.7</ele>
    <time>2026-05-21T06:26:21Z</time>
   </trkpt>
   <trkpt lat="48.7264620" lon="-2.9565950">
    <ele>14.8</ele>
    <time>2026-05-21T06:26:22Z</time>
   </trkpt>
   <trkpt lat="48.7264370" lon="-2.9566680">
    <ele>14.9</ele>
    <time>2026-05-21T06:26:23Z</time>
   </trkpt>
   <trkpt lat="48.7264050" lon="-2.9567400">
    <ele>15.0</ele>
    <time>2026-05-21T06:26:24Z</time>
   </trkpt>
   <trkpt lat="48.7263730" lon="-2.9568130">
    <ele>15.2</ele>
    <time>2026-05-21T06:26:25Z</time>
   </trkpt>
   <trkpt lat="48.7263410" lon="-2.9568870">
    <ele>15.4</ele>
    <time>2026-05-21T06:26:26Z</time>
   </trkpt>
   <trkpt lat="48.7263130" lon="-2.9569620">
    <ele>15.6</ele>
    <time>2026-05-21T06:26:27Z</time>
   </trkpt>
   <trkpt lat="48.7262870" lon="-2.9570320">
    <ele>15.8</ele>
    <time>2026-05-21T06:26:28Z</time>
   </trkpt>
   <trkpt lat="48.7262540" lon="-2.9570950">
    <ele>16.1</ele>
    <time>2026-05-21T06:26:29Z</time>
   </trkpt>
   <trkpt lat="48.7262230" lon="-2.9571590">
    <ele>16.3</ele>
    <time>2026-05-21T06:26:30Z</time>
   </trkpt>
   <trkpt lat="48.7261940" lon="-2.9572160">
    <ele>16.6</ele>
    <time>2026-05-21T06:26:31Z</time>
   </trkpt>
   <trkpt lat="48.7261640" lon="-2.9572760">
    <ele>16.8</ele>
    <time>2026-05-21T06:26:32Z</time>
   </trkpt>
   <trkpt lat="48.7261400" lon="-2.9573360">
    <ele>17.1</ele>
    <time>2026-05-21T06:26:33Z</time>
   </trkpt>
   <trkpt lat="48.7261060" lon="-2.9573860">
    <ele>17.3</ele>
    <time>2026-05-21T06:26:34Z</time>
   </trkpt>
   <trkpt lat="48.7260710" lon="-2.9574400">
    <ele>17.5</ele>
    <time>2026-05-21T06:26:35Z</time>
   </trkpt>
   <trkpt lat="48.7260360" lon="-2.9574980">
    <ele>17.7</ele>
    <time>2026-05-21T06:26:36Z</time>
   </trkpt>
   <trkpt lat="48.7260020" lon="-2.9575510">
    <ele>17.9</ele>
    <time>2026-05-21T06:26:37Z</time>
   </trkpt>
   <trkpt lat="48.7259580" lon="-2.9575970">
    <ele>18.1</ele>
    <time>2026-05-21T06:26:38Z</time>
   </trkpt>
   <trkpt lat="48.7259190" lon="-2.9576490">
    <ele>18.3</ele>
    <time>2026-05-21T06:26:39Z</time>
   </trkpt>
   <trkpt lat="48.7258840" lon="-2.9576970">
    <ele>18.5</ele>
    <time>2026-05-21T06:26:40Z</time>
   </trkpt>
   <trkpt lat="48.7258440" lon="-2.9577530">
    <ele>18.7</ele>
    <time>2026-05-21T06:26:41Z</time>
   </trkpt>
   <trkpt lat="48.7258030" lon="-2.9578050">
    <ele>18.9</ele>
    <time>2026-05-21T06:26:42Z</time>
   </trkpt>
   <trkpt lat="48.7257670" lon="-2.9578590">
    <ele>19.2</ele>
    <time>2026-05-21T06:26:43Z</time>
   </trkpt>
   <trkpt lat="48.7257300" lon="-2.9579080">
    <ele>19.4</ele>
    <time>2026-05-21T06:26:44Z</time>
   </trkpt>
   <trkpt lat="48.7256930" lon="-2.9579530">
    <ele>19.6</ele>
    <time>2026-05-21T06:26:45Z</time>
   </trkpt>
   <trkpt lat="48.7256530" lon="-2.9579990">
    <ele>19.8</ele>
    <time>2026-05-21T06:26:46Z</time>
   </trkpt>
   <trkpt lat="48.7256080" lon="-2.9580350">
    <ele>20.1</ele>
    <time>2026-05-21T06:26:47Z</time>
   </trkpt>
   <trkpt lat="48.7255700" lon="-2.9580770">
    <ele>20.3</ele>
    <time>2026-05-21T06:26:48Z</time>
   </trkpt>
   <trkpt lat="48.7255330" lon="-2.9581230">
    <ele>20.5</ele>
    <time>2026-05-21T06:26:49Z</time>
   </trkpt>
   <trkpt lat="48.7255010" lon="-2.9581630">
    <ele>20.7</ele>
    <time>2026-05-21T06:26:50Z</time>
   </trkpt>
   <trkpt lat="48.7254680" lon="-2.9582030">
    <ele>20.9</ele>
    <time>2026-05-21T06:26:51Z</time>
   </trkpt>
   <trkpt lat="48.7254270" lon="-2.9582450">
    <ele>21.0</ele>
    <time>2026-05-21T06:26:52Z</time>
   </trkpt>
   <trkpt lat="48.7253860" lon="-2.9582830">
    <ele>21.2</ele>
    <time>2026-05-21T06:26:53Z</time>
   </trkpt>
   <trkpt lat="48.7253360" lon="-2.9583240">
    <ele>21.3</ele>
    <time>2026-05-21T06:26:54Z</time>
   </trkpt>
   <trkpt lat="48.7252950" lon="-2.9583710">
    <ele>21.4</ele>
    <time>2026-05-21T06:26:55Z</time>
   </trkpt>
   <trkpt lat="48.7252480" lon="-2.9584120">
    <ele>21.5</ele>
    <time>2026-05-21T06:26:56Z</time>
   </trkpt>
   <trkpt lat="48.7252070" lon="-2.9584560">
    <ele>21.6</ele>
    <time>2026-05-21T06:26:57Z</time>
   </trkpt>
   <trkpt lat="48.7251710" lon="-2.9585020">
    <ele>21.7</ele>
    <time>2026-05-21T06:26:58Z</time>
   </trkpt>
   <trkpt lat="48.7251290" lon="-2.9585500">
    <ele>21.8</ele>
    <time>2026-05-21T06:26:59Z</time>
   </trkpt>
   <trkpt lat="48.7250850" lon="-2.9585980">
    <ele>21.9</ele>
    <time>2026-05-21T06:27:00Z</time>
   </trkpt>
   <trkpt lat="48.7250350" lon="-2.9586440">
    <ele>22.1</ele>
    <time>2026-05-21T06:27:01Z</time>
   </trkpt>
   <trkpt lat="48.7249730" lon="-2.9586890">
    <ele>22.2</ele>
    <time>2026-05-21T06:27:02Z</time>
   </trkpt>
   <trkpt lat="48.7249230" lon="-2.9587280">
    <ele>22.3</ele>
    <time>2026-05-21T06:27:03Z</time>
   </trkpt>
   <trkpt lat="48.7248850" lon="-2.9587590">
    <ele>22.4</ele>
    <time>2026-05-21T06:27:04Z</time>
   </trkpt>
   <trkpt lat="48.7248520" lon="-2.9587850">
    <ele>22.5</ele>
    <time>2026-05-21T06:27:05Z</time>
   </trkpt>
   <trkpt lat="48.7247990" lon="-2.9588200">
    <ele>22.6</ele>
    <time>2026-05-21T06:27:06Z</time>
   </trkpt>
   <trkpt lat="48.7247490" lon="-2.9588440">
    <ele>22.7</ele>
    <time>2026-05-21T06:27:07Z</time>
   </trkpt>
   <trkpt lat="48.7247090" lon="-2.9588680">
    <ele>22.8</ele>
    <time>2026-05-21T06:27:08Z</time>
   </trkpt>
   <trkpt lat="48.7246490" lon="-2.9589020">
    <ele>22.9</ele>
    <time>2026-05-21T06:27:09Z</time>
   </trkpt>
   <trkpt lat="48.7245900" lon="-2.9589050">
    <ele>23.0</ele>
    <time>2026-05-21T06:27:10Z</time>
   </trkpt>
   <trkpt lat="48.7245510" lon="-2.9589360">
    <ele>23.0</ele>
    <time>2026-05-21T06:27:11Z</time>
   </trkpt>
   <trkpt lat="48.7244980" lon="-2.9589690">
    <ele>23.1</ele>
    <time>2026-05-21T06:27:12Z</time>
   </trkpt>
   <trkpt lat="48.7244470" lon="-2.9589890">
    <ele>23.2</ele>
    <time>2026-05-21T06:27:13Z</time>
   </trkpt>
   <trkpt lat="48.7243920" lon="-2.9590080">
    <ele>23.2</ele>
    <time>2026-05-21T06:27:14Z</time>
   </trkpt>
   <trkpt lat="48.7243340" lon="-2.9590250">
    <ele>23.4</ele>
    <time>2026-05-21T06:27:15Z</time>
   </trkpt>
   <trkpt lat="48.7242670" lon="-2.9590530">
    <ele>23.5</ele>
    <time>2026-05-21T06:27:16Z</time>
   </trkpt>
   <trkpt lat="48.7242110" lon="-2.9590670">
    <ele>23.6</ele>
    <time>2026-05-21T06:27:17Z</time>
   </trkpt>
   <trkpt lat="48.7241520" lon="-2.9590900">
    <ele>23.7</ele>
    <time>2026-05-21T06:27:18Z</time>
   </trkpt>
   <trkpt lat="48.7240980" lon="-2.9591130">
    <ele>23.9</ele>
    <time>2026-05-21T06:27:19Z</time>
   </trkpt>
   <trkpt lat="48.7240420" lon="-2.9591270">
    <ele>24.1</ele>
    <time>2026-05-21T06:27:20Z</time>
   </trkpt>
   <trkpt lat="48.7239840" lon="-2.9591440">
    <ele>24.3</ele>
    <time>2026-05-21T06:27:21Z</time>
   </trkpt>
   <trkpt lat="48.7239310" lon="-2.9591610">
    <ele>24.6</ele>
    <time>2026-05-21T06:27:22Z</time>
   </trkpt>
   <trkpt lat="48.7238780" lon="-2.9591870">
    <ele>24.9</ele>
    <time>2026-05-21T06:27:23Z</time>
   </trkpt>
   <trkpt lat="48.7238310" lon="-2.9592120">
    <ele>25.1</ele>
    <time>2026-05-21T06:27:24Z</time>
   </trkpt>
   <trkpt lat="48.7237840" lon="-2.9592320">
    <ele>25.3</ele>
    <time>2026-05-21T06:27:25Z</time>
   </trkpt>
   <trkpt lat="48.7237310" lon="-2.9592460">
    <ele>25.6</ele>
    <time>2026-05-21T06:27:26Z</time>
   </trkpt>
   <trkpt lat="48.7236810" lon="-2.9592770">
    <ele>25.9</ele>
    <time>2026-05-21T06:27:27Z</time>
   </trkpt>
   <trkpt lat="48.7236420" lon="-2.9592970">
    <ele>26.1</ele>
    <time>2026-05-21T06:27:28Z</time>
   </trkpt>
   <trkpt lat="48.7235970" lon="-2.9593340">
    <ele>26.4</ele>
    <time>2026-05-21T06:27:29Z</time>
   </trkpt>
   <trkpt lat="48.7235550" lon="-2.9593740">
    <ele>26.6</ele>
    <time>2026-05-21T06:27:30Z</time>
   </trkpt>
   <trkpt lat="48.7235120" lon="-2.9594110">
    <ele>26.8</ele>
    <time>2026-05-21T06:27:31Z</time>
   </trkpt>
   <trkpt lat="48.7234690" lon="-2.9594570">
    <ele>27.0</ele>
    <time>2026-05-21T06:27:32Z</time>
   </trkpt>
   <trkpt lat="48.7234280" lon="-2.9594950">
    <ele>27.1</ele>
    <time>2026-05-21T06:27:33Z</time>
   </trkpt>
   <trkpt lat="48.7233830" lon="-2.9595390">
    <ele>27.3</ele>
    <time>2026-05-21T06:27:34Z</time>
   </trkpt>
   <trkpt lat="48.7233420" lon="-2.9595820">
    <ele>27.5</ele>
    <time>2026-05-21T06:27:35Z</time>
   </trkpt>
   <trkpt lat="48.7233070" lon="-2.9596330">
    <ele>27.6</ele>
    <time>2026-05-21T06:27:36Z</time>
   </trkpt>
   <trkpt lat="48.7232540" lon="-2.9596730">
    <ele>27.8</ele>
    <time>2026-05-21T06:27:37Z</time>
   </trkpt>
   <trkpt lat="48.7232200" lon="-2.9597240">
    <ele>27.9</ele>
    <time>2026-05-21T06:27:38Z</time>
   </trkpt>
   <trkpt lat="48.7231780" lon="-2.9597770">
    <ele>28.1</ele>
    <time>2026-05-21T06:27:39Z</time>
   </trkpt>
   <trkpt lat="48.7231420" lon="-2.9598350">
    <ele>28.3</ele>
    <time>2026-05-21T06:27:40Z</time>
   </trkpt>
   <trkpt lat="48.7231000" lon="-2.9598770">
    <ele>28.5</ele>
    <time>2026-05-21T06:27:41Z</time>
   </trkpt>
   <trkpt lat="48.7230630" lon="-2.9599330">
    <ele>28.7</ele>
    <time>2026-05-21T06:27:42Z</time>
   </trkpt>
   <trkpt lat="48.7230230" lon="-2.9599740">
    <ele>28.9</ele>
    <time>2026-05-21T06:27:43Z</time>
   </trkpt>
   <trkpt lat="48.7229970" lon="-2.9600180">
    <ele>29.1</ele>
    <time>2026-05-21T06:27:44Z</time>
   </trkpt>
   <trkpt lat="48.7229710" lon="-2.9600740">
    <ele>29.3</ele>
    <time>2026-05-21T06:27:45Z</time>
   </trkpt>
   <trkpt lat="48.7229360" lon="-2.9601210">
    <ele>29.5</ele>
    <time>2026-05-21T06:27:46Z</time>
   </trkpt>
   <trkpt lat="48.7229020" lon="-2.9601640">
    <ele>29.7</ele>
    <time>2026-05-21T06:27:47Z</time>
   </trkpt>
   <trkpt lat="48.7228630" lon="-2.9602080">
    <ele>29.9</ele>
    <time>2026-05-21T06:27:48Z</time>
   </trkpt>
   <trkpt lat="48.7228250" lon="-2.9602510">
    <ele>30.0</ele>
    <time>2026-05-21T06:27:49Z</time>
   </trkpt>
   <trkpt lat="48.7227910" lon="-2.9602990">
    <ele>30.2</ele>
    <time>2026-05-21T06:27:50Z</time>
   </trkpt>
   <trkpt lat="48.7227560" lon="-2.9603470">
    <ele>30.3</ele>
    <time>2026-05-21T06:27:51Z</time>
   </trkpt>
   <trkpt lat="48.7227120" lon="-2.9604040">
    <ele>30.4</ele>
    <time>2026-05-21T06:27:52Z</time>
   </trkpt>
   <trkpt lat="48.7226740" lon="-2.9604490">
    <ele>30.5</ele>
    <time>2026-05-21T06:27:53Z</time>
   </trkpt>
   <trkpt lat="48.7226360" lon="-2.9605060">
    <ele>30.6</ele>
    <time>2026-05-21T06:27:54Z</time>
   </trkpt>
   <trkpt lat="48.7225970" lon="-2.9605570">
    <ele>30.7</ele>
    <time>2026-05-21T06:27:55Z</time>
   </trkpt>
   <trkpt lat="48.7225510" lon="-2.9606070">
    <ele>30.8</ele>
    <time>2026-05-21T06:27:56Z</time>
   </trkpt>
   <trkpt lat="48.7225240" lon="-2.9606710">
    <ele>30.8</ele>
    <time>2026-05-21T06:27:57Z</time>
   </trkpt>
   <trkpt lat="48.7224800" lon="-2.9607180">
    <ele>31.0</ele>
    <time>2026-05-21T06:27:58Z</time>
   </trkpt>
   <trkpt lat="48.7224410" lon="-2.9607830">
    <ele>31.1</ele>
    <time>2026-05-21T06:27:59Z</time>
   </trkpt>
   <trkpt lat="48.7224060" lon="-2.9608440">
    <ele>31.2</ele>
    <time>2026-05-21T06:28:00Z</time>
   </trkpt>
   <trkpt lat="48.7223710" lon="-2.9608950">
    <ele>31.3</ele>
    <time>2026-05-21T06:28:01Z</time>
   </trkpt>
   <trkpt lat="48.7223350" lon="-2.9609510">
    <ele>31.4</ele>
    <time>2026-05-21T06:28:02Z</time>
   </trkpt>
   <trkpt lat="48.7222980" lon="-2.9610080">
    <ele>31.5</ele>
    <time>2026-05-21T06:28:03Z</time>
   </trkpt>
   <trkpt lat="48.7222610" lon="-2.9610720">
    <ele>31.6</ele>
    <time>2026-05-21T06:28:04Z</time>
   </trkpt>
   <trkpt lat="48.7222360" lon="-2.9611230">
    <ele>31.7</ele>
    <time>2026-05-21T06:28:05Z</time>
   </trkpt>
   <trkpt lat="48.7221880" lon="-2.9611800">
    <ele>31.8</ele>
    <time>2026-05-21T06:28:06Z</time>
   </trkpt>
   <trkpt lat="48.7221520" lon="-2.9612430">
    <ele>31.9</ele>
    <time>2026-05-21T06:28:07Z</time>
   </trkpt>
   <trkpt lat="48.7221110" lon="-2.9612950">
    <ele>32.0</ele>
    <time>2026-05-21T06:28:08Z</time>
   </trkpt>
   <trkpt lat="48.7220720" lon="-2.9613470">
    <ele>32.1</ele>
    <time>2026-05-21T06:28:09Z</time>
   </trkpt>
   <trkpt lat="48.7220370" lon="-2.9613870">
    <ele>32.1</ele>
    <time>2026-05-21T06:28:10Z</time>
   </trkpt>
   <trkpt lat="48.7220000" lon="-2.9614490">
    <ele>32.2</ele>
    <time>2026-05-21T06:28:11Z</time>
   </trkpt>
   <trkpt lat="48.7219650" lon="-2.9615080">
    <ele>32.3</ele>
    <time>2026-05-21T06:28:12Z</time>
   </trkpt>
   <trkpt lat="48.7219280" lon="-2.9615720">
    <ele>32.3</ele>
    <time>2026-05-21T06:28:13Z</time>
   </trkpt>
   <trkpt lat="48.7218810" lon="-2.9616170">
    <ele>32.4</ele>
    <time>2026-05-21T06:28:14Z</time>
   </trkpt>
   <trkpt lat="48.7218360" lon="-2.9616660">
    <ele>32.4</ele>
    <time>2026-05-21T06:28:15Z</time>
   </trkpt>
   <trkpt lat="48.7217930" lon="-2.9617160">
    <ele>32.4</ele>
    <time>2026-05-21T06:28:16Z</time>
   </trkpt>
   <trkpt lat="48.7217500" lon="-2.9617720">
    <ele>32.5</ele>
    <time>2026-05-21T06:28:17Z</time>
   </trkpt>
   <trkpt lat="48.7217040" lon="-2.9618330">
    <ele>32.5</ele>
    <time>2026-05-21T06:28:18Z</time>
   </trkpt>
   <trkpt lat="48.7216560" lon="-2.9618920">
    <ele>32.4</ele>
    <time>2026-05-21T06:28:19Z</time>
   </trkpt>
   <trkpt lat="48.7216070" lon="-2.9619470">
    <ele>32.4</ele>
    <time>2026-05-21T06:28:20Z</time>
   </trkpt>
   <trkpt lat="48.7215650" lon="-2.9620090">
    <ele>32.4</ele>
    <time>2026-05-21T06:28:21Z</time>
   </trkpt>
   <trkpt lat="48.7215180" lon="-2.9620660">
    <ele>32.5</ele>
    <time>2026-05-21T06:28:22Z</time>
   </trkpt>
   <trkpt lat="48.7214680" lon="-2.9621180">
    <ele>32.5</ele>
    <time>2026-05-21T06:28:23Z</time>
   </trkpt>
   <trkpt lat="48.7214240" lon="-2.9621680">
    <ele>32.5</ele>
    <time>2026-05-21T06:28:24Z</time>
   </trkpt>
   <trkpt lat="48.7213680" lon="-2.9622290">
    <ele>32.5</ele>
    <time>2026-05-21T06:28:25Z</time>
   </trkpt>
   <trkpt lat="48.7213210" lon="-2.9622790">
    <ele>32.6</ele>
    <time>2026-05-21T06:28:26Z</time>
   </trkpt>
   <trkpt lat="48.7212750" lon="-2.9623260">
    <ele>32.6</ele>
    <time>2026-05-21T06:28:27Z</time>
   </trkpt>
   <trkpt lat="48.7212340" lon="-2.9623880">
    <ele>32.7</ele>
    <time>2026-05-21T06:28:28Z</time>
   </trkpt>
   <trkpt lat="48.7211800" lon="-2.9624400">
    <ele>32.7</ele>
    <time>2026-05-21T06:28:29Z</time>
   </trkpt>
   <trkpt lat="48.7211240" lon="-2.9624830">
    <ele>32.7</ele>
    <time>2026-05-21T06:28:30Z</time>
   </trkpt>
   <trkpt lat="48.7210780" lon="-2.9625370">
    <ele>32.8</ele>
    <time>2026-05-21T06:28:31Z</time>
   </trkpt>
   <trkpt lat="48.7210260" lon="-2.9625790">
    <ele>32.8</ele>
    <time>2026-05-21T06:28:32Z</time>
   </trkpt>
   <trkpt lat="48.7209680" lon="-2.9626150">
    <ele>32.9</ele>
    <time>2026-05-21T06:28:33Z</time>
   </trkpt>
   <trkpt lat="48.7209150" lon="-2.9626650">
    <ele>33.0</ele>
    <time>2026-05-21T06:28:34Z</time>
   </trkpt>
   <trkpt lat="48.7208620" lon="-2.9627190">
    <ele>33.1</ele>
    <time>2026-05-21T06:28:35Z</time>
   </trkpt>
   <trkpt lat="48.7208170" lon="-2.9627690">
    <ele>33.3</ele>
    <time>2026-05-21T06:28:36Z</time>
   </trkpt>
   <trkpt lat="48.7207610" lon="-2.9628050">
    <ele>33.4</ele>
    <time>2026-05-21T06:28:37Z</time>
   </trkpt>
   <trkpt lat="48.7207040" lon="-2.9628460">
    <ele>33.6</ele>
    <time>2026-05-21T06:28:38Z</time>
   </trkpt>
   <trkpt lat="48.7206410" lon="-2.9628730">
    <ele>33.9</ele>
    <time>2026-05-21T06:28:39Z</time>
   </trkpt>
   <trkpt lat="48.7205940" lon="-2.9629220">
    <ele>34.1</ele>
    <time>2026-05-21T06:28:40Z</time>
   </trkpt>
   <trkpt lat="48.7205440" lon="-2.9629580">
    <ele>34.4</ele>
    <time>2026-05-21T06:28:41Z</time>
   </trkpt>
   <trkpt lat="48.7204980" lon="-2.9630050">
    <ele>34.7</ele>
    <time>2026-05-21T06:28:42Z</time>
   </trkpt>
   <trkpt lat="48.7204520" lon="-2.9630480">
    <ele>35.0</ele>
    <time>2026-05-21T06:28:43Z</time>
   </trkpt>
   <trkpt lat="48.7204060" lon="-2.9630920">
    <ele>35.4</ele>
    <time>2026-05-21T06:28:44Z</time>
   </trkpt>
   <trkpt lat="48.7203640" lon="-2.9631320">
    <ele>35.7</ele>
    <time>2026-05-21T06:28:45Z</time>
   </trkpt>
   <trkpt lat="48.7203180" lon="-2.9631690">
    <ele>36.1</ele>
    <time>2026-05-21T06:28:46Z</time>
   </trkpt>
   <trkpt lat="48.7202770" lon="-2.9632070">
    <ele>36.4</ele>
    <time>2026-05-21T06:28:47Z</time>
   </trkpt>
   <trkpt lat="48.7202390" lon="-2.9632490">
    <ele>36.8</ele>
    <time>2026-05-21T06:28:48Z</time>
   </trkpt>
   <trkpt lat="48.7202060" lon="-2.9632780">
    <ele>37.1</ele>
    <time>2026-05-21T06:28:49Z</time>
   </trkpt>
   <trkpt lat="48.7201790" lon="-2.9633140">
    <ele>37.4</ele>
    <time>2026-05-21T06:28:50Z</time>
   </trkpt>
   <trkpt lat="48.7201440" lon="-2.9633550">
    <ele>37.7</ele>
    <time>2026-05-21T06:28:51Z</time>
   </trkpt>
   <trkpt lat="48.7201110" lon="-2.9633960">
    <ele>38.0</ele>
    <time>2026-05-21T06:28:52Z</time>
   </trkpt>
   <trkpt lat="48.7200830" lon="-2.9634410">
    <ele>38.3</ele>
    <time>2026-05-21T06:28:53Z</time>
   </trkpt>
   <trkpt lat="48.7200540" lon="-2.9634810">
    <ele>38.6</ele>
    <time>2026-05-21T06:28:54Z</time>
   </trkpt>
   <trkpt lat="48.7200330" lon="-2.9635370">
    <ele>38.9</ele>
    <time>2026-05-21T06:28:55Z</time>
   </trkpt>
   <trkpt lat="48.7199960" lon="-2.9635700">
    <ele>39.2</ele>
    <time>2026-05-21T06:28:56Z</time>
   </trkpt>
   <trkpt lat="48.7199670" lon="-2.9636030">
    <ele>39.5</ele>
    <time>2026-05-21T06:28:57Z</time>
   </trkpt>
   <trkpt lat="48.7199340" lon="-2.9636460">
    <ele>39.7</ele>
    <time>2026-05-21T06:28:58Z</time>
   </trkpt>
   <trkpt lat="48.7199020" lon="-2.9636920">
    <ele>39.9</ele>
    <time>2026-05-21T06:28:59Z</time>
   </trkpt>
   <trkpt lat="48.7198730" lon="-2.9637410">
    <ele>40.1</ele>
    <time>2026-05-21T06:29:00Z</time>
   </trkpt>
   <trkpt lat="48.7198350" lon="-2.9637790">
    <ele>40.3</ele>
    <time>2026-05-21T06:29:01Z</time>
   </trkpt>
   <trkpt lat="48.7197980" lon="-2.9638260">
    <ele>40.5</ele>
    <time>2026-05-21T06:29:02Z</time>
   </trkpt>
   <trkpt lat="48.7197640" lon="-2.9638650">
    <ele>40.7</ele>
    <time>2026-05-21T06:29:03Z</time>
   </trkpt>
   <trkpt lat="48.7197290" lon="-2.9639170">
    <ele>40.8</ele>
    <time>2026-05-21T06:29:04Z</time>
   </trkpt>
   <trkpt lat="48.7197040" lon="-2.9639450">
    <ele>40.9</ele>
    <time>2026-05-21T06:29:05Z</time>
   </trkpt>
   <trkpt lat="48.7196700" lon="-2.9639820">
    <ele>41.0</ele>
    <time>2026-05-21T06:29:06Z</time>
   </trkpt>
   <trkpt lat="48.7196210" lon="-2.9640160">
    <ele>41.1</ele>
    <time>2026-05-21T06:29:07Z</time>
   </trkpt>
   <trkpt lat="48.7195930" lon="-2.9640640">
    <ele>41.2</ele>
    <time>2026-05-21T06:29:08Z</time>
   </trkpt>
   <trkpt lat="48.7195490" lon="-2.9641040">
    <ele>41.3</ele>
    <time>2026-05-21T06:29:09Z</time>
   </trkpt>
   <trkpt lat="48.7195060" lon="-2.9641450">
    <ele>41.3</ele>
    <time>2026-05-21T06:29:10Z</time>
   </trkpt>
   <trkpt lat="48.7194670" lon="-2.9641920">
    <ele>41.4</ele>
    <time>2026-05-21T06:29:11Z</time>
   </trkpt>
   <trkpt lat="48.7194200" lon="-2.9642320">
    <ele>41.4</ele>
    <time>2026-05-21T06:29:12Z</time>
   </trkpt>
   <trkpt lat="48.7193800" lon="-2.9642680">
    <ele>41.5</ele>
    <time>2026-05-21T06:29:13Z</time>
   </trkpt>
   <trkpt lat="48.7193330" lon="-2.9643200">
    <ele>41.5</ele>
    <time>2026-05-21T06:29:14Z</time>
   </trkpt>
   <trkpt lat="48.7192900" lon="-2.9643670">
    <ele>41.5</ele>
    <time>2026-05-21T06:29:15Z</time>
   </trkpt>
   <trkpt lat="48.7192470" lon="-2.9643980">
    <ele>41.5</ele>
    <time>2026-05-21T06:29:16Z</time>
   </trkpt>
   <trkpt lat="48.7192010" lon="-2.9644380">
    <ele>41.6</ele>
    <time>2026-05-21T06:29:17Z</time>
   </trkpt>
   <trkpt lat="48.7191510" lon="-2.9644700">
    <ele>41.6</ele>
    <time>2026-05-21T06:29:18Z</time>
   </trkpt>
   <trkpt lat="48.7191040" lon="-2.9644960">
    <ele>41.6</ele>
    <time>2026-05-21T06:29:19Z</time>
   </trkpt>
   <trkpt lat="48.7190600" lon="-2.9645390">
    <ele>41.6</ele>
    <time>2026-05-21T06:29:20Z</time>
   </trkpt>
   <trkpt lat="48.7190040" lon="-2.9645630">
    <ele>41.6</ele>
    <time>2026-05-21T06:29:21Z</time>
   </trkpt>
   <trkpt lat="48.7189560" lon="-2.9646110">
    <ele>41.6</ele>
    <time>2026-05-21T06:29:22Z</time>
   </trkpt>
   <trkpt lat="48.7189040" lon="-2.9646430">
    <ele>41.7</ele>
    <time>2026-05-21T06:29:23Z</time>
   </trkpt>
   <trkpt lat="48.7188510" lon="-2.9646730">
    <ele>41.7</ele>
    <time>2026-05-21T06:29:24Z</time>
   </trkpt>
   <trkpt lat="48.7188000" lon="-2.9647050">
    <ele>41.8</ele>
    <time>2026-05-21T06:29:25Z</time>
   </trkpt>
   <trkpt lat="48.7187470" lon="-2.9647350">
    <ele>41.8</ele>
    <time>2026-05-21T06:29:26Z</time>
   </trkpt>
   <trkpt lat="48.7186910" lon="-2.9647580">
    <ele>41.9</ele>
    <time>2026-05-21T06:29:27Z</time>
   </trkpt>
   <trkpt lat="48.7186390" lon="-2.9647770">
    <ele>41.9</ele>
    <time>2026-05-21T06:29:28Z</time>
   </trkpt>
   <trkpt lat="48.7185900" lon="-2.9648000">
    <ele>42.0</ele>
    <time>2026-05-21T06:29:29Z</time>
   </trkpt>
   <trkpt lat="48.7185310" lon="-2.9648220">
    <ele>42.0</ele>
    <time>2026-05-21T06:29:30Z</time>
   </trkpt>
   <trkpt lat="48.7184830" lon="-2.9648370">
    <ele>42.1</ele>
    <time>2026-05-21T06:29:31Z</time>
   </trkpt>
   <trkpt lat="48.7184310" lon="-2.9648320">
    <ele>42.1</ele>
    <time>2026-05-21T06:29:32Z</time>
   </trkpt>
   <trkpt lat="48.7183780" lon="-2.9648370">
    <ele>42.2</ele>
    <time>2026-05-21T06:29:33Z</time>
   </trkpt>
   <trkpt lat="48.7183130" lon="-2.9648530">
    <ele>42.3</ele>
    <time>2026-05-21T06:29:34Z</time>
   </trkpt>
   <trkpt lat="48.7182570" lon="-2.9648610">
    <ele>42.4</ele>
    <time>2026-05-21T06:29:35Z</time>
   </trkpt>
   <trkpt lat="48.7182020" lon="-2.9648680">
    <ele>42.5</ele>
    <time>2026-05-21T06:29:36Z</time>
   </trkpt>
   <trkpt lat="48.7181440" lon="-2.9648750">
    <ele>42.6</ele>
    <time>2026-05-21T06:29:37Z</time>
   </trkpt>
   <trkpt lat="48.7180910" lon="-2.9648760">
    <ele>42.7</ele>
    <time>2026-05-21T06:29:38Z</time>
   </trkpt>
   <trkpt lat="48.7180390" lon="-2.9648660">
    <ele>42.8</ele>
    <time>2026-05-21T06:29:39Z</time>
   </trkpt>
   <trkpt lat="48.7179850" lon="-2.9648620">
    <ele>43.0</ele>
    <time>2026-05-21T06:29:40Z</time>
   </trkpt>
   <trkpt lat="48.7179280" lon="-2.9648630">
    <ele>43.2</ele>
    <time>2026-05-21T06:29:41Z</time>
   </trkpt>
   <trkpt lat="48.7178700" lon="-2.9648740">
    <ele>43.5</ele>
    <time>2026-05-21T06:29:42Z</time>
   </trkpt>
   <trkpt lat="48.7178200" lon="-2.9648810">
    <ele>43.7</ele>
    <time>2026-05-21T06:29:43Z</time>
   </trkpt>
   <trkpt lat="48.7177760" lon="-2.9648880">
    <ele>44.0</ele>
    <time>2026-05-21T06:29:44Z</time>
   </trkpt>
   <trkpt lat="48.7177350" lon="-2.9649040">
    <ele>44.2</ele>
    <time>2026-05-21T06:29:45Z</time>
   </trkpt>
   <trkpt lat="48.7176840" lon="-2.9649110">
    <ele>44.5</ele>
    <time>2026-05-21T06:29:46Z</time>
   </trkpt>
   <trkpt lat="48.7176400" lon="-2.9649340">
    <ele>44.8</ele>
    <time>2026-05-21T06:29:47Z</time>
   </trkpt>
   <trkpt lat="48.7175990" lon="-2.9649570">
    <ele>45.1</ele>
    <time>2026-05-21T06:29:48Z</time>
   </trkpt>
   <trkpt lat="48.7175590" lon="-2.9649770">
    <ele>45.3</ele>
    <time>2026-05-21T06:29:49Z</time>
   </trkpt>
   <trkpt lat="48.7175250" lon="-2.9649960">
    <ele>45.4</ele>
    <time>2026-05-21T06:29:50Z</time>
   </trkpt>
   <trkpt lat="48.7174820" lon="-2.9650170">
    <ele>45.6</ele>
    <time>2026-05-21T06:29:51Z</time>
   </trkpt>
   <trkpt lat="48.7174400" lon="-2.9650390">
    <ele>45.7</ele>
    <time>2026-05-21T06:29:52Z</time>
   </trkpt>
   <trkpt lat="48.7173900" lon="-2.9650530">
    <ele>45.8</ele>
    <time>2026-05-21T06:29:53Z</time>
   </trkpt>
   <trkpt lat="48.7173400" lon="-2.9650780">
    <ele>45.8</ele>
    <time>2026-05-21T06:29:54Z</time>
   </trkpt>
   <trkpt lat="48.7172930" lon="-2.9650940">
    <ele>45.8</ele>
    <time>2026-05-21T06:29:55Z</time>
   </trkpt>
   <trkpt lat="48.7172540" lon="-2.9651080">
    <ele>45.8</ele>
    <time>2026-05-21T06:29:56Z</time>
   </trkpt>
   <trkpt lat="48.7171990" lon="-2.9651260">
    <ele>45.8</ele>
    <time>2026-05-21T06:29:57Z</time>
   </trkpt>
   <trkpt lat="48.7171500" lon="-2.9651480">
    <ele>45.7</ele>
    <time>2026-05-21T06:29:58Z</time>
   </trkpt>
   <trkpt lat="48.7170940" lon="-2.9651820">
    <ele>45.6</ele>
    <time>2026-05-21T06:29:59Z</time>
   </trkpt>
   <trkpt lat="48.7170410" lon="-2.9651970">
    <ele>45.5</ele>
    <time>2026-05-21T06:30:00Z</time>
   </trkpt>
   <trkpt lat="48.7169880" lon="-2.9652190">
    <ele>45.4</ele>
    <time>2026-05-21T06:30:01Z</time>
   </trkpt>
   <trkpt lat="48.7169350" lon="-2.9652460">
    <ele>45.3</ele>
    <time>2026-05-21T06:30:02Z</time>
   </trkpt>
   <trkpt lat="48.7168770" lon="-2.9652710">
    <ele>45.2</ele>
    <time>2026-05-21T06:30:03Z</time>
   </trkpt>
   <trkpt lat="48.7168170" lon="-2.9652980">
    <ele>45.1</ele>
    <time>2026-05-21T06:30:04Z</time>
   </trkpt>
   <trkpt lat="48.7167590" lon="-2.9653290">
    <ele>45.0</ele>
    <time>2026-05-21T06:30:05Z</time>
   </trkpt>
   <trkpt lat="48.7167080" lon="-2.9653510">
    <ele>45.0</ele>
    <time>2026-05-21T06:30:06Z</time>
   </trkpt>
   <trkpt lat="48.7166490" lon="-2.9653830">
    <ele>45.0</ele>
    <time>2026-05-21T06:30:07Z</time>
   </trkpt>
   <trkpt lat="48.7165910" lon="-2.9654160">
    <ele>44.9</ele>
    <time>2026-05-21T06:30:08Z</time>
   </trkpt>
   <trkpt lat="48.7165310" lon="-2.9654470">
    <ele>44.9</ele>
    <time>2026-05-21T06:30:09Z</time>
   </trkpt>
   <trkpt lat="48.7164730" lon="-2.9654770">
    <ele>45.1</ele>
    <time>2026-05-21T06:30:10Z</time>
   </trkpt>
   <trkpt lat="48.7164130" lon="-2.9655040">
    <ele>45.2</ele>
    <time>2026-05-21T06:30:11Z</time>
   </trkpt>
   <trkpt lat="48.7163560" lon="-2.9655370">
    <ele>45.4</ele>
    <time>2026-05-21T06:30:12Z</time>
   </trkpt>
   <trkpt lat="48.7162990" lon="-2.9655690">
    <ele>45.6</ele>
    <time>2026-05-21T06:30:13Z</time>
   </trkpt>
   <trkpt lat="48.7162440" lon="-2.9656000">
    <ele>45.8</ele>
    <time>2026-05-21T06:30:14Z</time>
   </trkpt>
   <trkpt lat="48.7161870" lon="-2.9656260">
    <ele>46.0</ele>
    <time>2026-05-21T06:30:15Z</time>
   </trkpt>
   <trkpt lat="48.7161270" lon="-2.9656430">
    <ele>46.3</ele>
    <time>2026-05-21T06:30:16Z</time>
   </trkpt>
   <trkpt lat="48.7160730" lon="-2.9656410">
    <ele>46.6</ele>
    <time>2026-05-21T06:30:17Z</time>
   </trkpt>
   <trkpt lat="48.7160200" lon="-2.9656190">
    <ele>46.5</ele>
    <time>2026-05-21T06:30:18Z</time>
   </trkpt>
   <trkpt lat="48.7159700" lon="-2.9655920">
    <ele>46.7</ele>
    <time>2026-05-21T06:30:19Z</time>
   </trkpt>
   <trkpt lat="48.7159260" lon="-2.9655610">
    <ele>46.9</ele>
    <time>2026-05-21T06:30:20Z</time>
   </trkpt>
   <trkpt lat="48.7158810" lon="-2.9655360">
    <ele>47.1</ele>
    <time>2026-05-21T06:30:21Z</time>
   </trkpt>
   <trkpt lat="48.7158370" lon="-2.9655110">
    <ele>47.3</ele>
    <time>2026-05-21T06:30:22Z</time>
   </trkpt>
   <trkpt lat="48.7157950" lon="-2.9654860">
    <ele>47.6</ele>
    <time>2026-05-21T06:30:23Z</time>
   </trkpt>
   <trkpt lat="48.7157570" lon="-2.9654630">
    <ele>47.8</ele>
    <time>2026-05-21T06:30:24Z</time>
   </trkpt>
   <trkpt lat="48.7157180" lon="-2.9654330">
    <ele>48.0</ele>
    <time>2026-05-21T06:30:25Z</time>
   </trkpt>
   <trkpt lat="48.7156820" lon="-2.9654000">
    <ele>48.3</ele>
    <time>2026-05-21T06:30:26Z</time>
   </trkpt>
   <trkpt lat="48.7156440" lon="-2.9653750">
    <ele>48.5</ele>
    <time>2026-05-21T06:30:27Z</time>
   </trkpt>
   <trkpt lat="48.7156040" lon="-2.9653510">
    <ele>48.8</ele>
    <time>2026-05-21T06:30:28Z</time>
   </trkpt>
   <trkpt lat="48.7155610" lon="-2.9653240">
    <ele>49.2</ele>
    <time>2026-05-21T06:30:29Z</time>
   </trkpt>
   <trkpt lat="48.7155230" lon="-2.9652980">
    <ele>49.5</ele>
    <time>2026-05-21T06:30:30Z</time>
   </trkpt>
   <trkpt lat="48.7154850" lon="-2.9652690">
    <ele>49.8</ele>
    <time>2026-05-21T06:30:31Z</time>
   </trkpt>
   <trkpt lat="48.7154490" lon="-2.9652410">
    <ele>50.1</ele>
    <time>2026-05-21T06:30:32Z</time>
   </trkpt>
   <trkpt lat="48.7154120" lon="-2.9652120">
    <ele>50.4</ele>
    <time>2026-05-21T06:30:33Z</time>
   </trkpt>
   <trkpt lat="48.7153820" lon="-2.9651730">
    <ele>50.7</ele>
    <time>2026-05-21T06:30:34Z</time>
   </trkpt>
   <trkpt lat="48.7153520" lon="-2.9651320">
    <ele>51.1</ele>
    <time>2026-05-21T06:30:35Z</time>
   </trkpt>
   <trkpt lat="48.7153260" lon="-2.9650860">
    <ele>51.4</ele>
    <time>2026-05-21T06:30:36Z</time>
   </trkpt>
   <trkpt lat="48.7152970" lon="-2.9650420">
    <ele>51.7</ele>
    <time>2026-05-21T06:30:37Z</time>
   </trkpt>
   <trkpt lat="48.7152700" lon="-2.9649990">
    <ele>52.0</ele>
    <time>2026-05-21T06:30:38Z</time>
   </trkpt>
   <trkpt lat="48.7152430" lon="-2.9649580">
    <ele>52.3</ele>
    <time>2026-05-21T06:30:39Z</time>
   </trkpt>
   <trkpt lat="48.7152170" lon="-2.9649210">
    <ele>52.6</ele>
    <time>2026-05-21T06:30:40Z</time>
   </trkpt>
   <trkpt lat="48.7151850" lon="-2.9648840">
    <ele>52.9</ele>
    <time>2026-05-21T06:30:41Z</time>
   </trkpt>
   <trkpt lat="48.7151540" lon="-2.9648500">
    <ele>53.2</ele>
    <time>2026-05-21T06:30:42Z</time>
   </trkpt>
   <trkpt lat="48.7151240" lon="-2.9648200">
    <ele>53.5</ele>
    <time>2026-05-21T06:30:43Z</time>
   </trkpt>
   <trkpt lat="48.7151030" lon="-2.9647820">
    <ele>53.8</ele>
    <time>2026-05-21T06:30:44Z</time>
   </trkpt>
   <trkpt lat="48.7150670" lon="-2.9647490">
    <ele>54.1</ele>
    <time>2026-05-21T06:30:45Z</time>
   </trkpt>
   <trkpt lat="48.7150320" lon="-2.9647130">
    <ele>54.5</ele>
    <time>2026-05-21T06:30:46Z</time>
   </trkpt>
   <trkpt lat="48.7149970" lon="-2.9646780">
    <ele>54.8</ele>
    <time>2026-05-21T06:30:47Z</time>
   </trkpt>
   <trkpt lat="48.7149650" lon="-2.9646530">
    <ele>55.1</ele>
    <time>2026-05-21T06:30:48Z</time>
   </trkpt>
   <trkpt lat="48.7149330" lon="-2.9646260">
    <ele>55.4</ele>
    <time>2026-05-21T06:30:49Z</time>
   </trkpt>
   <trkpt lat="48.7148970" lon="-2.9646080">
    <ele>55.7</ele>
    <time>2026-05-21T06:30:50Z</time>
   </trkpt>
   <trkpt lat="48.7148610" lon="-2.9645870">
    <ele>56.0</ele>
    <time>2026-05-21T06:30:51Z</time>
   </trkpt>
   <trkpt lat="48.7148310" lon="-2.9645630">
    <ele>56.2</ele>
    <time>2026-05-21T06:30:52Z</time>
   </trkpt>
   <trkpt lat="48.7148000" lon="-2.9645370">
    <ele>56.5</ele>
    <time>2026-05-21T06:30:53Z</time>
   </trkpt>
   <trkpt lat="48.7147680" lon="-2.9645150">
    <ele>56.8</ele>
    <time>2026-05-21T06:30:54Z</time>
   </trkpt>
   <trkpt lat="48.7147320" lon="-2.9645040">
    <ele>57.0</ele>
    <time>2026-05-21T06:30:55Z</time>
   </trkpt>
   <trkpt lat="48.7146960" lon="-2.9644910">
    <ele>57.3</ele>
    <time>2026-05-21T06:30:56Z</time>
   </trkpt>
   <trkpt lat="48.7146620" lon="-2.9644790">
    <ele>57.5</ele>
    <time>2026-05-21T06:30:57Z</time>
   </trkpt>
   <trkpt lat="48.7146260" lon="-2.9644630">
    <ele>57.7</ele>
    <time>2026-05-21T06:30:58Z</time>
   </trkpt>
   <trkpt lat="48.7145920" lon="-2.9644460">
    <ele>57.9</ele>
    <time>2026-05-21T06:30:59Z</time>
   </trkpt>
   <trkpt lat="48.7145560" lon="-2.9644440">
    <ele>58.0</ele>
    <time>2026-05-21T06:31:00Z</time>
   </trkpt>
   <trkpt lat="48.7145190" lon="-2.9644450">
    <ele>58.1</ele>
    <time>2026-05-21T06:31:01Z</time>
   </trkpt>
   <trkpt lat="48.7144810" lon="-2.9644520">
    <ele>58.2</ele>
    <time>2026-05-21T06:31:02Z</time>
   </trkpt>
   <trkpt lat="48.7144420" lon="-2.9644570">
    <ele>58.3</ele>
    <time>2026-05-21T06:31:03Z</time>
   </trkpt>
   <trkpt lat="48.7144020" lon="-2.9644600">
    <ele>58.3</ele>
    <time>2026-05-21T06:31:04Z</time>
   </trkpt>
   <trkpt lat="48.7143620" lon="-2.9644600">
    <ele>58.4</ele>
    <time>2026-05-21T06:31:05Z</time>
   </trkpt>
   <trkpt lat="48.7143210" lon="-2.9644640">
    <ele>58.4</ele>
    <time>2026-05-21T06:31:06Z</time>
   </trkpt>
   <trkpt lat="48.7142760" lon="-2.9644660">
    <ele>58.4</ele>
    <time>2026-05-21T06:31:07Z</time>
   </trkpt>
   <trkpt lat="48.7142350" lon="-2.9644890">
    <ele>58.4</ele>
    <time>2026-05-21T06:31:08Z</time>
   </trkpt>
   <trkpt lat="48.7141930" lon="-2.9644880">
    <ele>58.5</ele>
    <time>2026-05-21T06:31:09Z</time>
   </trkpt>
   <trkpt lat="48.7141510" lon="-2.9645000">
    <ele>58.5</ele>
    <time>2026-05-21T06:31:10Z</time>
   </trkpt>
   <trkpt lat="48.7141110" lon="-2.9645010">
    <ele>58.5</ele>
    <time>2026-05-21T06:31:11Z</time>
   </trkpt>
   <trkpt lat="48.7140710" lon="-2.9644940">
    <ele>58.6</ele>
    <time>2026-05-21T06:31:12Z</time>
   </trkpt>
   <trkpt lat="48.7140290" lon="-2.9644770">
    <ele>58.6</ele>
    <time>2026-05-21T06:31:13Z</time>
   </trkpt>
   <trkpt lat="48.7139930" lon="-2.9644570">
    <ele>58.7</ele>
    <time>2026-05-21T06:31:14Z</time>
   </trkpt>
   <trkpt lat="48.7139470" lon="-2.9644420">
    <ele>58.7</ele>
    <time>2026-05-21T06:31:15Z</time>
   </trkpt>
   <trkpt lat="48.7139090" lon="-2.9644160">
    <ele>58.8</ele>
    <time>2026-05-21T06:31:16Z</time>
   </trkpt>
   <trkpt lat="48.7138740" lon="-2.9643860">
    <ele>58.9</ele>
    <time>2026-05-21T06:31:17Z</time>
   </trkpt>
   <trkpt lat="48.7138400" lon="-2.9643520">
    <ele>59.0</ele>
    <time>2026-05-21T06:31:18Z</time>
   </trkpt>
   <trkpt lat="48.7138290" lon="-2.9642940">
    <ele>59.1</ele>
    <time>2026-05-21T06:31:19Z</time>
   </trkpt>
   <trkpt lat="48.7138310" lon="-2.9642380">
    <ele>59.2</ele>
    <time>2026-05-21T06:31:20Z</time>
   </trkpt>
   <trkpt lat="48.7138440" lon="-2.9641810">
    <ele>59.3</ele>
    <time>2026-05-21T06:31:21Z</time>
   </trkpt>
   <trkpt lat="48.7138540" lon="-2.9641340">
    <ele>59.5</ele>
    <time>2026-05-21T06:31:22Z</time>
   </trkpt>
   <trkpt lat="48.7138510" lon="-2.9640880">
    <ele>59.6</ele>
    <time>2026-05-21T06:31:23Z</time>
   </trkpt>
   <trkpt lat="48.7138590" lon="-2.9640440">
    <ele>59.8</ele>
    <time>2026-05-21T06:31:24Z</time>
   </trkpt>
   <trkpt lat="48.7138640" lon="-2.9639930">
    <ele>59.9</ele>
    <time>2026-05-21T06:31:25Z</time>
   </trkpt>
   <trkpt lat="48.7138420" lon="-2.9639420">
    <ele>60.2</ele>
    <time>2026-05-21T06:31:26Z</time>
   </trkpt>
   <trkpt lat="48.7138090" lon="-2.9638970">
    <ele>60.4</ele>
    <time>2026-05-21T06:31:27Z</time>
   </trkpt>
   <trkpt lat="48.7137870" lon="-2.9638550">
    <ele>60.6</ele>
    <time>2026-05-21T06:31:28Z</time>
   </trkpt>
   <trkpt lat="48.7137680" lon="-2.9638110">
    <ele>60.9</ele>
    <time>2026-05-21T06:31:29Z</time>
   </trkpt>
   <trkpt lat="48.7137460" lon="-2.9637700">
    <ele>61.1</ele>
    <time>2026-05-21T06:31:30Z</time>
   </trkpt>
   <trkpt lat="48.7137290" lon="-2.9637310">
    <ele>61.3</ele>
    <time>2026-05-21T06:31:31Z</time>
   </trkpt>
   <trkpt lat="48.7137110" lon="-2.9636910">
    <ele>61.6</ele>
    <time>2026-05-21T06:31:32Z</time>
   </trkpt>
   <trkpt lat="48.7136960" lon="-2.9636490">
    <ele>61.8</ele>
    <time>2026-05-21T06:31:33Z</time>
   </trkpt>
   <trkpt lat="48.7136880" lon="-2.9635970">
    <ele>62.0</ele>
    <time>2026-05-21T06:31:34Z</time>
   </trkpt>
   <trkpt lat="48.7136850" lon="-2.9635520">
    <ele>62.2</ele>
    <time>2026-05-21T06:31:35Z</time>
   </trkpt>
   <trkpt lat="48.7136820" lon="-2.9634970">
    <ele>62.5</ele>
    <time>2026-05-21T06:31:36Z</time>
   </trkpt>
   <trkpt lat="48.7136830" lon="-2.9634420">
    <ele>62.7</ele>
    <time>2026-05-21T06:31:37Z</time>
   </trkpt>
   <trkpt lat="48.7136880" lon="-2.9633900">
    <ele>63.0</ele>
    <time>2026-05-21T06:31:38Z</time>
   </trkpt>
   <trkpt lat="48.7136900" lon="-2.9633410">
    <ele>63.2</ele>
    <time>2026-05-21T06:31:39Z</time>
   </trkpt>
   <trkpt lat="48.7136990" lon="-2.9632920">
    <ele>63.4</ele>
    <time>2026-05-21T06:31:40Z</time>
   </trkpt>
   <trkpt lat="48.7137000" lon="-2.9632400">
    <ele>63.7</ele>
    <time>2026-05-21T06:31:41Z</time>
   </trkpt>
   <trkpt lat="48.7137040" lon="-2.9631960">
    <ele>63.9</ele>
    <time>2026-05-21T06:31:42Z</time>
   </trkpt>
   <trkpt lat="48.7137010" lon="-2.9631440">
    <ele>64.2</ele>
    <time>2026-05-21T06:31:43Z</time>
   </trkpt>
   <trkpt lat="48.7137070" lon="-2.9630910">
    <ele>64.4</ele>
    <time>2026-05-21T06:31:44Z</time>
   </trkpt>
   <trkpt lat="48.7137100" lon="-2.9630380">
    <ele>64.7</ele>
    <time>2026-05-21T06:31:45Z</time>
   </trkpt>
   <trkpt lat="48.7137090" lon="-2.9629890">
    <ele>64.9</ele>
    <time>2026-05-21T06:31:46Z</time>
   </trkpt>
   <trkpt lat="48.7137100" lon="-2.9629370">
    <ele>65.2</ele>
    <time>2026-05-21T06:31:47Z</time>
   </trkpt>
   <trkpt lat="48.7137180" lon="-2.9628820">
    <ele>65.4</ele>
    <time>2026-05-21T06:31:48Z</time>
   </trkpt>
   <trkpt lat="48.7137190" lon="-2.9628290">
    <ele>65.6</ele>
    <time>2026-05-21T06:31:49Z</time>
   </trkpt>
   <trkpt lat="48.7137200" lon="-2.9627720">
    <ele>65.9</ele>
    <time>2026-05-21T06:31:50Z</time>
   </trkpt>
   <trkpt lat="48.7137240" lon="-2.9627170">
    <ele>66.1</ele>
    <time>2026-05-21T06:31:51Z</time>
   </trkpt>
   <trkpt lat="48.7137270" lon="-2.9626640">
    <ele>66.3</ele>
    <time>2026-05-21T06:31:52Z</time>
   </trkpt>
   <trkpt lat="48.7137320" lon="-2.9626060">
    <ele>66.5</ele>
    <time>2026-05-21T06:31:53Z</time>
   </trkpt>
   <trkpt lat="48.7137280" lon="-2.9625520">
    <ele>66.7</ele>
    <time>2026-05-21T06:31:54Z</time>
   </trkpt>
   <trkpt lat="48.7137280" lon="-2.9624960">
    <ele>67.0</ele>
    <time>2026-05-21T06:31:55Z</time>
   </trkpt>
   <trkpt lat="48.7137320" lon="-2.9624390">
    <ele>67.2</ele>
    <time>2026-05-21T06:31:56Z</time>
   </trkpt>
   <trkpt lat="48.7137350" lon="-2.9623870">
    <ele>67.4</ele>
    <time>2026-05-21T06:31:57Z</time>
   </trkpt>
   <trkpt lat="48.7137370" lon="-2.9623310">
    <ele>67.7</ele>
    <time>2026-05-21T06:31:58Z</time>
   </trkpt>
   <trkpt lat="48.7137470" lon="-2.9622760">
    <ele>68.0</ele>
    <time>2026-05-21T06:31:59Z</time>
   </trkpt>
   <trkpt lat="48.7137580" lon="-2.9622260">
    <ele>68.3</ele>
    <time>2026-05-21T06:32:00Z</time>
   </trkpt>
   <trkpt lat="48.7137670" lon="-2.9621840">
    <ele>68.6</ele>
    <time>2026-05-21T06:32:01Z</time>
   </trkpt>
   <trkpt lat="48.7137740" lon="-2.9621340">
    <ele>68.9</ele>
    <time>2026-05-21T06:32:02Z</time>
   </trkpt>
   <trkpt lat="48.7137810" lon="-2.9620880">
    <ele>69.2</ele>
    <time>2026-05-21T06:32:03Z</time>
   </trkpt>
   <trkpt lat="48.7137880" lon="-2.9620360">
    <ele>69.5</ele>
    <time>2026-05-21T06:32:04Z</time>
   </trkpt>
   <trkpt lat="48.7137940" lon="-2.9619930">
    <ele>69.8</ele>
    <time>2026-05-21T06:32:05Z</time>
   </trkpt>
   <trkpt lat="48.7138020" lon="-2.9619430">
    <ele>70.2</ele>
    <time>2026-05-21T06:32:06Z</time>
   </trkpt>
   <trkpt lat="48.7138190" lon="-2.9618990">
    <ele>70.5</ele>
    <time>2026-05-21T06:32:07Z</time>
   </trkpt>
   <trkpt lat="48.7138310" lon="-2.9618560">
    <ele>70.9</ele>
    <time>2026-05-21T06:32:08Z</time>
   </trkpt>
   <trkpt lat="48.7138330" lon="-2.9618140">
    <ele>71.2</ele>
    <time>2026-05-21T06:32:09Z</time>
   </trkpt>
   <trkpt lat="48.7138360" lon="-2.9617680">
    <ele>71.5</ele>
    <time>2026-05-21T06:32:10Z</time>
   </trkpt>
   <trkpt lat="48.7138430" lon="-2.9617130">
    <ele>71.9</ele>
    <time>2026-05-21T06:32:11Z</time>
   </trkpt>
   <trkpt lat="48.7138520" lon="-2.9616670">
    <ele>72.2</ele>
    <time>2026-05-21T06:32:12Z</time>
   </trkpt>
   <trkpt lat="48.7138670" lon="-2.9616320">
    <ele>72.4</ele>
    <time>2026-05-21T06:32:13Z</time>
   </trkpt>
   <trkpt lat="48.7138770" lon="-2.9615880">
    <ele>72.7</ele>
    <time>2026-05-21T06:32:14Z</time>
   </trkpt>
   <trkpt lat="48.7138960" lon="-2.9615460">
    <ele>73.1</ele>
    <time>2026-05-21T06:32:15Z</time>
   </trkpt>
   <trkpt lat="48.7139030" lon="-2.9615040">
    <ele>73.3</ele>
    <time>2026-05-21T06:32:16Z</time>
   </trkpt>
   <trkpt lat="48.7139160" lon="-2.9614610">
    <ele>73.7</ele>
    <time>2026-05-21T06:32:17Z</time>
   </trkpt>
   <trkpt lat="48.7139290" lon="-2.9614200">
    <ele>74.0</ele>
    <time>2026-05-21T06:32:18Z</time>
   </trkpt>
   <trkpt lat="48.7139440" lon="-2.9613810">
    <ele>74.3</ele>
    <time>2026-05-21T06:32:19Z</time>
   </trkpt>
   <trkpt lat="48.7139580" lon="-2.9613420">
    <ele>74.5</ele>
    <time>2026-05-21T06:32:20Z</time>
   </trkpt>
   <trkpt lat="48.7139750" lon="-2.9613060">
    <ele>74.8</ele>
    <time>2026-05-21T06:32:21Z</time>
   </trkpt>
   <trkpt lat="48.7139950" lon="-2.9612690">
    <ele>75.2</ele>
    <time>2026-05-21T06:32:22Z</time>
   </trkpt>
   <trkpt lat="48.7140150" lon="-2.9612320">
    <ele>75.5</ele>
    <time>2026-05-21T06:32:23Z</time>
   </trkpt>
   <trkpt lat="48.7140360" lon="-2.9611970">
    <ele>75.7</ele>
    <time>2026-05-21T06:32:24Z</time>
   </trkpt>
   <trkpt lat="48.7140560" lon="-2.9611690">
    <ele>76.0</ele>
    <time>2026-05-21T06:32:25Z</time>
   </trkpt>
   <trkpt lat="48.7140760" lon="-2.9611340">
    <ele>76.3</ele>
    <time>2026-05-21T06:32:26Z</time>
   </trkpt>
   <trkpt lat="48.7140970" lon="-2.9611020">
    <ele>76.6</ele>
    <time>2026-05-21T06:32:27Z</time>
   </trkpt>
   <trkpt lat="48.7141140" lon="-2.9610670">
    <ele>76.8</ele>
    <time>2026-05-21T06:32:28Z</time>
   </trkpt>
   <trkpt lat="48.7141320" lon="-2.9610290">
    <ele>77.1</ele>
    <time>2026-05-21T06:32:29Z</time>
   </trkpt>
   <trkpt lat="48.7141420" lon="-2.9609850">
    <ele>77.4</ele>
    <time>2026-05-21T06:32:30Z</time>
   </trkpt>
   <trkpt lat="48.7141520" lon="-2.9609400">
    <ele>77.6</ele>
    <time>2026-05-21T06:32:31Z</time>
   </trkpt>
   <trkpt lat="48.7141560" lon="-2.9608980">
    <ele>77.8</ele>
    <time>2026-05-21T06:32:32Z</time>
   </trkpt>
   <trkpt lat="48.7141690" lon="-2.9608560">
    <ele>77.9</ele>
    <time>2026-05-21T06:32:33Z</time>
   </trkpt>
   <trkpt lat="48.7141760" lon="-2.9608150">
    <ele>78.1</ele>
    <time>2026-05-21T06:32:34Z</time>
   </trkpt>
   <trkpt lat="48.7141820" lon="-2.9607710">
    <ele>78.2</ele>
    <time>2026-05-21T06:32:35Z</time>
   </trkpt>
   <trkpt lat="48.7141820" lon="-2.9607260">
    <ele>78.4</ele>
    <time>2026-05-21T06:32:36Z</time>
   </trkpt>
   <trkpt lat="48.7141860" lon="-2.9606780">
    <ele>78.5</ele>
    <time>2026-05-21T06:32:37Z</time>
   </trkpt>
   <trkpt lat="48.7141850" lon="-2.9606350">
    <ele>78.6</ele>
    <time>2026-05-21T06:32:38Z</time>
   </trkpt>
   <trkpt lat="48.7141900" lon="-2.9605760">
    <ele>78.7</ele>
    <time>2026-05-21T06:32:39Z</time>
   </trkpt>
   <trkpt lat="48.7141970" lon="-2.9605230">
    <ele>78.8</ele>
    <time>2026-05-21T06:32:40Z</time>
   </trkpt>
   <trkpt lat="48.7141980" lon="-2.9604740">
    <ele>78.9</ele>
    <time>2026-05-21T06:32:41Z</time>
   </trkpt>
   <trkpt lat="48.7142040" lon="-2.9604190">
    <ele>78.9</ele>
    <time>2026-05-21T06:32:42Z</time>
   </trkpt>
   <trkpt lat="48.7142020" lon="-2.9603650">
    <ele>79.0</ele>
    <time>2026-05-21T06:32:43Z</time>
   </trkpt>
   <trkpt lat="48.7141950" lon="-2.9603140">
    <ele>79.0</ele>
    <time>2026-05-21T06:32:44Z</time>
   </trkpt>
   <trkpt lat="48.7141830" lon="-2.9602610">
    <ele>79.0</ele>
    <time>2026-05-21T06:32:45Z</time>
   </trkpt>
   <trkpt lat="48.7141710" lon="-2.9602040">
    <ele>79.1</ele>
    <time>2026-05-21T06:32:46Z</time>
   </trkpt>
   <trkpt lat="48.7141630" lon="-2.9601500">
    <ele>79.1</ele>
    <time>2026-05-21T06:32:47Z</time>
   </trkpt>
   <trkpt lat="48.7141530" lon="-2.9600940">
    <ele>79.2</ele>
    <time>2026-05-21T06:32:48Z</time>
   </trkpt>
   <trkpt lat="48.7141460" lon="-2.9600360">
    <ele>79.2</ele>
    <time>2026-05-21T06:32:49Z</time>
   </trkpt>
   <trkpt lat="48.7141420" lon="-2.9599800">
    <ele>79.3</ele>
    <time>2026-05-21T06:32:50Z</time>
   </trkpt>
   <trkpt lat="48.7141330" lon="-2.9599280">
    <ele>79.4</ele>
    <time>2026-05-21T06:32:51Z</time>
   </trkpt>
   <trkpt lat="48.7141160" lon="-2.9598790">
    <ele>79.4</ele>
    <time>2026-05-21T06:32:52Z</time>
   </trkpt>
   <trkpt lat="48.7141120" lon="-2.9598230">
    <ele>79.5</ele>
    <time>2026-05-21T06:32:53Z</time>
   </trkpt>
   <trkpt lat="48.7141040" lon="-2.9597700">
    <ele>79.6</ele>
    <time>2026-05-21T06:32:54Z</time>
   </trkpt>
   <trkpt lat="48.7140960" lon="-2.9597120">
    <ele>79.7</ele>
    <time>2026-05-21T06:32:55Z</time>
   </trkpt>
   <trkpt lat="48.7140880" lon="-2.9596560">
    <ele>79.8</ele>
    <time>2026-05-21T06:32:56Z</time>
   </trkpt>
   <trkpt lat="48.7140810" lon="-2.9596010">
    <ele>80.0</ele>
    <time>2026-05-21T06:32:57Z</time>
   </trkpt>
   <trkpt lat="48.7140700" lon="-2.9595480">
    <ele>80.1</ele>
    <time>2026-05-21T06:32:58Z</time>
   </trkpt>
   <trkpt lat="48.7140610" lon="-2.9594930">
    <ele>80.2</ele>
    <time>2026-05-21T06:32:59Z</time>
   </trkpt>
   <trkpt lat="48.7140500" lon="-2.9594410">
    <ele>80.4</ele>
    <time>2026-05-21T06:33:00Z</time>
   </trkpt>
   <trkpt lat="48.7140390" lon="-2.9593890">
    <ele>80.5</ele>
    <time>2026-05-21T06:33:01Z</time>
   </trkpt>
   <trkpt lat="48.7140310" lon="-2.9593370">
    <ele>80.7</ele>
    <time>2026-05-21T06:33:02Z</time>
   </trkpt>
   <trkpt lat="48.7140250" lon="-2.9592870">
    <ele>80.8</ele>
    <time>2026-05-21T06:33:03Z</time>
   </trkpt>
   <trkpt lat="48.7140210" lon="-2.9592300">
    <ele>81.0</ele>
    <time>2026-05-21T06:33:04Z</time>
   </trkpt>
   <trkpt lat="48.7140080" lon="-2.9591750">
    <ele>81.1</ele>
    <time>2026-05-21T06:33:05Z</time>
   </trkpt>
   <trkpt lat="48.7139940" lon="-2.9591230">
    <ele>81.3</ele>
    <time>2026-05-21T06:33:06Z</time>
   </trkpt>
   <trkpt lat="48.7139700" lon="-2.9590700">
    <ele>81.5</ele>
    <time>2026-05-21T06:33:07Z</time>
   </trkpt>
   <trkpt lat="48.7139530" lon="-2.9590210">
    <ele>81.7</ele>
    <time>2026-05-21T06:33:08Z</time>
   </trkpt>
   <trkpt lat="48.7139320" lon="-2.9589780">
    <ele>81.9</ele>
    <time>2026-05-21T06:33:09Z</time>
   </trkpt>
   <trkpt lat="48.7139100" lon="-2.9589380">
    <ele>82.1</ele>
    <time>2026-05-21T06:33:10Z</time>
   </trkpt>
   <trkpt lat="48.7138830" lon="-2.9589020">
    <ele>82.3</ele>
    <time>2026-05-21T06:33:11Z</time>
   </trkpt>
   <trkpt lat="48.7138530" lon="-2.9588720">
    <ele>82.4</ele>
    <time>2026-05-21T06:33:12Z</time>
   </trkpt>
   <trkpt lat="48.7138250" lon="-2.9588430">
    <ele>82.6</ele>
    <time>2026-05-21T06:33:13Z</time>
   </trkpt>
   <trkpt lat="48.7137980" lon="-2.9588120">
    <ele>82.7</ele>
    <time>2026-05-21T06:33:14Z</time>
   </trkpt>
   <trkpt lat="48.7137720" lon="-2.9587830">
    <ele>82.9</ele>
    <time>2026-05-21T06:33:15Z</time>
   </trkpt>
   <trkpt lat="48.7137430" lon="-2.9587460">
    <ele>83.1</ele>
    <time>2026-05-21T06:33:16Z</time>
   </trkpt>
   <trkpt lat="48.7137140" lon="-2.9587210">
    <ele>83.2</ele>
    <time>2026-05-21T06:33:17Z</time>
   </trkpt>
   <trkpt lat="48.7136870" lon="-2.9586900">
    <ele>83.4</ele>
    <time>2026-05-21T06:33:18Z</time>
   </trkpt>
   <trkpt lat="48.7136640" lon="-2.9586490">
    <ele>83.5</ele>
    <time>2026-05-21T06:33:19Z</time>
   </trkpt>
   <trkpt lat="48.7136400" lon="-2.9585980">
    <ele>83.7</ele>
    <time>2026-05-21T06:33:20Z</time>
   </trkpt>
   <trkpt lat="48.7136260" lon="-2.9585460">
    <ele>83.9</ele>
    <time>2026-05-21T06:33:21Z</time>
   </trkpt>
   <trkpt lat="48.7136070" lon="-2.9584980">
    <ele>84.1</ele>
    <time>2026-05-21T06:33:22Z</time>
   </trkpt>
   <trkpt lat="48.7135890" lon="-2.9584470">
    <ele>84.3</ele>
    <time>2026-05-21T06:33:23Z</time>
   </trkpt>
   <trkpt lat="48.7135770" lon="-2.9583950">
    <ele>84.5</ele>
    <time>2026-05-21T06:33:24Z</time>
   </trkpt>
   <trkpt lat="48.7135660" lon="-2.9583420">
    <ele>84.7</ele>
    <time>2026-05-21T06:33:25Z</time>
   </trkpt>
   <trkpt lat="48.7135570" lon="-2.9582880">
    <ele>84.8</ele>
    <time>2026-05-21T06:33:26Z</time>
   </trkpt>
   <trkpt lat="48.7135500" lon="-2.9582330">
    <ele>85.0</ele>
    <time>2026-05-21T06:33:27Z</time>
   </trkpt>
   <trkpt lat="48.7135410" lon="-2.9581830">
    <ele>85.1</ele>
    <time>2026-05-21T06:33:28Z</time>
   </trkpt>
   <trkpt lat="48.7135320" lon="-2.9581270">
    <ele>85.2</ele>
    <time>2026-05-21T06:33:29Z</time>
   </trkpt>
   <trkpt lat="48.7135230" lon="-2.9580760">
    <ele>85.3</ele>
    <time>2026-05-21T06:33:30Z</time>
   </trkpt>
   <trkpt lat="48.7135170" lon="-2.9580270">
    <ele>85.4</ele>
    <time>2026-05-21T06:33:31Z</time>
   </trkpt>
   <trkpt lat="48.7135110" lon="-2.9579720">
    <ele>85.6</ele>
    <time>2026-05-21T06:33:32Z</time>
   </trkpt>
   <trkpt lat="48.7135000" lon="-2.9579140">
    <ele>85.7</ele>
    <time>2026-05-21T06:33:33Z</time>
   </trkpt>
   <trkpt lat="48.7134920" lon="-2.9578540">
    <ele>85.8</ele>
    <time>2026-05-21T06:33:34Z</time>
   </trkpt>
   <trkpt lat="48.7134850" lon="-2.9577960">
    <ele>85.9</ele>
    <time>2026-05-21T06:33:35Z</time>
   </trkpt>
   <trkpt lat="48.7134750" lon="-2.9577350">
    <ele>85.9</ele>
    <time>2026-05-21T06:33:36Z</time>
   </trkpt>
   <trkpt lat="48.7134660" lon="-2.9576760">
    <ele>86.0</ele>
    <time>2026-05-21T06:33:37Z</time>
   </trkpt>
   <trkpt lat="48.7134590" lon="-2.9576170">
    <ele>86.1</ele>
    <time>2026-05-21T06:33:38Z</time>
   </trkpt>
   <trkpt lat="48.7134570" lon="-2.9575590">
    <ele>86.1</ele>
    <time>2026-05-21T06:33:39Z</time>
   </trkpt>
   <trkpt lat="48.7134560" lon="-2.9575060">
    <ele>86.2</ele>
    <time>2026-05-21T06:33:40Z</time>
   </trkpt>
   <trkpt lat="48.7134540" lon="-2.9574600">
    <ele>86.2</ele>
    <time>2026-05-21T06:33:41Z</time>
   </trkpt>
   <trkpt lat="48.7134290" lon="-2.9574120">
    <ele>86.2</ele>
    <time>2026-05-21T06:33:42Z</time>
   </trkpt>
   <trkpt lat="48.7134180" lon="-2.9573970">
    <ele>86.2</ele>
    <time>2026-05-21T06:33:43Z</time>
   </trkpt>
   <trkpt lat="48.7133860" lon="-2.9573790">
    <ele>86.2</ele>
    <time>2026-05-21T06:33:44Z</time>
   </trkpt>
   <trkpt lat="48.7133590" lon="-2.9573590">
    <ele>86.1</ele>
    <time>2026-05-21T06:33:45Z</time>
   </trkpt>
   <trkpt lat="48.7133340" lon="-2.9573280">
    <ele>86.1</ele>
    <time>2026-05-21T06:33:46Z</time>
   </trkpt>
   <trkpt lat="48.7133260" lon="-2.9573210">
    <ele>86.1</ele>
    <time>2026-05-21T06:33:47Z</time>
   </trkpt>
   <trkpt lat="48.7133120" lon="-2.9573000">
    <ele>86.1</ele>
    <time>2026-05-21T06:33:48Z</time>
   </trkpt>
   <trkpt lat="48.7133040" lon="-2.9572850">
    <ele>86.1</ele>
    <time>2026-05-21T06:33:49Z</time>
   </trkpt>
   <trkpt lat="48.7132890" lon="-2.9572450">
    <ele>86.1</ele>
    <time>2026-05-21T06:33:50Z</time>
   </trkpt>
   <trkpt lat="48.7132840" lon="-2.9572280">
    <ele>86.1</ele>
    <time>2026-05-21T06:33:51Z</time>
   </trkpt>
   <trkpt lat="48.7132750" lon="-2.9571900">
    <ele>86.1</ele>
    <time>2026-05-21T06:33:52Z</time>
   </trkpt>
   <trkpt lat="48.7132600" lon="-2.9571490">
    <ele>86.1</ele>
    <time>2026-05-21T06:33:53Z</time>
   </trkpt>
   <trkpt lat="48.7132440" lon="-2.9571010">
    <ele>86.1</ele>
    <time>2026-05-21T06:33:54Z</time>
   </trkpt>
   <trkpt lat="48.7132270" lon="-2.9570500">
    <ele>86.1</ele>
    <time>2026-05-21T06:33:55Z</time>
   </trkpt>
   <trkpt lat="48.7132180" lon="-2.9569880">
    <ele>86.1</ele>
    <time>2026-05-21T06:33:56Z</time>
   </trkpt>
   <trkpt lat="48.7132070" lon="-2.9569270">
    <ele>86.1</ele>
    <time>2026-05-21T06:33:57Z</time>
   </trkpt>
   <trkpt lat="48.7131930" lon="-2.9568640">
    <ele>86.1</ele>
    <time>2026-05-21T06:33:58Z</time>
   </trkpt>
   <trkpt lat="48.7131760" lon="-2.9568000">
    <ele>86.1</ele>
    <time>2026-05-21T06:33:59Z</time>
   </trkpt>
   <trkpt lat="48.7131610" lon="-2.9567360">
    <ele>86.1</ele>
    <time>2026-05-21T06:34:00Z</time>
   </trkpt>
   <trkpt lat="48.7131440" lon="-2.9566720">
    <ele>86.1</ele>
    <time>2026-05-21T06:34:01Z</time>
   </trkpt>
   <trkpt lat="48.7131260" lon="-2.9566060">
    <ele>86.1</ele>
    <time>2026-05-21T06:34:02Z</time>
   </trkpt>
   <trkpt lat="48.7131070" lon="-2.9565390">
    <ele>86.1</ele>
    <time>2026-05-21T06:34:03Z</time>
   </trkpt>
   <trkpt lat="48.7130850" lon="-2.9564730">
    <ele>86.1</ele>
    <time>2026-05-21T06:34:04Z</time>
   </trkpt>
   <trkpt lat="48.7130580" lon="-2.9564110">
    <ele>86.2</ele>
    <time>2026-05-21T06:34:05Z</time>
   </trkpt>
   <trkpt lat="48.7130320" lon="-2.9563460">
    <ele>86.2</ele>
    <time>2026-05-21T06:34:06Z</time>
   </trkpt>
   <trkpt lat="48.7130020" lon="-2.9562830">
    <ele>86.2</ele>
    <time>2026-05-21T06:34:07Z</time>
   </trkpt>
   <trkpt lat="48.7129750" lon="-2.9562210">
    <ele>86.3</ele>
    <time>2026-05-21T06:34:08Z</time>
   </trkpt>
   <trkpt lat="48.7129450" lon="-2.9561600">
    <ele>86.3</ele>
    <time>2026-05-21T06:34:09Z</time>
   </trkpt>
   <trkpt lat="48.7129130" lon="-2.9560970">
    <ele>86.3</ele>
    <time>2026-05-21T06:34:10Z</time>
   </trkpt>
   <trkpt lat="48.7128810" lon="-2.9560330">
    <ele>86.3</ele>
    <time>2026-05-21T06:34:11Z</time>
   </trkpt>
   <trkpt lat="48.7128400" lon="-2.9559750">
    <ele>86.3</ele>
    <time>2026-05-21T06:34:12Z</time>
   </trkpt>
   <trkpt lat="48.7128030" lon="-2.9559120">
    <ele>86.3</ele>
    <time>2026-05-21T06:34:13Z</time>
   </trkpt>
   <trkpt lat="48.7127630" lon="-2.9558550">
    <ele>86.3</ele>
    <time>2026-05-21T06:34:14Z</time>
   </trkpt>
   <trkpt lat="48.7127200" lon="-2.9558000">
    <ele>86.3</ele>
    <time>2026-05-21T06:34:15Z</time>
   </trkpt>
   <trkpt lat="48.7126780" lon="-2.9557510">
    <ele>86.3</ele>
    <time>2026-05-21T06:34:16Z</time>
   </trkpt>
   <trkpt lat="48.7126350" lon="-2.9557040">
    <ele>86.3</ele>
    <time>2026-05-21T06:34:17Z</time>
   </trkpt>
   <trkpt lat="48.7125950" lon="-2.9556570">
    <ele>86.4</ele>
    <time>2026-05-21T06:34:18Z</time>
   </trkpt>
   <trkpt lat="48.7125580" lon="-2.9556100">
    <ele>86.4</ele>
    <time>2026-05-21T06:34:19Z</time>
   </trkpt>
   <trkpt lat="48.7125210" lon="-2.9555660">
    <ele>86.4</ele>
    <time>2026-05-21T06:34:20Z</time>
   </trkpt>
   <trkpt lat="48.7124750" lon="-2.9555220">
    <ele>86.4</ele>
    <time>2026-05-21T06:34:21Z</time>
   </trkpt>
   <trkpt lat="48.7124350" lon="-2.9554790">
    <ele>86.5</ele>
    <time>2026-05-21T06:34:22Z</time>
   </trkpt>
   <trkpt lat="48.7123940" lon="-2.9554380">
    <ele>86.5</ele>
    <time>2026-05-21T06:34:23Z</time>
   </trkpt>
   <trkpt lat="48.7123540" lon="-2.9553920">
    <ele>86.5</ele>
    <time>2026-05-21T06:34:24Z</time>
   </trkpt>
   <trkpt lat="48.7123130" lon="-2.9553460">
    <ele>86.5</ele>
    <time>2026-05-21T06:34:25Z</time>
   </trkpt>
   <trkpt lat="48.7122700" lon="-2.9552990">
    <ele>86.6</ele>
    <time>2026-05-21T06:34:26Z</time>
   </trkpt>
   <trkpt lat="48.7122290" lon="-2.9552540">
    <ele>86.7</ele>
    <time>2026-05-21T06:34:27Z</time>
   </trkpt>
   <trkpt lat="48.7121870" lon="-2.9552040">
    <ele>86.8</ele>
    <time>2026-05-21T06:34:28Z</time>
   </trkpt>
   <trkpt lat="48.7121460" lon="-2.9551570">
    <ele>86.9</ele>
    <time>2026-05-21T06:34:29Z</time>
   </trkpt>
   <trkpt lat="48.7121090" lon="-2.9551100">
    <ele>87.0</ele>
    <time>2026-05-21T06:34:30Z</time>
   </trkpt>
   <trkpt lat="48.7120670" lon="-2.9550760">
    <ele>87.1</ele>
    <time>2026-05-21T06:34:31Z</time>
   </trkpt>
   <trkpt lat="48.7120220" lon="-2.9550500">
    <ele>87.2</ele>
    <time>2026-05-21T06:34:32Z</time>
   </trkpt>
   <trkpt lat="48.7119760" lon="-2.9550260">
    <ele>87.2</ele>
    <time>2026-05-21T06:34:33Z</time>
   </trkpt>
   <trkpt lat="48.7119330" lon="-2.9550080">
    <ele>87.2</ele>
    <time>2026-05-21T06:34:34Z</time>
   </trkpt>
   <trkpt lat="48.7118870" lon="-2.9549940">
    <ele>87.3</ele>
    <time>2026-05-21T06:34:35Z</time>
   </trkpt>
   <trkpt lat="48.7118400" lon="-2.9549820">
    <ele>87.3</ele>
    <time>2026-05-21T06:34:36Z</time>
   </trkpt>
   <trkpt lat="48.7117930" lon="-2.9549720">
    <ele>87.4</ele>
    <time>2026-05-21T06:34:37Z</time>
   </trkpt>
   <trkpt lat="48.7117470" lon="-2.9549580">
    <ele>87.4</ele>
    <time>2026-05-21T06:34:38Z</time>
   </trkpt>
   <trkpt lat="48.7117030" lon="-2.9549520">
    <ele>87.5</ele>
    <time>2026-05-21T06:34:39Z</time>
   </trkpt>
   <trkpt lat="48.7116560" lon="-2.9549530">
    <ele>87.5</ele>
    <time>2026-05-21T06:34:40Z</time>
   </trkpt>
   <trkpt lat="48.7116110" lon="-2.9549400">
    <ele>87.6</ele>
    <time>2026-05-21T06:34:41Z</time>
   </trkpt>
   <trkpt lat="48.7115660" lon="-2.9549220">
    <ele>87.6</ele>
    <time>2026-05-21T06:34:42Z</time>
   </trkpt>
   <trkpt lat="48.7115210" lon="-2.9549130">
    <ele>87.6</ele>
    <time>2026-05-21T06:34:43Z</time>
   </trkpt>
   <trkpt lat="48.7114740" lon="-2.9549090">
    <ele>87.7</ele>
    <time>2026-05-21T06:34:44Z</time>
   </trkpt>
   <trkpt lat="48.7114290" lon="-2.9548970">
    <ele>87.7</ele>
    <time>2026-05-21T06:34:45Z</time>
   </trkpt>
   <trkpt lat="48.7113820" lon="-2.9548840">
    <ele>87.8</ele>
    <time>2026-05-21T06:34:46Z</time>
   </trkpt>
   <trkpt lat="48.7113320" lon="-2.9548690">
    <ele>87.8</ele>
    <time>2026-05-21T06:34:47Z</time>
   </trkpt>
   <trkpt lat="48.7112910" lon="-2.9548640">
    <ele>87.8</ele>
    <time>2026-05-21T06:34:48Z</time>
   </trkpt>
   <trkpt lat="48.7112440" lon="-2.9548530">
    <ele>87.9</ele>
    <time>2026-05-21T06:34:49Z</time>
   </trkpt>
   <trkpt lat="48.7111980" lon="-2.9548450">
    <ele>87.9</ele>
    <time>2026-05-21T06:34:50Z</time>
   </trkpt>
   <trkpt lat="48.7111520" lon="-2.9548390">
    <ele>87.9</ele>
    <time>2026-05-21T06:34:51Z</time>
   </trkpt>
   <trkpt lat="48.7111040" lon="-2.9548250">
    <ele>88.0</ele>
    <time>2026-05-21T06:34:52Z</time>
   </trkpt>
   <trkpt lat="48.7110620" lon="-2.9548160">
    <ele>88.0</ele>
    <time>2026-05-21T06:34:53Z</time>
   </trkpt>
   <trkpt lat="48.7110140" lon="-2.9548050">
    <ele>88.0</ele>
    <time>2026-05-21T06:34:54Z</time>
   </trkpt>
   <trkpt lat="48.7109680" lon="-2.9547990">
    <ele>88.0</ele>
    <time>2026-05-21T06:34:55Z</time>
   </trkpt>
   <trkpt lat="48.7109210" lon="-2.9547920">
    <ele>88.0</ele>
    <time>2026-05-21T06:34:56Z</time>
   </trkpt>
   <trkpt lat="48.7108740" lon="-2.9547790">
    <ele>88.0</ele>
    <time>2026-05-21T06:34:57Z</time>
   </trkpt>
   <trkpt lat="48.7108250" lon="-2.9547660">
    <ele>88.0</ele>
    <time>2026-05-21T06:34:58Z</time>
   </trkpt>
   <trkpt lat="48.7107760" lon="-2.9547570">
    <ele>88.0</ele>
    <time>2026-05-21T06:34:59Z</time>
   </trkpt>
   <trkpt lat="48.7107290" lon="-2.9547590">
    <ele>88.0</ele>
    <time>2026-05-21T06:35:00Z</time>
   </trkpt>
   <trkpt lat="48.7106810" lon="-2.9547540">
    <ele>88.1</ele>
    <time>2026-05-21T06:35:01Z</time>
   </trkpt>
   <trkpt lat="48.7106330" lon="-2.9547450">
    <ele>88.1</ele>
    <time>2026-05-21T06:35:02Z</time>
   </trkpt>
   <trkpt lat="48.7105870" lon="-2.9547310">
    <ele>88.1</ele>
    <time>2026-05-21T06:35:03Z</time>
   </trkpt>
   <trkpt lat="48.7105380" lon="-2.9547200">
    <ele>88.2</ele>
    <time>2026-05-21T06:35:04Z</time>
   </trkpt>
   <trkpt lat="48.7104880" lon="-2.9547110">
    <ele>88.2</ele>
    <time>2026-05-21T06:35:05Z</time>
   </trkpt>
   <trkpt lat="48.7104410" lon="-2.9546990">
    <ele>88.3</ele>
    <time>2026-05-21T06:35:06Z</time>
   </trkpt>
   <trkpt lat="48.7103920" lon="-2.9546780">
    <ele>88.4</ele>
    <time>2026-05-21T06:35:07Z</time>
   </trkpt>
   <trkpt lat="48.7103450" lon="-2.9546660">
    <ele>88.5</ele>
    <time>2026-05-21T06:35:08Z</time>
   </trkpt>
   <trkpt lat="48.7102970" lon="-2.9546520">
    <ele>88.6</ele>
    <time>2026-05-21T06:35:09Z</time>
   </trkpt>
   <trkpt lat="48.7102470" lon="-2.9546430">
    <ele>88.7</ele>
    <time>2026-05-21T06:35:10Z</time>
   </trkpt>
   <trkpt lat="48.7101980" lon="-2.9546270">
    <ele>88.8</ele>
    <time>2026-05-21T06:35:11Z</time>
   </trkpt>
   <trkpt lat="48.7101490" lon="-2.9546110">
    <ele>89.0</ele>
    <time>2026-05-21T06:35:12Z</time>
   </trkpt>
   <trkpt lat="48.7101010" lon="-2.9545920">
    <ele>89.2</ele>
    <time>2026-05-21T06:35:13Z</time>
   </trkpt>
   <trkpt lat="48.7100510" lon="-2.9545760">
    <ele>89.4</ele>
    <time>2026-05-21T06:35:14Z</time>
   </trkpt>
   <trkpt lat="48.7100050" lon="-2.9545580">
    <ele>89.6</ele>
    <time>2026-05-21T06:35:15Z</time>
   </trkpt>
   <trkpt lat="48.7099580" lon="-2.9545410">
    <ele>89.8</ele>
    <time>2026-05-21T06:35:16Z</time>
   </trkpt>
   <trkpt lat="48.7099150" lon="-2.9545280">
    <ele>90.0</ele>
    <time>2026-05-21T06:35:17Z</time>
   </trkpt>
   <trkpt lat="48.7098700" lon="-2.9545090">
    <ele>90.3</ele>
    <time>2026-05-21T06:35:18Z</time>
   </trkpt>
   <trkpt lat="48.7098320" lon="-2.9544930">
    <ele>90.5</ele>
    <time>2026-05-21T06:35:19Z</time>
   </trkpt>
   <trkpt lat="48.7097930" lon="-2.9544800">
    <ele>90.7</ele>
    <time>2026-05-21T06:35:20Z</time>
   </trkpt>
   <trkpt lat="48.7097570" lon="-2.9544630">
    <ele>90.8</ele>
    <time>2026-05-21T06:35:21Z</time>
   </trkpt>
   <trkpt lat="48.7097220" lon="-2.9544480">
    <ele>91.0</ele>
    <time>2026-05-21T06:35:22Z</time>
   </trkpt>
   <trkpt lat="48.7096830" lon="-2.9544340">
    <ele>91.0</ele>
    <time>2026-05-21T06:35:23Z</time>
   </trkpt>
   <trkpt lat="48.7096480" lon="-2.9544120">
    <ele>91.1</ele>
    <time>2026-05-21T06:35:24Z</time>
   </trkpt>
   <trkpt lat="48.7096130" lon="-2.9543930">
    <ele>91.1</ele>
    <time>2026-05-21T06:35:25Z</time>
   </trkpt>
   <trkpt lat="48.7095760" lon="-2.9543760">
    <ele>91.3</ele>
    <time>2026-05-21T06:35:26Z</time>
   </trkpt>
   <trkpt lat="48.7095350" lon="-2.9543640">
    <ele>91.4</ele>
    <time>2026-05-21T06:35:27Z</time>
   </trkpt>
   <trkpt lat="48.7094930" lon="-2.9543580">
    <ele>91.5</ele>
    <time>2026-05-21T06:35:28Z</time>
   </trkpt>
   <trkpt lat="48.7094470" lon="-2.9543560">
    <ele>91.6</ele>
    <time>2026-05-21T06:35:29Z</time>
   </trkpt>
   <trkpt lat="48.7094050" lon="-2.9543540">
    <ele>91.8</ele>
    <time>2026-05-21T06:35:30Z</time>
   </trkpt>
   <trkpt lat="48.7093600" lon="-2.9543550">
    <ele>91.9</ele>
    <time>2026-05-21T06:35:31Z</time>
   </trkpt>
   <trkpt lat="48.7093160" lon="-2.9543540">
    <ele>92.0</ele>
    <time>2026-05-21T06:35:32Z</time>
   </trkpt>
   <trkpt lat="48.7092720" lon="-2.9543520">
    <ele>92.1</ele>
    <time>2026-05-21T06:35:33Z</time>
   </trkpt>
   <trkpt lat="48.7092280" lon="-2.9543490">
    <ele>92.3</ele>
    <time>2026-05-21T06:35:34Z</time>
   </trkpt>
   <trkpt lat="48.7091870" lon="-2.9543530">
    <ele>92.4</ele>
    <time>2026-05-21T06:35:35Z</time>
   </trkpt>
   <trkpt lat="48.7091460" lon="-2.9543550">
    <ele>92.5</ele>
    <time>2026-05-21T06:35:36Z</time>
   </trkpt>
   <trkpt lat="48.7091060" lon="-2.9543540">
    <ele>92.6</ele>
    <time>2026-05-21T06:35:37Z</time>
   </trkpt>
   <trkpt lat="48.7090650" lon="-2.9543550">
    <ele>92.7</ele>
    <time>2026-05-21T06:35:38Z</time>
   </trkpt>
   <trkpt lat="48.7090230" lon="-2.9543570">
    <ele>92.8</ele>
    <time>2026-05-21T06:35:39Z</time>
   </trkpt>
   <trkpt lat="48.7089780" lon="-2.9543580">
    <ele>92.9</ele>
    <time>2026-05-21T06:35:40Z</time>
   </trkpt>
   <trkpt lat="48.7089360" lon="-2.9543610">
    <ele>93.0</ele>
    <time>2026-05-21T06:35:41Z</time>
   </trkpt>
   <trkpt lat="48.7088920" lon="-2.9543640">
    <ele>93.1</ele>
    <time>2026-05-21T06:35:42Z</time>
   </trkpt>
   <trkpt lat="48.7088500" lon="-2.9543680">
    <ele>93.2</ele>
    <time>2026-05-21T06:35:43Z</time>
   </trkpt>
   <trkpt lat="48.7088060" lon="-2.9543740">
    <ele>93.3</ele>
    <time>2026-05-21T06:35:44Z</time>
   </trkpt>
   <trkpt lat="48.7087620" lon="-2.9543830">
    <ele>93.4</ele>
    <time>2026-05-21T06:35:45Z</time>
   </trkpt>
   <trkpt lat="48.7087160" lon="-2.9543870">
    <ele>93.5</ele>
    <time>2026-05-21T06:35:46Z</time>
   </trkpt>
   <trkpt lat="48.7086710" lon="-2.9543910">
    <ele>93.6</ele>
    <time>2026-05-21T06:35:47Z</time>
   </trkpt>
   <trkpt lat="48.7086260" lon="-2.9543950">
    <ele>93.7</ele>
    <time>2026-05-21T06:35:48Z</time>
   </trkpt>
   <trkpt lat="48.7085830" lon="-2.9544060">
    <ele>93.8</ele>
    <time>2026-05-21T06:35:49Z</time>
   </trkpt>
   <trkpt lat="48.7085380" lon="-2.9544120">
    <ele>93.8</ele>
    <time>2026-05-21T06:35:50Z</time>
   </trkpt>
   <trkpt lat="48.7084950" lon="-2.9544190">
    <ele>93.9</ele>
    <time>2026-05-21T06:35:51Z</time>
   </trkpt>
   <trkpt lat="48.7084540" lon="-2.9544230">
    <ele>94.0</ele>
    <time>2026-05-21T06:35:52Z</time>
   </trkpt>
   <trkpt lat="48.7084110" lon="-2.9544320">
    <ele>94.1</ele>
    <time>2026-05-21T06:35:53Z</time>
   </trkpt>
   <trkpt lat="48.7083700" lon="-2.9544330">
    <ele>94.1</ele>
    <time>2026-05-21T06:35:54Z</time>
   </trkpt>
   <trkpt lat="48.7083290" lon="-2.9544350">
    <ele>94.2</ele>
    <time>2026-05-21T06:35:55Z</time>
   </trkpt>
   <trkpt lat="48.7082860" lon="-2.9544460">
    <ele>94.3</ele>
    <time>2026-05-21T06:35:56Z</time>
   </trkpt>
   <trkpt lat="48.7082440" lon="-2.9544500">
    <ele>94.4</ele>
    <time>2026-05-21T06:35:57Z</time>
   </trkpt>
   <trkpt lat="48.7081990" lon="-2.9544560">
    <ele>94.4</ele>
    <time>2026-05-21T06:35:58Z</time>
   </trkpt>
   <trkpt lat="48.7081530" lon="-2.9544640">
    <ele>94.5</ele>
    <time>2026-05-21T06:35:59Z</time>
   </trkpt>
   <trkpt lat="48.7081090" lon="-2.9544690">
    <ele>94.6</ele>
    <time>2026-05-21T06:36:00Z</time>
   </trkpt>
   <trkpt lat="48.7080640" lon="-2.9544700">
    <ele>94.7</ele>
    <time>2026-05-21T06:36:01Z</time>
   </trkpt>
   <trkpt lat="48.7080190" lon="-2.9544730">
    <ele>94.7</ele>
    <time>2026-05-21T06:36:02Z</time>
   </trkpt>
   <trkpt lat="48.7079720" lon="-2.9544750">
    <ele>94.8</ele>
    <time>2026-05-21T06:36:03Z</time>
   </trkpt>
   <trkpt lat="48.7079230" lon="-2.9544760">
    <ele>94.8</ele>
    <time>2026-05-21T06:36:04Z</time>
   </trkpt>
   <trkpt lat="48.7078730" lon="-2.9544770">
    <ele>94.9</ele>
    <time>2026-05-21T06:36:05Z</time>
   </trkpt>
   <trkpt lat="48.7078180" lon="-2.9544830">
    <ele>94.9</ele>
    <time>2026-05-21T06:36:06Z</time>
   </trkpt>
   <trkpt lat="48.7077680" lon="-2.9544780">
    <ele>94.9</ele>
    <time>2026-05-21T06:36:07Z</time>
   </trkpt>
   <trkpt lat="48.7077180" lon="-2.9544770">
    <ele>95.0</ele>
    <time>2026-05-21T06:36:08Z</time>
   </trkpt>
   <trkpt lat="48.7076640" lon="-2.9544750">
    <ele>95.0</ele>
    <time>2026-05-21T06:36:09Z</time>
   </trkpt>
   <trkpt lat="48.7076110" lon="-2.9544750">
    <ele>95.0</ele>
    <time>2026-05-21T06:36:10Z</time>
   </trkpt>
   <trkpt lat="48.7075560" lon="-2.9544780">
    <ele>95.1</ele>
    <time>2026-05-21T06:36:11Z</time>
   </trkpt>
   <trkpt lat="48.7075030" lon="-2.9544750">
    <ele>95.1</ele>
    <time>2026-05-21T06:36:12Z</time>
   </trkpt>
   <trkpt lat="48.7074560" lon="-2.9544710">
    <ele>95.1</ele>
    <time>2026-05-21T06:36:13Z</time>
   </trkpt>
   <trkpt lat="48.7074070" lon="-2.9544680">
    <ele>95.2</ele>
    <time>2026-05-21T06:36:14Z</time>
   </trkpt>
   <trkpt lat="48.7073580" lon="-2.9544650">
    <ele>95.2</ele>
    <time>2026-05-21T06:36:15Z</time>
   </trkpt>
   <trkpt lat="48.7073120" lon="-2.9544640">
    <ele>95.3</ele>
    <time>2026-05-21T06:36:16Z</time>
   </trkpt>
   <trkpt lat="48.7072680" lon="-2.9544690">
    <ele>95.3</ele>
    <time>2026-05-21T06:36:17Z</time>
   </trkpt>
   <trkpt lat="48.7072220" lon="-2.9544700">
    <ele>95.4</ele>
    <time>2026-05-21T06:36:18Z</time>
   </trkpt>
   <trkpt lat="48.7071760" lon="-2.9544730">
    <ele>95.4</ele>
    <time>2026-05-21T06:36:19Z</time>
   </trkpt>
   <trkpt lat="48.7071290" lon="-2.9544710">
    <ele>95.5</ele>
    <time>2026-05-21T06:36:20Z</time>
   </trkpt>
   <trkpt lat="48.7070800" lon="-2.9544750">
    <ele>95.5</ele>
    <time>2026-05-21T06:36:21Z</time>
   </trkpt>
   <trkpt lat="48.7070290" lon="-2.9544820">
    <ele>95.5</ele>
    <time>2026-05-21T06:36:22Z</time>
   </trkpt>
   <trkpt lat="48.7069760" lon="-2.9544840">
    <ele>95.5</ele>
    <time>2026-05-21T06:36:23Z</time>
   </trkpt>
   <trkpt lat="48.7069220" lon="-2.9544860">
    <ele>95.5</ele>
    <time>2026-05-21T06:36:24Z</time>
   </trkpt>
   <trkpt lat="48.7068690" lon="-2.9544870">
    <ele>95.5</ele>
    <time>2026-05-21T06:36:25Z</time>
   </trkpt>
   <trkpt lat="48.7068170" lon="-2.9544850">
    <ele>95.5</ele>
    <time>2026-05-21T06:36:26Z</time>
   </trkpt>
   <trkpt lat="48.7067620" lon="-2.9544840">
    <ele>95.5</ele>
    <time>2026-05-21T06:36:27Z</time>
   </trkpt>
   <trkpt lat="48.7067070" lon="-2.9544850">
    <ele>95.5</ele>
    <time>2026-05-21T06:36:28Z</time>
   </trkpt>
   <trkpt lat="48.7066530" lon="-2.9544910">
    <ele>95.5</ele>
    <time>2026-05-21T06:36:29Z</time>
   </trkpt>
   <trkpt lat="48.7065980" lon="-2.9544940">
    <ele>95.4</ele>
    <time>2026-05-21T06:36:30Z</time>
   </trkpt>
   <trkpt lat="48.7065420" lon="-2.9544980">
    <ele>95.4</ele>
    <time>2026-05-21T06:36:31Z</time>
   </trkpt>
   <trkpt lat="48.7064860" lon="-2.9545000">
    <ele>95.4</ele>
    <time>2026-05-21T06:36:32Z</time>
   </trkpt>
   <trkpt lat="48.7064340" lon="-2.9544980">
    <ele>95.4</ele>
    <time>2026-05-21T06:36:33Z</time>
   </trkpt>
   <trkpt lat="48.7063800" lon="-2.9545030">
    <ele>95.4</ele>
    <time>2026-05-21T06:36:34Z</time>
   </trkpt>
   <trkpt lat="48.7063320" lon="-2.9545050">
    <ele>95.4</ele>
    <time>2026-05-21T06:36:35Z</time>
   </trkpt>
   <trkpt lat="48.7062840" lon="-2.9545130">
    <ele>95.4</ele>
    <time>2026-05-21T06:36:36Z</time>
   </trkpt>
   <trkpt lat="48.7062400" lon="-2.9545170">
    <ele>95.5</ele>
    <time>2026-05-21T06:36:37Z</time>
   </trkpt>
   <trkpt lat="48.7061980" lon="-2.9545250">
    <ele>95.5</ele>
    <time>2026-05-21T06:36:38Z</time>
   </trkpt>
   <trkpt lat="48.7061610" lon="-2.9545400">
    <ele>95.5</ele>
    <time>2026-05-21T06:36:39Z</time>
   </trkpt>
   <trkpt lat="48.7061330" lon="-2.9545660">
    <ele>95.5</ele>
    <time>2026-05-21T06:36:40Z</time>
   </trkpt>
   <trkpt lat="48.7061090" lon="-2.9545890">
    <ele>95.5</ele>
    <time>2026-05-21T06:36:41Z</time>
   </trkpt>
   <trkpt lat="48.7060740" lon="-2.9546020">
    <ele>95.5</ele>
    <time>2026-05-21T06:36:42Z</time>
   </trkpt>
   <trkpt lat="48.7060600" lon="-2.9546050">
    <ele>95.5</ele>
    <time>2026-05-21T06:36:43Z</time>
   </trkpt>
   <trkpt lat="48.7060170" lon="-2.9545970">
    <ele>95.4</ele>
    <time>2026-05-21T06:36:44Z</time>
   </trkpt>
   <trkpt lat="48.7059980" lon="-2.9545890">
    <ele>95.4</ele>
    <time>2026-05-21T06:36:45Z</time>
   </trkpt>
   <trkpt lat="48.7059600" lon="-2.9545470">
    <ele>95.3</ele>
    <time>2026-05-21T06:36:46Z</time>
   </trkpt>
   <trkpt lat="48.7059280" lon="-2.9544970">
    <ele>95.3</ele>
    <time>2026-05-21T06:36:47Z</time>
   </trkpt>
   <trkpt lat="48.7058920" lon="-2.9544480">
    <ele>95.2</ele>
    <time>2026-05-21T06:36:48Z</time>
   </trkpt>
   <trkpt lat="48.7058520" lon="-2.9543980">
    <ele>95.2</ele>
    <time>2026-05-21T06:36:49Z</time>
   </trkpt>
   <trkpt lat="48.7058100" lon="-2.9543420">
    <ele>95.1</ele>
    <time>2026-05-21T06:36:50Z</time>
   </trkpt>
   <trkpt lat="48.7057720" lon="-2.9542810">
    <ele>95.0</ele>
    <time>2026-05-21T06:36:51Z</time>
   </trkpt>
   <trkpt lat="48.7057260" lon="-2.9542260">
    <ele>94.9</ele>
    <time>2026-05-21T06:36:52Z</time>
   </trkpt>
   <trkpt lat="48.7056840" lon="-2.9541650">
    <ele>94.8</ele>
    <time>2026-05-21T06:36:53Z</time>
   </trkpt>
   <trkpt lat="48.7056400" lon="-2.9541090">
    <ele>94.7</ele>
    <time>2026-05-21T06:36:54Z</time>
   </trkpt>
   <trkpt lat="48.7055970" lon="-2.9540520">
    <ele>94.6</ele>
    <time>2026-05-21T06:36:55Z</time>
   </trkpt>
   <trkpt lat="48.7055540" lon="-2.9539940">
    <ele>94.6</ele>
    <time>2026-05-21T06:36:56Z</time>
   </trkpt>
   <trkpt lat="48.7055120" lon="-2.9539350">
    <ele>94.5</ele>
    <time>2026-05-21T06:36:57Z</time>
   </trkpt>
   <trkpt lat="48.7054700" lon="-2.9538770">
    <ele>94.4</ele>
    <time>2026-05-21T06:36:58Z</time>
   </trkpt>
   <trkpt lat="48.7054290" lon="-2.9538200">
    <ele>94.4</ele>
    <time>2026-05-21T06:36:59Z</time>
   </trkpt>
   <trkpt lat="48.7053840" lon="-2.9537740">
    <ele>94.3</ele>
    <time>2026-05-21T06:37:00Z</time>
   </trkpt>
   <trkpt lat="48.7053360" lon="-2.9537490">
    <ele>94.3</ele>
    <time>2026-05-21T06:37:01Z</time>
   </trkpt>
   <trkpt lat="48.7052850" lon="-2.9537500">
    <ele>94.2</ele>
    <time>2026-05-21T06:37:02Z</time>
   </trkpt>
   <trkpt lat="48.7052380" lon="-2.9537810">
    <ele>94.1</ele>
    <time>2026-05-21T06:37:03Z</time>
   </trkpt>
   <trkpt lat="48.7052040" lon="-2.9538400">
    <ele>94.0</ele>
    <time>2026-05-21T06:37:04Z</time>
   </trkpt>
   <trkpt lat="48.7051780" lon="-2.9539140">
    <ele>93.8</ele>
    <time>2026-05-21T06:37:05Z</time>
   </trkpt>
   <trkpt lat="48.7051520" lon="-2.9539920">
    <ele>93.7</ele>
    <time>2026-05-21T06:37:06Z</time>
   </trkpt>
   <trkpt lat="48.7051200" lon="-2.9540640">
    <ele>93.6</ele>
    <time>2026-05-21T06:37:07Z</time>
   </trkpt>
   <trkpt lat="48.7050880" lon="-2.9541370">
    <ele>93.5</ele>
    <time>2026-05-21T06:37:08Z</time>
   </trkpt>
   <trkpt lat="48.7050600" lon="-2.9542110">
    <ele>93.4</ele>
    <time>2026-05-21T06:37:09Z</time>
   </trkpt>
   <trkpt lat="48.7050300" lon="-2.9542860">
    <ele>93.4</ele>
    <time>2026-05-21T06:37:10Z</time>
   </trkpt>
   <trkpt lat="48.7049980" lon="-2.9543610">
    <ele>93.3</ele>
    <time>2026-05-21T06:37:11Z</time>
   </trkpt>
   <trkpt lat="48.7049670" lon="-2.9544360">
    <ele>93.2</ele>
    <time>2026-05-21T06:37:12Z</time>
   </trkpt>
   <trkpt lat="48.7049360" lon="-2.9545150">
    <ele>93.2</ele>
    <time>2026-05-21T06:37:13Z</time>
   </trkpt>
   <trkpt lat="48.7049090" lon="-2.9545990">
    <ele>93.1</ele>
    <time>2026-05-21T06:37:14Z</time>
   </trkpt>
   <trkpt lat="48.7048820" lon="-2.9546880">
    <ele>93.0</ele>
    <time>2026-05-21T06:37:15Z</time>
   </trkpt>
   <trkpt lat="48.7048580" lon="-2.9547760">
    <ele>92.9</ele>
    <time>2026-05-21T06:37:16Z</time>
   </trkpt>
   <trkpt lat="48.7048360" lon="-2.9548690">
    <ele>92.8</ele>
    <time>2026-05-21T06:37:17Z</time>
   </trkpt>
   <trkpt lat="48.7048120" lon="-2.9549590">
    <ele>92.8</ele>
    <time>2026-05-21T06:37:18Z</time>
   </trkpt>
   <trkpt lat="48.7047900" lon="-2.9550490">
    <ele>92.7</ele>
    <time>2026-05-21T06:37:19Z</time>
   </trkpt>
   <trkpt lat="48.7047620" lon="-2.9551360">
    <ele>92.6</ele>
    <time>2026-05-21T06:37:20Z</time>
   </trkpt>
   <trkpt lat="48.7047340" lon="-2.9552210">
    <ele>92.5</ele>
    <time>2026-05-21T06:37:21Z</time>
   </trkpt>
   <trkpt lat="48.7047040" lon="-2.9553040">
    <ele>92.5</ele>
    <time>2026-05-21T06:37:22Z</time>
   </trkpt>
   <trkpt lat="48.7046780" lon="-2.9553890">
    <ele>92.4</ele>
    <time>2026-05-21T06:37:23Z</time>
   </trkpt>
   <trkpt lat="48.7046410" lon="-2.9554670">
    <ele>92.4</ele>
    <time>2026-05-21T06:37:24Z</time>
   </trkpt>
   <trkpt lat="48.7046070" lon="-2.9555410">
    <ele>92.4</ele>
    <time>2026-05-21T06:37:25Z</time>
   </trkpt>
   <trkpt lat="48.7045650" lon="-2.9556110">
    <ele>92.3</ele>
    <time>2026-05-21T06:37:26Z</time>
   </trkpt>
   <trkpt lat="48.7045270" lon="-2.9556850">
    <ele>92.3</ele>
    <time>2026-05-21T06:37:27Z</time>
   </trkpt>
   <trkpt lat="48.7044940" lon="-2.9557610">
    <ele>92.3</ele>
    <time>2026-05-21T06:37:28Z</time>
   </trkpt>
   <trkpt lat="48.7044590" lon="-2.9558370">
    <ele>92.2</ele>
    <time>2026-05-21T06:37:29Z</time>
   </trkpt>
   <trkpt lat="48.7044220" lon="-2.9559140">
    <ele>92.1</ele>
    <time>2026-05-21T06:37:30Z</time>
   </trkpt>
   <trkpt lat="48.7043860" lon="-2.9559820">
    <ele>92.1</ele>
    <time>2026-05-21T06:37:31Z</time>
   </trkpt>
   <trkpt lat="48.7043520" lon="-2.9560530">
    <ele>92.0</ele>
    <time>2026-05-21T06:37:32Z</time>
   </trkpt>
   <trkpt lat="48.7043180" lon="-2.9561270">
    <ele>91.9</ele>
    <time>2026-05-21T06:37:33Z</time>
   </trkpt>
   <trkpt lat="48.7042810" lon="-2.9561990">
    <ele>91.8</ele>
    <time>2026-05-21T06:37:34Z</time>
   </trkpt>
   <trkpt lat="48.7042410" lon="-2.9562720">
    <ele>91.8</ele>
    <time>2026-05-21T06:37:35Z</time>
   </trkpt>
   <trkpt lat="48.7042060" lon="-2.9563550">
    <ele>91.6</ele>
    <time>2026-05-21T06:37:36Z</time>
   </trkpt>
   <trkpt lat="48.7041690" lon="-2.9564400">
    <ele>91.5</ele>
    <time>2026-05-21T06:37:37Z</time>
   </trkpt>
   <trkpt lat="48.7041330" lon="-2.9565230">
    <ele>91.5</ele>
    <time>2026-05-21T06:37:38Z</time>
   </trkpt>
   <trkpt lat="48.7040950" lon="-2.9566010">
    <ele>91.4</ele>
    <time>2026-05-21T06:37:39Z</time>
   </trkpt>
   <trkpt lat="48.7040560" lon="-2.9566750">
    <ele>91.4</ele>
    <time>2026-05-21T06:37:40Z</time>
   </trkpt>
   <trkpt lat="48.7040180" lon="-2.9567530">
    <ele>91.3</ele>
    <time>2026-05-21T06:37:41Z</time>
   </trkpt>
   <trkpt lat="48.7039780" lon="-2.9568320">
    <ele>91.3</ele>
    <time>2026-05-21T06:37:42Z</time>
   </trkpt>
   <trkpt lat="48.7039360" lon="-2.9569140">
    <ele>91.2</ele>
    <time>2026-05-21T06:37:43Z</time>
   </trkpt>
   <trkpt lat="48.7038950" lon="-2.9569920">
    <ele>91.1</ele>
    <time>2026-05-21T06:37:44Z</time>
   </trkpt>
   <trkpt lat="48.7038550" lon="-2.9570680">
    <ele>91.0</ele>
    <time>2026-05-21T06:37:45Z</time>
   </trkpt>
   <trkpt lat="48.7038130" lon="-2.9571480">
    <ele>90.9</ele>
    <time>2026-05-21T06:37:46Z</time>
   </trkpt>
   <trkpt lat="48.7037750" lon="-2.9572290">
    <ele>90.8</ele>
    <time>2026-05-21T06:37:47Z</time>
   </trkpt>
   <trkpt lat="48.7037350" lon="-2.9573140">
    <ele>90.7</ele>
    <time>2026-05-21T06:37:48Z</time>
   </trkpt>
   <trkpt lat="48.7036930" lon="-2.9573960">
    <ele>90.6</ele>
    <time>2026-05-21T06:37:49Z</time>
   </trkpt>
   <trkpt lat="48.7036490" lon="-2.9574730">
    <ele>90.4</ele>
    <time>2026-05-21T06:37:50Z</time>
   </trkpt>
   <trkpt lat="48.7036050" lon="-2.9575540">
    <ele>90.3</ele>
    <time>2026-05-21T06:37:51Z</time>
   </trkpt>
   <trkpt lat="48.7035590" lon="-2.9576270">
    <ele>90.1</ele>
    <time>2026-05-21T06:37:52Z</time>
   </trkpt>
   <trkpt lat="48.7035000" lon="-2.9576890">
    <ele>89.9</ele>
    <time>2026-05-21T06:37:53Z</time>
   </trkpt>
   <trkpt lat="48.7034380" lon="-2.9577450">
    <ele>89.8</ele>
    <time>2026-05-21T06:37:55Z</time>
   </trkpt>
   <trkpt lat="48.7033700" lon="-2.9578060">
    <ele>89.6</ele>
    <time>2026-05-21T06:37:56Z</time>
   </trkpt>
   <trkpt lat="48.7033100" lon="-2.9578610">
    <ele>89.5</ele>
    <time>2026-05-21T06:37:57Z</time>
   </trkpt>
   <trkpt lat="48.7032510" lon="-2.9579140">
    <ele>89.4</ele>
    <time>2026-05-21T06:37:58Z</time>
   </trkpt>
   <trkpt lat="48.7031900" lon="-2.9579570">
    <ele>89.3</ele>
    <time>2026-05-21T06:37:59Z</time>
   </trkpt>
   <trkpt lat="48.7031240" lon="-2.9579940">
    <ele>89.3</ele>
    <time>2026-05-21T06:38:00Z</time>
   </trkpt>
   <trkpt lat="48.7030540" lon="-2.9580250">
    <ele>89.2</ele>
    <time>2026-05-21T06:38:01Z</time>
   </trkpt>
   <trkpt lat="48.7029870" lon="-2.9580610">
    <ele>89.1</ele>
    <time>2026-05-21T06:38:02Z</time>
   </trkpt>
   <trkpt lat="48.7029190" lon="-2.9580980">
    <ele>89.0</ele>
    <time>2026-05-21T06:38:03Z</time>
   </trkpt>
   <trkpt lat="48.7028520" lon="-2.9581330">
    <ele>88.8</ele>
    <time>2026-05-21T06:38:04Z</time>
   </trkpt>
   <trkpt lat="48.7027850" lon="-2.9581640">
    <ele>88.6</ele>
    <time>2026-05-21T06:38:05Z</time>
   </trkpt>
   <trkpt lat="48.7027120" lon="-2.9581940">
    <ele>88.5</ele>
    <time>2026-05-21T06:38:06Z</time>
   </trkpt>
   <trkpt lat="48.7026380" lon="-2.9582210">
    <ele>88.3</ele>
    <time>2026-05-21T06:38:07Z</time>
   </trkpt>
   <trkpt lat="48.7025600" lon="-2.9582530">
    <ele>88.1</ele>
    <time>2026-05-21T06:38:08Z</time>
   </trkpt>
   <trkpt lat="48.7024890" lon="-2.9582920">
    <ele>88.0</ele>
    <time>2026-05-21T06:38:09Z</time>
   </trkpt>
   <trkpt lat="48.7024160" lon="-2.9583350">
    <ele>87.9</ele>
    <time>2026-05-21T06:38:10Z</time>
   </trkpt>
   <trkpt lat="48.7022700" lon="-2.9584330">
    <ele>87.8</ele>
    <time>2026-05-21T06:38:11Z</time>
   </trkpt>
   <trkpt lat="48.7021990" lon="-2.9584960">
    <ele>87.7</ele>
    <time>2026-05-21T06:38:12Z</time>
   </trkpt>
   <trkpt lat="48.7021310" lon="-2.9585580">
    <ele>87.6</ele>
    <time>2026-05-21T06:38:13Z</time>
   </trkpt>
   <trkpt lat="48.7020660" lon="-2.9586250">
    <ele>87.5</ele>
    <time>2026-05-21T06:38:14Z</time>
   </trkpt>
   <trkpt lat="48.7020030" lon="-2.9586990">
    <ele>87.4</ele>
    <time>2026-05-21T06:38:15Z</time>
   </trkpt>
   <trkpt lat="48.7019420" lon="-2.9587770">
    <ele>87.2</ele>
    <time>2026-05-21T06:38:16Z</time>
   </trkpt>
   <trkpt lat="48.7018830" lon="-2.9588490">
    <ele>87.1</ele>
    <time>2026-05-21T06:38:17Z</time>
   </trkpt>
   <trkpt lat="48.7018220" lon="-2.9589200">
    <ele>87.0</ele>
    <time>2026-05-21T06:38:18Z</time>
   </trkpt>
   <trkpt lat="48.7017640" lon="-2.9589980">
    <ele>86.8</ele>
    <time>2026-05-21T06:38:19Z</time>
   </trkpt>
   <trkpt lat="48.7017060" lon="-2.9590680">
    <ele>86.6</ele>
    <time>2026-05-21T06:38:20Z</time>
   </trkpt>
   <trkpt lat="48.7016480" lon="-2.9591400">
    <ele>86.4</ele>
    <time>2026-05-21T06:38:21Z</time>
   </trkpt>
   <trkpt lat="48.7015860" lon="-2.9592080">
    <ele>86.2</ele>
    <time>2026-05-21T06:38:22Z</time>
   </trkpt>
   <trkpt lat="48.7015230" lon="-2.9592740">
    <ele>85.9</ele>
    <time>2026-05-21T06:38:23Z</time>
   </trkpt>
   <trkpt lat="48.7014580" lon="-2.9593370">
    <ele>85.6</ele>
    <time>2026-05-21T06:38:24Z</time>
   </trkpt>
   <trkpt lat="48.7013900" lon="-2.9593960">
    <ele>85.3</ele>
    <time>2026-05-21T06:38:25Z</time>
   </trkpt>
   <trkpt lat="48.7013200" lon="-2.9594550">
    <ele>85.1</ele>
    <time>2026-05-21T06:38:26Z</time>
   </trkpt>
   <trkpt lat="48.7012470" lon="-2.9595080">
    <ele>84.8</ele>
    <time>2026-05-21T06:38:27Z</time>
   </trkpt>
   <trkpt lat="48.7011730" lon="-2.9595630">
    <ele>84.6</ele>
    <time>2026-05-21T06:38:28Z</time>
   </trkpt>
   <trkpt lat="48.7010960" lon="-2.9596210">
    <ele>84.3</ele>
    <time>2026-05-21T06:38:29Z</time>
   </trkpt>
   <trkpt lat="48.7010240" lon="-2.9596720">
    <ele>84.1</ele>
    <time>2026-05-21T06:38:30Z</time>
   </trkpt>
   <trkpt lat="48.7009480" lon="-2.9597190">
    <ele>83.8</ele>
    <time>2026-05-21T06:38:31Z</time>
   </trkpt>
   <trkpt lat="48.7008730" lon="-2.9597680">
    <ele>83.6</ele>
    <time>2026-05-21T06:38:32Z</time>
   </trkpt>
   <trkpt lat="48.7008000" lon="-2.9598170">
    <ele>83.3</ele>
    <time>2026-05-21T06:38:33Z</time>
   </trkpt>
   <trkpt lat="48.7007320" lon="-2.9598690">
    <ele>83.0</ele>
    <time>2026-05-21T06:38:34Z</time>
   </trkpt>
   <trkpt lat="48.7006550" lon="-2.9599320">
    <ele>82.7</ele>
    <time>2026-05-21T06:38:35Z</time>
   </trkpt>
   <trkpt lat="48.7005820" lon="-2.9600000">
    <ele>82.5</ele>
    <time>2026-05-21T06:38:36Z</time>
   </trkpt>
   <trkpt lat="48.7005110" lon="-2.9600710">
    <ele>82.3</ele>
    <time>2026-05-21T06:38:37Z</time>
   </trkpt>
   <trkpt lat="48.7004460" lon="-2.9601560">
    <ele>82.2</ele>
    <time>2026-05-21T06:38:38Z</time>
   </trkpt>
   <trkpt lat="48.7003840" lon="-2.9602500">
    <ele>82.1</ele>
    <time>2026-05-21T06:38:39Z</time>
   </trkpt>
   <trkpt lat="48.7003220" lon="-2.9603450">
    <ele>82.0</ele>
    <time>2026-05-21T06:38:40Z</time>
   </trkpt>
   <trkpt lat="48.7002720" lon="-2.9604460">
    <ele>81.9</ele>
    <time>2026-05-21T06:38:41Z</time>
   </trkpt>
   <trkpt lat="48.7002170" lon="-2.9605430">
    <ele>81.8</ele>
    <time>2026-05-21T06:38:42Z</time>
   </trkpt>
   <trkpt lat="48.7001640" lon="-2.9606390">
    <ele>81.7</ele>
    <time>2026-05-21T06:38:43Z</time>
   </trkpt>
   <trkpt lat="48.7001120" lon="-2.9607300">
    <ele>81.6</ele>
    <time>2026-05-21T06:38:44Z</time>
   </trkpt>
   <trkpt lat="48.7000550" lon="-2.9608170">
    <ele>81.6</ele>
    <time>2026-05-21T06:38:45Z</time>
   </trkpt>
   <trkpt lat="48.7000030" lon="-2.9609090">
    <ele>81.5</ele>
    <time>2026-05-21T06:38:46Z</time>
   </trkpt>
   <trkpt lat="48.6999530" lon="-2.9609950">
    <ele>81.5</ele>
    <time>2026-05-21T06:38:47Z</time>
   </trkpt>
   <trkpt lat="48.6999040" lon="-2.9610840">
    <ele>81.4</ele>
    <time>2026-05-21T06:38:48Z</time>
   </trkpt>
   <trkpt lat="48.6998510" lon="-2.9611700">
    <ele>81.3</ele>
    <time>2026-05-21T06:38:49Z</time>
   </trkpt>
   <trkpt lat="48.6997980" lon="-2.9612600">
    <ele>81.2</ele>
    <time>2026-05-21T06:38:50Z</time>
   </trkpt>
   <trkpt lat="48.6997430" lon="-2.9613480">
    <ele>81.2</ele>
    <time>2026-05-21T06:38:51Z</time>
   </trkpt>
   <trkpt lat="48.6996900" lon="-2.9614410">
    <ele>81.2</ele>
    <time>2026-05-21T06:38:52Z</time>
   </trkpt>
   <trkpt lat="48.6996360" lon="-2.9615310">
    <ele>81.2</ele>
    <time>2026-05-21T06:38:53Z</time>
   </trkpt>
   <trkpt lat="48.6995820" lon="-2.9616210">
    <ele>81.2</ele>
    <time>2026-05-21T06:38:54Z</time>
   </trkpt>
   <trkpt lat="48.6995340" lon="-2.9617150">
    <ele>81.2</ele>
    <time>2026-05-21T06:38:55Z</time>
   </trkpt>
   <trkpt lat="48.6994920" lon="-2.9618140">
    <ele>81.3</ele>
    <time>2026-05-21T06:38:56Z</time>
   </trkpt>
   <trkpt lat="48.6994540" lon="-2.9619160">
    <ele>81.3</ele>
    <time>2026-05-21T06:38:57Z</time>
   </trkpt>
   <trkpt lat="48.6994270" lon="-2.9620190">
    <ele>81.4</ele>
    <time>2026-05-21T06:38:58Z</time>
   </trkpt>
   <trkpt lat="48.6994030" lon="-2.9621230">
    <ele>81.4</ele>
    <time>2026-05-21T06:38:59Z</time>
   </trkpt>
   <trkpt lat="48.6993800" lon="-2.9622220">
    <ele>81.5</ele>
    <time>2026-05-21T06:39:00Z</time>
   </trkpt>
   <trkpt lat="48.6993560" lon="-2.9623250">
    <ele>81.5</ele>
    <time>2026-05-21T06:39:01Z</time>
   </trkpt>
   <trkpt lat="48.6993350" lon="-2.9624340">
    <ele>81.5</ele>
    <time>2026-05-21T06:39:02Z</time>
   </trkpt>
   <trkpt lat="48.6993110" lon="-2.9625550">
    <ele>81.4</ele>
    <time>2026-05-21T06:39:03Z</time>
   </trkpt>
   <trkpt lat="48.6992890" lon="-2.9626690">
    <ele>81.3</ele>
    <time>2026-05-21T06:39:04Z</time>
   </trkpt>
   <trkpt lat="48.6992620" lon="-2.9627840">
    <ele>81.2</ele>
    <time>2026-05-21T06:39:05Z</time>
   </trkpt>
   <trkpt lat="48.6992340" lon="-2.9629020">
    <ele>81.1</ele>
    <time>2026-05-21T06:39:06Z</time>
   </trkpt>
   <trkpt lat="48.6992040" lon="-2.9630180">
    <ele>81.0</ele>
    <time>2026-05-21T06:39:07Z</time>
   </trkpt>
   <trkpt lat="48.6991770" lon="-2.9631350">
    <ele>81.0</ele>
    <time>2026-05-21T06:39:08Z</time>
   </trkpt>
   <trkpt lat="48.6991510" lon="-2.9632510">
    <ele>80.9</ele>
    <time>2026-05-21T06:39:09Z</time>
   </trkpt>
   <trkpt lat="48.6991270" lon="-2.9633720">
    <ele>80.9</ele>
    <time>2026-05-21T06:39:10Z</time>
   </trkpt>
   <trkpt lat="48.6990980" lon="-2.9634870">
    <ele>80.8</ele>
    <time>2026-05-21T06:39:11Z</time>
   </trkpt>
   <trkpt lat="48.6990720" lon="-2.9636010">
    <ele>80.8</ele>
    <time>2026-05-21T06:39:12Z</time>
   </trkpt>
   <trkpt lat="48.6990480" lon="-2.9637170">
    <ele>80.8</ele>
    <time>2026-05-21T06:39:13Z</time>
   </trkpt>
   <trkpt lat="48.6990240" lon="-2.9638330">
    <ele>80.7</ele>
    <time>2026-05-21T06:39:14Z</time>
   </trkpt>
   <trkpt lat="48.6989950" lon="-2.9639430">
    <ele>80.7</ele>
    <time>2026-05-21T06:39:15Z</time>
   </trkpt>
   <trkpt lat="48.6989570" lon="-2.9640560">
    <ele>80.6</ele>
    <time>2026-05-21T06:39:16Z</time>
   </trkpt>
   <trkpt lat="48.6989100" lon="-2.9641610">
    <ele>80.5</ele>
    <time>2026-05-21T06:39:17Z</time>
   </trkpt>
   <trkpt lat="48.6988590" lon="-2.9642560">
    <ele>80.4</ele>
    <time>2026-05-21T06:39:18Z</time>
   </trkpt>
   <trkpt lat="48.6988020" lon="-2.9643420">
    <ele>80.3</ele>
    <time>2026-05-21T06:39:19Z</time>
   </trkpt>
   <trkpt lat="48.6987430" lon="-2.9644220">
    <ele>80.1</ele>
    <time>2026-05-21T06:39:20Z</time>
   </trkpt>
   <trkpt lat="48.6986780" lon="-2.9644950">
    <ele>80.0</ele>
    <time>2026-05-21T06:39:21Z</time>
   </trkpt>
   <trkpt lat="48.6986140" lon="-2.9645610">
    <ele>79.9</ele>
    <time>2026-05-21T06:39:22Z</time>
   </trkpt>
   <trkpt lat="48.6985470" lon="-2.9646210">
    <ele>79.7</ele>
    <time>2026-05-21T06:39:23Z</time>
   </trkpt>
   <trkpt lat="48.6984790" lon="-2.9646850">
    <ele>79.6</ele>
    <time>2026-05-21T06:39:24Z</time>
   </trkpt>
   <trkpt lat="48.6984140" lon="-2.9647400">
    <ele>79.6</ele>
    <time>2026-05-21T06:39:25Z</time>
   </trkpt>
   <trkpt lat="48.6983510" lon="-2.9648040">
    <ele>79.5</ele>
    <time>2026-05-21T06:39:26Z</time>
   </trkpt>
   <trkpt lat="48.6982980" lon="-2.9648750">
    <ele>79.4</ele>
    <time>2026-05-21T06:39:27Z</time>
   </trkpt>
   <trkpt lat="48.6982530" lon="-2.9649400">
    <ele>79.4</ele>
    <time>2026-05-21T06:39:28Z</time>
   </trkpt>
   <trkpt lat="48.6982170" lon="-2.9649870">
    <ele>79.4</ele>
    <time>2026-05-21T06:39:29Z</time>
   </trkpt>
   <trkpt lat="48.6981690" lon="-2.9650120">
    <ele>79.4</ele>
    <time>2026-05-21T06:39:30Z</time>
   </trkpt>
   <trkpt lat="48.6981090" lon="-2.9650120">
    <ele>79.2</ele>
    <time>2026-05-21T06:39:31Z</time>
   </trkpt>
   <trkpt lat="48.6980510" lon="-2.9649820">
    <ele>79.0</ele>
    <time>2026-05-21T06:39:32Z</time>
   </trkpt>
   <trkpt lat="48.6979960" lon="-2.9649410">
    <ele>78.8</ele>
    <time>2026-05-21T06:39:33Z</time>
   </trkpt>
   <trkpt lat="48.6979380" lon="-2.9648840">
    <ele>78.5</ele>
    <time>2026-05-21T06:39:34Z</time>
   </trkpt>
   <trkpt lat="48.6978780" lon="-2.9648190">
    <ele>78.2</ele>
    <time>2026-05-21T06:39:35Z</time>
   </trkpt>
   <trkpt lat="48.6978150" lon="-2.9647540">
    <ele>77.9</ele>
    <time>2026-05-21T06:39:36Z</time>
   </trkpt>
   <trkpt lat="48.6977450" lon="-2.9647040">
    <ele>77.6</ele>
    <time>2026-05-21T06:39:37Z</time>
   </trkpt>
   <trkpt lat="48.6976790" lon="-2.9646410">
    <ele>77.4</ele>
    <time>2026-05-21T06:39:38Z</time>
   </trkpt>
   <trkpt lat="48.6976090" lon="-2.9645860">
    <ele>77.1</ele>
    <time>2026-05-21T06:39:39Z</time>
   </trkpt>
   <trkpt lat="48.6975360" lon="-2.9645340">
    <ele>76.9</ele>
    <time>2026-05-21T06:39:40Z</time>
   </trkpt>
   <trkpt lat="48.6974630" lon="-2.9644730">
    <ele>76.7</ele>
    <time>2026-05-21T06:39:41Z</time>
   </trkpt>
   <trkpt lat="48.6973910" lon="-2.9644100">
    <ele>76.5</ele>
    <time>2026-05-21T06:39:42Z</time>
   </trkpt>
   <trkpt lat="48.6973160" lon="-2.9643500">
    <ele>76.4</ele>
    <time>2026-05-21T06:39:43Z</time>
   </trkpt>
   <trkpt lat="48.6972420" lon="-2.9642920">
    <ele>76.3</ele>
    <time>2026-05-21T06:39:44Z</time>
   </trkpt>
   <trkpt lat="48.6971710" lon="-2.9642300">
    <ele>76.1</ele>
    <time>2026-05-21T06:39:45Z</time>
   </trkpt>
   <trkpt lat="48.6970990" lon="-2.9641730">
    <ele>76.0</ele>
    <time>2026-05-21T06:39:46Z</time>
   </trkpt>
   <trkpt lat="48.6970270" lon="-2.9641150">
    <ele>75.9</ele>
    <time>2026-05-21T06:39:47Z</time>
   </trkpt>
   <trkpt lat="48.6969560" lon="-2.9640540">
    <ele>75.7</ele>
    <time>2026-05-21T06:39:48Z</time>
   </trkpt>
   <trkpt lat="48.6968810" lon="-2.9639980">
    <ele>75.6</ele>
    <time>2026-05-21T06:39:49Z</time>
   </trkpt>
   <trkpt lat="48.6968070" lon="-2.9639420">
    <ele>75.4</ele>
    <time>2026-05-21T06:39:50Z</time>
   </trkpt>
   <trkpt lat="48.6967320" lon="-2.9638840">
    <ele>75.2</ele>
    <time>2026-05-21T06:39:51Z</time>
   </trkpt>
   <trkpt lat="48.6966570" lon="-2.9638210">
    <ele>75.1</ele>
    <time>2026-05-21T06:39:52Z</time>
   </trkpt>
   <trkpt lat="48.6965860" lon="-2.9637550">
    <ele>74.9</ele>
    <time>2026-05-21T06:39:53Z</time>
   </trkpt>
   <trkpt lat="48.6965160" lon="-2.9636890">
    <ele>74.8</ele>
    <time>2026-05-21T06:39:54Z</time>
   </trkpt>
   <trkpt lat="48.6964480" lon="-2.9636150">
    <ele>74.6</ele>
    <time>2026-05-21T06:39:55Z</time>
   </trkpt>
   <trkpt lat="48.6963810" lon="-2.9635430">
    <ele>74.5</ele>
    <time>2026-05-21T06:39:56Z</time>
   </trkpt>
   <trkpt lat="48.6963170" lon="-2.9634630">
    <ele>74.3</ele>
    <time>2026-05-21T06:39:57Z</time>
   </trkpt>
   <trkpt lat="48.6962570" lon="-2.9633780">
    <ele>74.2</ele>
    <time>2026-05-21T06:39:58Z</time>
   </trkpt>
   <trkpt lat="48.6961990" lon="-2.9632950">
    <ele>74.0</ele>
    <time>2026-05-21T06:39:59Z</time>
   </trkpt>
   <trkpt lat="48.6961410" lon="-2.9632170">
    <ele>73.9</ele>
    <time>2026-05-21T06:40:01Z</time>
   </trkpt>
   <trkpt lat="48.6960790" lon="-2.9631510">
    <ele>73.8</ele>
    <time>2026-05-21T06:40:02Z</time>
   </trkpt>
   <trkpt lat="48.6960080" lon="-2.9630950">
    <ele>73.7</ele>
    <time>2026-05-21T06:40:03Z</time>
   </trkpt>
   <trkpt lat="48.6959410" lon="-2.9630420">
    <ele>73.7</ele>
    <time>2026-05-21T06:40:04Z</time>
   </trkpt>
   <trkpt lat="48.6958720" lon="-2.9630020">
    <ele>73.6</ele>
    <time>2026-05-21T06:40:05Z</time>
   </trkpt>
   <trkpt lat="48.6958040" lon="-2.9629600">
    <ele>73.6</ele>
    <time>2026-05-21T06:40:06Z</time>
   </trkpt>
   <trkpt lat="48.6957340" lon="-2.9629290">
    <ele>73.5</ele>
    <time>2026-05-21T06:40:07Z</time>
   </trkpt>
   <trkpt lat="48.6956630" lon="-2.9629020">
    <ele>73.4</ele>
    <time>2026-05-21T06:40:08Z</time>
   </trkpt>
   <trkpt lat="48.6955930" lon="-2.9628680">
    <ele>73.2</ele>
    <time>2026-05-21T06:40:09Z</time>
   </trkpt>
   <trkpt lat="48.6955210" lon="-2.9628260">
    <ele>73.0</ele>
    <time>2026-05-21T06:40:10Z</time>
   </trkpt>
   <trkpt lat="48.6954460" lon="-2.9627830">
    <ele>72.8</ele>
    <time>2026-05-21T06:40:11Z</time>
   </trkpt>
   <trkpt lat="48.6953700" lon="-2.9627360">
    <ele>72.4</ele>
    <time>2026-05-21T06:40:12Z</time>
   </trkpt>
   <trkpt lat="48.6952900" lon="-2.9626830">
    <ele>72.1</ele>
    <time>2026-05-21T06:40:13Z</time>
   </trkpt>
   <trkpt lat="48.6952120" lon="-2.9626220">
    <ele>71.7</ele>
    <time>2026-05-21T06:40:14Z</time>
   </trkpt>
   <trkpt lat="48.6951320" lon="-2.9625620">
    <ele>71.4</ele>
    <time>2026-05-21T06:40:15Z</time>
   </trkpt>
   <trkpt lat="48.6950460" lon="-2.9625260">
    <ele>71.2</ele>
    <time>2026-05-21T06:40:16Z</time>
   </trkpt>
   <trkpt lat="48.6949610" lon="-2.9625090">
    <ele>71.0</ele>
    <time>2026-05-21T06:40:17Z</time>
   </trkpt>
   <trkpt lat="48.6947930" lon="-2.9625620">
    <ele>70.7</ele>
    <time>2026-05-21T06:40:18Z</time>
   </trkpt>
   <trkpt lat="48.6947150" lon="-2.9626160">
    <ele>70.6</ele>
    <time>2026-05-21T06:40:19Z</time>
   </trkpt>
   <trkpt lat="48.6946410" lon="-2.9626830">
    <ele>70.6</ele>
    <time>2026-05-21T06:40:20Z</time>
   </trkpt>
   <trkpt lat="48.6945680" lon="-2.9627530">
    <ele>70.6</ele>
    <time>2026-05-21T06:40:21Z</time>
   </trkpt>
   <trkpt lat="48.6944900" lon="-2.9628110">
    <ele>70.6</ele>
    <time>2026-05-21T06:40:22Z</time>
   </trkpt>
   <trkpt lat="48.6944110" lon="-2.9628560">
    <ele>70.6</ele>
    <time>2026-05-21T06:40:23Z</time>
   </trkpt>
   <trkpt lat="48.6943300" lon="-2.9628940">
    <ele>70.6</ele>
    <time>2026-05-21T06:40:24Z</time>
   </trkpt>
   <trkpt lat="48.6942490" lon="-2.9629270">
    <ele>70.6</ele>
    <time>2026-05-21T06:40:25Z</time>
   </trkpt>
   <trkpt lat="48.6941670" lon="-2.9629530">
    <ele>70.6</ele>
    <time>2026-05-21T06:40:26Z</time>
   </trkpt>
   <trkpt lat="48.6940830" lon="-2.9629630">
    <ele>70.5</ele>
    <time>2026-05-21T06:40:27Z</time>
   </trkpt>
   <trkpt lat="48.6940000" lon="-2.9629570">
    <ele>70.5</ele>
    <time>2026-05-21T06:40:28Z</time>
   </trkpt>
   <trkpt lat="48.6939170" lon="-2.9629410">
    <ele>70.5</ele>
    <time>2026-05-21T06:40:29Z</time>
   </trkpt>
   <trkpt lat="48.6938350" lon="-2.9629150">
    <ele>70.4</ele>
    <time>2026-05-21T06:40:30Z</time>
   </trkpt>
   <trkpt lat="48.6937550" lon="-2.9628750">
    <ele>70.4</ele>
    <time>2026-05-21T06:40:31Z</time>
   </trkpt>
   <trkpt lat="48.6936790" lon="-2.9628320">
    <ele>70.3</ele>
    <time>2026-05-21T06:40:32Z</time>
   </trkpt>
   <trkpt lat="48.6936020" lon="-2.9627970">
    <ele>70.3</ele>
    <time>2026-05-21T06:40:33Z</time>
   </trkpt>
   <trkpt lat="48.6935280" lon="-2.9627680">
    <ele>70.3</ele>
    <time>2026-05-21T06:40:34Z</time>
   </trkpt>
   <trkpt lat="48.6934540" lon="-2.9627300">
    <ele>70.3</ele>
    <time>2026-05-21T06:40:35Z</time>
   </trkpt>
   <trkpt lat="48.6933780" lon="-2.9626920">
    <ele>70.4</ele>
    <time>2026-05-21T06:40:36Z</time>
   </trkpt>
   <trkpt lat="48.6933050" lon="-2.9626520">
    <ele>70.4</ele>
    <time>2026-05-21T06:40:37Z</time>
   </trkpt>
   <trkpt lat="48.6932330" lon="-2.9626070">
    <ele>70.4</ele>
    <time>2026-05-21T06:40:38Z</time>
   </trkpt>
   <trkpt lat="48.6931580" lon="-2.9625690">
    <ele>70.5</ele>
    <time>2026-05-21T06:40:39Z</time>
   </trkpt>
   <trkpt lat="48.6930830" lon="-2.9625470">
    <ele>70.5</ele>
    <time>2026-05-21T06:40:40Z</time>
   </trkpt>
   <trkpt lat="48.6930070" lon="-2.9625340">
    <ele>70.6</ele>
    <time>2026-05-21T06:40:41Z</time>
   </trkpt>
   <trkpt lat="48.6929250" lon="-2.9625280">
    <ele>70.7</ele>
    <time>2026-05-21T06:40:42Z</time>
   </trkpt>
   <trkpt lat="48.6928490" lon="-2.9625300">
    <ele>70.8</ele>
    <time>2026-05-21T06:40:43Z</time>
   </trkpt>
   <trkpt lat="48.6927740" lon="-2.9625280">
    <ele>70.9</ele>
    <time>2026-05-21T06:40:44Z</time>
   </trkpt>
   <trkpt lat="48.6926990" lon="-2.9625290">
    <ele>71.0</ele>
    <time>2026-05-21T06:40:45Z</time>
   </trkpt>
   <trkpt lat="48.6926200" lon="-2.9625370">
    <ele>71.2</ele>
    <time>2026-05-21T06:40:46Z</time>
   </trkpt>
   <trkpt lat="48.6925470" lon="-2.9625470">
    <ele>71.3</ele>
    <time>2026-05-21T06:40:47Z</time>
   </trkpt>
   <trkpt lat="48.6924760" lon="-2.9625450">
    <ele>71.3</ele>
    <time>2026-05-21T06:40:48Z</time>
   </trkpt>
   <trkpt lat="48.6924020" lon="-2.9625320">
    <ele>71.3</ele>
    <time>2026-05-21T06:40:49Z</time>
   </trkpt>
   <trkpt lat="48.6923250" lon="-2.9625150">
    <ele>71.2</ele>
    <time>2026-05-21T06:40:50Z</time>
   </trkpt>
   <trkpt lat="48.6922470" lon="-2.9624960">
    <ele>71.1</ele>
    <time>2026-05-21T06:40:51Z</time>
   </trkpt>
   <trkpt lat="48.6921700" lon="-2.9624750">
    <ele>71.0</ele>
    <time>2026-05-21T06:40:52Z</time>
   </trkpt>
   <trkpt lat="48.6920930" lon="-2.9624520">
    <ele>70.8</ele>
    <time>2026-05-21T06:40:53Z</time>
   </trkpt>
   <trkpt lat="48.6920090" lon="-2.9624450">
    <ele>70.7</ele>
    <time>2026-05-21T06:40:54Z</time>
   </trkpt>
   <trkpt lat="48.6919290" lon="-2.9624690">
    <ele>70.6</ele>
    <time>2026-05-21T06:40:55Z</time>
   </trkpt>
   <trkpt lat="48.6918530" lon="-2.9625160">
    <ele>70.6</ele>
    <time>2026-05-21T06:40:56Z</time>
   </trkpt>
   <trkpt lat="48.6917890" lon="-2.9625830">
    <ele>70.5</ele>
    <time>2026-05-21T06:40:57Z</time>
   </trkpt>
   <trkpt lat="48.6917340" lon="-2.9626700">
    <ele>70.5</ele>
    <time>2026-05-21T06:40:58Z</time>
   </trkpt>
   <trkpt lat="48.6916860" lon="-2.9627640">
    <ele>70.5</ele>
    <time>2026-05-21T06:40:59Z</time>
   </trkpt>
   <trkpt lat="48.6916320" lon="-2.9628350">
    <ele>70.5</ele>
    <time>2026-05-21T06:41:00Z</time>
   </trkpt>
   <trkpt lat="48.6915640" lon="-2.9629020">
    <ele>70.5</ele>
    <time>2026-05-21T06:41:01Z</time>
   </trkpt>
   <trkpt lat="48.6914980" lon="-2.9629550">
    <ele>70.6</ele>
    <time>2026-05-21T06:41:02Z</time>
   </trkpt>
   <trkpt lat="48.6914260" lon="-2.9629980">
    <ele>70.7</ele>
    <time>2026-05-21T06:41:03Z</time>
   </trkpt>
   <trkpt lat="48.6913530" lon="-2.9630210">
    <ele>70.8</ele>
    <time>2026-05-21T06:41:04Z</time>
   </trkpt>
   <trkpt lat="48.6912800" lon="-2.9630310">
    <ele>70.9</ele>
    <time>2026-05-21T06:41:05Z</time>
   </trkpt>
   <trkpt lat="48.6912100" lon="-2.9630460">
    <ele>71.0</ele>
    <time>2026-05-21T06:41:06Z</time>
   </trkpt>
   <trkpt lat="48.6911410" lon="-2.9630470">
    <ele>71.1</ele>
    <time>2026-05-21T06:41:07Z</time>
   </trkpt>
   <trkpt lat="48.6910730" lon="-2.9630510">
    <ele>71.2</ele>
    <time>2026-05-21T06:41:08Z</time>
   </trkpt>
   <trkpt lat="48.6910050" lon="-2.9630540">
    <ele>71.3</ele>
    <time>2026-05-21T06:41:09Z</time>
   </trkpt>
   <trkpt lat="48.6909380" lon="-2.9630590">
    <ele>71.3</ele>
    <time>2026-05-21T06:41:10Z</time>
   </trkpt>
   <trkpt lat="48.6908690" lon="-2.9630710">
    <ele>71.3</ele>
    <time>2026-05-21T06:41:11Z</time>
   </trkpt>
   <trkpt lat="48.6908000" lon="-2.9630850">
    <ele>71.3</ele>
    <time>2026-05-21T06:41:12Z</time>
   </trkpt>
   <trkpt lat="48.6907300" lon="-2.9630950">
    <ele>71.3</ele>
    <time>2026-05-21T06:41:13Z</time>
   </trkpt>
   <trkpt lat="48.6906580" lon="-2.9631040">
    <ele>71.3</ele>
    <time>2026-05-21T06:41:14Z</time>
   </trkpt>
   <trkpt lat="48.6905870" lon="-2.9631150">
    <ele>71.3</ele>
    <time>2026-05-21T06:41:15Z</time>
   </trkpt>
   <trkpt lat="48.6905170" lon="-2.9631310">
    <ele>71.3</ele>
    <time>2026-05-21T06:41:16Z</time>
   </trkpt>
   <trkpt lat="48.6904480" lon="-2.9631460">
    <ele>71.3</ele>
    <time>2026-05-21T06:41:17Z</time>
   </trkpt>
   <trkpt lat="48.6903800" lon="-2.9631610">
    <ele>71.3</ele>
    <time>2026-05-21T06:41:18Z</time>
   </trkpt>
   <trkpt lat="48.6903140" lon="-2.9631780">
    <ele>71.2</ele>
    <time>2026-05-21T06:41:19Z</time>
   </trkpt>
   <trkpt lat="48.6902470" lon="-2.9631890">
    <ele>71.1</ele>
    <time>2026-05-21T06:41:20Z</time>
   </trkpt>
   <trkpt lat="48.6901760" lon="-2.9631980">
    <ele>70.8</ele>
    <time>2026-05-21T06:41:21Z</time>
   </trkpt>
   <trkpt lat="48.6900990" lon="-2.9632060">
    <ele>70.5</ele>
    <time>2026-05-21T06:41:22Z</time>
   </trkpt>
   <trkpt lat="48.6900210" lon="-2.9632120">
    <ele>70.1</ele>
    <time>2026-05-21T06:41:23Z</time>
   </trkpt>
   <trkpt lat="48.6899380" lon="-2.9632150">
    <ele>69.7</ele>
    <time>2026-05-21T06:41:24Z</time>
   </trkpt>
   <trkpt lat="48.6898510" lon="-2.9632200">
    <ele>69.4</ele>
    <time>2026-05-21T06:41:25Z</time>
   </trkpt>
   <trkpt lat="48.6897620" lon="-2.9632210">
    <ele>69.1</ele>
    <time>2026-05-21T06:41:26Z</time>
   </trkpt>
   <trkpt lat="48.6896690" lon="-2.9632170">
    <ele>68.9</ele>
    <time>2026-05-21T06:41:27Z</time>
   </trkpt>
   <trkpt lat="48.6895830" lon="-2.9632170">
    <ele>68.7</ele>
    <time>2026-05-21T06:41:28Z</time>
   </trkpt>
   <trkpt lat="48.6894980" lon="-2.9632180">
    <ele>68.6</ele>
    <time>2026-05-21T06:41:29Z</time>
   </trkpt>
   <trkpt lat="48.6894140" lon="-2.9632250">
    <ele>68.5</ele>
    <time>2026-05-21T06:41:30Z</time>
   </trkpt>
   <trkpt lat="48.6893300" lon="-2.9632330">
    <ele>68.5</ele>
    <time>2026-05-21T06:41:31Z</time>
   </trkpt>
   <trkpt lat="48.6892450" lon="-2.9632420">
    <ele>68.4</ele>
    <time>2026-05-21T06:41:32Z</time>
   </trkpt>
   <trkpt lat="48.6891640" lon="-2.9632540">
    <ele>68.2</ele>
    <time>2026-05-21T06:41:33Z</time>
   </trkpt>
   <trkpt lat="48.6890820" lon="-2.9632640">
    <ele>68.1</ele>
    <time>2026-05-21T06:41:34Z</time>
   </trkpt>
   <trkpt lat="48.6889980" lon="-2.9632880">
    <ele>67.9</ele>
    <time>2026-05-21T06:41:35Z</time>
   </trkpt>
   <trkpt lat="48.6889150" lon="-2.9633330">
    <ele>67.8</ele>
    <time>2026-05-21T06:41:36Z</time>
   </trkpt>
   <trkpt lat="48.6888390" lon="-2.9634000">
    <ele>67.8</ele>
    <time>2026-05-21T06:41:37Z</time>
   </trkpt>
   <trkpt lat="48.6887670" lon="-2.9634690">
    <ele>67.9</ele>
    <time>2026-05-21T06:41:38Z</time>
   </trkpt>
   <trkpt lat="48.6887050" lon="-2.9635510">
    <ele>68.0</ele>
    <time>2026-05-21T06:41:39Z</time>
   </trkpt>
   <trkpt lat="48.6886450" lon="-2.9636300">
    <ele>68.1</ele>
    <time>2026-05-21T06:41:40Z</time>
   </trkpt>
   <trkpt lat="48.6885860" lon="-2.9637050">
    <ele>68.2</ele>
    <time>2026-05-21T06:41:41Z</time>
   </trkpt>
   <trkpt lat="48.6885210" lon="-2.9637670">
    <ele>68.3</ele>
    <time>2026-05-21T06:41:42Z</time>
   </trkpt>
   <trkpt lat="48.6884530" lon="-2.9638250">
    <ele>68.4</ele>
    <time>2026-05-21T06:41:43Z</time>
   </trkpt>
   <trkpt lat="48.6883810" lon="-2.9638790">
    <ele>68.5</ele>
    <time>2026-05-21T06:41:44Z</time>
   </trkpt>
   <trkpt lat="48.6883090" lon="-2.9639180">
    <ele>68.5</ele>
    <time>2026-05-21T06:41:45Z</time>
   </trkpt>
   <trkpt lat="48.6882340" lon="-2.9639490">
    <ele>68.6</ele>
    <time>2026-05-21T06:41:46Z</time>
   </trkpt>
   <trkpt lat="48.6881580" lon="-2.9639630">
    <ele>68.8</ele>
    <time>2026-05-21T06:41:47Z</time>
   </trkpt>
   <trkpt lat="48.6880820" lon="-2.9639640">
    <ele>68.9</ele>
    <time>2026-05-21T06:41:48Z</time>
   </trkpt>
   <trkpt lat="48.6880060" lon="-2.9639590">
    <ele>69.1</ele>
    <time>2026-05-21T06:41:49Z</time>
   </trkpt>
   <trkpt lat="48.6879320" lon="-2.9639570">
    <ele>69.3</ele>
    <time>2026-05-21T06:41:50Z</time>
   </trkpt>
   <trkpt lat="48.6878570" lon="-2.9639460">
    <ele>69.4</ele>
    <time>2026-05-21T06:41:51Z</time>
   </trkpt>
   <trkpt lat="48.6877850" lon="-2.9639380">
    <ele>69.6</ele>
    <time>2026-05-21T06:41:52Z</time>
   </trkpt>
   <trkpt lat="48.6877140" lon="-2.9639310">
    <ele>69.8</ele>
    <time>2026-05-21T06:41:53Z</time>
   </trkpt>
   <trkpt lat="48.6876450" lon="-2.9639240">
    <ele>69.9</ele>
    <time>2026-05-21T06:41:54Z</time>
   </trkpt>
   <trkpt lat="48.6875780" lon="-2.9639150">
    <ele>70.1</ele>
    <time>2026-05-21T06:41:55Z</time>
   </trkpt>
   <trkpt lat="48.6875120" lon="-2.9639070">
    <ele>70.2</ele>
    <time>2026-05-21T06:41:56Z</time>
   </trkpt>
   <trkpt lat="48.6874460" lon="-2.9639030">
    <ele>70.4</ele>
    <time>2026-05-21T06:41:57Z</time>
   </trkpt>
   <trkpt lat="48.6873820" lon="-2.9638970">
    <ele>70.5</ele>
    <time>2026-05-21T06:41:58Z</time>
   </trkpt>
   <trkpt lat="48.6873170" lon="-2.9638880">
    <ele>70.6</ele>
    <time>2026-05-21T06:41:59Z</time>
   </trkpt>
   <trkpt lat="48.6872520" lon="-2.9638810">
    <ele>70.7</ele>
    <time>2026-05-21T06:42:00Z</time>
   </trkpt>
   <trkpt lat="48.6871870" lon="-2.9638780">
    <ele>70.9</ele>
    <time>2026-05-21T06:42:01Z</time>
   </trkpt>
   <trkpt lat="48.6871230" lon="-2.9638750">
    <ele>71.0</ele>
    <time>2026-05-21T06:42:02Z</time>
   </trkpt>
   <trkpt lat="48.6870580" lon="-2.9638660">
    <ele>71.1</ele>
    <time>2026-05-21T06:42:03Z</time>
   </trkpt>
   <trkpt lat="48.6869950" lon="-2.9638590">
    <ele>71.3</ele>
    <time>2026-05-21T06:42:04Z</time>
   </trkpt>
   <trkpt lat="48.6869310" lon="-2.9638580">
    <ele>71.4</ele>
    <time>2026-05-21T06:42:05Z</time>
   </trkpt>
   <trkpt lat="48.6868680" lon="-2.9638530">
    <ele>71.5</ele>
    <time>2026-05-21T06:42:07Z</time>
   </trkpt>
   <trkpt lat="48.6868040" lon="-2.9638480">
    <ele>71.7</ele>
    <time>2026-05-21T06:42:08Z</time>
   </trkpt>
   <trkpt lat="48.6867410" lon="-2.9638430">
    <ele>71.8</ele>
    <time>2026-05-21T06:42:09Z</time>
   </trkpt>
   <trkpt lat="48.6866790" lon="-2.9638370">
    <ele>72.0</ele>
    <time>2026-05-21T06:42:10Z</time>
   </trkpt>
   <trkpt lat="48.6866170" lon="-2.9638300">
    <ele>72.1</ele>
    <time>2026-05-21T06:42:11Z</time>
   </trkpt>
   <trkpt lat="48.6865540" lon="-2.9638190">
    <ele>72.2</ele>
    <time>2026-05-21T06:42:12Z</time>
   </trkpt>
   <trkpt lat="48.6864910" lon="-2.9638150">
    <ele>72.4</ele>
    <time>2026-05-21T06:42:13Z</time>
   </trkpt>
   <trkpt lat="48.6864290" lon="-2.9638070">
    <ele>72.5</ele>
    <time>2026-05-21T06:42:14Z</time>
   </trkpt>
   <trkpt lat="48.6863670" lon="-2.9637970">
    <ele>72.7</ele>
    <time>2026-05-21T06:42:15Z</time>
   </trkpt>
   <trkpt lat="48.6863070" lon="-2.9637870">
    <ele>72.9</ele>
    <time>2026-05-21T06:42:16Z</time>
   </trkpt>
   <trkpt lat="48.6862490" lon="-2.9637750">
    <ele>73.0</ele>
    <time>2026-05-21T06:42:17Z</time>
   </trkpt>
   <trkpt lat="48.6861930" lon="-2.9637630">
    <ele>73.2</ele>
    <time>2026-05-21T06:42:18Z</time>
   </trkpt>
   <trkpt lat="48.6861340" lon="-2.9637580">
    <ele>73.3</ele>
    <time>2026-05-21T06:42:19Z</time>
   </trkpt>
   <trkpt lat="48.6860180" lon="-2.9637600">
    <ele>73.6</ele>
    <time>2026-05-21T06:42:20Z</time>
   </trkpt>
   <trkpt lat="48.6859610" lon="-2.9637690">
    <ele>73.8</ele>
    <time>2026-05-21T06:42:21Z</time>
   </trkpt>
   <trkpt lat="48.6859030" lon="-2.9637820">
    <ele>73.9</ele>
    <time>2026-05-21T06:42:22Z</time>
   </trkpt>
   <trkpt lat="48.6858460" lon="-2.9637980">
    <ele>74.0</ele>
    <time>2026-05-21T06:42:23Z</time>
   </trkpt>
   <trkpt lat="48.6857860" lon="-2.9638160">
    <ele>74.1</ele>
    <time>2026-05-21T06:42:24Z</time>
   </trkpt>
   <trkpt lat="48.6857280" lon="-2.9638420">
    <ele>74.2</ele>
    <time>2026-05-21T06:42:25Z</time>
   </trkpt>
   <trkpt lat="48.6856700" lon="-2.9638760">
    <ele>74.4</ele>
    <time>2026-05-21T06:42:26Z</time>
   </trkpt>
   <trkpt lat="48.6856120" lon="-2.9639070">
    <ele>74.5</ele>
    <time>2026-05-21T06:42:27Z</time>
   </trkpt>
   <trkpt lat="48.6855560" lon="-2.9639370">
    <ele>74.6</ele>
    <time>2026-05-21T06:42:28Z</time>
   </trkpt>
   <trkpt lat="48.6854960" lon="-2.9639650">
    <ele>74.8</ele>
    <time>2026-05-21T06:42:29Z</time>
   </trkpt>
   <trkpt lat="48.6854350" lon="-2.9639920">
    <ele>74.9</ele>
    <time>2026-05-21T06:42:30Z</time>
   </trkpt>
   <trkpt lat="48.6853770" lon="-2.9640110">
    <ele>75.0</ele>
    <time>2026-05-21T06:42:31Z</time>
   </trkpt>
   <trkpt lat="48.6853190" lon="-2.9640240">
    <ele>75.1</ele>
    <time>2026-05-21T06:42:32Z</time>
   </trkpt>
   <trkpt lat="48.6852560" lon="-2.9640410">
    <ele>75.2</ele>
    <time>2026-05-21T06:42:33Z</time>
   </trkpt>
   <trkpt lat="48.6851940" lon="-2.9640570">
    <ele>75.3</ele>
    <time>2026-05-21T06:42:34Z</time>
   </trkpt>
   <trkpt lat="48.6851290" lon="-2.9640730">
    <ele>75.4</ele>
    <time>2026-05-21T06:42:35Z</time>
   </trkpt>
   <trkpt lat="48.6850660" lon="-2.9641040">
    <ele>75.5</ele>
    <time>2026-05-21T06:42:36Z</time>
   </trkpt>
   <trkpt lat="48.6850020" lon="-2.9641170">
    <ele>75.7</ele>
    <time>2026-05-21T06:42:37Z</time>
   </trkpt>
   <trkpt lat="48.6849320" lon="-2.9641350">
    <ele>75.8</ele>
    <time>2026-05-21T06:42:38Z</time>
   </trkpt>
   <trkpt lat="48.6848710" lon="-2.9641480">
    <ele>76.0</ele>
    <time>2026-05-21T06:42:39Z</time>
   </trkpt>
   <trkpt lat="48.6848080" lon="-2.9641620">
    <ele>76.1</ele>
    <time>2026-05-21T06:42:40Z</time>
   </trkpt>
   <trkpt lat="48.6847460" lon="-2.9641760">
    <ele>76.3</ele>
    <time>2026-05-21T06:42:41Z</time>
   </trkpt>
   <trkpt lat="48.6846860" lon="-2.9641910">
    <ele>76.4</ele>
    <time>2026-05-21T06:42:42Z</time>
   </trkpt>
   <trkpt lat="48.6846270" lon="-2.9642100">
    <ele>76.5</ele>
    <time>2026-05-21T06:42:43Z</time>
   </trkpt>
   <trkpt lat="48.6845660" lon="-2.9642310">
    <ele>76.7</ele>
    <time>2026-05-21T06:42:44Z</time>
   </trkpt>
   <trkpt lat="48.6845040" lon="-2.9642440">
    <ele>76.8</ele>
    <time>2026-05-21T06:42:45Z</time>
   </trkpt>
   <trkpt lat="48.6844420" lon="-2.9642560">
    <ele>76.9</ele>
    <time>2026-05-21T06:42:46Z</time>
   </trkpt>
   <trkpt lat="48.6843810" lon="-2.9642670">
    <ele>77.1</ele>
    <time>2026-05-21T06:42:47Z</time>
   </trkpt>
   <trkpt lat="48.6843180" lon="-2.9642770">
    <ele>77.2</ele>
    <time>2026-05-21T06:42:48Z</time>
   </trkpt>
   <trkpt lat="48.6842580" lon="-2.9642920">
    <ele>77.3</ele>
    <time>2026-05-21T06:42:49Z</time>
   </trkpt>
   <trkpt lat="48.6841960" lon="-2.9643060">
    <ele>77.4</ele>
    <time>2026-05-21T06:42:50Z</time>
   </trkpt>
   <trkpt lat="48.6841340" lon="-2.9643190">
    <ele>77.6</ele>
    <time>2026-05-21T06:42:51Z</time>
   </trkpt>
   <trkpt lat="48.6840740" lon="-2.9643240">
    <ele>77.7</ele>
    <time>2026-05-21T06:42:52Z</time>
   </trkpt>
   <trkpt lat="48.6840140" lon="-2.9643380">
    <ele>77.8</ele>
    <time>2026-05-21T06:42:53Z</time>
   </trkpt>
   <trkpt lat="48.6839540" lon="-2.9643500">
    <ele>77.9</ele>
    <time>2026-05-21T06:42:54Z</time>
   </trkpt>
   <trkpt lat="48.6838950" lon="-2.9643580">
    <ele>78.0</ele>
    <time>2026-05-21T06:42:55Z</time>
   </trkpt>
   <trkpt lat="48.6838380" lon="-2.9643730">
    <ele>78.1</ele>
    <time>2026-05-21T06:42:56Z</time>
   </trkpt>
   <trkpt lat="48.6837780" lon="-2.9643860">
    <ele>78.1</ele>
    <time>2026-05-21T06:42:57Z</time>
   </trkpt>
   <trkpt lat="48.6837160" lon="-2.9644020">
    <ele>78.2</ele>
    <time>2026-05-21T06:42:58Z</time>
   </trkpt>
   <trkpt lat="48.6836550" lon="-2.9644200">
    <ele>78.2</ele>
    <time>2026-05-21T06:42:59Z</time>
   </trkpt>
   <trkpt lat="48.6835940" lon="-2.9644320">
    <ele>78.2</ele>
    <time>2026-05-21T06:43:00Z</time>
   </trkpt>
   <trkpt lat="48.6835310" lon="-2.9644420">
    <ele>78.2</ele>
    <time>2026-05-21T06:43:01Z</time>
   </trkpt>
   <trkpt lat="48.6834680" lon="-2.9644570">
    <ele>78.2</ele>
    <time>2026-05-21T06:43:02Z</time>
   </trkpt>
   <trkpt lat="48.6834030" lon="-2.9644730">
    <ele>78.2</ele>
    <time>2026-05-21T06:43:03Z</time>
   </trkpt>
   <trkpt lat="48.6833390" lon="-2.9644960">
    <ele>78.2</ele>
    <time>2026-05-21T06:43:04Z</time>
   </trkpt>
   <trkpt lat="48.6832740" lon="-2.9645170">
    <ele>78.2</ele>
    <time>2026-05-21T06:43:05Z</time>
   </trkpt>
   <trkpt lat="48.6832070" lon="-2.9645360">
    <ele>78.1</ele>
    <time>2026-05-21T06:43:06Z</time>
   </trkpt>
   <trkpt lat="48.6831400" lon="-2.9645570">
    <ele>78.1</ele>
    <time>2026-05-21T06:43:07Z</time>
   </trkpt>
   <trkpt lat="48.6830740" lon="-2.9645800">
    <ele>78.1</ele>
    <time>2026-05-21T06:43:08Z</time>
   </trkpt>
   <trkpt lat="48.6830060" lon="-2.9645950">
    <ele>78.1</ele>
    <time>2026-05-21T06:43:09Z</time>
   </trkpt>
   <trkpt lat="48.6829400" lon="-2.9646110">
    <ele>78.1</ele>
    <time>2026-05-21T06:43:10Z</time>
   </trkpt>
   <trkpt lat="48.6828710" lon="-2.9646200">
    <ele>78.1</ele>
    <time>2026-05-21T06:43:11Z</time>
   </trkpt>
   <trkpt lat="48.6828030" lon="-2.9646290">
    <ele>78.1</ele>
    <time>2026-05-21T06:43:12Z</time>
   </trkpt>
   <trkpt lat="48.6827340" lon="-2.9646340">
    <ele>78.1</ele>
    <time>2026-05-21T06:43:13Z</time>
   </trkpt>
   <trkpt lat="48.6826660" lon="-2.9646330">
    <ele>78.2</ele>
    <time>2026-05-21T06:43:14Z</time>
   </trkpt>
   <trkpt lat="48.6826020" lon="-2.9646290">
    <ele>78.2</ele>
    <time>2026-05-21T06:43:15Z</time>
   </trkpt>
   <trkpt lat="48.6825390" lon="-2.9646230">
    <ele>78.3</ele>
    <time>2026-05-21T06:43:16Z</time>
   </trkpt>
   <trkpt lat="48.6824790" lon="-2.9646190">
    <ele>78.4</ele>
    <time>2026-05-21T06:43:17Z</time>
   </trkpt>
   <trkpt lat="48.6824200" lon="-2.9646180">
    <ele>78.5</ele>
    <time>2026-05-21T06:43:18Z</time>
   </trkpt>
   <trkpt lat="48.6823640" lon="-2.9646110">
    <ele>78.7</ele>
    <time>2026-05-21T06:43:19Z</time>
   </trkpt>
   <trkpt lat="48.6823100" lon="-2.9646050">
    <ele>78.9</ele>
    <time>2026-05-21T06:43:20Z</time>
   </trkpt>
   <trkpt lat="48.6822570" lon="-2.9646070">
    <ele>79.0</ele>
    <time>2026-05-21T06:43:21Z</time>
   </trkpt>
   <trkpt lat="48.6822080" lon="-2.9646160">
    <ele>79.2</ele>
    <time>2026-05-21T06:43:22Z</time>
   </trkpt>
   <trkpt lat="48.6821620" lon="-2.9645960">
    <ele>79.4</ele>
    <time>2026-05-21T06:43:23Z</time>
   </trkpt>
   <trkpt lat="48.6821210" lon="-2.9645630">
    <ele>79.5</ele>
    <time>2026-05-21T06:43:24Z</time>
   </trkpt>
   <trkpt lat="48.6820850" lon="-2.9645170">
    <ele>79.5</ele>
    <time>2026-05-21T06:43:25Z</time>
   </trkpt>
   <trkpt lat="48.6820500" lon="-2.9644660">
    <ele>79.5</ele>
    <time>2026-05-21T06:43:26Z</time>
   </trkpt>
   <trkpt lat="48.6820120" lon="-2.9644170">
    <ele>79.5</ele>
    <time>2026-05-21T06:43:27Z</time>
   </trkpt>
   <trkpt lat="48.6819890" lon="-2.9643450">
    <ele>79.5</ele>
    <time>2026-05-21T06:43:28Z</time>
   </trkpt>
   <trkpt lat="48.6819630" lon="-2.9642710">
    <ele>79.6</ele>
    <time>2026-05-21T06:43:29Z</time>
   </trkpt>
   <trkpt lat="48.6819350" lon="-2.9642030">
    <ele>79.7</ele>
    <time>2026-05-21T06:43:30Z</time>
   </trkpt>
   <trkpt lat="48.6819080" lon="-2.9641330">
    <ele>79.7</ele>
    <time>2026-05-21T06:43:31Z</time>
   </trkpt>
   <trkpt lat="48.6818760" lon="-2.9640660">
    <ele>79.8</ele>
    <time>2026-05-21T06:43:32Z</time>
   </trkpt>
   <trkpt lat="48.6818470" lon="-2.9639980">
    <ele>79.9</ele>
    <time>2026-05-21T06:43:33Z</time>
   </trkpt>
   <trkpt lat="48.6818150" lon="-2.9639350">
    <ele>79.9</ele>
    <time>2026-05-21T06:43:34Z</time>
   </trkpt>
   <trkpt lat="48.6817770" lon="-2.9638790">
    <ele>80.0</ele>
    <time>2026-05-21T06:43:35Z</time>
   </trkpt>
   <trkpt lat="48.6817430" lon="-2.9638210">
    <ele>80.1</ele>
    <time>2026-05-21T06:43:36Z</time>
   </trkpt>
   <trkpt lat="48.6817070" lon="-2.9637630">
    <ele>80.1</ele>
    <time>2026-05-21T06:43:37Z</time>
   </trkpt>
   <trkpt lat="48.6816710" lon="-2.9637030">
    <ele>80.1</ele>
    <time>2026-05-21T06:43:38Z</time>
   </trkpt>
   <trkpt lat="48.6816310" lon="-2.9636440">
    <ele>80.2</ele>
    <time>2026-05-21T06:43:39Z</time>
   </trkpt>
   <trkpt lat="48.6815910" lon="-2.9635810">
    <ele>80.2</ele>
    <time>2026-05-21T06:43:40Z</time>
   </trkpt>
   <trkpt lat="48.6815540" lon="-2.9635130">
    <ele>80.2</ele>
    <time>2026-05-21T06:43:41Z</time>
   </trkpt>
   <trkpt lat="48.6815200" lon="-2.9634390">
    <ele>80.3</ele>
    <time>2026-05-21T06:43:42Z</time>
   </trkpt>
   <trkpt lat="48.6814830" lon="-2.9633660">
    <ele>80.3</ele>
    <time>2026-05-21T06:43:43Z</time>
   </trkpt>
   <trkpt lat="48.6814480" lon="-2.9632930">
    <ele>80.4</ele>
    <time>2026-05-21T06:43:44Z</time>
   </trkpt>
   <trkpt lat="48.6814120" lon="-2.9632170">
    <ele>80.4</ele>
    <time>2026-05-21T06:43:45Z</time>
   </trkpt>
   <trkpt lat="48.6813750" lon="-2.9631440">
    <ele>80.5</ele>
    <time>2026-05-21T06:43:46Z</time>
   </trkpt>
   <trkpt lat="48.6813390" lon="-2.9630680">
    <ele>80.6</ele>
    <time>2026-05-21T06:43:47Z</time>
   </trkpt>
   <trkpt lat="48.6813030" lon="-2.9629930">
    <ele>80.7</ele>
    <time>2026-05-21T06:43:48Z</time>
   </trkpt>
   <trkpt lat="48.6812680" lon="-2.9629160">
    <ele>80.7</ele>
    <time>2026-05-21T06:43:49Z</time>
   </trkpt>
   <trkpt lat="48.6812360" lon="-2.9628380">
    <ele>80.7</ele>
    <time>2026-05-21T06:43:50Z</time>
   </trkpt>
   <trkpt lat="48.6812030" lon="-2.9627610">
    <ele>80.7</ele>
    <time>2026-05-21T06:43:51Z</time>
   </trkpt>
   <trkpt lat="48.6811710" lon="-2.9626790">
    <ele>80.8</ele>
    <time>2026-05-21T06:43:52Z</time>
   </trkpt>
   <trkpt lat="48.6811440" lon="-2.9625930">
    <ele>80.8</ele>
    <time>2026-05-21T06:43:53Z</time>
   </trkpt>
   <trkpt lat="48.6811200" lon="-2.9625040">
    <ele>80.8</ele>
    <time>2026-05-21T06:43:54Z</time>
   </trkpt>
   <trkpt lat="48.6810990" lon="-2.9624120">
    <ele>80.8</ele>
    <time>2026-05-21T06:43:55Z</time>
   </trkpt>
   <trkpt lat="48.6810780" lon="-2.9623210">
    <ele>80.8</ele>
    <time>2026-05-21T06:43:56Z</time>
   </trkpt>
   <trkpt lat="48.6810570" lon="-2.9622300">
    <ele>80.8</ele>
    <time>2026-05-21T06:43:57Z</time>
   </trkpt>
   <trkpt lat="48.6810380" lon="-2.9621370">
    <ele>80.8</ele>
    <time>2026-05-21T06:43:58Z</time>
   </trkpt>
   <trkpt lat="48.6810240" lon="-2.9620410">
    <ele>80.9</ele>
    <time>2026-05-21T06:43:59Z</time>
   </trkpt>
   <trkpt lat="48.6810110" lon="-2.9619470">
    <ele>80.9</ele>
    <time>2026-05-21T06:44:00Z</time>
   </trkpt>
   <trkpt lat="48.6809990" lon="-2.9618510">
    <ele>81.0</ele>
    <time>2026-05-21T06:44:01Z</time>
   </trkpt>
   <trkpt lat="48.6809970" lon="-2.9617500">
    <ele>81.0</ele>
    <time>2026-05-21T06:44:02Z</time>
   </trkpt>
   <trkpt lat="48.6809900" lon="-2.9616550">
    <ele>81.0</ele>
    <time>2026-05-21T06:44:03Z</time>
   </trkpt>
   <trkpt lat="48.6809860" lon="-2.9615560">
    <ele>81.0</ele>
    <time>2026-05-21T06:44:04Z</time>
   </trkpt>
   <trkpt lat="48.6809850" lon="-2.9614550">
    <ele>81.1</ele>
    <time>2026-05-21T06:44:05Z</time>
   </trkpt>
   <trkpt lat="48.6809790" lon="-2.9613570">
    <ele>81.2</ele>
    <time>2026-05-21T06:44:06Z</time>
   </trkpt>
   <trkpt lat="48.6809730" lon="-2.9612600">
    <ele>81.3</ele>
    <time>2026-05-21T06:44:07Z</time>
   </trkpt>
   <trkpt lat="48.6809680" lon="-2.9611630">
    <ele>81.4</ele>
    <time>2026-05-21T06:44:08Z</time>
   </trkpt>
   <trkpt lat="48.6809630" lon="-2.9610690">
    <ele>81.6</ele>
    <time>2026-05-21T06:44:09Z</time>
   </trkpt>
   <trkpt lat="48.6809570" lon="-2.9609760">
    <ele>81.7</ele>
    <time>2026-05-21T06:44:10Z</time>
   </trkpt>
   <trkpt lat="48.6809460" lon="-2.9608860">
    <ele>81.8</ele>
    <time>2026-05-21T06:44:11Z</time>
   </trkpt>
   <trkpt lat="48.6809310" lon="-2.9607960">
    <ele>82.0</ele>
    <time>2026-05-21T06:44:13Z</time>
   </trkpt>
   <trkpt lat="48.6809160" lon="-2.9607090">
    <ele>82.1</ele>
    <time>2026-05-21T06:44:14Z</time>
   </trkpt>
   <trkpt lat="48.6808970" lon="-2.9606230">
    <ele>82.2</ele>
    <time>2026-05-21T06:44:15Z</time>
   </trkpt>
   <trkpt lat="48.6808810" lon="-2.9605390">
    <ele>82.4</ele>
    <time>2026-05-21T06:44:16Z</time>
   </trkpt>
   <trkpt lat="48.6808660" lon="-2.9604480">
    <ele>82.5</ele>
    <time>2026-05-21T06:44:17Z</time>
   </trkpt>
   <trkpt lat="48.6808510" lon="-2.9603590">
    <ele>82.6</ele>
    <time>2026-05-21T06:44:18Z</time>
   </trkpt>
   <trkpt lat="48.6808330" lon="-2.9602720">
    <ele>82.8</ele>
    <time>2026-05-21T06:44:19Z</time>
   </trkpt>
   <trkpt lat="48.6808120" lon="-2.9601890">
    <ele>82.9</ele>
    <time>2026-05-21T06:44:20Z</time>
   </trkpt>
   <trkpt lat="48.6807920" lon="-2.9601020">
    <ele>83.1</ele>
    <time>2026-05-21T06:44:21Z</time>
   </trkpt>
   <trkpt lat="48.6807750" lon="-2.9600120">
    <ele>83.2</ele>
    <time>2026-05-21T06:44:22Z</time>
   </trkpt>
   <trkpt lat="48.6807590" lon="-2.9599210">
    <ele>83.4</ele>
    <time>2026-05-21T06:44:23Z</time>
   </trkpt>
   <trkpt lat="48.6807430" lon="-2.9598310">
    <ele>83.5</ele>
    <time>2026-05-21T06:44:24Z</time>
   </trkpt>
   <trkpt lat="48.6807250" lon="-2.9597440">
    <ele>83.7</ele>
    <time>2026-05-21T06:44:25Z</time>
   </trkpt>
   <trkpt lat="48.6807090" lon="-2.9596560">
    <ele>83.9</ele>
    <time>2026-05-21T06:44:26Z</time>
   </trkpt>
   <trkpt lat="48.6806740" lon="-2.9594840">
    <ele>84.3</ele>
    <time>2026-05-21T06:44:27Z</time>
   </trkpt>
   <trkpt lat="48.6806600" lon="-2.9594020">
    <ele>84.5</ele>
    <time>2026-05-21T06:44:28Z</time>
   </trkpt>
   <trkpt lat="48.6806480" lon="-2.9593180">
    <ele>84.7</ele>
    <time>2026-05-21T06:44:29Z</time>
   </trkpt>
   <trkpt lat="48.6806340" lon="-2.9592370">
    <ele>84.8</ele>
    <time>2026-05-21T06:44:30Z</time>
   </trkpt>
   <trkpt lat="48.6806260" lon="-2.9591530">
    <ele>85.0</ele>
    <time>2026-05-21T06:44:31Z</time>
   </trkpt>
   <trkpt lat="48.6806210" lon="-2.9590680">
    <ele>85.2</ele>
    <time>2026-05-21T06:44:32Z</time>
   </trkpt>
   <trkpt lat="48.6806150" lon="-2.9589840">
    <ele>85.2</ele>
    <time>2026-05-21T06:44:33Z</time>
   </trkpt>
   <trkpt lat="48.6806190" lon="-2.9588990">
    <ele>85.3</ele>
    <time>2026-05-21T06:44:34Z</time>
   </trkpt>
   <trkpt lat="48.6806290" lon="-2.9588140">
    <ele>85.4</ele>
    <time>2026-05-21T06:44:35Z</time>
   </trkpt>
   <trkpt lat="48.6806390" lon="-2.9587310">
    <ele>85.6</ele>
    <time>2026-05-21T06:44:36Z</time>
   </trkpt>
   <trkpt lat="48.6806440" lon="-2.9586460">
    <ele>85.7</ele>
    <time>2026-05-21T06:44:37Z</time>
   </trkpt>
   <trkpt lat="48.6806550" lon="-2.9585600">
    <ele>85.8</ele>
    <time>2026-05-21T06:44:38Z</time>
   </trkpt>
   <trkpt lat="48.6806640" lon="-2.9584750">
    <ele>86.0</ele>
    <time>2026-05-21T06:44:39Z</time>
   </trkpt>
   <trkpt lat="48.6806720" lon="-2.9583880">
    <ele>86.2</ele>
    <time>2026-05-21T06:44:40Z</time>
   </trkpt>
   <trkpt lat="48.6806790" lon="-2.9583030">
    <ele>86.3</ele>
    <time>2026-05-21T06:44:41Z</time>
   </trkpt>
   <trkpt lat="48.6806920" lon="-2.9582220">
    <ele>86.5</ele>
    <time>2026-05-21T06:44:42Z</time>
   </trkpt>
   <trkpt lat="48.6806960" lon="-2.9581360">
    <ele>86.6</ele>
    <time>2026-05-21T06:44:43Z</time>
   </trkpt>
   <trkpt lat="48.6807040" lon="-2.9580510">
    <ele>86.7</ele>
    <time>2026-05-21T06:44:44Z</time>
   </trkpt>
   <trkpt lat="48.6807100" lon="-2.9579690">
    <ele>86.8</ele>
    <time>2026-05-21T06:44:45Z</time>
   </trkpt>
   <trkpt lat="48.6807160" lon="-2.9578820">
    <ele>87.0</ele>
    <time>2026-05-21T06:44:46Z</time>
   </trkpt>
   <trkpt lat="48.6807210" lon="-2.9577950">
    <ele>87.1</ele>
    <time>2026-05-21T06:44:47Z</time>
   </trkpt>
   <trkpt lat="48.6807270" lon="-2.9577040">
    <ele>87.2</ele>
    <time>2026-05-21T06:44:48Z</time>
   </trkpt>
   <trkpt lat="48.6807340" lon="-2.9576160">
    <ele>87.2</ele>
    <time>2026-05-21T06:44:49Z</time>
   </trkpt>
   <trkpt lat="48.6807480" lon="-2.9575220">
    <ele>87.3</ele>
    <time>2026-05-21T06:44:50Z</time>
   </trkpt>
   <trkpt lat="48.6807590" lon="-2.9574250">
    <ele>87.4</ele>
    <time>2026-05-21T06:44:51Z</time>
   </trkpt>
   <trkpt lat="48.6807470" lon="-2.9573420">
    <ele>87.4</ele>
    <time>2026-05-21T06:44:52Z</time>
   </trkpt>
   <trkpt lat="48.6807500" lon="-2.9572490">
    <ele>87.5</ele>
    <time>2026-05-21T06:44:53Z</time>
   </trkpt>
   <trkpt lat="48.6807520" lon="-2.9571540">
    <ele>87.6</ele>
    <time>2026-05-21T06:44:54Z</time>
   </trkpt>
   <trkpt lat="48.6807550" lon="-2.9570630">
    <ele>87.7</ele>
    <time>2026-05-21T06:44:55Z</time>
   </trkpt>
   <trkpt lat="48.6807540" lon="-2.9569760">
    <ele>87.8</ele>
    <time>2026-05-21T06:44:56Z</time>
   </trkpt>
   <trkpt lat="48.6807560" lon="-2.9568850">
    <ele>88.0</ele>
    <time>2026-05-21T06:44:57Z</time>
   </trkpt>
   <trkpt lat="48.6807560" lon="-2.9567980">
    <ele>88.1</ele>
    <time>2026-05-21T06:44:58Z</time>
   </trkpt>
   <trkpt lat="48.6807570" lon="-2.9567110">
    <ele>88.2</ele>
    <time>2026-05-21T06:44:59Z</time>
   </trkpt>
   <trkpt lat="48.6807570" lon="-2.9566220">
    <ele>88.3</ele>
    <time>2026-05-21T06:45:00Z</time>
   </trkpt>
   <trkpt lat="48.6807520" lon="-2.9565330">
    <ele>88.5</ele>
    <time>2026-05-21T06:45:01Z</time>
   </trkpt>
   <trkpt lat="48.6807470" lon="-2.9564430">
    <ele>88.6</ele>
    <time>2026-05-21T06:45:02Z</time>
   </trkpt>
   <trkpt lat="48.6807360" lon="-2.9563580">
    <ele>88.7</ele>
    <time>2026-05-21T06:45:03Z</time>
   </trkpt>
   <trkpt lat="48.6807240" lon="-2.9562690">
    <ele>88.8</ele>
    <time>2026-05-21T06:45:04Z</time>
   </trkpt>
   <trkpt lat="48.6807150" lon="-2.9561870">
    <ele>89.0</ele>
    <time>2026-05-21T06:45:05Z</time>
   </trkpt>
   <trkpt lat="48.6807050" lon="-2.9561000">
    <ele>89.1</ele>
    <time>2026-05-21T06:45:06Z</time>
   </trkpt>
   <trkpt lat="48.6806900" lon="-2.9560180">
    <ele>89.2</ele>
    <time>2026-05-21T06:45:07Z</time>
   </trkpt>
   <trkpt lat="48.6806760" lon="-2.9559340">
    <ele>89.3</ele>
    <time>2026-05-21T06:45:08Z</time>
   </trkpt>
   <trkpt lat="48.6806590" lon="-2.9558510">
    <ele>89.4</ele>
    <time>2026-05-21T06:45:09Z</time>
   </trkpt>
   <trkpt lat="48.6806470" lon="-2.9557690">
    <ele>89.5</ele>
    <time>2026-05-21T06:45:10Z</time>
   </trkpt>
   <trkpt lat="48.6806290" lon="-2.9556890">
    <ele>89.6</ele>
    <time>2026-05-21T06:45:11Z</time>
   </trkpt>
   <trkpt lat="48.6806110" lon="-2.9556070">
    <ele>89.7</ele>
    <time>2026-05-21T06:45:12Z</time>
   </trkpt>
   <trkpt lat="48.6806030" lon="-2.9555200">
    <ele>89.8</ele>
    <time>2026-05-21T06:45:13Z</time>
   </trkpt>
   <trkpt lat="48.6805910" lon="-2.9554370">
    <ele>89.8</ele>
    <time>2026-05-21T06:45:14Z</time>
   </trkpt>
   <trkpt lat="48.6805790" lon="-2.9553490">
    <ele>89.9</ele>
    <time>2026-05-21T06:45:15Z</time>
   </trkpt>
   <trkpt lat="48.6805720" lon="-2.9552620">
    <ele>90.0</ele>
    <time>2026-05-21T06:45:16Z</time>
   </trkpt>
   <trkpt lat="48.6805730" lon="-2.9551760">
    <ele>90.1</ele>
    <time>2026-05-21T06:45:17Z</time>
   </trkpt>
   <trkpt lat="48.6805710" lon="-2.9550870">
    <ele>90.2</ele>
    <time>2026-05-21T06:45:18Z</time>
   </trkpt>
   <trkpt lat="48.6805750" lon="-2.9550010">
    <ele>90.3</ele>
    <time>2026-05-21T06:45:19Z</time>
   </trkpt>
   <trkpt lat="48.6805790" lon="-2.9549130">
    <ele>90.3</ele>
    <time>2026-05-21T06:45:20Z</time>
   </trkpt>
   <trkpt lat="48.6805920" lon="-2.9548270">
    <ele>90.4</ele>
    <time>2026-05-21T06:45:21Z</time>
   </trkpt>
   <trkpt lat="48.6806040" lon="-2.9547410">
    <ele>90.5</ele>
    <time>2026-05-21T06:45:22Z</time>
   </trkpt>
   <trkpt lat="48.6806180" lon="-2.9546550">
    <ele>90.6</ele>
    <time>2026-05-21T06:45:23Z</time>
   </trkpt>
   <trkpt lat="48.6806340" lon="-2.9545670">
    <ele>90.7</ele>
    <time>2026-05-21T06:45:24Z</time>
   </trkpt>
   <trkpt lat="48.6806420" lon="-2.9544790">
    <ele>90.8</ele>
    <time>2026-05-21T06:45:25Z</time>
   </trkpt>
   <trkpt lat="48.6806550" lon="-2.9543910">
    <ele>91.0</ele>
    <time>2026-05-21T06:45:26Z</time>
   </trkpt>
   <trkpt lat="48.6806590" lon="-2.9543010">
    <ele>91.1</ele>
    <time>2026-05-21T06:45:27Z</time>
   </trkpt>
   <trkpt lat="48.6806650" lon="-2.9542090">
    <ele>91.2</ele>
    <time>2026-05-21T06:45:28Z</time>
   </trkpt>
   <trkpt lat="48.6806760" lon="-2.9541230">
    <ele>91.4</ele>
    <time>2026-05-21T06:45:29Z</time>
   </trkpt>
   <trkpt lat="48.6806800" lon="-2.9540360">
    <ele>91.5</ele>
    <time>2026-05-21T06:45:30Z</time>
   </trkpt>
   <trkpt lat="48.6806890" lon="-2.9539540">
    <ele>91.6</ele>
    <time>2026-05-21T06:45:31Z</time>
   </trkpt>
   <trkpt lat="48.6806900" lon="-2.9538650">
    <ele>91.7</ele>
    <time>2026-05-21T06:45:32Z</time>
   </trkpt>
   <trkpt lat="48.6806930" lon="-2.9537820">
    <ele>91.8</ele>
    <time>2026-05-21T06:45:33Z</time>
   </trkpt>
   <trkpt lat="48.6806950" lon="-2.9536960">
    <ele>92.0</ele>
    <time>2026-05-21T06:45:34Z</time>
   </trkpt>
   <trkpt lat="48.6806960" lon="-2.9536120">
    <ele>92.1</ele>
    <time>2026-05-21T06:45:35Z</time>
   </trkpt>
   <trkpt lat="48.6806930" lon="-2.9535250">
    <ele>92.2</ele>
    <time>2026-05-21T06:45:36Z</time>
   </trkpt>
   <trkpt lat="48.6806870" lon="-2.9534430">
    <ele>92.3</ele>
    <time>2026-05-21T06:45:37Z</time>
   </trkpt>
   <trkpt lat="48.6806780" lon="-2.9533560">
    <ele>92.5</ele>
    <time>2026-05-21T06:45:38Z</time>
   </trkpt>
   <trkpt lat="48.6806730" lon="-2.9532820">
    <ele>92.6</ele>
    <time>2026-05-21T06:45:39Z</time>
   </trkpt>
   <trkpt lat="48.6806580" lon="-2.9532020">
    <ele>92.7</ele>
    <time>2026-05-21T06:45:40Z</time>
   </trkpt>
   <trkpt lat="48.6806460" lon="-2.9531260">
    <ele>92.9</ele>
    <time>2026-05-21T06:45:41Z</time>
   </trkpt>
   <trkpt lat="48.6806300" lon="-2.9530580">
    <ele>93.0</ele>
    <time>2026-05-21T06:45:42Z</time>
   </trkpt>
   <trkpt lat="48.6806130" lon="-2.9529870">
    <ele>93.1</ele>
    <time>2026-05-21T06:45:43Z</time>
   </trkpt>
   <trkpt lat="48.6805930" lon="-2.9529140">
    <ele>93.2</ele>
    <time>2026-05-21T06:45:44Z</time>
   </trkpt>
   <trkpt lat="48.6805730" lon="-2.9528470">
    <ele>93.3</ele>
    <time>2026-05-21T06:45:45Z</time>
   </trkpt>
   <trkpt lat="48.6805530" lon="-2.9527770">
    <ele>93.4</ele>
    <time>2026-05-21T06:45:46Z</time>
   </trkpt>
   <trkpt lat="48.6805330" lon="-2.9527060">
    <ele>93.6</ele>
    <time>2026-05-21T06:45:47Z</time>
   </trkpt>
   <trkpt lat="48.6805160" lon="-2.9526340">
    <ele>93.7</ele>
    <time>2026-05-21T06:45:48Z</time>
   </trkpt>
   <trkpt lat="48.6805000" lon="-2.9525610">
    <ele>93.8</ele>
    <time>2026-05-21T06:45:49Z</time>
   </trkpt>
   <trkpt lat="48.6804840" lon="-2.9524890">
    <ele>93.9</ele>
    <time>2026-05-21T06:45:50Z</time>
   </trkpt>
   <trkpt lat="48.6804700" lon="-2.9524150">
    <ele>94.0</ele>
    <time>2026-05-21T06:45:51Z</time>
   </trkpt>
   <trkpt lat="48.6804570" lon="-2.9523430">
    <ele>94.1</ele>
    <time>2026-05-21T06:45:52Z</time>
   </trkpt>
   <trkpt lat="48.6804470" lon="-2.9522680">
    <ele>94.2</ele>
    <time>2026-05-21T06:45:53Z</time>
   </trkpt>
   <trkpt lat="48.6804350" lon="-2.9521940">
    <ele>94.3</ele>
    <time>2026-05-21T06:45:54Z</time>
   </trkpt>
   <trkpt lat="48.6804230" lon="-2.9521180">
    <ele>94.3</ele>
    <time>2026-05-21T06:45:55Z</time>
   </trkpt>
   <trkpt lat="48.6804130" lon="-2.9520420">
    <ele>94.4</ele>
    <time>2026-05-21T06:45:56Z</time>
   </trkpt>
   <trkpt lat="48.6804060" lon="-2.9519620">
    <ele>94.4</ele>
    <time>2026-05-21T06:45:57Z</time>
   </trkpt>
   <trkpt lat="48.6803970" lon="-2.9518810">
    <ele>94.5</ele>
    <time>2026-05-21T06:45:58Z</time>
   </trkpt>
   <trkpt lat="48.6803900" lon="-2.9518000">
    <ele>94.5</ele>
    <time>2026-05-21T06:45:59Z</time>
   </trkpt>
   <trkpt lat="48.6803790" lon="-2.9517180">
    <ele>94.6</ele>
    <time>2026-05-21T06:46:00Z</time>
   </trkpt>
   <trkpt lat="48.6803710" lon="-2.9516370">
    <ele>94.6</ele>
    <time>2026-05-21T06:46:01Z</time>
   </trkpt>
   <trkpt lat="48.6803630" lon="-2.9515550">
    <ele>94.7</ele>
    <time>2026-05-21T06:46:02Z</time>
   </trkpt>
   <trkpt lat="48.6803540" lon="-2.9514750">
    <ele>94.8</ele>
    <time>2026-05-21T06:46:03Z</time>
   </trkpt>
   <trkpt lat="48.6803440" lon="-2.9513970">
    <ele>94.8</ele>
    <time>2026-05-21T06:46:04Z</time>
   </trkpt>
   <trkpt lat="48.6803310" lon="-2.9513200">
    <ele>94.9</ele>
    <time>2026-05-21T06:46:05Z</time>
   </trkpt>
   <trkpt lat="48.6803210" lon="-2.9512400">
    <ele>94.9</ele>
    <time>2026-05-21T06:46:06Z</time>
   </trkpt>
   <trkpt lat="48.6803080" lon="-2.9511590">
    <ele>95.0</ele>
    <time>2026-05-21T06:46:07Z</time>
   </trkpt>
   <trkpt lat="48.6802920" lon="-2.9510830">
    <ele>95.0</ele>
    <time>2026-05-21T06:46:08Z</time>
   </trkpt>
   <trkpt lat="48.6802770" lon="-2.9510040">
    <ele>95.1</ele>
    <time>2026-05-21T06:46:09Z</time>
   </trkpt>
   <trkpt lat="48.6802560" lon="-2.9509260">
    <ele>95.2</ele>
    <time>2026-05-21T06:46:10Z</time>
   </trkpt>
   <trkpt lat="48.6802350" lon="-2.9508520">
    <ele>95.2</ele>
    <time>2026-05-21T06:46:11Z</time>
   </trkpt>
   <trkpt lat="48.6802170" lon="-2.9507750">
    <ele>95.3</ele>
    <time>2026-05-21T06:46:12Z</time>
   </trkpt>
   <trkpt lat="48.6801980" lon="-2.9506980">
    <ele>95.4</ele>
    <time>2026-05-21T06:46:13Z</time>
   </trkpt>
   <trkpt lat="48.6801730" lon="-2.9506230">
    <ele>95.5</ele>
    <time>2026-05-21T06:46:14Z</time>
   </trkpt>
   <trkpt lat="48.6801490" lon="-2.9505550">
    <ele>95.6</ele>
    <time>2026-05-21T06:46:15Z</time>
   </trkpt>
   <trkpt lat="48.6801170" lon="-2.9504830">
    <ele>95.7</ele>
    <time>2026-05-21T06:46:16Z</time>
   </trkpt>
   <trkpt lat="48.6800860" lon="-2.9504180">
    <ele>95.8</ele>
    <time>2026-05-21T06:46:17Z</time>
   </trkpt>
   <trkpt lat="48.6800510" lon="-2.9503560">
    <ele>95.9</ele>
    <time>2026-05-21T06:46:19Z</time>
   </trkpt>
   <trkpt lat="48.6800190" lon="-2.9502920">
    <ele>96.1</ele>
    <time>2026-05-21T06:46:20Z</time>
   </trkpt>
   <trkpt lat="48.6799840" lon="-2.9502360">
    <ele>96.2</ele>
    <time>2026-05-21T06:46:21Z</time>
   </trkpt>
   <trkpt lat="48.6799500" lon="-2.9501780">
    <ele>96.4</ele>
    <time>2026-05-21T06:46:22Z</time>
   </trkpt>
   <trkpt lat="48.6799150" lon="-2.9501230">
    <ele>96.6</ele>
    <time>2026-05-21T06:46:23Z</time>
   </trkpt>
   <trkpt lat="48.6798810" lon="-2.9500680">
    <ele>96.7</ele>
    <time>2026-05-21T06:46:24Z</time>
   </trkpt>
   <trkpt lat="48.6798500" lon="-2.9500100">
    <ele>96.9</ele>
    <time>2026-05-21T06:46:25Z</time>
   </trkpt>
   <trkpt lat="48.6797900" lon="-2.9498940">
    <ele>97.2</ele>
    <time>2026-05-21T06:46:26Z</time>
   </trkpt>
   <trkpt lat="48.6797620" lon="-2.9498340">
    <ele>97.4</ele>
    <time>2026-05-21T06:46:28Z</time>
   </trkpt>
   <trkpt lat="48.6797420" lon="-2.9497680">
    <ele>97.5</ele>
    <time>2026-05-21T06:46:29Z</time>
   </trkpt>
   <trkpt lat="48.6797230" lon="-2.9496990">
    <ele>97.6</ele>
    <time>2026-05-21T06:46:30Z</time>
   </trkpt>
   <trkpt lat="48.6796990" lon="-2.9496310">
    <ele>97.8</ele>
    <time>2026-05-21T06:46:31Z</time>
   </trkpt>
   <trkpt lat="48.6796610" lon="-2.9494930">
    <ele>97.9</ele>
    <time>2026-05-21T06:46:32Z</time>
   </trkpt>
   <trkpt lat="48.6796430" lon="-2.9494260">
    <ele>98.0</ele>
    <time>2026-05-21T06:46:33Z</time>
   </trkpt>
   <trkpt lat="48.6796290" lon="-2.9493530">
    <ele>98.1</ele>
    <time>2026-05-21T06:46:34Z</time>
   </trkpt>
   <trkpt lat="48.6796100" lon="-2.9492840">
    <ele>98.1</ele>
    <time>2026-05-21T06:46:35Z</time>
   </trkpt>
   <trkpt lat="48.6795910" lon="-2.9492170">
    <ele>98.2</ele>
    <time>2026-05-21T06:46:36Z</time>
   </trkpt>
   <trkpt lat="48.6795740" lon="-2.9491430">
    <ele>98.2</ele>
    <time>2026-05-21T06:46:37Z</time>
   </trkpt>
   <trkpt lat="48.6795570" lon="-2.9490700">
    <ele>98.3</ele>
    <time>2026-05-21T06:46:38Z</time>
   </trkpt>
   <trkpt lat="48.6795410" lon="-2.9489960">
    <ele>98.3</ele>
    <time>2026-05-21T06:46:39Z</time>
   </trkpt>
   <trkpt lat="48.6795270" lon="-2.9489190">
    <ele>98.4</ele>
    <time>2026-05-21T06:46:40Z</time>
   </trkpt>
   <trkpt lat="48.6795110" lon="-2.9488420">
    <ele>98.4</ele>
    <time>2026-05-21T06:46:41Z</time>
   </trkpt>
   <trkpt lat="48.6795000" lon="-2.9487650">
    <ele>98.4</ele>
    <time>2026-05-21T06:46:42Z</time>
   </trkpt>
   <trkpt lat="48.6794880" lon="-2.9486830">
    <ele>98.5</ele>
    <time>2026-05-21T06:46:43Z</time>
   </trkpt>
   <trkpt lat="48.6794780" lon="-2.9486010">
    <ele>98.5</ele>
    <time>2026-05-21T06:46:44Z</time>
   </trkpt>
   <trkpt lat="48.6794660" lon="-2.9485200">
    <ele>98.5</ele>
    <time>2026-05-21T06:46:45Z</time>
   </trkpt>
   <trkpt lat="48.6794580" lon="-2.9484320">
    <ele>98.6</ele>
    <time>2026-05-21T06:46:46Z</time>
   </trkpt>
   <trkpt lat="48.6794480" lon="-2.9483470">
    <ele>98.6</ele>
    <time>2026-05-21T06:46:47Z</time>
   </trkpt>
   <trkpt lat="48.6794360" lon="-2.9482630">
    <ele>98.6</ele>
    <time>2026-05-21T06:46:48Z</time>
   </trkpt>
   <trkpt lat="48.6794230" lon="-2.9481780">
    <ele>98.7</ele>
    <time>2026-05-21T06:46:49Z</time>
   </trkpt>
   <trkpt lat="48.6794110" lon="-2.9480950">
    <ele>98.8</ele>
    <time>2026-05-21T06:46:50Z</time>
   </trkpt>
   <trkpt lat="48.6793980" lon="-2.9480090">
    <ele>98.8</ele>
    <time>2026-05-21T06:46:51Z</time>
   </trkpt>
   <trkpt lat="48.6793830" lon="-2.9479270">
    <ele>98.9</ele>
    <time>2026-05-21T06:46:52Z</time>
   </trkpt>
   <trkpt lat="48.6793630" lon="-2.9478450">
    <ele>99.0</ele>
    <time>2026-05-21T06:46:53Z</time>
   </trkpt>
   <trkpt lat="48.6793440" lon="-2.9477650">
    <ele>99.1</ele>
    <time>2026-05-21T06:46:54Z</time>
   </trkpt>
   <trkpt lat="48.6793210" lon="-2.9476910">
    <ele>99.2</ele>
    <time>2026-05-21T06:46:55Z</time>
   </trkpt>
   <trkpt lat="48.6793000" lon="-2.9476140">
    <ele>99.3</ele>
    <time>2026-05-21T06:46:56Z</time>
   </trkpt>
   <trkpt lat="48.6792800" lon="-2.9475370">
    <ele>99.5</ele>
    <time>2026-05-21T06:46:57Z</time>
   </trkpt>
   <trkpt lat="48.6792580" lon="-2.9474650">
    <ele>99.6</ele>
    <time>2026-05-21T06:46:58Z</time>
   </trkpt>
   <trkpt lat="48.6792380" lon="-2.9473930">
    <ele>99.8</ele>
    <time>2026-05-21T06:46:59Z</time>
   </trkpt>
   <trkpt lat="48.6792260" lon="-2.9473110">
    <ele>99.9</ele>
    <time>2026-05-21T06:47:00Z</time>
   </trkpt>
   <trkpt lat="48.6792030" lon="-2.9472540">
    <ele>100.1</ele>
    <time>2026-05-21T06:47:01Z</time>
   </trkpt>
   <trkpt lat="48.6791860" lon="-2.9471850">
    <ele>100.2</ele>
    <time>2026-05-21T06:47:02Z</time>
   </trkpt>
   <trkpt lat="48.6791700" lon="-2.9471210">
    <ele>100.3</ele>
    <time>2026-05-21T06:47:03Z</time>
   </trkpt>
   <trkpt lat="48.6791550" lon="-2.9470580">
    <ele>100.4</ele>
    <time>2026-05-21T06:47:04Z</time>
   </trkpt>
   <trkpt lat="48.6791370" lon="-2.9469940">
    <ele>100.6</ele>
    <time>2026-05-21T06:47:05Z</time>
   </trkpt>
   <trkpt lat="48.6791180" lon="-2.9469280">
    <ele>100.7</ele>
    <time>2026-05-21T06:47:06Z</time>
   </trkpt>
   <trkpt lat="48.6791030" lon="-2.9468610">
    <ele>100.8</ele>
    <time>2026-05-21T06:47:07Z</time>
   </trkpt>
   <trkpt lat="48.6790850" lon="-2.9467960">
    <ele>100.9</ele>
    <time>2026-05-21T06:47:08Z</time>
   </trkpt>
   <trkpt lat="48.6790670" lon="-2.9467270">
    <ele>101.0</ele>
    <time>2026-05-21T06:47:09Z</time>
   </trkpt>
   <trkpt lat="48.6790500" lon="-2.9466590">
    <ele>101.1</ele>
    <time>2026-05-21T06:47:10Z</time>
   </trkpt>
   <trkpt lat="48.6790340" lon="-2.9465920">
    <ele>101.2</ele>
    <time>2026-05-21T06:47:11Z</time>
   </trkpt>
   <trkpt lat="48.6790170" lon="-2.9465270">
    <ele>101.3</ele>
    <time>2026-05-21T06:47:12Z</time>
   </trkpt>
   <trkpt lat="48.6790000" lon="-2.9464600">
    <ele>101.3</ele>
    <time>2026-05-21T06:47:13Z</time>
   </trkpt>
   <trkpt lat="48.6789840" lon="-2.9463930">
    <ele>101.4</ele>
    <time>2026-05-21T06:47:14Z</time>
   </trkpt>
   <trkpt lat="48.6789640" lon="-2.9463270">
    <ele>101.5</ele>
    <time>2026-05-21T06:47:15Z</time>
   </trkpt>
   <trkpt lat="48.6789470" lon="-2.9462580">
    <ele>101.5</ele>
    <time>2026-05-21T06:47:16Z</time>
   </trkpt>
   <trkpt lat="48.6789260" lon="-2.9461910">
    <ele>101.6</ele>
    <time>2026-05-21T06:47:17Z</time>
   </trkpt>
   <trkpt lat="48.6789050" lon="-2.9461270">
    <ele>101.6</ele>
    <time>2026-05-21T06:47:18Z</time>
   </trkpt>
   <trkpt lat="48.6788870" lon="-2.9460600">
    <ele>101.7</ele>
    <time>2026-05-21T06:47:19Z</time>
   </trkpt>
   <trkpt lat="48.6788720" lon="-2.9459900">
    <ele>101.8</ele>
    <time>2026-05-21T06:47:20Z</time>
   </trkpt>
   <trkpt lat="48.6788520" lon="-2.9459240">
    <ele>101.8</ele>
    <time>2026-05-21T06:47:21Z</time>
   </trkpt>
   <trkpt lat="48.6788290" lon="-2.9458590">
    <ele>101.9</ele>
    <time>2026-05-21T06:47:22Z</time>
   </trkpt>
   <trkpt lat="48.6788070" lon="-2.9457920">
    <ele>101.9</ele>
    <time>2026-05-21T06:47:23Z</time>
   </trkpt>
   <trkpt lat="48.6787870" lon="-2.9457270">
    <ele>102.0</ele>
    <time>2026-05-21T06:47:24Z</time>
   </trkpt>
   <trkpt lat="48.6787670" lon="-2.9456600">
    <ele>102.0</ele>
    <time>2026-05-21T06:47:25Z</time>
   </trkpt>
   <trkpt lat="48.6787500" lon="-2.9455890">
    <ele>102.1</ele>
    <time>2026-05-21T06:47:26Z</time>
   </trkpt>
   <trkpt lat="48.6787270" lon="-2.9455230">
    <ele>102.2</ele>
    <time>2026-05-21T06:47:27Z</time>
   </trkpt>
   <trkpt lat="48.6787040" lon="-2.9454590">
    <ele>102.2</ele>
    <time>2026-05-21T06:47:28Z</time>
   </trkpt>
   <trkpt lat="48.6786880" lon="-2.9453940">
    <ele>102.3</ele>
    <time>2026-05-21T06:47:29Z</time>
   </trkpt>
   <trkpt lat="48.6786660" lon="-2.9453300">
    <ele>102.4</ele>
    <time>2026-05-21T06:47:30Z</time>
   </trkpt>
   <trkpt lat="48.6786410" lon="-2.9452650">
    <ele>102.5</ele>
    <time>2026-05-21T06:47:31Z</time>
   </trkpt>
   <trkpt lat="48.6786200" lon="-2.9451990">
    <ele>102.6</ele>
    <time>2026-05-21T06:47:32Z</time>
   </trkpt>
   <trkpt lat="48.6786010" lon="-2.9451280">
    <ele>102.7</ele>
    <time>2026-05-21T06:47:33Z</time>
   </trkpt>
   <trkpt lat="48.6785770" lon="-2.9450600">
    <ele>102.8</ele>
    <time>2026-05-21T06:47:34Z</time>
   </trkpt>
   <trkpt lat="48.6785580" lon="-2.9449930">
    <ele>103.0</ele>
    <time>2026-05-21T06:47:35Z</time>
   </trkpt>
   <trkpt lat="48.6785360" lon="-2.9449240">
    <ele>103.1</ele>
    <time>2026-05-21T06:47:36Z</time>
   </trkpt>
   <trkpt lat="48.6785100" lon="-2.9448660">
    <ele>103.2</ele>
    <time>2026-05-21T06:47:37Z</time>
   </trkpt>
   <trkpt lat="48.6784880" lon="-2.9448040">
    <ele>103.4</ele>
    <time>2026-05-21T06:47:38Z</time>
   </trkpt>
   <trkpt lat="48.6784650" lon="-2.9447420">
    <ele>103.5</ele>
    <time>2026-05-21T06:47:39Z</time>
   </trkpt>
   <trkpt lat="48.6784390" lon="-2.9446840">
    <ele>103.6</ele>
    <time>2026-05-21T06:47:40Z</time>
   </trkpt>
   <trkpt lat="48.6784120" lon="-2.9446210">
    <ele>103.8</ele>
    <time>2026-05-21T06:47:41Z</time>
   </trkpt>
   <trkpt lat="48.6783860" lon="-2.9445610">
    <ele>103.9</ele>
    <time>2026-05-21T06:47:42Z</time>
   </trkpt>
   <trkpt lat="48.6783490" lon="-2.9445130">
    <ele>104.1</ele>
    <time>2026-05-21T06:47:43Z</time>
   </trkpt>
   <trkpt lat="48.6783200" lon="-2.9444580">
    <ele>104.2</ele>
    <time>2026-05-21T06:47:44Z</time>
   </trkpt>
   <trkpt lat="48.6782910" lon="-2.9444050">
    <ele>104.4</ele>
    <time>2026-05-21T06:47:45Z</time>
   </trkpt>
   <trkpt lat="48.6782710" lon="-2.9443360">
    <ele>104.5</ele>
    <time>2026-05-21T06:47:46Z</time>
   </trkpt>
   <trkpt lat="48.6782480" lon="-2.9442760">
    <ele>104.7</ele>
    <time>2026-05-21T06:47:47Z</time>
   </trkpt>
   <trkpt lat="48.6782180" lon="-2.9442270">
    <ele>104.9</ele>
    <time>2026-05-21T06:47:48Z</time>
   </trkpt>
   <trkpt lat="48.6781920" lon="-2.9441770">
    <ele>105.0</ele>
    <time>2026-05-21T06:47:49Z</time>
   </trkpt>
   <trkpt lat="48.6781700" lon="-2.9441290">
    <ele>105.1</ele>
    <time>2026-05-21T06:47:50Z</time>
   </trkpt>
   <trkpt lat="48.6781460" lon="-2.9440740">
    <ele>105.3</ele>
    <time>2026-05-21T06:47:51Z</time>
   </trkpt>
   <trkpt lat="48.6781190" lon="-2.9440240">
    <ele>105.4</ele>
    <time>2026-05-21T06:47:52Z</time>
   </trkpt>
   <trkpt lat="48.6781050" lon="-2.9439630">
    <ele>105.6</ele>
    <time>2026-05-21T06:47:53Z</time>
   </trkpt>
   <trkpt lat="48.6780940" lon="-2.9439040">
    <ele>105.7</ele>
    <time>2026-05-21T06:47:54Z</time>
   </trkpt>
   <trkpt lat="48.6780820" lon="-2.9438450">
    <ele>105.8</ele>
    <time>2026-05-21T06:47:55Z</time>
   </trkpt>
   <trkpt lat="48.6780660" lon="-2.9437900">
    <ele>105.9</ele>
    <time>2026-05-21T06:47:56Z</time>
   </trkpt>
   <trkpt lat="48.6780400" lon="-2.9437400">
    <ele>106.0</ele>
    <time>2026-05-21T06:47:57Z</time>
   </trkpt>
   <trkpt lat="48.6780190" lon="-2.9436820">
    <ele>106.1</ele>
    <time>2026-05-21T06:47:58Z</time>
   </trkpt>
   <trkpt lat="48.6780050" lon="-2.9436190">
    <ele>106.2</ele>
    <time>2026-05-21T06:47:59Z</time>
   </trkpt>
   <trkpt lat="48.6779940" lon="-2.9435570">
    <ele>106.3</ele>
    <time>2026-05-21T06:48:00Z</time>
   </trkpt>
   <trkpt lat="48.6779810" lon="-2.9434970">
    <ele>106.4</ele>
    <time>2026-05-21T06:48:01Z</time>
   </trkpt>
   <trkpt lat="48.6779610" lon="-2.9434390">
    <ele>106.5</ele>
    <time>2026-05-21T06:48:02Z</time>
   </trkpt>
   <trkpt lat="48.6779450" lon="-2.9433770">
    <ele>106.6</ele>
    <time>2026-05-21T06:48:03Z</time>
   </trkpt>
   <trkpt lat="48.6779290" lon="-2.9433140">
    <ele>106.7</ele>
    <time>2026-05-21T06:48:04Z</time>
   </trkpt>
   <trkpt lat="48.6779120" lon="-2.9432470">
    <ele>106.8</ele>
    <time>2026-05-21T06:48:05Z</time>
   </trkpt>
   <trkpt lat="48.6778970" lon="-2.9431790">
    <ele>106.8</ele>
    <time>2026-05-21T06:48:06Z</time>
   </trkpt>
   <trkpt lat="48.6778790" lon="-2.9431130">
    <ele>106.9</ele>
    <time>2026-05-21T06:48:07Z</time>
   </trkpt>
   <trkpt lat="48.6778590" lon="-2.9430490">
    <ele>107.0</ele>
    <time>2026-05-21T06:48:08Z</time>
   </trkpt>
   <trkpt lat="48.6778340" lon="-2.9429870">
    <ele>107.1</ele>
    <time>2026-05-21T06:48:09Z</time>
   </trkpt>
   <trkpt lat="48.6778100" lon="-2.9429240">
    <ele>107.1</ele>
    <time>2026-05-21T06:48:10Z</time>
   </trkpt>
   <trkpt lat="48.6777860" lon="-2.9428600">
    <ele>107.2</ele>
    <time>2026-05-21T06:48:11Z</time>
   </trkpt>
   <trkpt lat="48.6777620" lon="-2.9427960">
    <ele>107.2</ele>
    <time>2026-05-21T06:48:12Z</time>
   </trkpt>
   <trkpt lat="48.6777360" lon="-2.9427340">
    <ele>107.3</ele>
    <time>2026-05-21T06:48:13Z</time>
   </trkpt>
   <trkpt lat="48.6777110" lon="-2.9426710">
    <ele>107.3</ele>
    <time>2026-05-21T06:48:14Z</time>
   </trkpt>
   <trkpt lat="48.6776870" lon="-2.9426060">
    <ele>107.3</ele>
    <time>2026-05-21T06:48:15Z</time>
   </trkpt>
   <trkpt lat="48.6776640" lon="-2.9425430">
    <ele>107.4</ele>
    <time>2026-05-21T06:48:16Z</time>
   </trkpt>
   <trkpt lat="48.6776400" lon="-2.9424790">
    <ele>107.4</ele>
    <time>2026-05-21T06:48:17Z</time>
   </trkpt>
   <trkpt lat="48.6776160" lon="-2.9424130">
    <ele>107.4</ele>
    <time>2026-05-21T06:48:18Z</time>
   </trkpt>
   <trkpt lat="48.6775930" lon="-2.9423470">
    <ele>107.5</ele>
    <time>2026-05-21T06:48:19Z</time>
   </trkpt>
   <trkpt lat="48.6775710" lon="-2.9422800">
    <ele>107.5</ele>
    <time>2026-05-21T06:48:20Z</time>
   </trkpt>
   <trkpt lat="48.6775470" lon="-2.9422130">
    <ele>107.5</ele>
    <time>2026-05-21T06:48:21Z</time>
   </trkpt>
   <trkpt lat="48.6775240" lon="-2.9421460">
    <ele>107.5</ele>
    <time>2026-05-21T06:48:22Z</time>
   </trkpt>
   <trkpt lat="48.6775020" lon="-2.9420780">
    <ele>107.5</ele>
    <time>2026-05-21T06:48:23Z</time>
   </trkpt>
   <trkpt lat="48.6774800" lon="-2.9420110">
    <ele>107.5</ele>
    <time>2026-05-21T06:48:25Z</time>
   </trkpt>
   <trkpt lat="48.6774360" lon="-2.9418680">
    <ele>107.5</ele>
    <time>2026-05-21T06:48:26Z</time>
   </trkpt>
   <trkpt lat="48.6774140" lon="-2.9417910">
    <ele>107.4</ele>
    <time>2026-05-21T06:48:28Z</time>
   </trkpt>
   <trkpt lat="48.6773890" lon="-2.9417060">
    <ele>107.4</ele>
    <time>2026-05-21T06:48:29Z</time>
   </trkpt>
   <trkpt lat="48.6773660" lon="-2.9416290">
    <ele>107.3</ele>
    <time>2026-05-21T06:48:30Z</time>
   </trkpt>
   <trkpt lat="48.6773440" lon="-2.9415480">
    <ele>107.2</ele>
    <time>2026-05-21T06:48:31Z</time>
   </trkpt>
   <trkpt lat="48.6773230" lon="-2.9414680">
    <ele>107.1</ele>
    <time>2026-05-21T06:48:32Z</time>
   </trkpt>
   <trkpt lat="48.6773040" lon="-2.9413850">
    <ele>106.9</ele>
    <time>2026-05-21T06:48:33Z</time>
   </trkpt>
   <trkpt lat="48.6772870" lon="-2.9412960">
    <ele>106.8</ele>
    <time>2026-05-21T06:48:34Z</time>
   </trkpt>
   <trkpt lat="48.6772750" lon="-2.9412070">
    <ele>106.6</ele>
    <time>2026-05-21T06:48:35Z</time>
   </trkpt>
   <trkpt lat="48.6772640" lon="-2.9411160">
    <ele>106.5</ele>
    <time>2026-05-21T06:48:36Z</time>
   </trkpt>
   <trkpt lat="48.6772530" lon="-2.9410200">
    <ele>106.3</ele>
    <time>2026-05-21T06:48:37Z</time>
   </trkpt>
   <trkpt lat="48.6772390" lon="-2.9409280">
    <ele>106.2</ele>
    <time>2026-05-21T06:48:38Z</time>
   </trkpt>
   <trkpt lat="48.6772190" lon="-2.9407290">
    <ele>105.8</ele>
    <time>2026-05-21T06:48:39Z</time>
   </trkpt>
   <trkpt lat="48.6772150" lon="-2.9406310">
    <ele>105.7</ele>
    <time>2026-05-21T06:48:40Z</time>
   </trkpt>
   <trkpt lat="48.6772100" lon="-2.9405270">
    <ele>105.5</ele>
    <time>2026-05-21T06:48:41Z</time>
   </trkpt>
   <trkpt lat="48.6772020" lon="-2.9404250">
    <ele>105.4</ele>
    <time>2026-05-21T06:48:42Z</time>
   </trkpt>
   <trkpt lat="48.6771920" lon="-2.9403270">
    <ele>105.2</ele>
    <time>2026-05-21T06:48:43Z</time>
   </trkpt>
   <trkpt lat="48.6771730" lon="-2.9402230">
    <ele>105.1</ele>
    <time>2026-05-21T06:48:44Z</time>
   </trkpt>
   <trkpt lat="48.6771560" lon="-2.9401240">
    <ele>104.9</ele>
    <time>2026-05-21T06:48:45Z</time>
   </trkpt>
   <trkpt lat="48.6771450" lon="-2.9400190">
    <ele>104.8</ele>
    <time>2026-05-21T06:48:46Z</time>
   </trkpt>
   <trkpt lat="48.6771350" lon="-2.9399130">
    <ele>104.6</ele>
    <time>2026-05-21T06:48:47Z</time>
   </trkpt>
   <trkpt lat="48.6771240" lon="-2.9398080">
    <ele>104.5</ele>
    <time>2026-05-21T06:48:48Z</time>
   </trkpt>
   <trkpt lat="48.6771150" lon="-2.9396990">
    <ele>104.3</ele>
    <time>2026-05-21T06:48:49Z</time>
   </trkpt>
   <trkpt lat="48.6770980" lon="-2.9395980">
    <ele>104.2</ele>
    <time>2026-05-21T06:48:50Z</time>
   </trkpt>
   <trkpt lat="48.6770770" lon="-2.9394930">
    <ele>104.1</ele>
    <time>2026-05-21T06:48:51Z</time>
   </trkpt>
   <trkpt lat="48.6770520" lon="-2.9393930">
    <ele>104.0</ele>
    <time>2026-05-21T06:48:52Z</time>
   </trkpt>
   <trkpt lat="48.6770270" lon="-2.9392950">
    <ele>103.8</ele>
    <time>2026-05-21T06:48:53Z</time>
   </trkpt>
   <trkpt lat="48.6769910" lon="-2.9392010">
    <ele>103.6</ele>
    <time>2026-05-21T06:48:54Z</time>
   </trkpt>
   <trkpt lat="48.6769590" lon="-2.9391050">
    <ele>103.4</ele>
    <time>2026-05-21T06:48:55Z</time>
   </trkpt>
   <trkpt lat="48.6769330" lon="-2.9390090">
    <ele>103.2</ele>
    <time>2026-05-21T06:48:56Z</time>
   </trkpt>
   <trkpt lat="48.6769030" lon="-2.9389090">
    <ele>103.0</ele>
    <time>2026-05-21T06:48:57Z</time>
   </trkpt>
   <trkpt lat="48.6768740" lon="-2.9388100">
    <ele>102.7</ele>
    <time>2026-05-21T06:48:58Z</time>
   </trkpt>
   <trkpt lat="48.6768440" lon="-2.9387120">
    <ele>102.5</ele>
    <time>2026-05-21T06:48:59Z</time>
   </trkpt>
   <trkpt lat="48.6768190" lon="-2.9386140">
    <ele>102.2</ele>
    <time>2026-05-21T06:49:00Z</time>
   </trkpt>
   <trkpt lat="48.6767880" lon="-2.9385150">
    <ele>102.0</ele>
    <time>2026-05-21T06:49:01Z</time>
   </trkpt>
   <trkpt lat="48.6767530" lon="-2.9384160">
    <ele>101.7</ele>
    <time>2026-05-21T06:49:02Z</time>
   </trkpt>
   <trkpt lat="48.6767130" lon="-2.9383290">
    <ele>101.5</ele>
    <time>2026-05-21T06:49:03Z</time>
   </trkpt>
   <trkpt lat="48.6766770" lon="-2.9382420">
    <ele>101.3</ele>
    <time>2026-05-21T06:49:04Z</time>
   </trkpt>
   <trkpt lat="48.6766470" lon="-2.9381460">
    <ele>101.1</ele>
    <time>2026-05-21T06:49:05Z</time>
   </trkpt>
   <trkpt lat="48.6766160" lon="-2.9380530">
    <ele>100.8</ele>
    <time>2026-05-21T06:49:06Z</time>
   </trkpt>
   <trkpt lat="48.6765880" lon="-2.9379590">
    <ele>100.6</ele>
    <time>2026-05-21T06:49:07Z</time>
   </trkpt>
   <trkpt lat="48.6765570" lon="-2.9378670">
    <ele>100.3</ele>
    <time>2026-05-21T06:49:08Z</time>
   </trkpt>
   <trkpt lat="48.6765280" lon="-2.9377680">
    <ele>100.1</ele>
    <time>2026-05-21T06:49:09Z</time>
   </trkpt>
   <trkpt lat="48.6764970" lon="-2.9376730">
    <ele>99.8</ele>
    <time>2026-05-21T06:49:10Z</time>
   </trkpt>
   <trkpt lat="48.6764630" lon="-2.9375750">
    <ele>99.5</ele>
    <time>2026-05-21T06:49:11Z</time>
   </trkpt>
   <trkpt lat="48.6764290" lon="-2.9374830">
    <ele>99.3</ele>
    <time>2026-05-21T06:49:12Z</time>
   </trkpt>
   <trkpt lat="48.6763920" lon="-2.9373950">
    <ele>99.3</ele>
    <time>2026-05-21T06:49:13Z</time>
   </trkpt>
   <trkpt lat="48.6763570" lon="-2.9373020">
    <ele>99.1</ele>
    <time>2026-05-21T06:49:14Z</time>
   </trkpt>
   <trkpt lat="48.6763270" lon="-2.9372020">
    <ele>98.9</ele>
    <time>2026-05-21T06:49:15Z</time>
   </trkpt>
   <trkpt lat="48.6762950" lon="-2.9371020">
    <ele>98.7</ele>
    <time>2026-05-21T06:49:16Z</time>
   </trkpt>
   <trkpt lat="48.6762630" lon="-2.9370030">
    <ele>98.4</ele>
    <time>2026-05-21T06:49:17Z</time>
   </trkpt>
   <trkpt lat="48.6762390" lon="-2.9368960">
    <ele>98.2</ele>
    <time>2026-05-21T06:49:18Z</time>
   </trkpt>
   <trkpt lat="48.6762170" lon="-2.9367890">
    <ele>98.0</ele>
    <time>2026-05-21T06:49:19Z</time>
   </trkpt>
   <trkpt lat="48.6761960" lon="-2.9366790">
    <ele>97.8</ele>
    <time>2026-05-21T06:49:20Z</time>
   </trkpt>
   <trkpt lat="48.6761770" lon="-2.9365700">
    <ele>97.7</ele>
    <time>2026-05-21T06:49:21Z</time>
   </trkpt>
   <trkpt lat="48.6761590" lon="-2.9364570">
    <ele>97.5</ele>
    <time>2026-05-21T06:49:22Z</time>
   </trkpt>
   <trkpt lat="48.6761460" lon="-2.9363450">
    <ele>97.3</ele>
    <time>2026-05-21T06:49:23Z</time>
   </trkpt>
   <trkpt lat="48.6761300" lon="-2.9362340">
    <ele>97.2</ele>
    <time>2026-05-21T06:49:24Z</time>
   </trkpt>
   <trkpt lat="48.6761090" lon="-2.9361280">
    <ele>97.0</ele>
    <time>2026-05-21T06:49:25Z</time>
   </trkpt>
   <trkpt lat="48.6760840" lon="-2.9360240">
    <ele>96.9</ele>
    <time>2026-05-21T06:49:26Z</time>
   </trkpt>
   <trkpt lat="48.6760530" lon="-2.9359260">
    <ele>96.7</ele>
    <time>2026-05-21T06:49:27Z</time>
   </trkpt>
   <trkpt lat="48.6760190" lon="-2.9358300">
    <ele>96.6</ele>
    <time>2026-05-21T06:49:28Z</time>
   </trkpt>
   <trkpt lat="48.6759840" lon="-2.9357450">
    <ele>96.5</ele>
    <time>2026-05-21T06:49:29Z</time>
   </trkpt>
   <trkpt lat="48.6759450" lon="-2.9356610">
    <ele>96.4</ele>
    <time>2026-05-21T06:49:30Z</time>
   </trkpt>
   <trkpt lat="48.6759060" lon="-2.9355790">
    <ele>96.2</ele>
    <time>2026-05-21T06:49:31Z</time>
   </trkpt>
   <trkpt lat="48.6758680" lon="-2.9355000">
    <ele>96.1</ele>
    <time>2026-05-21T06:49:32Z</time>
   </trkpt>
   <trkpt lat="48.6758300" lon="-2.9354270">
    <ele>96.0</ele>
    <time>2026-05-21T06:49:33Z</time>
   </trkpt>
   <trkpt lat="48.6757920" lon="-2.9353510">
    <ele>95.9</ele>
    <time>2026-05-21T06:49:34Z</time>
   </trkpt>
   <trkpt lat="48.6757550" lon="-2.9352860">
    <ele>95.9</ele>
    <time>2026-05-21T06:49:35Z</time>
   </trkpt>
   <trkpt lat="48.6757160" lon="-2.9352180">
    <ele>95.8</ele>
    <time>2026-05-21T06:49:36Z</time>
   </trkpt>
   <trkpt lat="48.6756730" lon="-2.9351530">
    <ele>95.7</ele>
    <time>2026-05-21T06:49:37Z</time>
   </trkpt>
   <trkpt lat="48.6756310" lon="-2.9350840">
    <ele>95.7</ele>
    <time>2026-05-21T06:49:38Z</time>
   </trkpt>
   <trkpt lat="48.6755910" lon="-2.9350220">
    <ele>95.6</ele>
    <time>2026-05-21T06:49:39Z</time>
   </trkpt>
   <trkpt lat="48.6755540" lon="-2.9349620">
    <ele>95.6</ele>
    <time>2026-05-21T06:49:40Z</time>
   </trkpt>
   <trkpt lat="48.6755210" lon="-2.9349140">
    <ele>95.6</ele>
    <time>2026-05-21T06:49:41Z</time>
   </trkpt>
   <trkpt lat="48.6754910" lon="-2.9348760">
    <ele>95.6</ele>
    <time>2026-05-21T06:49:42Z</time>
   </trkpt>
   <trkpt lat="48.6754680" lon="-2.9348470">
    <ele>95.6</ele>
    <time>2026-05-21T06:49:43Z</time>
   </trkpt>
   <trkpt lat="48.6754370" lon="-2.9348150">
    <ele>95.6</ele>
    <time>2026-05-21T06:49:44Z</time>
   </trkpt>
   <trkpt lat="48.6754270" lon="-2.9348080">
    <ele>95.6</ele>
    <time>2026-05-21T06:49:45Z</time>
   </trkpt>
   <trkpt lat="48.6754090" lon="-2.9347990">
    <ele>95.6</ele>
    <time>2026-05-21T06:49:46Z</time>
   </trkpt>
   <trkpt lat="48.6753940" lon="-2.9347870">
    <ele>95.6</ele>
    <time>2026-05-21T06:49:47Z</time>
   </trkpt>
   <trkpt lat="48.6753750" lon="-2.9347660">
    <ele>95.6</ele>
    <time>2026-05-21T06:49:48Z</time>
   </trkpt>
   <trkpt lat="48.6753680" lon="-2.9347560">
    <ele>95.6</ele>
    <time>2026-05-21T06:49:49Z</time>
   </trkpt>
   <trkpt lat="48.6753610" lon="-2.9347460">
    <ele>95.6</ele>
    <time>2026-05-21T06:49:50Z</time>
   </trkpt>
   <trkpt lat="48.6753400" lon="-2.9346910">
    <ele>95.6</ele>
    <time>2026-05-21T06:49:51Z</time>
   </trkpt>
   <trkpt lat="48.6753340" lon="-2.9346680">
    <ele>95.5</ele>
    <time>2026-05-21T06:49:52Z</time>
   </trkpt>
   <trkpt lat="48.6753270" lon="-2.9346070">
    <ele>95.5</ele>
    <time>2026-05-21T06:49:53Z</time>
   </trkpt>
   <trkpt lat="48.6753100" lon="-2.9345500">
    <ele>95.5</ele>
    <time>2026-05-21T06:49:54Z</time>
   </trkpt>
   <trkpt lat="48.6752780" lon="-2.9345040">
    <ele>95.4</ele>
    <time>2026-05-21T06:49:55Z</time>
   </trkpt>
   <trkpt lat="48.6752490" lon="-2.9344730">
    <ele>95.4</ele>
    <time>2026-05-21T06:49:56Z</time>
   </trkpt>
   <trkpt lat="48.6752160" lon="-2.9344390">
    <ele>95.3</ele>
    <time>2026-05-21T06:49:57Z</time>
   </trkpt>
   <trkpt lat="48.6751790" lon="-2.9344050">
    <ele>95.3</ele>
    <time>2026-05-21T06:49:58Z</time>
   </trkpt>
   <trkpt lat="48.6751370" lon="-2.9343800">
    <ele>95.1</ele>
    <time>2026-05-21T06:49:59Z</time>
   </trkpt>
   <trkpt lat="48.6750920" lon="-2.9343470">
    <ele>95.0</ele>
    <time>2026-05-21T06:50:00Z</time>
   </trkpt>
   <trkpt lat="48.6750460" lon="-2.9343070">
    <ele>94.9</ele>
    <time>2026-05-21T06:50:01Z</time>
   </trkpt>
   <trkpt lat="48.6750000" lon="-2.9342660">
    <ele>94.7</ele>
    <time>2026-05-21T06:50:02Z</time>
   </trkpt>
   <trkpt lat="48.6749520" lon="-2.9342270">
    <ele>94.6</ele>
    <time>2026-05-21T06:50:03Z</time>
   </trkpt>
   <trkpt lat="48.6749030" lon="-2.9341860">
    <ele>94.4</ele>
    <time>2026-05-21T06:50:04Z</time>
   </trkpt>
   <trkpt lat="48.6748510" lon="-2.9341410">
    <ele>94.2</ele>
    <time>2026-05-21T06:50:05Z</time>
   </trkpt>
   <trkpt lat="48.6747990" lon="-2.9341000">
    <ele>94.0</ele>
    <time>2026-05-21T06:50:06Z</time>
   </trkpt>
   <trkpt lat="48.6747470" lon="-2.9340580">
    <ele>93.8</ele>
    <time>2026-05-21T06:50:07Z</time>
   </trkpt>
   <trkpt lat="48.6746940" lon="-2.9340130">
    <ele>93.6</ele>
    <time>2026-05-21T06:50:08Z</time>
   </trkpt>
   <trkpt lat="48.6746450" lon="-2.9339680">
    <ele>93.4</ele>
    <time>2026-05-21T06:50:09Z</time>
   </trkpt>
   <trkpt lat="48.6745890" lon="-2.9339170">
    <ele>93.2</ele>
    <time>2026-05-21T06:50:10Z</time>
   </trkpt>
   <trkpt lat="48.6745330" lon="-2.9338770">
    <ele>92.9</ele>
    <time>2026-05-21T06:50:11Z</time>
   </trkpt>
   <trkpt lat="48.6744780" lon="-2.9338300">
    <ele>92.6</ele>
    <time>2026-05-21T06:50:12Z</time>
   </trkpt>
   <trkpt lat="48.6744270" lon="-2.9337750">
    <ele>92.3</ele>
    <time>2026-05-21T06:50:13Z</time>
   </trkpt>
   <trkpt lat="48.6743730" lon="-2.9337170">
    <ele>92.0</ele>
    <time>2026-05-21T06:50:14Z</time>
   </trkpt>
   <trkpt lat="48.6743240" lon="-2.9336560">
    <ele>91.7</ele>
    <time>2026-05-21T06:50:15Z</time>
   </trkpt>
   <trkpt lat="48.6742710" lon="-2.9335910">
    <ele>91.3</ele>
    <time>2026-05-21T06:50:16Z</time>
   </trkpt>
   <trkpt lat="48.6742160" lon="-2.9335260">
    <ele>91.0</ele>
    <time>2026-05-21T06:50:17Z</time>
   </trkpt>
   <trkpt lat="48.6741640" lon="-2.9334580">
    <ele>90.8</ele>
    <time>2026-05-21T06:50:18Z</time>
   </trkpt>
   <trkpt lat="48.6741140" lon="-2.9333950">
    <ele>90.5</ele>
    <time>2026-05-21T06:50:19Z</time>
   </trkpt>
   <trkpt lat="48.6740660" lon="-2.9333330">
    <ele>90.3</ele>
    <time>2026-05-21T06:50:20Z</time>
   </trkpt>
   <trkpt lat="48.6740200" lon="-2.9332760">
    <ele>90.1</ele>
    <time>2026-05-21T06:50:21Z</time>
   </trkpt>
   <trkpt lat="48.6739790" lon="-2.9332310">
    <ele>90.0</ele>
    <time>2026-05-21T06:50:22Z</time>
   </trkpt>
   <trkpt lat="48.6739450" lon="-2.9331920">
    <ele>89.8</ele>
    <time>2026-05-21T06:50:23Z</time>
   </trkpt>
   <trkpt lat="48.6739080" lon="-2.9331450">
    <ele>89.7</ele>
    <time>2026-05-21T06:50:24Z</time>
   </trkpt>
   <trkpt lat="48.6738670" lon="-2.9331040">
    <ele>89.6</ele>
    <time>2026-05-21T06:50:25Z</time>
   </trkpt>
   <trkpt lat="48.6738240" lon="-2.9330550">
    <ele>89.4</ele>
    <time>2026-05-21T06:50:26Z</time>
   </trkpt>
   <trkpt lat="48.6737850" lon="-2.9329940">
    <ele>88.9</ele>
    <time>2026-05-21T06:50:27Z</time>
   </trkpt>
   <trkpt lat="48.6737400" lon="-2.9329280">
    <ele>88.3</ele>
    <time>2026-05-21T06:50:28Z</time>
   </trkpt>
   <trkpt lat="48.6736840" lon="-2.9328690">
    <ele>87.7</ele>
    <time>2026-05-21T06:50:29Z</time>
   </trkpt>
   <trkpt lat="48.6736310" lon="-2.9327970">
    <ele>87.1</ele>
    <time>2026-05-21T06:50:31Z</time>
   </trkpt>
   <trkpt lat="48.6735690" lon="-2.9327240">
    <ele>86.5</ele>
    <time>2026-05-21T06:50:32Z</time>
   </trkpt>
   <trkpt lat="48.6735150" lon="-2.9326450">
    <ele>85.9</ele>
    <time>2026-05-21T06:50:33Z</time>
   </trkpt>
   <trkpt lat="48.6734630" lon="-2.9325710">
    <ele>85.3</ele>
    <time>2026-05-21T06:50:34Z</time>
   </trkpt>
   <trkpt lat="48.6734040" lon="-2.9325060">
    <ele>84.8</ele>
    <time>2026-05-21T06:50:35Z</time>
   </trkpt>
   <trkpt lat="48.6733610" lon="-2.9324330">
    <ele>84.3</ele>
    <time>2026-05-21T06:50:36Z</time>
   </trkpt>
   <trkpt lat="48.6733370" lon="-2.9323520">
    <ele>83.9</ele>
    <time>2026-05-21T06:50:37Z</time>
   </trkpt>
   <trkpt lat="48.6733300" lon="-2.9322370">
    <ele>83.5</ele>
    <time>2026-05-21T06:50:38Z</time>
   </trkpt>
   <trkpt lat="48.6733290" lon="-2.9321230">
    <ele>83.1</ele>
    <time>2026-05-21T06:50:39Z</time>
   </trkpt>
   <trkpt lat="48.6733380" lon="-2.9320180">
    <ele>82.8</ele>
    <time>2026-05-21T06:50:40Z</time>
   </trkpt>
   <trkpt lat="48.6733540" lon="-2.9319390">
    <ele>82.6</ele>
    <time>2026-05-21T06:50:41Z</time>
   </trkpt>
   <trkpt lat="48.6733690" lon="-2.9318700">
    <ele>82.5</ele>
    <time>2026-05-21T06:50:42Z</time>
   </trkpt>
   <trkpt lat="48.6733760" lon="-2.9318160">
    <ele>82.4</ele>
    <time>2026-05-21T06:50:43Z</time>
   </trkpt>
   <trkpt lat="48.6733800" lon="-2.9317690">
    <ele>82.4</ele>
    <time>2026-05-21T06:50:44Z</time>
   </trkpt>
   <trkpt lat="48.6733650" lon="-2.9317040">
    <ele>82.1</ele>
    <time>2026-05-21T06:50:45Z</time>
   </trkpt>
   <trkpt lat="48.6733510" lon="-2.9316810">
    <ele>82.1</ele>
    <time>2026-05-21T06:50:46Z</time>
   </trkpt>
   <trkpt lat="48.6733240" lon="-2.9316520">
    <ele>82.0</ele>
    <time>2026-05-21T06:50:47Z</time>
   </trkpt>
   <trkpt lat="48.6732870" lon="-2.9316420">
    <ele>82.0</ele>
    <time>2026-05-21T06:50:48Z</time>
   </trkpt>
   <trkpt lat="48.6732480" lon="-2.9316410">
    <ele>81.9</ele>
    <time>2026-05-21T06:50:49Z</time>
   </trkpt>
   <trkpt lat="48.6732060" lon="-2.9316520">
    <ele>81.8</ele>
    <time>2026-05-21T06:50:50Z</time>
   </trkpt>
   <trkpt lat="48.6731610" lon="-2.9316560">
    <ele>81.8</ele>
    <time>2026-05-21T06:50:51Z</time>
   </trkpt>
   <trkpt lat="48.6731150" lon="-2.9316660">
    <ele>81.7</ele>
    <time>2026-05-21T06:50:52Z</time>
   </trkpt>
   <trkpt lat="48.6730690" lon="-2.9316680">
    <ele>81.6</ele>
    <time>2026-05-21T06:50:53Z</time>
   </trkpt>
   <trkpt lat="48.6730200" lon="-2.9316680">
    <ele>81.6</ele>
    <time>2026-05-21T06:50:54Z</time>
   </trkpt>
   <trkpt lat="48.6729690" lon="-2.9316730">
    <ele>81.5</ele>
    <time>2026-05-21T06:50:55Z</time>
   </trkpt>
   <trkpt lat="48.6729180" lon="-2.9316760">
    <ele>81.5</ele>
    <time>2026-05-21T06:50:56Z</time>
   </trkpt>
   <trkpt lat="48.6728650" lon="-2.9316780">
    <ele>81.5</ele>
    <time>2026-05-21T06:50:57Z</time>
   </trkpt>
   <trkpt lat="48.6728090" lon="-2.9316830">
    <ele>81.5</ele>
    <time>2026-05-21T06:50:58Z</time>
   </trkpt>
   <trkpt lat="48.6727550" lon="-2.9316900">
    <ele>81.4</ele>
    <time>2026-05-21T06:50:59Z</time>
   </trkpt>
   <trkpt lat="48.6726990" lon="-2.9316920">
    <ele>81.4</ele>
    <time>2026-05-21T06:51:00Z</time>
   </trkpt>
   <trkpt lat="48.6726430" lon="-2.9316990">
    <ele>81.4</ele>
    <time>2026-05-21T06:51:01Z</time>
   </trkpt>
   <trkpt lat="48.6725840" lon="-2.9317000">
    <ele>81.4</ele>
    <time>2026-05-21T06:51:02Z</time>
   </trkpt>
   <trkpt lat="48.6725240" lon="-2.9317000">
    <ele>81.3</ele>
    <time>2026-05-21T06:51:03Z</time>
   </trkpt>
   <trkpt lat="48.6724630" lon="-2.9317010">
    <ele>81.3</ele>
    <time>2026-05-21T06:51:04Z</time>
   </trkpt>
   <trkpt lat="48.6724040" lon="-2.9316980">
    <ele>81.3</ele>
    <time>2026-05-21T06:51:05Z</time>
   </trkpt>
   <trkpt lat="48.6723430" lon="-2.9316930">
    <ele>81.2</ele>
    <time>2026-05-21T06:51:06Z</time>
   </trkpt>
   <trkpt lat="48.6722810" lon="-2.9316860">
    <ele>81.2</ele>
    <time>2026-05-21T06:51:07Z</time>
   </trkpt>
   <trkpt lat="48.6722190" lon="-2.9316800">
    <ele>81.2</ele>
    <time>2026-05-21T06:51:08Z</time>
   </trkpt>
   <trkpt lat="48.6721580" lon="-2.9316750">
    <ele>81.1</ele>
    <time>2026-05-21T06:51:09Z</time>
   </trkpt>
   <trkpt lat="48.6720980" lon="-2.9316590">
    <ele>81.0</ele>
    <time>2026-05-21T06:51:10Z</time>
   </trkpt>
   <trkpt lat="48.6720420" lon="-2.9316440">
    <ele>81.0</ele>
    <time>2026-05-21T06:51:11Z</time>
   </trkpt>
   <trkpt lat="48.6719850" lon="-2.9316300">
    <ele>80.9</ele>
    <time>2026-05-21T06:51:12Z</time>
   </trkpt>
   <trkpt lat="48.6719280" lon="-2.9316220">
    <ele>80.8</ele>
    <time>2026-05-21T06:51:13Z</time>
   </trkpt>
   <trkpt lat="48.6718700" lon="-2.9316060">
    <ele>80.6</ele>
    <time>2026-05-21T06:51:14Z</time>
   </trkpt>
   <trkpt lat="48.6718140" lon="-2.9315850">
    <ele>80.5</ele>
    <time>2026-05-21T06:51:15Z</time>
   </trkpt>
   <trkpt lat="48.6717520" lon="-2.9315650">
    <ele>80.3</ele>
    <time>2026-05-21T06:51:16Z</time>
   </trkpt>
   <trkpt lat="48.6716880" lon="-2.9315440">
    <ele>80.1</ele>
    <time>2026-05-21T06:51:17Z</time>
   </trkpt>
   <trkpt lat="48.6716250" lon="-2.9315170">
    <ele>79.9</ele>
    <time>2026-05-21T06:51:18Z</time>
   </trkpt>
   <trkpt lat="48.6715620" lon="-2.9314860">
    <ele>79.7</ele>
    <time>2026-05-21T06:51:19Z</time>
   </trkpt>
   <trkpt lat="48.6714970" lon="-2.9314550">
    <ele>79.5</ele>
    <time>2026-05-21T06:51:20Z</time>
   </trkpt>
   <trkpt lat="48.6714300" lon="-2.9314190">
    <ele>79.2</ele>
    <time>2026-05-21T06:51:21Z</time>
   </trkpt>
   <trkpt lat="48.6713640" lon="-2.9313830">
    <ele>79.0</ele>
    <time>2026-05-21T06:51:22Z</time>
   </trkpt>
   <trkpt lat="48.6712950" lon="-2.9313400">
    <ele>78.7</ele>
    <time>2026-05-21T06:51:23Z</time>
   </trkpt>
   <trkpt lat="48.6712250" lon="-2.9312950">
    <ele>78.3</ele>
    <time>2026-05-21T06:51:24Z</time>
   </trkpt>
   <trkpt lat="48.6711570" lon="-2.9312440">
    <ele>78.0</ele>
    <time>2026-05-21T06:51:25Z</time>
   </trkpt>
   <trkpt lat="48.6710890" lon="-2.9311920">
    <ele>77.7</ele>
    <time>2026-05-21T06:51:26Z</time>
   </trkpt>
   <trkpt lat="48.6710220" lon="-2.9311390">
    <ele>77.4</ele>
    <time>2026-05-21T06:51:27Z</time>
   </trkpt>
   <trkpt lat="48.6709560" lon="-2.9310830">
    <ele>77.1</ele>
    <time>2026-05-21T06:51:28Z</time>
   </trkpt>
   <trkpt lat="48.6708910" lon="-2.9310250">
    <ele>76.8</ele>
    <time>2026-05-21T06:51:29Z</time>
   </trkpt>
   <trkpt lat="48.6708250" lon="-2.9309690">
    <ele>76.5</ele>
    <time>2026-05-21T06:51:30Z</time>
   </trkpt>
   <trkpt lat="48.6707590" lon="-2.9309080">
    <ele>76.2</ele>
    <time>2026-05-21T06:51:31Z</time>
   </trkpt>
   <trkpt lat="48.6706950" lon="-2.9308410">
    <ele>75.9</ele>
    <time>2026-05-21T06:51:32Z</time>
   </trkpt>
   <trkpt lat="48.6706330" lon="-2.9307700">
    <ele>75.6</ele>
    <time>2026-05-21T06:51:33Z</time>
   </trkpt>
   <trkpt lat="48.6705700" lon="-2.9306980">
    <ele>75.3</ele>
    <time>2026-05-21T06:51:34Z</time>
   </trkpt>
   <trkpt lat="48.6705070" lon="-2.9306250">
    <ele>75.0</ele>
    <time>2026-05-21T06:51:35Z</time>
   </trkpt>
   <trkpt lat="48.6704490" lon="-2.9305440">
    <ele>74.7</ele>
    <time>2026-05-21T06:51:36Z</time>
   </trkpt>
   <trkpt lat="48.6703920" lon="-2.9304680">
    <ele>74.5</ele>
    <time>2026-05-21T06:51:37Z</time>
   </trkpt>
   <trkpt lat="48.6703470" lon="-2.9303980">
    <ele>74.3</ele>
    <time>2026-05-21T06:51:38Z</time>
   </trkpt>
   <trkpt lat="48.6703020" lon="-2.9303540">
    <ele>74.1</ele>
    <time>2026-05-21T06:51:39Z</time>
   </trkpt>
   <trkpt lat="48.6702520" lon="-2.9303370">
    <ele>74.0</ele>
    <time>2026-05-21T06:51:40Z</time>
   </trkpt>
   <trkpt lat="48.6701970" lon="-2.9303570">
    <ele>73.5</ele>
    <time>2026-05-21T06:51:41Z</time>
   </trkpt>
   <trkpt lat="48.6701430" lon="-2.9304170">
    <ele>73.1</ele>
    <time>2026-05-21T06:51:42Z</time>
   </trkpt>
   <trkpt lat="48.6701010" lon="-2.9304970">
    <ele>72.7</ele>
    <time>2026-05-21T06:51:43Z</time>
   </trkpt>
   <trkpt lat="48.6700510" lon="-2.9305660">
    <ele>72.2</ele>
    <time>2026-05-21T06:51:44Z</time>
   </trkpt>
   <trkpt lat="48.6699990" lon="-2.9306330">
    <ele>71.8</ele>
    <time>2026-05-21T06:51:45Z</time>
   </trkpt>
   <trkpt lat="48.6699440" lon="-2.9307010">
    <ele>71.3</ele>
    <time>2026-05-21T06:51:46Z</time>
   </trkpt>
   <trkpt lat="48.6698810" lon="-2.9307650">
    <ele>70.8</ele>
    <time>2026-05-21T06:51:47Z</time>
   </trkpt>
   <trkpt lat="48.6698140" lon="-2.9308290">
    <ele>70.3</ele>
    <time>2026-05-21T06:51:48Z</time>
   </trkpt>
   <trkpt lat="48.6697360" lon="-2.9308760">
    <ele>69.9</ele>
    <time>2026-05-21T06:51:49Z</time>
   </trkpt>
   <trkpt lat="48.6696520" lon="-2.9309100">
    <ele>69.5</ele>
    <time>2026-05-21T06:51:50Z</time>
   </trkpt>
   <trkpt lat="48.6695640" lon="-2.9309320">
    <ele>69.1</ele>
    <time>2026-05-21T06:51:51Z</time>
   </trkpt>
   <trkpt lat="48.6694750" lon="-2.9309520">
    <ele>68.7</ele>
    <time>2026-05-21T06:51:52Z</time>
   </trkpt>
   <trkpt lat="48.6693840" lon="-2.9309670">
    <ele>68.4</ele>
    <time>2026-05-21T06:51:53Z</time>
   </trkpt>
   <trkpt lat="48.6692920" lon="-2.9309830">
    <ele>68.1</ele>
    <time>2026-05-21T06:51:54Z</time>
   </trkpt>
   <trkpt lat="48.6691990" lon="-2.9309980">
    <ele>67.9</ele>
    <time>2026-05-21T06:51:55Z</time>
   </trkpt>
   <trkpt lat="48.6691070" lon="-2.9310170">
    <ele>67.8</ele>
    <time>2026-05-21T06:51:56Z</time>
   </trkpt>
   <trkpt lat="48.6690150" lon="-2.9310360">
    <ele>67.7</ele>
    <time>2026-05-21T06:51:57Z</time>
   </trkpt>
   <trkpt lat="48.6689270" lon="-2.9310620">
    <ele>67.8</ele>
    <time>2026-05-21T06:51:58Z</time>
   </trkpt>
   <trkpt lat="48.6688450" lon="-2.9310980">
    <ele>67.9</ele>
    <time>2026-05-21T06:51:59Z</time>
   </trkpt>
   <trkpt lat="48.6687620" lon="-2.9311380">
    <ele>68.0</ele>
    <time>2026-05-21T06:52:00Z</time>
   </trkpt>
   <trkpt lat="48.6686820" lon="-2.9311770">
    <ele>68.0</ele>
    <time>2026-05-21T06:52:01Z</time>
   </trkpt>
   <trkpt lat="48.6686050" lon="-2.9312160">
    <ele>68.1</ele>
    <time>2026-05-21T06:52:02Z</time>
   </trkpt>
   <trkpt lat="48.6685290" lon="-2.9312480">
    <ele>68.1</ele>
    <time>2026-05-21T06:52:03Z</time>
   </trkpt>
   <trkpt lat="48.6684540" lon="-2.9312700">
    <ele>68.2</ele>
    <time>2026-05-21T06:52:04Z</time>
   </trkpt>
   <trkpt lat="48.6683790" lon="-2.9312880">
    <ele>68.2</ele>
    <time>2026-05-21T06:52:05Z</time>
   </trkpt>
   <trkpt lat="48.6683090" lon="-2.9313010">
    <ele>68.3</ele>
    <time>2026-05-21T06:52:06Z</time>
   </trkpt>
   <trkpt lat="48.6682400" lon="-2.9313060">
    <ele>68.4</ele>
    <time>2026-05-21T06:52:07Z</time>
   </trkpt>
   <trkpt lat="48.6681720" lon="-2.9313080">
    <ele>68.4</ele>
    <time>2026-05-21T06:52:08Z</time>
   </trkpt>
   <trkpt lat="48.6681040" lon="-2.9313140">
    <ele>68.5</ele>
    <time>2026-05-21T06:52:09Z</time>
   </trkpt>
   <trkpt lat="48.6680370" lon="-2.9313280">
    <ele>68.6</ele>
    <time>2026-05-21T06:52:10Z</time>
   </trkpt>
   <trkpt lat="48.6679700" lon="-2.9313490">
    <ele>68.8</ele>
    <time>2026-05-21T06:52:11Z</time>
   </trkpt>
   <trkpt lat="48.6679040" lon="-2.9313710">
    <ele>68.9</ele>
    <time>2026-05-21T06:52:12Z</time>
   </trkpt>
   <trkpt lat="48.6678370" lon="-2.9313960">
    <ele>69.0</ele>
    <time>2026-05-21T06:52:13Z</time>
   </trkpt>
   <trkpt lat="48.6677720" lon="-2.9314200">
    <ele>69.2</ele>
    <time>2026-05-21T06:52:14Z</time>
   </trkpt>
   <trkpt lat="48.6677090" lon="-2.9314500">
    <ele>69.4</ele>
    <time>2026-05-21T06:52:15Z</time>
   </trkpt>
   <trkpt lat="48.6676460" lon="-2.9314790">
    <ele>69.6</ele>
    <time>2026-05-21T06:52:16Z</time>
   </trkpt>
   <trkpt lat="48.6675810" lon="-2.9315070">
    <ele>69.8</ele>
    <time>2026-05-21T06:52:17Z</time>
   </trkpt>
   <trkpt lat="48.6675160" lon="-2.9315330">
    <ele>70.0</ele>
    <time>2026-05-21T06:52:18Z</time>
   </trkpt>
   <trkpt lat="48.6674490" lon="-2.9315500">
    <ele>70.2</ele>
    <time>2026-05-21T06:52:19Z</time>
   </trkpt>
   <trkpt lat="48.6673840" lon="-2.9315600">
    <ele>70.4</ele>
    <time>2026-05-21T06:52:20Z</time>
   </trkpt>
   <trkpt lat="48.6673200" lon="-2.9315630">
    <ele>70.5</ele>
    <time>2026-05-21T06:52:21Z</time>
   </trkpt>
   <trkpt lat="48.6672580" lon="-2.9315570">
    <ele>70.6</ele>
    <time>2026-05-21T06:52:22Z</time>
   </trkpt>
   <trkpt lat="48.6671950" lon="-2.9315500">
    <ele>70.7</ele>
    <time>2026-05-21T06:52:23Z</time>
   </trkpt>
   <trkpt lat="48.6671330" lon="-2.9315440">
    <ele>70.7</ele>
    <time>2026-05-21T06:52:24Z</time>
   </trkpt>
   <trkpt lat="48.6670710" lon="-2.9315340">
    <ele>70.7</ele>
    <time>2026-05-21T06:52:25Z</time>
   </trkpt>
   <trkpt lat="48.6670080" lon="-2.9315180">
    <ele>70.6</ele>
    <time>2026-05-21T06:52:26Z</time>
   </trkpt>
   <trkpt lat="48.6669450" lon="-2.9315050">
    <ele>70.5</ele>
    <time>2026-05-21T06:52:27Z</time>
   </trkpt>
   <trkpt lat="48.6668780" lon="-2.9314870">
    <ele>70.4</ele>
    <time>2026-05-21T06:52:28Z</time>
   </trkpt>
   <trkpt lat="48.6668090" lon="-2.9314620">
    <ele>70.3</ele>
    <time>2026-05-21T06:52:29Z</time>
   </trkpt>
   <trkpt lat="48.6667400" lon="-2.9314380">
    <ele>70.1</ele>
    <time>2026-05-21T06:52:30Z</time>
   </trkpt>
   <trkpt lat="48.6666680" lon="-2.9314090">
    <ele>70.0</ele>
    <time>2026-05-21T06:52:31Z</time>
   </trkpt>
   <trkpt lat="48.6665960" lon="-2.9313860">
    <ele>69.9</ele>
    <time>2026-05-21T06:52:32Z</time>
   </trkpt>
   <trkpt lat="48.6665220" lon="-2.9313650">
    <ele>69.8</ele>
    <time>2026-05-21T06:52:33Z</time>
   </trkpt>
   <trkpt lat="48.6664490" lon="-2.9313450">
    <ele>69.7</ele>
    <time>2026-05-21T06:52:34Z</time>
   </trkpt>
   <trkpt lat="48.6663730" lon="-2.9313230">
    <ele>69.6</ele>
    <time>2026-05-21T06:52:35Z</time>
   </trkpt>
   <trkpt lat="48.6663000" lon="-2.9313070">
    <ele>69.5</ele>
    <time>2026-05-21T06:52:37Z</time>
   </trkpt>
   <trkpt lat="48.6662230" lon="-2.9312960">
    <ele>69.5</ele>
    <time>2026-05-21T06:52:38Z</time>
   </trkpt>
   <trkpt lat="48.6661520" lon="-2.9312800">
    <ele>69.4</ele>
    <time>2026-05-21T06:52:39Z</time>
   </trkpt>
   <trkpt lat="48.6660760" lon="-2.9312740">
    <ele>69.3</ele>
    <time>2026-05-21T06:52:40Z</time>
   </trkpt>
   <trkpt lat="48.6659310" lon="-2.9312550">
    <ele>69.0</ele>
    <time>2026-05-21T06:52:41Z</time>
   </trkpt>
   <trkpt lat="48.6658550" lon="-2.9312510">
    <ele>68.8</ele>
    <time>2026-05-21T06:52:42Z</time>
   </trkpt>
   <trkpt lat="48.6657800" lon="-2.9312460">
    <ele>68.5</ele>
    <time>2026-05-21T06:52:43Z</time>
   </trkpt>
   <trkpt lat="48.6657000" lon="-2.9312240">
    <ele>68.2</ele>
    <time>2026-05-21T06:52:44Z</time>
   </trkpt>
   <trkpt lat="48.6656170" lon="-2.9312100">
    <ele>67.8</ele>
    <time>2026-05-21T06:52:45Z</time>
   </trkpt>
   <trkpt lat="48.6654550" lon="-2.9311500">
    <ele>66.8</ele>
    <time>2026-05-21T06:52:47Z</time>
   </trkpt>
   <trkpt lat="48.6653740" lon="-2.9311300">
    <ele>66.3</ele>
    <time>2026-05-21T06:52:48Z</time>
   </trkpt>
   <trkpt lat="48.6652040" lon="-2.9311330">
    <ele>65.3</ele>
    <time>2026-05-21T06:52:50Z</time>
   </trkpt>
   <trkpt lat="48.6651210" lon="-2.9311670">
    <ele>64.8</ele>
    <time>2026-05-21T06:52:51Z</time>
   </trkpt>
   <trkpt lat="48.6650360" lon="-2.9312280">
    <ele>64.5</ele>
    <time>2026-05-21T06:52:52Z</time>
   </trkpt>
   <trkpt lat="48.6649610" lon="-2.9313040">
    <ele>64.1</ele>
    <time>2026-05-21T06:52:53Z</time>
   </trkpt>
   <trkpt lat="48.6648940" lon="-2.9313900">
    <ele>63.7</ele>
    <time>2026-05-21T06:52:54Z</time>
   </trkpt>
   <trkpt lat="48.6648220" lon="-2.9314780">
    <ele>63.3</ele>
    <time>2026-05-21T06:52:55Z</time>
   </trkpt>
   <trkpt lat="48.6647580" lon="-2.9315730">
    <ele>62.9</ele>
    <time>2026-05-21T06:52:56Z</time>
   </trkpt>
   <trkpt lat="48.6646910" lon="-2.9316680">
    <ele>62.6</ele>
    <time>2026-05-21T06:52:57Z</time>
   </trkpt>
   <trkpt lat="48.6646250" lon="-2.9317640">
    <ele>62.3</ele>
    <time>2026-05-21T06:52:58Z</time>
   </trkpt>
   <trkpt lat="48.6645610" lon="-2.9318640">
    <ele>62.2</ele>
    <time>2026-05-21T06:52:59Z</time>
   </trkpt>
   <trkpt lat="48.6645010" lon="-2.9319660">
    <ele>62.1</ele>
    <time>2026-05-21T06:53:00Z</time>
   </trkpt>
   <trkpt lat="48.6644410" lon="-2.9320530">
    <ele>62.1</ele>
    <time>2026-05-21T06:53:01Z</time>
   </trkpt>
   <trkpt lat="48.6643730" lon="-2.9321370">
    <ele>62.3</ele>
    <time>2026-05-21T06:53:02Z</time>
   </trkpt>
   <trkpt lat="48.6643010" lon="-2.9322200">
    <ele>62.4</ele>
    <time>2026-05-21T06:53:03Z</time>
   </trkpt>
   <trkpt lat="48.6642330" lon="-2.9322870">
    <ele>62.6</ele>
    <time>2026-05-21T06:53:04Z</time>
   </trkpt>
   <trkpt lat="48.6641620" lon="-2.9323480">
    <ele>62.9</ele>
    <time>2026-05-21T06:53:05Z</time>
   </trkpt>
   <trkpt lat="48.6640920" lon="-2.9324130">
    <ele>63.1</ele>
    <time>2026-05-21T06:53:06Z</time>
   </trkpt>
   <trkpt lat="48.6640240" lon="-2.9324750">
    <ele>63.3</ele>
    <time>2026-05-21T06:53:07Z</time>
   </trkpt>
   <trkpt lat="48.6639580" lon="-2.9325320">
    <ele>63.4</ele>
    <time>2026-05-21T06:53:08Z</time>
   </trkpt>
   <trkpt lat="48.6638890" lon="-2.9325900">
    <ele>63.4</ele>
    <time>2026-05-21T06:53:09Z</time>
   </trkpt>
   <trkpt lat="48.6638220" lon="-2.9326480">
    <ele>63.4</ele>
    <time>2026-05-21T06:53:10Z</time>
   </trkpt>
   <trkpt lat="48.6637540" lon="-2.9327090">
    <ele>63.5</ele>
    <time>2026-05-21T06:53:11Z</time>
   </trkpt>
   <trkpt lat="48.6636850" lon="-2.9327700">
    <ele>63.5</ele>
    <time>2026-05-21T06:53:12Z</time>
   </trkpt>
   <trkpt lat="48.6636150" lon="-2.9328330">
    <ele>63.6</ele>
    <time>2026-05-21T06:53:13Z</time>
   </trkpt>
   <trkpt lat="48.6635500" lon="-2.9328890">
    <ele>63.8</ele>
    <time>2026-05-21T06:53:14Z</time>
   </trkpt>
   <trkpt lat="48.6634800" lon="-2.9329380">
    <ele>64.0</ele>
    <time>2026-05-21T06:53:15Z</time>
   </trkpt>
   <trkpt lat="48.6634150" lon="-2.9329950">
    <ele>64.2</ele>
    <time>2026-05-21T06:53:16Z</time>
   </trkpt>
   <trkpt lat="48.6633520" lon="-2.9330360">
    <ele>64.6</ele>
    <time>2026-05-21T06:53:17Z</time>
   </trkpt>
   <trkpt lat="48.6632890" lon="-2.9330760">
    <ele>64.9</ele>
    <time>2026-05-21T06:53:18Z</time>
   </trkpt>
   <trkpt lat="48.6632230" lon="-2.9331020">
    <ele>65.3</ele>
    <time>2026-05-21T06:53:19Z</time>
   </trkpt>
   <trkpt lat="48.6631570" lon="-2.9331190">
    <ele>65.7</ele>
    <time>2026-05-21T06:53:20Z</time>
   </trkpt>
   <trkpt lat="48.6630940" lon="-2.9331300">
    <ele>66.2</ele>
    <time>2026-05-21T06:53:21Z</time>
   </trkpt>
   <trkpt lat="48.6630350" lon="-2.9331430">
    <ele>66.6</ele>
    <time>2026-05-21T06:53:22Z</time>
   </trkpt>
   <trkpt lat="48.6629790" lon="-2.9331430">
    <ele>67.0</ele>
    <time>2026-05-21T06:53:23Z</time>
   </trkpt>
   <trkpt lat="48.6629220" lon="-2.9331290">
    <ele>67.4</ele>
    <time>2026-05-21T06:53:24Z</time>
   </trkpt>
   <trkpt lat="48.6628680" lon="-2.9331120">
    <ele>67.8</ele>
    <time>2026-05-21T06:53:25Z</time>
   </trkpt>
   <trkpt lat="48.6628130" lon="-2.9331010">
    <ele>68.1</ele>
    <time>2026-05-21T06:53:26Z</time>
   </trkpt>
   <trkpt lat="48.6627580" lon="-2.9330930">
    <ele>68.5</ele>
    <time>2026-05-21T06:53:27Z</time>
   </trkpt>
   <trkpt lat="48.6627010" lon="-2.9330900">
    <ele>68.9</ele>
    <time>2026-05-21T06:53:28Z</time>
   </trkpt>
   <trkpt lat="48.6626460" lon="-2.9330980">
    <ele>69.2</ele>
    <time>2026-05-21T06:53:29Z</time>
   </trkpt>
   <trkpt lat="48.6625920" lon="-2.9331170">
    <ele>69.6</ele>
    <time>2026-05-21T06:53:30Z</time>
   </trkpt>
   <trkpt lat="48.6625400" lon="-2.9331340">
    <ele>69.9</ele>
    <time>2026-05-21T06:53:31Z</time>
   </trkpt>
   <trkpt lat="48.6624870" lon="-2.9331420">
    <ele>70.3</ele>
    <time>2026-05-21T06:53:32Z</time>
   </trkpt>
   <trkpt lat="48.6624360" lon="-2.9331650">
    <ele>70.6</ele>
    <time>2026-05-21T06:53:33Z</time>
   </trkpt>
   <trkpt lat="48.6623890" lon="-2.9331820">
    <ele>70.9</ele>
    <time>2026-05-21T06:53:34Z</time>
   </trkpt>
   <trkpt lat="48.6623370" lon="-2.9332030">
    <ele>71.2</ele>
    <time>2026-05-21T06:53:35Z</time>
   </trkpt>
   <trkpt lat="48.6622880" lon="-2.9332280">
    <ele>71.5</ele>
    <time>2026-05-21T06:53:36Z</time>
   </trkpt>
   <trkpt lat="48.6622400" lon="-2.9332480">
    <ele>71.8</ele>
    <time>2026-05-21T06:53:37Z</time>
   </trkpt>
   <trkpt lat="48.6621950" lon="-2.9332770">
    <ele>72.1</ele>
    <time>2026-05-21T06:53:38Z</time>
   </trkpt>
   <trkpt lat="48.6621430" lon="-2.9332790">
    <ele>72.3</ele>
    <time>2026-05-21T06:53:39Z</time>
   </trkpt>
   <trkpt lat="48.6620990" lon="-2.9332910">
    <ele>72.3</ele>
    <time>2026-05-21T06:53:40Z</time>
   </trkpt>
   <trkpt lat="48.6620540" lon="-2.9332970">
    <ele>72.6</ele>
    <time>2026-05-21T06:53:41Z</time>
   </trkpt>
   <trkpt lat="48.6620100" lon="-2.9333030">
    <ele>72.9</ele>
    <time>2026-05-21T06:53:42Z</time>
   </trkpt>
   <trkpt lat="48.6619670" lon="-2.9333090">
    <ele>73.1</ele>
    <time>2026-05-21T06:53:43Z</time>
   </trkpt>
   <trkpt lat="48.6619240" lon="-2.9333170">
    <ele>73.4</ele>
    <time>2026-05-21T06:53:44Z</time>
   </trkpt>
   <trkpt lat="48.6618790" lon="-2.9333250">
    <ele>73.7</ele>
    <time>2026-05-21T06:53:45Z</time>
   </trkpt>
   <trkpt lat="48.6618360" lon="-2.9333310">
    <ele>73.9</ele>
    <time>2026-05-21T06:53:46Z</time>
   </trkpt>
   <trkpt lat="48.6617920" lon="-2.9333400">
    <ele>74.1</ele>
    <time>2026-05-21T06:53:47Z</time>
   </trkpt>
   <trkpt lat="48.6617460" lon="-2.9333420">
    <ele>74.4</ele>
    <time>2026-05-21T06:53:48Z</time>
   </trkpt>
   <trkpt lat="48.6617010" lon="-2.9333520">
    <ele>74.6</ele>
    <time>2026-05-21T06:53:49Z</time>
   </trkpt>
   <trkpt lat="48.6616540" lon="-2.9333610">
    <ele>74.8</ele>
    <time>2026-05-21T06:53:50Z</time>
   </trkpt>
   <trkpt lat="48.6616090" lon="-2.9333650">
    <ele>75.0</ele>
    <time>2026-05-21T06:53:51Z</time>
   </trkpt>
   <trkpt lat="48.6615590" lon="-2.9333770">
    <ele>75.3</ele>
    <time>2026-05-21T06:53:52Z</time>
   </trkpt>
   <trkpt lat="48.6615120" lon="-2.9333830">
    <ele>75.5</ele>
    <time>2026-05-21T06:53:53Z</time>
   </trkpt>
   <trkpt lat="48.6614650" lon="-2.9333870">
    <ele>75.7</ele>
    <time>2026-05-21T06:53:54Z</time>
   </trkpt>
   <trkpt lat="48.6614190" lon="-2.9333960">
    <ele>75.9</ele>
    <time>2026-05-21T06:53:55Z</time>
   </trkpt>
   <trkpt lat="48.6613710" lon="-2.9334030">
    <ele>76.1</ele>
    <time>2026-05-21T06:53:56Z</time>
   </trkpt>
   <trkpt lat="48.6613270" lon="-2.9334170">
    <ele>76.3</ele>
    <time>2026-05-21T06:53:57Z</time>
   </trkpt>
   <trkpt lat="48.6612770" lon="-2.9334200">
    <ele>76.5</ele>
    <time>2026-05-21T06:53:58Z</time>
   </trkpt>
   <trkpt lat="48.6612290" lon="-2.9334350">
    <ele>76.8</ele>
    <time>2026-05-21T06:53:59Z</time>
   </trkpt>
   <trkpt lat="48.6611850" lon="-2.9334450">
    <ele>77.0</ele>
    <time>2026-05-21T06:54:00Z</time>
   </trkpt>
   <trkpt lat="48.6611380" lon="-2.9334560">
    <ele>77.2</ele>
    <time>2026-05-21T06:54:01Z</time>
   </trkpt>
   <trkpt lat="48.6610950" lon="-2.9334720">
    <ele>77.4</ele>
    <time>2026-05-21T06:54:02Z</time>
   </trkpt>
   <trkpt lat="48.6610500" lon="-2.9334900">
    <ele>77.6</ele>
    <time>2026-05-21T06:54:03Z</time>
   </trkpt>
   <trkpt lat="48.6610080" lon="-2.9335040">
    <ele>77.8</ele>
    <time>2026-05-21T06:54:04Z</time>
   </trkpt>
   <trkpt lat="48.6609690" lon="-2.9335170">
    <ele>78.0</ele>
    <time>2026-05-21T06:54:05Z</time>
   </trkpt>
   <trkpt lat="48.6609210" lon="-2.9335380">
    <ele>78.2</ele>
    <time>2026-05-21T06:54:06Z</time>
   </trkpt>
   <trkpt lat="48.6608800" lon="-2.9335580">
    <ele>78.4</ele>
    <time>2026-05-21T06:54:07Z</time>
   </trkpt>
   <trkpt lat="48.6608320" lon="-2.9335730">
    <ele>78.7</ele>
    <time>2026-05-21T06:54:08Z</time>
   </trkpt>
   <trkpt lat="48.6607930" lon="-2.9335820">
    <ele>78.8</ele>
    <time>2026-05-21T06:54:09Z</time>
   </trkpt>
   <trkpt lat="48.6607480" lon="-2.9335860">
    <ele>79.0</ele>
    <time>2026-05-21T06:54:10Z</time>
   </trkpt>
   <trkpt lat="48.6607030" lon="-2.9335970">
    <ele>79.2</ele>
    <time>2026-05-21T06:54:11Z</time>
   </trkpt>
   <trkpt lat="48.6606530" lon="-2.9336090">
    <ele>79.4</ele>
    <time>2026-05-21T06:54:12Z</time>
   </trkpt>
   <trkpt lat="48.6606110" lon="-2.9336040">
    <ele>79.5</ele>
    <time>2026-05-21T06:54:13Z</time>
   </trkpt>
   <trkpt lat="48.6605630" lon="-2.9336030">
    <ele>79.6</ele>
    <time>2026-05-21T06:54:14Z</time>
   </trkpt>
   <trkpt lat="48.6605150" lon="-2.9335980">
    <ele>79.7</ele>
    <time>2026-05-21T06:54:15Z</time>
   </trkpt>
   <trkpt lat="48.6604630" lon="-2.9335900">
    <ele>79.9</ele>
    <time>2026-05-21T06:54:16Z</time>
   </trkpt>
   <trkpt lat="48.6604140" lon="-2.9335850">
    <ele>80.0</ele>
    <time>2026-05-21T06:54:17Z</time>
   </trkpt>
   <trkpt lat="48.6603690" lon="-2.9335760">
    <ele>80.1</ele>
    <time>2026-05-21T06:54:18Z</time>
   </trkpt>
   <trkpt lat="48.6603180" lon="-2.9335660">
    <ele>80.2</ele>
    <time>2026-05-21T06:54:19Z</time>
   </trkpt>
   <trkpt lat="48.6602690" lon="-2.9335640">
    <ele>80.3</ele>
    <time>2026-05-21T06:54:20Z</time>
   </trkpt>
   <trkpt lat="48.6602200" lon="-2.9335620">
    <ele>80.4</ele>
    <time>2026-05-21T06:54:21Z</time>
   </trkpt>
   <trkpt lat="48.6601730" lon="-2.9335600">
    <ele>80.5</ele>
    <time>2026-05-21T06:54:22Z</time>
   </trkpt>
   <trkpt lat="48.6601230" lon="-2.9335600">
    <ele>80.6</ele>
    <time>2026-05-21T06:54:23Z</time>
   </trkpt>
   <trkpt lat="48.6600750" lon="-2.9335630">
    <ele>80.7</ele>
    <time>2026-05-21T06:54:24Z</time>
   </trkpt>
   <trkpt lat="48.6600260" lon="-2.9335680">
    <ele>80.8</ele>
    <time>2026-05-21T06:54:25Z</time>
   </trkpt>
   <trkpt lat="48.6599770" lon="-2.9335730">
    <ele>80.9</ele>
    <time>2026-05-21T06:54:26Z</time>
   </trkpt>
   <trkpt lat="48.6599290" lon="-2.9335780">
    <ele>81.1</ele>
    <time>2026-05-21T06:54:27Z</time>
   </trkpt>
   <trkpt lat="48.6598830" lon="-2.9335860">
    <ele>81.2</ele>
    <time>2026-05-21T06:54:28Z</time>
   </trkpt>
   <trkpt lat="48.6598380" lon="-2.9336020">
    <ele>81.4</ele>
    <time>2026-05-21T06:54:29Z</time>
   </trkpt>
   <trkpt lat="48.6597910" lon="-2.9336110">
    <ele>81.5</ele>
    <time>2026-05-21T06:54:30Z</time>
   </trkpt>
   <trkpt lat="48.6597480" lon="-2.9336270">
    <ele>81.7</ele>
    <time>2026-05-21T06:54:31Z</time>
   </trkpt>
   <trkpt lat="48.6597010" lon="-2.9336420">
    <ele>81.8</ele>
    <time>2026-05-21T06:54:32Z</time>
   </trkpt>
   <trkpt lat="48.6596570" lon="-2.9336710">
    <ele>82.0</ele>
    <time>2026-05-21T06:54:33Z</time>
   </trkpt>
   <trkpt lat="48.6596150" lon="-2.9336860">
    <ele>82.1</ele>
    <time>2026-05-21T06:54:34Z</time>
   </trkpt>
   <trkpt lat="48.6595700" lon="-2.9337070">
    <ele>82.3</ele>
    <time>2026-05-21T06:54:35Z</time>
   </trkpt>
   <trkpt lat="48.6595260" lon="-2.9337300">
    <ele>82.4</ele>
    <time>2026-05-21T06:54:36Z</time>
   </trkpt>
   <trkpt lat="48.6594810" lon="-2.9337520">
    <ele>82.6</ele>
    <time>2026-05-21T06:54:37Z</time>
   </trkpt>
   <trkpt lat="48.6594400" lon="-2.9337710">
    <ele>82.8</ele>
    <time>2026-05-21T06:54:38Z</time>
   </trkpt>
   <trkpt lat="48.6593950" lon="-2.9337920">
    <ele>82.9</ele>
    <time>2026-05-21T06:54:39Z</time>
   </trkpt>
   <trkpt lat="48.6593490" lon="-2.9338090">
    <ele>83.0</ele>
    <time>2026-05-21T06:54:40Z</time>
   </trkpt>
   <trkpt lat="48.6593000" lon="-2.9338170">
    <ele>83.2</ele>
    <time>2026-05-21T06:54:41Z</time>
   </trkpt>
   <trkpt lat="48.6592520" lon="-2.9338230">
    <ele>83.3</ele>
    <time>2026-05-21T06:54:43Z</time>
   </trkpt>
   <trkpt lat="48.6592030" lon="-2.9338330">
    <ele>83.3</ele>
    <time>2026-05-21T06:54:44Z</time>
   </trkpt>
   <trkpt lat="48.6591520" lon="-2.9338420">
    <ele>83.4</ele>
    <time>2026-05-21T06:54:45Z</time>
   </trkpt>
   <trkpt lat="48.6590990" lon="-2.9338510">
    <ele>83.5</ele>
    <time>2026-05-21T06:54:46Z</time>
   </trkpt>
   <trkpt lat="48.6590460" lon="-2.9338570">
    <ele>83.5</ele>
    <time>2026-05-21T06:54:47Z</time>
   </trkpt>
   <trkpt lat="48.6590010" lon="-2.9338580">
    <ele>83.4</ele>
    <time>2026-05-21T06:54:48Z</time>
   </trkpt>
   <trkpt lat="48.6589460" lon="-2.9338600">
    <ele>83.4</ele>
    <time>2026-05-21T06:54:49Z</time>
   </trkpt>
   <trkpt lat="48.6588830" lon="-2.9338700">
    <ele>83.4</ele>
    <time>2026-05-21T06:54:50Z</time>
   </trkpt>
   <trkpt lat="48.6588240" lon="-2.9338850">
    <ele>83.4</ele>
    <time>2026-05-21T06:54:51Z</time>
   </trkpt>
   <trkpt lat="48.6587670" lon="-2.9338960">
    <ele>83.3</ele>
    <time>2026-05-21T06:54:52Z</time>
   </trkpt>
   <trkpt lat="48.6586510" lon="-2.9339050">
    <ele>83.2</ele>
    <time>2026-05-21T06:54:53Z</time>
   </trkpt>
   <trkpt lat="48.6585910" lon="-2.9339120">
    <ele>83.2</ele>
    <time>2026-05-21T06:54:55Z</time>
   </trkpt>
   <trkpt lat="48.6584680" lon="-2.9339100">
    <ele>83.1</ele>
    <time>2026-05-21T06:54:56Z</time>
   </trkpt>
   <trkpt lat="48.6584050" lon="-2.9339150">
    <ele>83.1</ele>
    <time>2026-05-21T06:54:57Z</time>
   </trkpt>
   <trkpt lat="48.6583430" lon="-2.9339170">
    <ele>83.1</ele>
    <time>2026-05-21T06:54:58Z</time>
   </trkpt>
   <trkpt lat="48.6582800" lon="-2.9339080">
    <ele>83.2</ele>
    <time>2026-05-21T06:54:59Z</time>
   </trkpt>
   <trkpt lat="48.6582190" lon="-2.9339040">
    <ele>83.2</ele>
    <time>2026-05-21T06:55:00Z</time>
   </trkpt>
   <trkpt lat="48.6581580" lon="-2.9338960">
    <ele>83.3</ele>
    <time>2026-05-21T06:55:01Z</time>
   </trkpt>
   <trkpt lat="48.6580990" lon="-2.9338920">
    <ele>83.3</ele>
    <time>2026-05-21T06:55:02Z</time>
   </trkpt>
   <trkpt lat="48.6580370" lon="-2.9338810">
    <ele>83.4</ele>
    <time>2026-05-21T06:55:03Z</time>
   </trkpt>
   <trkpt lat="48.6579790" lon="-2.9338750">
    <ele>83.5</ele>
    <time>2026-05-21T06:55:04Z</time>
   </trkpt>
   <trkpt lat="48.6579220" lon="-2.9338690">
    <ele>83.5</ele>
    <time>2026-05-21T06:55:05Z</time>
   </trkpt>
   <trkpt lat="48.6578610" lon="-2.9338660">
    <ele>83.6</ele>
    <time>2026-05-21T06:55:06Z</time>
   </trkpt>
   <trkpt lat="48.6578050" lon="-2.9338640">
    <ele>83.7</ele>
    <time>2026-05-21T06:55:07Z</time>
   </trkpt>
   <trkpt lat="48.6577480" lon="-2.9338610">
    <ele>83.7</ele>
    <time>2026-05-21T06:55:08Z</time>
   </trkpt>
   <trkpt lat="48.6576900" lon="-2.9338570">
    <ele>83.8</ele>
    <time>2026-05-21T06:55:09Z</time>
   </trkpt>
   <trkpt lat="48.6576290" lon="-2.9338630">
    <ele>83.8</ele>
    <time>2026-05-21T06:55:10Z</time>
   </trkpt>
   <trkpt lat="48.6575720" lon="-2.9338580">
    <ele>83.9</ele>
    <time>2026-05-21T06:55:11Z</time>
   </trkpt>
   <trkpt lat="48.6575120" lon="-2.9338500">
    <ele>83.9</ele>
    <time>2026-05-21T06:55:12Z</time>
   </trkpt>
   <trkpt lat="48.6574520" lon="-2.9338440">
    <ele>84.0</ele>
    <time>2026-05-21T06:55:13Z</time>
   </trkpt>
   <trkpt lat="48.6573920" lon="-2.9338360">
    <ele>84.1</ele>
    <time>2026-05-21T06:55:14Z</time>
   </trkpt>
   <trkpt lat="48.6573310" lon="-2.9338290">
    <ele>84.1</ele>
    <time>2026-05-21T06:55:15Z</time>
   </trkpt>
   <trkpt lat="48.6572660" lon="-2.9338450">
    <ele>84.2</ele>
    <time>2026-05-21T06:55:16Z</time>
   </trkpt>
   <trkpt lat="48.6572040" lon="-2.9338370">
    <ele>84.2</ele>
    <time>2026-05-21T06:55:17Z</time>
   </trkpt>
   <trkpt lat="48.6571420" lon="-2.9338310">
    <ele>84.3</ele>
    <time>2026-05-21T06:55:18Z</time>
   </trkpt>
   <trkpt lat="48.6570800" lon="-2.9338270">
    <ele>84.3</ele>
    <time>2026-05-21T06:55:19Z</time>
   </trkpt>
   <trkpt lat="48.6570210" lon="-2.9338210">
    <ele>84.4</ele>
    <time>2026-05-21T06:55:20Z</time>
   </trkpt>
   <trkpt lat="48.6569610" lon="-2.9338150">
    <ele>84.4</ele>
    <time>2026-05-21T06:55:21Z</time>
   </trkpt>
   <trkpt lat="48.6569020" lon="-2.9338170">
    <ele>84.5</ele>
    <time>2026-05-21T06:55:22Z</time>
   </trkpt>
   <trkpt lat="48.6568420" lon="-2.9338090">
    <ele>84.5</ele>
    <time>2026-05-21T06:55:23Z</time>
   </trkpt>
   <trkpt lat="48.6567840" lon="-2.9338080">
    <ele>84.6</ele>
    <time>2026-05-21T06:55:24Z</time>
   </trkpt>
   <trkpt lat="48.6567240" lon="-2.9338050">
    <ele>84.7</ele>
    <time>2026-05-21T06:55:25Z</time>
   </trkpt>
   <trkpt lat="48.6566680" lon="-2.9338050">
    <ele>84.8</ele>
    <time>2026-05-21T06:55:26Z</time>
   </trkpt>
   <trkpt lat="48.6566110" lon="-2.9338020">
    <ele>84.9</ele>
    <time>2026-05-21T06:55:27Z</time>
   </trkpt>
   <trkpt lat="48.6565520" lon="-2.9337980">
    <ele>85.0</ele>
    <time>2026-05-21T06:55:28Z</time>
   </trkpt>
   <trkpt lat="48.6564980" lon="-2.9337880">
    <ele>85.1</ele>
    <time>2026-05-21T06:55:29Z</time>
   </trkpt>
   <trkpt lat="48.6564450" lon="-2.9337870">
    <ele>85.2</ele>
    <time>2026-05-21T06:55:30Z</time>
   </trkpt>
   <trkpt lat="48.6563910" lon="-2.9337820">
    <ele>85.3</ele>
    <time>2026-05-21T06:55:31Z</time>
   </trkpt>
   <trkpt lat="48.6563400" lon="-2.9337660">
    <ele>85.3</ele>
    <time>2026-05-21T06:55:32Z</time>
   </trkpt>
   <trkpt lat="48.6562850" lon="-2.9337610">
    <ele>85.4</ele>
    <time>2026-05-21T06:55:33Z</time>
   </trkpt>
   <trkpt lat="48.6562270" lon="-2.9337630">
    <ele>85.5</ele>
    <time>2026-05-21T06:55:34Z</time>
   </trkpt>
   <trkpt lat="48.6561730" lon="-2.9337420">
    <ele>85.6</ele>
    <time>2026-05-21T06:55:35Z</time>
   </trkpt>
   <trkpt lat="48.6561370" lon="-2.9336910">
    <ele>85.7</ele>
    <time>2026-05-21T06:55:36Z</time>
   </trkpt>
   <trkpt lat="48.6561180" lon="-2.9336220">
    <ele>85.6</ele>
    <time>2026-05-21T06:55:37Z</time>
   </trkpt>
   <trkpt lat="48.6561140" lon="-2.9335400">
    <ele>85.6</ele>
    <time>2026-05-21T06:55:38Z</time>
   </trkpt>
   <trkpt lat="48.6561200" lon="-2.9334600">
    <ele>85.5</ele>
    <time>2026-05-21T06:55:39Z</time>
   </trkpt>
   <trkpt lat="48.6561410" lon="-2.9333770">
    <ele>85.4</ele>
    <time>2026-05-21T06:55:40Z</time>
   </trkpt>
   <trkpt lat="48.6561540" lon="-2.9333000">
    <ele>85.3</ele>
    <time>2026-05-21T06:55:41Z</time>
   </trkpt>
   <trkpt lat="48.6561570" lon="-2.9332200">
    <ele>85.1</ele>
    <time>2026-05-21T06:55:42Z</time>
   </trkpt>
   <trkpt lat="48.6561630" lon="-2.9331270">
    <ele>84.9</ele>
    <time>2026-05-21T06:55:43Z</time>
   </trkpt>
   <trkpt lat="48.6561760" lon="-2.9330420">
    <ele>84.7</ele>
    <time>2026-05-21T06:55:44Z</time>
   </trkpt>
   <trkpt lat="48.6561860" lon="-2.9329550">
    <ele>84.6</ele>
    <time>2026-05-21T06:55:45Z</time>
   </trkpt>
   <trkpt lat="48.6561970" lon="-2.9328630">
    <ele>84.4</ele>
    <time>2026-05-21T06:55:46Z</time>
   </trkpt>
   <trkpt lat="48.6562130" lon="-2.9327660">
    <ele>84.3</ele>
    <time>2026-05-21T06:55:47Z</time>
   </trkpt>
   <trkpt lat="48.6562250" lon="-2.9326690">
    <ele>84.2</ele>
    <time>2026-05-21T06:55:48Z</time>
   </trkpt>
   <trkpt lat="48.6562360" lon="-2.9325710">
    <ele>84.1</ele>
    <time>2026-05-21T06:55:49Z</time>
   </trkpt>
   <trkpt lat="48.6562430" lon="-2.9324730">
    <ele>84.1</ele>
    <time>2026-05-21T06:55:50Z</time>
   </trkpt>
   <trkpt lat="48.6562510" lon="-2.9323750">
    <ele>84.0</ele>
    <time>2026-05-21T06:55:51Z</time>
   </trkpt>
   <trkpt lat="48.6562590" lon="-2.9322770">
    <ele>83.9</ele>
    <time>2026-05-21T06:55:52Z</time>
   </trkpt>
   <trkpt lat="48.6562600" lon="-2.9321760">
    <ele>83.8</ele>
    <time>2026-05-21T06:55:53Z</time>
   </trkpt>
   <trkpt lat="48.6562600" lon="-2.9320720">
    <ele>83.6</ele>
    <time>2026-05-21T06:55:54Z</time>
   </trkpt>
   <trkpt lat="48.6562590" lon="-2.9319660">
    <ele>83.4</ele>
    <time>2026-05-21T06:55:55Z</time>
   </trkpt>
   <trkpt lat="48.6562580" lon="-2.9318570">
    <ele>83.2</ele>
    <time>2026-05-21T06:55:56Z</time>
   </trkpt>
   <trkpt lat="48.6562590" lon="-2.9317480">
    <ele>83.0</ele>
    <time>2026-05-21T06:55:57Z</time>
   </trkpt>
   <trkpt lat="48.6562570" lon="-2.9316370">
    <ele>82.7</ele>
    <time>2026-05-21T06:55:58Z</time>
   </trkpt>
   <trkpt lat="48.6562610" lon="-2.9315210">
    <ele>82.4</ele>
    <time>2026-05-21T06:55:59Z</time>
   </trkpt>
   <trkpt lat="48.6562630" lon="-2.9314070">
    <ele>82.1</ele>
    <time>2026-05-21T06:56:00Z</time>
   </trkpt>
   <trkpt lat="48.6562670" lon="-2.9312900">
    <ele>81.7</ele>
    <time>2026-05-21T06:56:01Z</time>
   </trkpt>
   <trkpt lat="48.6562720" lon="-2.9311730">
    <ele>81.3</ele>
    <time>2026-05-21T06:56:02Z</time>
   </trkpt>
   <trkpt lat="48.6562880" lon="-2.9310540">
    <ele>80.9</ele>
    <time>2026-05-21T06:56:03Z</time>
   </trkpt>
   <trkpt lat="48.6563140" lon="-2.9309380">
    <ele>80.5</ele>
    <time>2026-05-21T06:56:04Z</time>
   </trkpt>
   <trkpt lat="48.6563580" lon="-2.9308360">
    <ele>80.1</ele>
    <time>2026-05-21T06:56:05Z</time>
   </trkpt>
   <trkpt lat="48.6564010" lon="-2.9307350">
    <ele>79.8</ele>
    <time>2026-05-21T06:56:06Z</time>
   </trkpt>
   <trkpt lat="48.6564370" lon="-2.9306260">
    <ele>79.6</ele>
    <time>2026-05-21T06:56:07Z</time>
   </trkpt>
   <trkpt lat="48.6564720" lon="-2.9305140">
    <ele>79.3</ele>
    <time>2026-05-21T06:56:08Z</time>
   </trkpt>
   <trkpt lat="48.6564930" lon="-2.9303920">
    <ele>79.1</ele>
    <time>2026-05-21T06:56:09Z</time>
   </trkpt>
   <trkpt lat="48.6565030" lon="-2.9302700">
    <ele>79.0</ele>
    <time>2026-05-21T06:56:10Z</time>
   </trkpt>
   <trkpt lat="48.6565100" lon="-2.9301490">
    <ele>79.0</ele>
    <time>2026-05-21T06:56:11Z</time>
   </trkpt>
   <trkpt lat="48.6565080" lon="-2.9300280">
    <ele>79.0</ele>
    <time>2026-05-21T06:56:12Z</time>
   </trkpt>
   <trkpt lat="48.6565020" lon="-2.9299070">
    <ele>79.1</ele>
    <time>2026-05-21T06:56:13Z</time>
   </trkpt>
   <trkpt lat="48.6564920" lon="-2.9297890">
    <ele>79.3</ele>
    <time>2026-05-21T06:56:14Z</time>
   </trkpt>
   <trkpt lat="48.6564800" lon="-2.9296740">
    <ele>79.5</ele>
    <time>2026-05-21T06:56:15Z</time>
   </trkpt>
   <trkpt lat="48.6564730" lon="-2.9295600">
    <ele>79.8</ele>
    <time>2026-05-21T06:56:16Z</time>
   </trkpt>
   <trkpt lat="48.6564630" lon="-2.9294550">
    <ele>80.1</ele>
    <time>2026-05-21T06:56:17Z</time>
   </trkpt>
   <trkpt lat="48.6564510" lon="-2.9293530">
    <ele>80.5</ele>
    <time>2026-05-21T06:56:18Z</time>
   </trkpt>
   <trkpt lat="48.6564440" lon="-2.9292550">
    <ele>80.8</ele>
    <time>2026-05-21T06:56:19Z</time>
   </trkpt>
   <trkpt lat="48.6564360" lon="-2.9291630">
    <ele>81.0</ele>
    <time>2026-05-21T06:56:20Z</time>
   </trkpt>
   <trkpt lat="48.6564270" lon="-2.9290720">
    <ele>81.3</ele>
    <time>2026-05-21T06:56:21Z</time>
   </trkpt>
   <trkpt lat="48.6564180" lon="-2.9289870">
    <ele>81.5</ele>
    <time>2026-05-21T06:56:22Z</time>
   </trkpt>
   <trkpt lat="48.6564080" lon="-2.9289000">
    <ele>81.7</ele>
    <time>2026-05-21T06:56:23Z</time>
   </trkpt>
   <trkpt lat="48.6563920" lon="-2.9288110">
    <ele>81.8</ele>
    <time>2026-05-21T06:56:24Z</time>
   </trkpt>
   <trkpt lat="48.6563770" lon="-2.9287210">
    <ele>82.0</ele>
    <time>2026-05-21T06:56:25Z</time>
   </trkpt>
   <trkpt lat="48.6563610" lon="-2.9286330">
    <ele>82.2</ele>
    <time>2026-05-21T06:56:26Z</time>
   </trkpt>
   <trkpt lat="48.6563400" lon="-2.9285470">
    <ele>82.3</ele>
    <time>2026-05-21T06:56:27Z</time>
   </trkpt>
   <trkpt lat="48.6563200" lon="-2.9284620">
    <ele>82.5</ele>
    <time>2026-05-21T06:56:28Z</time>
   </trkpt>
   <trkpt lat="48.6562980" lon="-2.9283750">
    <ele>82.7</ele>
    <time>2026-05-21T06:56:29Z</time>
   </trkpt>
   <trkpt lat="48.6562770" lon="-2.9282910">
    <ele>82.8</ele>
    <time>2026-05-21T06:56:30Z</time>
   </trkpt>
   <trkpt lat="48.6562580" lon="-2.9282080">
    <ele>83.0</ele>
    <time>2026-05-21T06:56:31Z</time>
   </trkpt>
   <trkpt lat="48.6562350" lon="-2.9281280">
    <ele>83.2</ele>
    <time>2026-05-21T06:56:32Z</time>
   </trkpt>
   <trkpt lat="48.6562100" lon="-2.9280480">
    <ele>83.3</ele>
    <time>2026-05-21T06:56:33Z</time>
   </trkpt>
   <trkpt lat="48.6561880" lon="-2.9279690">
    <ele>83.5</ele>
    <time>2026-05-21T06:56:34Z</time>
   </trkpt>
   <trkpt lat="48.6561640" lon="-2.9278900">
    <ele>83.7</ele>
    <time>2026-05-21T06:56:35Z</time>
   </trkpt>
   <trkpt lat="48.6561430" lon="-2.9278090">
    <ele>83.8</ele>
    <time>2026-05-21T06:56:36Z</time>
   </trkpt>
   <trkpt lat="48.6561220" lon="-2.9277300">
    <ele>83.9</ele>
    <time>2026-05-21T06:56:37Z</time>
   </trkpt>
   <trkpt lat="48.6561040" lon="-2.9276500">
    <ele>84.0</ele>
    <time>2026-05-21T06:56:38Z</time>
   </trkpt>
   <trkpt lat="48.6560840" lon="-2.9275710">
    <ele>84.1</ele>
    <time>2026-05-21T06:56:39Z</time>
   </trkpt>
   <trkpt lat="48.6560690" lon="-2.9274890">
    <ele>84.2</ele>
    <time>2026-05-21T06:56:40Z</time>
   </trkpt>
   <trkpt lat="48.6560590" lon="-2.9274060">
    <ele>84.3</ele>
    <time>2026-05-21T06:56:41Z</time>
   </trkpt>
   <trkpt lat="48.6560450" lon="-2.9273260">
    <ele>84.3</ele>
    <time>2026-05-21T06:56:42Z</time>
   </trkpt>
   <trkpt lat="48.6560360" lon="-2.9272390">
    <ele>84.4</ele>
    <time>2026-05-21T06:56:43Z</time>
   </trkpt>
   <trkpt lat="48.6560320" lon="-2.9271500">
    <ele>84.4</ele>
    <time>2026-05-21T06:56:44Z</time>
   </trkpt>
   <trkpt lat="48.6560290" lon="-2.9270610">
    <ele>84.4</ele>
    <time>2026-05-21T06:56:45Z</time>
   </trkpt>
   <trkpt lat="48.6560250" lon="-2.9269750">
    <ele>84.4</ele>
    <time>2026-05-21T06:56:46Z</time>
   </trkpt>
   <trkpt lat="48.6560230" lon="-2.9268850">
    <ele>84.4</ele>
    <time>2026-05-21T06:56:47Z</time>
   </trkpt>
   <trkpt lat="48.6560240" lon="-2.9267910">
    <ele>84.4</ele>
    <time>2026-05-21T06:56:48Z</time>
   </trkpt>
   <trkpt lat="48.6560250" lon="-2.9267010">
    <ele>84.4</ele>
    <time>2026-05-21T06:56:49Z</time>
   </trkpt>
   <trkpt lat="48.6560320" lon="-2.9266090">
    <ele>84.4</ele>
    <time>2026-05-21T06:56:50Z</time>
   </trkpt>
   <trkpt lat="48.6560370" lon="-2.9265150">
    <ele>84.4</ele>
    <time>2026-05-21T06:56:51Z</time>
   </trkpt>
   <trkpt lat="48.6560450" lon="-2.9264250">
    <ele>84.4</ele>
    <time>2026-05-21T06:56:52Z</time>
   </trkpt>
   <trkpt lat="48.6560530" lon="-2.9263400">
    <ele>84.4</ele>
    <time>2026-05-21T06:56:53Z</time>
   </trkpt>
   <trkpt lat="48.6560610" lon="-2.9262480">
    <ele>84.5</ele>
    <time>2026-05-21T06:56:54Z</time>
   </trkpt>
   <trkpt lat="48.6560700" lon="-2.9261610">
    <ele>84.5</ele>
    <time>2026-05-21T06:56:55Z</time>
   </trkpt>
   <trkpt lat="48.6560790" lon="-2.9260730">
    <ele>84.5</ele>
    <time>2026-05-21T06:56:56Z</time>
   </trkpt>
   <trkpt lat="48.6560880" lon="-2.9259860">
    <ele>84.5</ele>
    <time>2026-05-21T06:56:57Z</time>
   </trkpt>
   <trkpt lat="48.6561000" lon="-2.9258970">
    <ele>84.5</ele>
    <time>2026-05-21T06:56:58Z</time>
   </trkpt>
   <trkpt lat="48.6561140" lon="-2.9258090">
    <ele>84.5</ele>
    <time>2026-05-21T06:56:59Z</time>
   </trkpt>
   <trkpt lat="48.6561310" lon="-2.9257200">
    <ele>84.5</ele>
    <time>2026-05-21T06:57:00Z</time>
   </trkpt>
   <trkpt lat="48.6561450" lon="-2.9256280">
    <ele>84.5</ele>
    <time>2026-05-21T06:57:01Z</time>
   </trkpt>
   <trkpt lat="48.6561600" lon="-2.9255350">
    <ele>84.5</ele>
    <time>2026-05-21T06:57:02Z</time>
   </trkpt>
   <trkpt lat="48.6561760" lon="-2.9254450">
    <ele>84.5</ele>
    <time>2026-05-21T06:57:03Z</time>
   </trkpt>
   <trkpt lat="48.6561900" lon="-2.9253520">
    <ele>84.5</ele>
    <time>2026-05-21T06:57:04Z</time>
   </trkpt>
   <trkpt lat="48.6562040" lon="-2.9252600">
    <ele>84.5</ele>
    <time>2026-05-21T06:57:05Z</time>
   </trkpt>
   <trkpt lat="48.6562190" lon="-2.9251680">
    <ele>84.5</ele>
    <time>2026-05-21T06:57:06Z</time>
   </trkpt>
   <trkpt lat="48.6562310" lon="-2.9250750">
    <ele>84.5</ele>
    <time>2026-05-21T06:57:07Z</time>
   </trkpt>
   <trkpt lat="48.6562450" lon="-2.9249790">
    <ele>84.4</ele>
    <time>2026-05-21T06:57:08Z</time>
   </trkpt>
   <trkpt lat="48.6562550" lon="-2.9248830">
    <ele>84.3</ele>
    <time>2026-05-21T06:57:09Z</time>
   </trkpt>
   <trkpt lat="48.6562610" lon="-2.9247840">
    <ele>84.2</ele>
    <time>2026-05-21T06:57:10Z</time>
   </trkpt>
   <trkpt lat="48.6562680" lon="-2.9246840">
    <ele>84.2</ele>
    <time>2026-05-21T06:57:11Z</time>
   </trkpt>
   <trkpt lat="48.6562720" lon="-2.9245810">
    <ele>84.1</ele>
    <time>2026-05-21T06:57:12Z</time>
   </trkpt>
   <trkpt lat="48.6562770" lon="-2.9244770">
    <ele>84.0</ele>
    <time>2026-05-21T06:57:13Z</time>
   </trkpt>
   <trkpt lat="48.6562810" lon="-2.9243660">
    <ele>83.9</ele>
    <time>2026-05-21T06:57:14Z</time>
   </trkpt>
   <trkpt lat="48.6562840" lon="-2.9242590">
    <ele>83.9</ele>
    <time>2026-05-21T06:57:15Z</time>
   </trkpt>
   <trkpt lat="48.6562840" lon="-2.9241470">
    <ele>83.9</ele>
    <time>2026-05-21T06:57:16Z</time>
   </trkpt>
   <trkpt lat="48.6562860" lon="-2.9240350">
    <ele>83.8</ele>
    <time>2026-05-21T06:57:17Z</time>
   </trkpt>
   <trkpt lat="48.6562930" lon="-2.9239280">
    <ele>83.8</ele>
    <time>2026-05-21T06:57:18Z</time>
   </trkpt>
   <trkpt lat="48.6562960" lon="-2.9238230">
    <ele>83.8</ele>
    <time>2026-05-21T06:57:19Z</time>
   </trkpt>
   <trkpt lat="48.6563000" lon="-2.9237170">
    <ele>83.8</ele>
    <time>2026-05-21T06:57:20Z</time>
   </trkpt>
   <trkpt lat="48.6563040" lon="-2.9236120">
    <ele>84.0</ele>
    <time>2026-05-21T06:57:21Z</time>
   </trkpt>
   <trkpt lat="48.6563100" lon="-2.9235080">
    <ele>84.1</ele>
    <time>2026-05-21T06:57:22Z</time>
   </trkpt>
   <trkpt lat="48.6563220" lon="-2.9234070">
    <ele>84.3</ele>
    <time>2026-05-21T06:57:23Z</time>
   </trkpt>
   <trkpt lat="48.6563330" lon="-2.9233060">
    <ele>84.4</ele>
    <time>2026-05-21T06:57:24Z</time>
   </trkpt>
   <trkpt lat="48.6563420" lon="-2.9232080">
    <ele>84.6</ele>
    <time>2026-05-21T06:57:25Z</time>
   </trkpt>
   <trkpt lat="48.6563470" lon="-2.9231120">
    <ele>84.7</ele>
    <time>2026-05-21T06:57:26Z</time>
   </trkpt>
   <trkpt lat="48.6563530" lon="-2.9230190">
    <ele>84.9</ele>
    <time>2026-05-21T06:57:27Z</time>
   </trkpt>
   <trkpt lat="48.6563620" lon="-2.9229280">
    <ele>84.9</ele>
    <time>2026-05-21T06:57:28Z</time>
   </trkpt>
   <trkpt lat="48.6563730" lon="-2.9228370">
    <ele>85.0</ele>
    <time>2026-05-21T06:57:29Z</time>
   </trkpt>
   <trkpt lat="48.6563830" lon="-2.9227460">
    <ele>85.0</ele>
    <time>2026-05-21T06:57:30Z</time>
   </trkpt>
   <trkpt lat="48.6563900" lon="-2.9226540">
    <ele>85.0</ele>
    <time>2026-05-21T06:57:31Z</time>
   </trkpt>
   <trkpt lat="48.6563930" lon="-2.9225600">
    <ele>85.1</ele>
    <time>2026-05-21T06:57:32Z</time>
   </trkpt>
   <trkpt lat="48.6563950" lon="-2.9224650">
    <ele>85.1</ele>
    <time>2026-05-21T06:57:33Z</time>
   </trkpt>
   <trkpt lat="48.6563940" lon="-2.9223700">
    <ele>85.1</ele>
    <time>2026-05-21T06:57:34Z</time>
   </trkpt>
   <trkpt lat="48.6563950" lon="-2.9222730">
    <ele>85.1</ele>
    <time>2026-05-21T06:57:35Z</time>
   </trkpt>
   <trkpt lat="48.6563950" lon="-2.9221760">
    <ele>85.1</ele>
    <time>2026-05-21T06:57:36Z</time>
   </trkpt>
   <trkpt lat="48.6563910" lon="-2.9220790">
    <ele>85.2</ele>
    <time>2026-05-21T06:57:37Z</time>
   </trkpt>
   <trkpt lat="48.6563880" lon="-2.9219810">
    <ele>85.3</ele>
    <time>2026-05-21T06:57:38Z</time>
   </trkpt>
   <trkpt lat="48.6563860" lon="-2.9218830">
    <ele>85.4</ele>
    <time>2026-05-21T06:57:39Z</time>
   </trkpt>
   <trkpt lat="48.6563820" lon="-2.9217860">
    <ele>85.4</ele>
    <time>2026-05-21T06:57:40Z</time>
   </trkpt>
   <trkpt lat="48.6563800" lon="-2.9216900">
    <ele>85.5</ele>
    <time>2026-05-21T06:57:41Z</time>
   </trkpt>
   <trkpt lat="48.6563780" lon="-2.9215940">
    <ele>85.6</ele>
    <time>2026-05-21T06:57:42Z</time>
   </trkpt>
   <trkpt lat="48.6563780" lon="-2.9214950">
    <ele>85.7</ele>
    <time>2026-05-21T06:57:43Z</time>
   </trkpt>
   <trkpt lat="48.6563790" lon="-2.9214020">
    <ele>85.7</ele>
    <time>2026-05-21T06:57:44Z</time>
   </trkpt>
   <trkpt lat="48.6563800" lon="-2.9213040">
    <ele>85.7</ele>
    <time>2026-05-21T06:57:45Z</time>
   </trkpt>
   <trkpt lat="48.6563830" lon="-2.9212110">
    <ele>85.7</ele>
    <time>2026-05-21T06:57:46Z</time>
   </trkpt>
   <trkpt lat="48.6563860" lon="-2.9211140">
    <ele>85.7</ele>
    <time>2026-05-21T06:57:47Z</time>
   </trkpt>
   <trkpt lat="48.6563890" lon="-2.9210180">
    <ele>85.7</ele>
    <time>2026-05-21T06:57:48Z</time>
   </trkpt>
   <trkpt lat="48.6563870" lon="-2.9209210">
    <ele>85.6</ele>
    <time>2026-05-21T06:57:49Z</time>
   </trkpt>
   <trkpt lat="48.6563840" lon="-2.9208240">
    <ele>85.6</ele>
    <time>2026-05-21T06:57:50Z</time>
   </trkpt>
   <trkpt lat="48.6563750" lon="-2.9207250">
    <ele>85.6</ele>
    <time>2026-05-21T06:57:51Z</time>
   </trkpt>
   <trkpt lat="48.6563590" lon="-2.9206260">
    <ele>85.6</ele>
    <time>2026-05-21T06:57:52Z</time>
   </trkpt>
   <trkpt lat="48.6563360" lon="-2.9205330">
    <ele>85.6</ele>
    <time>2026-05-21T06:57:53Z</time>
   </trkpt>
   <trkpt lat="48.6563060" lon="-2.9204430">
    <ele>85.7</ele>
    <time>2026-05-21T06:57:54Z</time>
   </trkpt>
   <trkpt lat="48.6562800" lon="-2.9203510">
    <ele>85.7</ele>
    <time>2026-05-21T06:57:55Z</time>
   </trkpt>
   <trkpt lat="48.6562530" lon="-2.9202590">
    <ele>85.7</ele>
    <time>2026-05-21T06:57:56Z</time>
   </trkpt>
   <trkpt lat="48.6562270" lon="-2.9201710">
    <ele>85.8</ele>
    <time>2026-05-21T06:57:57Z</time>
   </trkpt>
   <trkpt lat="48.6561970" lon="-2.9200850">
    <ele>85.8</ele>
    <time>2026-05-21T06:57:58Z</time>
   </trkpt>
   <trkpt lat="48.6561700" lon="-2.9199940">
    <ele>85.7</ele>
    <time>2026-05-21T06:57:59Z</time>
   </trkpt>
   <trkpt lat="48.6561520" lon="-2.9199040">
    <ele>85.6</ele>
    <time>2026-05-21T06:58:00Z</time>
   </trkpt>
   <trkpt lat="48.6561390" lon="-2.9198060">
    <ele>85.4</ele>
    <time>2026-05-21T06:58:01Z</time>
   </trkpt>
   <trkpt lat="48.6561310" lon="-2.9197060">
    <ele>85.2</ele>
    <time>2026-05-21T06:58:02Z</time>
   </trkpt>
   <trkpt lat="48.6561320" lon="-2.9195980">
    <ele>84.9</ele>
    <time>2026-05-21T06:58:03Z</time>
   </trkpt>
   <trkpt lat="48.6561340" lon="-2.9194890">
    <ele>84.7</ele>
    <time>2026-05-21T06:58:04Z</time>
   </trkpt>
   <trkpt lat="48.6561310" lon="-2.9193770">
    <ele>84.5</ele>
    <time>2026-05-21T06:58:05Z</time>
   </trkpt>
   <trkpt lat="48.6561250" lon="-2.9192670">
    <ele>84.3</ele>
    <time>2026-05-21T06:58:06Z</time>
   </trkpt>
   <trkpt lat="48.6561090" lon="-2.9191550">
    <ele>84.1</ele>
    <time>2026-05-21T06:58:07Z</time>
   </trkpt>
   <trkpt lat="48.6560860" lon="-2.9190450">
    <ele>84.0</ele>
    <time>2026-05-21T06:58:08Z</time>
   </trkpt>
   <trkpt lat="48.6560570" lon="-2.9189410">
    <ele>83.9</ele>
    <time>2026-05-21T06:58:09Z</time>
   </trkpt>
   <trkpt lat="48.6560290" lon="-2.9188420">
    <ele>83.9</ele>
    <time>2026-05-21T06:58:10Z</time>
   </trkpt>
   <trkpt lat="48.6559970" lon="-2.9187600">
    <ele>84.0</ele>
    <time>2026-05-21T06:58:11Z</time>
   </trkpt>
   <trkpt lat="48.6559670" lon="-2.9186900">
    <ele>84.0</ele>
    <time>2026-05-21T06:58:12Z</time>
   </trkpt>
   <trkpt lat="48.6559490" lon="-2.9186530">
    <ele>84.0</ele>
    <time>2026-05-21T06:58:13Z</time>
   </trkpt>
   <trkpt lat="48.6559400" lon="-2.9186380">
    <ele>84.0</ele>
    <time>2026-05-21T06:58:14Z</time>
   </trkpt>
   <trkpt lat="48.6559400" lon="-2.9186310">
    <ele>84.0</ele>
    <time>2026-05-21T06:58:15Z</time>
   </trkpt>
   <trkpt lat="48.6559410" lon="-2.9186250">
    <ele>84.0</ele>
    <time>2026-05-21T06:58:16Z</time>
   </trkpt>
   <trkpt lat="48.6559420" lon="-2.9186180">
    <ele>84.1</ele>
    <time>2026-05-21T06:58:17Z</time>
   </trkpt>
   <trkpt lat="48.6559420" lon="-2.9186120">
    <ele>84.1</ele>
    <time>2026-05-21T06:58:18Z</time>
   </trkpt>
   <trkpt lat="48.6559430" lon="-2.9186050">
    <ele>84.1</ele>
    <time>2026-05-21T06:58:19Z</time>
   </trkpt>
   <trkpt lat="48.6559430" lon="-2.9185990">
    <ele>84.1</ele>
    <time>2026-05-21T06:58:20Z</time>
   </trkpt>
   <trkpt lat="48.6559440" lon="-2.9185920">
    <ele>84.1</ele>
    <time>2026-05-21T06:58:21Z</time>
   </trkpt>
   <trkpt lat="48.6559460" lon="-2.9185440">
    <ele>84.1</ele>
    <time>2026-05-21T06:58:22Z</time>
   </trkpt>
   <trkpt lat="48.6559460" lon="-2.9185290">
    <ele>84.1</ele>
    <time>2026-05-21T06:58:23Z</time>
   </trkpt>
   <trkpt lat="48.6559490" lon="-2.9184760">
    <ele>84.1</ele>
    <time>2026-05-21T06:58:24Z</time>
   </trkpt>
   <trkpt lat="48.6559490" lon="-2.9184580">
    <ele>84.1</ele>
    <time>2026-05-21T06:58:25Z</time>
   </trkpt>
   <trkpt lat="48.6559590" lon="-2.9184100">
    <ele>84.1</ele>
    <time>2026-05-21T06:58:26Z</time>
   </trkpt>
   <trkpt lat="48.6559650" lon="-2.9183670">
    <ele>84.1</ele>
    <time>2026-05-21T06:58:27Z</time>
   </trkpt>
   <trkpt lat="48.6559690" lon="-2.9183230">
    <ele>84.1</ele>
    <time>2026-05-21T06:58:28Z</time>
   </trkpt>
   <trkpt lat="48.6559650" lon="-2.9182780">
    <ele>84.1</ele>
    <time>2026-05-21T06:58:29Z</time>
   </trkpt>
   <trkpt lat="48.6559660" lon="-2.9182330">
    <ele>84.1</ele>
    <time>2026-05-21T06:58:30Z</time>
   </trkpt>
   <trkpt lat="48.6559770" lon="-2.9181890">
    <ele>84.1</ele>
    <time>2026-05-21T06:58:31Z</time>
   </trkpt>
   <trkpt lat="48.6559930" lon="-2.9181270">
    <ele>84.1</ele>
    <time>2026-05-21T06:58:32Z</time>
   </trkpt>
   <trkpt lat="48.6560080" lon="-2.9180620">
    <ele>84.0</ele>
    <time>2026-05-21T06:58:33Z</time>
   </trkpt>
   <trkpt lat="48.6560320" lon="-2.9180000">
    <ele>84.0</ele>
    <time>2026-05-21T06:58:34Z</time>
   </trkpt>
   <trkpt lat="48.6560780" lon="-2.9179430">
    <ele>84.0</ele>
    <time>2026-05-21T06:58:35Z</time>
   </trkpt>
   <trkpt lat="48.6561220" lon="-2.9178950">
    <ele>83.9</ele>
    <time>2026-05-21T06:58:36Z</time>
   </trkpt>
   <trkpt lat="48.6561730" lon="-2.9178520">
    <ele>83.8</ele>
    <time>2026-05-21T06:58:37Z</time>
   </trkpt>
   <trkpt lat="48.6562210" lon="-2.9178020">
    <ele>83.7</ele>
    <time>2026-05-21T06:58:38Z</time>
   </trkpt>
   <trkpt lat="48.6562710" lon="-2.9177490">
    <ele>83.6</ele>
    <time>2026-05-21T06:58:39Z</time>
   </trkpt>
   <trkpt lat="48.6563170" lon="-2.9176880">
    <ele>83.5</ele>
    <time>2026-05-21T06:58:40Z</time>
   </trkpt>
   <trkpt lat="48.6563650" lon="-2.9176260">
    <ele>83.3</ele>
    <time>2026-05-21T06:58:41Z</time>
   </trkpt>
   <trkpt lat="48.6564110" lon="-2.9175650">
    <ele>83.1</ele>
    <time>2026-05-21T06:58:42Z</time>
   </trkpt>
   <trkpt lat="48.6564600" lon="-2.9175020">
    <ele>82.9</ele>
    <time>2026-05-21T06:58:43Z</time>
   </trkpt>
   <trkpt lat="48.6565090" lon="-2.9174350">
    <ele>82.6</ele>
    <time>2026-05-21T06:58:44Z</time>
   </trkpt>
   <trkpt lat="48.6565590" lon="-2.9173560">
    <ele>82.2</ele>
    <time>2026-05-21T06:58:45Z</time>
   </trkpt>
   <trkpt lat="48.6566110" lon="-2.9172790">
    <ele>81.9</ele>
    <time>2026-05-21T06:58:46Z</time>
   </trkpt>
   <trkpt lat="48.6566650" lon="-2.9171960">
    <ele>81.7</ele>
    <time>2026-05-21T06:58:47Z</time>
   </trkpt>
   <trkpt lat="48.6567160" lon="-2.9171080">
    <ele>81.5</ele>
    <time>2026-05-21T06:58:48Z</time>
   </trkpt>
   <trkpt lat="48.6567630" lon="-2.9170170">
    <ele>81.3</ele>
    <time>2026-05-21T06:58:49Z</time>
   </trkpt>
   <trkpt lat="48.6568060" lon="-2.9169200">
    <ele>81.1</ele>
    <time>2026-05-21T06:58:50Z</time>
   </trkpt>
   <trkpt lat="48.6568410" lon="-2.9168140">
    <ele>81.0</ele>
    <time>2026-05-21T06:58:51Z</time>
   </trkpt>
   <trkpt lat="48.6568700" lon="-2.9167060">
    <ele>80.8</ele>
    <time>2026-05-21T06:58:52Z</time>
   </trkpt>
   <trkpt lat="48.6568990" lon="-2.9165940">
    <ele>80.7</ele>
    <time>2026-05-21T06:58:53Z</time>
   </trkpt>
   <trkpt lat="48.6569250" lon="-2.9164790">
    <ele>80.6</ele>
    <time>2026-05-21T06:58:55Z</time>
   </trkpt>
   <trkpt lat="48.6569790" lon="-2.9162590">
    <ele>80.2</ele>
    <time>2026-05-21T06:58:56Z</time>
   </trkpt>
   <trkpt lat="48.6569960" lon="-2.9161440">
    <ele>79.9</ele>
    <time>2026-05-21T06:58:57Z</time>
   </trkpt>
   <trkpt lat="48.6570280" lon="-2.9159010">
    <ele>79.4</ele>
    <time>2026-05-21T06:58:59Z</time>
   </trkpt>
   <trkpt lat="48.6570430" lon="-2.9157790">
    <ele>79.1</ele>
    <time>2026-05-21T06:59:00Z</time>
   </trkpt>
   <trkpt lat="48.6570730" lon="-2.9155290">
    <ele>78.6</ele>
    <time>2026-05-21T06:59:02Z</time>
   </trkpt>
   <trkpt lat="48.6570900" lon="-2.9154050">
    <ele>78.4</ele>
    <time>2026-05-21T06:59:03Z</time>
   </trkpt>
   <trkpt lat="48.6571270" lon="-2.9151510">
    <ele>78.0</ele>
    <time>2026-05-21T06:59:05Z</time>
   </trkpt>
   <trkpt lat="48.6571460" lon="-2.9150220">
    <ele>77.9</ele>
    <time>2026-05-21T06:59:07Z</time>
   </trkpt>
   <trkpt lat="48.6571770" lon="-2.9147710">
    <ele>77.6</ele>
    <time>2026-05-21T06:59:08Z</time>
   </trkpt>
   <trkpt lat="48.6571920" lon="-2.9146600">
    <ele>77.5</ele>
    <time>2026-05-21T06:59:09Z</time>
   </trkpt>
   <trkpt lat="48.6572030" lon="-2.9145570">
    <ele>77.4</ele>
    <time>2026-05-21T06:59:10Z</time>
   </trkpt>
   <trkpt lat="48.6572170" lon="-2.9144740">
    <ele>77.4</ele>
    <time>2026-05-21T06:59:11Z</time>
   </trkpt>
   <trkpt lat="48.6572300" lon="-2.9144080">
    <ele>77.4</ele>
    <time>2026-05-21T06:59:12Z</time>
   </trkpt>
   <trkpt lat="48.6572430" lon="-2.9143560">
    <ele>77.4</ele>
    <time>2026-05-21T06:59:13Z</time>
   </trkpt>
   <trkpt lat="48.6572510" lon="-2.9143110">
    <ele>77.4</ele>
    <time>2026-05-21T06:59:14Z</time>
   </trkpt>
   <trkpt lat="48.6572460" lon="-2.9142550">
    <ele>77.4</ele>
    <time>2026-05-21T06:59:15Z</time>
   </trkpt>
   <trkpt lat="48.6572300" lon="-2.9142110">
    <ele>77.4</ele>
    <time>2026-05-21T06:59:16Z</time>
   </trkpt>
   <trkpt lat="48.6572030" lon="-2.9141540">
    <ele>77.5</ele>
    <time>2026-05-21T06:59:17Z</time>
   </trkpt>
   <trkpt lat="48.6571830" lon="-2.9140970">
    <ele>77.5</ele>
    <time>2026-05-21T06:59:18Z</time>
   </trkpt>
   <trkpt lat="48.6571580" lon="-2.9140380">
    <ele>77.5</ele>
    <time>2026-05-21T06:59:19Z</time>
   </trkpt>
   <trkpt lat="48.6571250" lon="-2.9139820">
    <ele>77.6</ele>
    <time>2026-05-21T06:59:20Z</time>
   </trkpt>
   <trkpt lat="48.6570940" lon="-2.9139220">
    <ele>77.6</ele>
    <time>2026-05-21T06:59:21Z</time>
   </trkpt>
   <trkpt lat="48.6570590" lon="-2.9138650">
    <ele>77.7</ele>
    <time>2026-05-21T06:59:22Z</time>
   </trkpt>
   <trkpt lat="48.6570200" lon="-2.9138060">
    <ele>77.7</ele>
    <time>2026-05-21T06:59:23Z</time>
   </trkpt>
   <trkpt lat="48.6569730" lon="-2.9137630">
    <ele>77.8</ele>
    <time>2026-05-21T06:59:24Z</time>
   </trkpt>
   <trkpt lat="48.6569250" lon="-2.9137140">
    <ele>77.9</ele>
    <time>2026-05-21T06:59:25Z</time>
   </trkpt>
   <trkpt lat="48.6568800" lon="-2.9136720">
    <ele>77.9</ele>
    <time>2026-05-21T06:59:26Z</time>
   </trkpt>
   <trkpt lat="48.6568310" lon="-2.9136330">
    <ele>78.0</ele>
    <time>2026-05-21T06:59:27Z</time>
   </trkpt>
   <trkpt lat="48.6567850" lon="-2.9135880">
    <ele>78.0</ele>
    <time>2026-05-21T06:59:28Z</time>
   </trkpt>
   <trkpt lat="48.6567320" lon="-2.9135450">
    <ele>78.0</ele>
    <time>2026-05-21T06:59:29Z</time>
   </trkpt>
   <trkpt lat="48.6566800" lon="-2.9134960">
    <ele>78.0</ele>
    <time>2026-05-21T06:59:30Z</time>
   </trkpt>
   <trkpt lat="48.6566260" lon="-2.9134550">
    <ele>78.0</ele>
    <time>2026-05-21T06:59:31Z</time>
   </trkpt>
   <trkpt lat="48.6565720" lon="-2.9134150">
    <ele>78.0</ele>
    <time>2026-05-21T06:59:32Z</time>
   </trkpt>
   <trkpt lat="48.6565160" lon="-2.9133760">
    <ele>78.0</ele>
    <time>2026-05-21T06:59:33Z</time>
   </trkpt>
   <trkpt lat="48.6564600" lon="-2.9133350">
    <ele>78.0</ele>
    <time>2026-05-21T06:59:34Z</time>
   </trkpt>
   <trkpt lat="48.6564020" lon="-2.9133010">
    <ele>78.1</ele>
    <time>2026-05-21T06:59:35Z</time>
   </trkpt>
   <trkpt lat="48.6563410" lon="-2.9132710">
    <ele>78.1</ele>
    <time>2026-05-21T06:59:36Z</time>
   </trkpt>
   <trkpt lat="48.6562800" lon="-2.9132410">
    <ele>78.1</ele>
    <time>2026-05-21T06:59:37Z</time>
   </trkpt>
   <trkpt lat="48.6562180" lon="-2.9132170">
    <ele>78.2</ele>
    <time>2026-05-21T06:59:38Z</time>
   </trkpt>
   <trkpt lat="48.6561530" lon="-2.9132000">
    <ele>78.2</ele>
    <time>2026-05-21T06:59:39Z</time>
   </trkpt>
   <trkpt lat="48.6560890" lon="-2.9131770">
    <ele>78.3</ele>
    <time>2026-05-21T06:59:40Z</time>
   </trkpt>
   <trkpt lat="48.6560230" lon="-2.9131640">
    <ele>78.4</ele>
    <time>2026-05-21T06:59:41Z</time>
   </trkpt>
   <trkpt lat="48.6559570" lon="-2.9131430">
    <ele>78.5</ele>
    <time>2026-05-21T06:59:42Z</time>
   </trkpt>
   <trkpt lat="48.6558910" lon="-2.9131280">
    <ele>78.6</ele>
    <time>2026-05-21T06:59:43Z</time>
   </trkpt>
   <trkpt lat="48.6558260" lon="-2.9131160">
    <ele>78.8</ele>
    <time>2026-05-21T06:59:44Z</time>
   </trkpt>
   <trkpt lat="48.6557610" lon="-2.9130960">
    <ele>78.9</ele>
    <time>2026-05-21T06:59:45Z</time>
   </trkpt>
   <trkpt lat="48.6556980" lon="-2.9130730">
    <ele>79.0</ele>
    <time>2026-05-21T06:59:46Z</time>
   </trkpt>
   <trkpt lat="48.6556350" lon="-2.9130490">
    <ele>79.2</ele>
    <time>2026-05-21T06:59:47Z</time>
   </trkpt>
   <trkpt lat="48.6555710" lon="-2.9130210">
    <ele>79.3</ele>
    <time>2026-05-21T06:59:48Z</time>
   </trkpt>
   <trkpt lat="48.6555120" lon="-2.9129980">
    <ele>79.3</ele>
    <time>2026-05-21T06:59:49Z</time>
   </trkpt>
   <trkpt lat="48.6554560" lon="-2.9129690">
    <ele>79.4</ele>
    <time>2026-05-21T06:59:50Z</time>
   </trkpt>
   <trkpt lat="48.6553990" lon="-2.9129350">
    <ele>79.5</ele>
    <time>2026-05-21T06:59:51Z</time>
   </trkpt>
   <trkpt lat="48.6553450" lon="-2.9128890">
    <ele>79.7</ele>
    <time>2026-05-21T06:59:52Z</time>
   </trkpt>
   <trkpt lat="48.6552910" lon="-2.9128450">
    <ele>79.8</ele>
    <time>2026-05-21T06:59:53Z</time>
   </trkpt>
   <trkpt lat="48.6552390" lon="-2.9127970">
    <ele>79.9</ele>
    <time>2026-05-21T06:59:54Z</time>
   </trkpt>
   <trkpt lat="48.6551870" lon="-2.9127460">
    <ele>80.1</ele>
    <time>2026-05-21T06:59:55Z</time>
   </trkpt>
   <trkpt lat="48.6551370" lon="-2.9126900">
    <ele>80.2</ele>
    <time>2026-05-21T06:59:56Z</time>
   </trkpt>
   <trkpt lat="48.6550900" lon="-2.9126350">
    <ele>80.4</ele>
    <time>2026-05-21T06:59:57Z</time>
   </trkpt>
   <trkpt lat="48.6550410" lon="-2.9125810">
    <ele>80.5</ele>
    <time>2026-05-21T06:59:58Z</time>
   </trkpt>
   <trkpt lat="48.6549910" lon="-2.9125300">
    <ele>80.7</ele>
    <time>2026-05-21T06:59:59Z</time>
   </trkpt>
   <trkpt lat="48.6549390" lon="-2.9124820">
    <ele>80.8</ele>
    <time>2026-05-21T07:00:00Z</time>
   </trkpt>
   <trkpt lat="48.6548820" lon="-2.9124390">
    <ele>80.9</ele>
    <time>2026-05-21T07:00:01Z</time>
   </trkpt>
   <trkpt lat="48.6548220" lon="-2.9124100">
    <ele>81.0</ele>
    <time>2026-05-21T07:00:02Z</time>
   </trkpt>
   <trkpt lat="48.6547630" lon="-2.9123880">
    <ele>81.2</ele>
    <time>2026-05-21T07:00:03Z</time>
   </trkpt>
   <trkpt lat="48.6547020" lon="-2.9123690">
    <ele>81.2</ele>
    <time>2026-05-21T07:00:04Z</time>
   </trkpt>
   <trkpt lat="48.6546410" lon="-2.9123580">
    <ele>81.3</ele>
    <time>2026-05-21T07:00:05Z</time>
   </trkpt>
   <trkpt lat="48.6545810" lon="-2.9123610">
    <ele>81.3</ele>
    <time>2026-05-21T07:00:06Z</time>
   </trkpt>
   <trkpt lat="48.6545200" lon="-2.9123600">
    <ele>81.4</ele>
    <time>2026-05-21T07:00:07Z</time>
   </trkpt>
   <trkpt lat="48.6544560" lon="-2.9123590">
    <ele>81.4</ele>
    <time>2026-05-21T07:00:08Z</time>
   </trkpt>
   <trkpt lat="48.6543910" lon="-2.9123590">
    <ele>81.4</ele>
    <time>2026-05-21T07:00:09Z</time>
   </trkpt>
   <trkpt lat="48.6543250" lon="-2.9123560">
    <ele>81.4</ele>
    <time>2026-05-21T07:00:10Z</time>
   </trkpt>
   <trkpt lat="48.6542600" lon="-2.9123420">
    <ele>81.4</ele>
    <time>2026-05-21T07:00:11Z</time>
   </trkpt>
   <trkpt lat="48.6541980" lon="-2.9123130">
    <ele>81.4</ele>
    <time>2026-05-21T07:00:12Z</time>
   </trkpt>
   <trkpt lat="48.6541350" lon="-2.9122780">
    <ele>81.4</ele>
    <time>2026-05-21T07:00:13Z</time>
   </trkpt>
   <trkpt lat="48.6540760" lon="-2.9122360">
    <ele>81.4</ele>
    <time>2026-05-21T07:00:14Z</time>
   </trkpt>
   <trkpt lat="48.6540170" lon="-2.9121850">
    <ele>81.4</ele>
    <time>2026-05-21T07:00:15Z</time>
   </trkpt>
   <trkpt lat="48.6539600" lon="-2.9121340">
    <ele>81.4</ele>
    <time>2026-05-21T07:00:16Z</time>
   </trkpt>
   <trkpt lat="48.6539060" lon="-2.9120740">
    <ele>81.4</ele>
    <time>2026-05-21T07:00:17Z</time>
   </trkpt>
   <trkpt lat="48.6538510" lon="-2.9120160">
    <ele>81.4</ele>
    <time>2026-05-21T07:00:18Z</time>
   </trkpt>
   <trkpt lat="48.6537980" lon="-2.9119540">
    <ele>81.3</ele>
    <time>2026-05-21T07:00:19Z</time>
   </trkpt>
   <trkpt lat="48.6537440" lon="-2.9118920">
    <ele>81.3</ele>
    <time>2026-05-21T07:00:20Z</time>
   </trkpt>
   <trkpt lat="48.6536900" lon="-2.9118290">
    <ele>81.2</ele>
    <time>2026-05-21T07:00:21Z</time>
   </trkpt>
   <trkpt lat="48.6536370" lon="-2.9117620">
    <ele>81.2</ele>
    <time>2026-05-21T07:00:22Z</time>
   </trkpt>
   <trkpt lat="48.6535860" lon="-2.9116920">
    <ele>81.1</ele>
    <time>2026-05-21T07:00:23Z</time>
   </trkpt>
   <trkpt lat="48.6535360" lon="-2.9116210">
    <ele>81.1</ele>
    <time>2026-05-21T07:00:24Z</time>
   </trkpt>
   <trkpt lat="48.6534840" lon="-2.9115510">
    <ele>81.1</ele>
    <time>2026-05-21T07:00:25Z</time>
   </trkpt>
   <trkpt lat="48.6534300" lon="-2.9114850">
    <ele>81.0</ele>
    <time>2026-05-21T07:00:26Z</time>
   </trkpt>
   <trkpt lat="48.6533750" lon="-2.9114180">
    <ele>81.0</ele>
    <time>2026-05-21T07:00:27Z</time>
   </trkpt>
   <trkpt lat="48.6533180" lon="-2.9113570">
    <ele>80.9</ele>
    <time>2026-05-21T07:00:28Z</time>
   </trkpt>
   <trkpt lat="48.6532600" lon="-2.9112980">
    <ele>80.9</ele>
    <time>2026-05-21T07:00:29Z</time>
   </trkpt>
   <trkpt lat="48.6532010" lon="-2.9112380">
    <ele>80.8</ele>
    <time>2026-05-21T07:00:30Z</time>
   </trkpt>
   <trkpt lat="48.6531400" lon="-2.9111760">
    <ele>80.8</ele>
    <time>2026-05-21T07:00:31Z</time>
   </trkpt>
   <trkpt lat="48.6530800" lon="-2.9111130">
    <ele>80.7</ele>
    <time>2026-05-21T07:00:32Z</time>
   </trkpt>
   <trkpt lat="48.6530180" lon="-2.9110520">
    <ele>80.7</ele>
    <time>2026-05-21T07:00:33Z</time>
   </trkpt>
   <trkpt lat="48.6529530" lon="-2.9110010">
    <ele>80.7</ele>
    <time>2026-05-21T07:00:34Z</time>
   </trkpt>
   <trkpt lat="48.6528870" lon="-2.9109560">
    <ele>80.7</ele>
    <time>2026-05-21T07:00:35Z</time>
   </trkpt>
   <trkpt lat="48.6528190" lon="-2.9109130">
    <ele>80.7</ele>
    <time>2026-05-21T07:00:36Z</time>
   </trkpt>
   <trkpt lat="48.6527520" lon="-2.9108710">
    <ele>80.7</ele>
    <time>2026-05-21T07:00:37Z</time>
   </trkpt>
   <trkpt lat="48.6526870" lon="-2.9108240">
    <ele>80.8</ele>
    <time>2026-05-21T07:00:38Z</time>
   </trkpt>
   <trkpt lat="48.6526200" lon="-2.9107760">
    <ele>80.8</ele>
    <time>2026-05-21T07:00:39Z</time>
   </trkpt>
   <trkpt lat="48.6525590" lon="-2.9107250">
    <ele>80.9</ele>
    <time>2026-05-21T07:00:40Z</time>
   </trkpt>
   <trkpt lat="48.6524960" lon="-2.9106750">
    <ele>81.0</ele>
    <time>2026-05-21T07:00:41Z</time>
   </trkpt>
   <trkpt lat="48.6524340" lon="-2.9106210">
    <ele>81.0</ele>
    <time>2026-05-21T07:00:42Z</time>
   </trkpt>
   <trkpt lat="48.6523730" lon="-2.9105670">
    <ele>81.1</ele>
    <time>2026-05-21T07:00:43Z</time>
   </trkpt>
   <trkpt lat="48.6523140" lon="-2.9105090">
    <ele>81.3</ele>
    <time>2026-05-21T07:00:44Z</time>
   </trkpt>
   <trkpt lat="48.6522560" lon="-2.9104490">
    <ele>81.4</ele>
    <time>2026-05-21T07:00:45Z</time>
   </trkpt>
   <trkpt lat="48.6522000" lon="-2.9103920">
    <ele>81.6</ele>
    <time>2026-05-21T07:00:46Z</time>
   </trkpt>
   <trkpt lat="48.6521450" lon="-2.9103360">
    <ele>81.8</ele>
    <time>2026-05-21T07:00:47Z</time>
   </trkpt>
   <trkpt lat="48.6520900" lon="-2.9102790">
    <ele>82.0</ele>
    <time>2026-05-21T07:00:48Z</time>
   </trkpt>
   <trkpt lat="48.6520330" lon="-2.9102190">
    <ele>82.2</ele>
    <time>2026-05-21T07:00:49Z</time>
   </trkpt>
   <trkpt lat="48.6519760" lon="-2.9101590">
    <ele>82.4</ele>
    <time>2026-05-21T07:00:50Z</time>
   </trkpt>
   <trkpt lat="48.6519230" lon="-2.9100920">
    <ele>82.6</ele>
    <time>2026-05-21T07:00:51Z</time>
   </trkpt>
   <trkpt lat="48.6518690" lon="-2.9100270">
    <ele>82.8</ele>
    <time>2026-05-21T07:00:52Z</time>
   </trkpt>
   <trkpt lat="48.6518130" lon="-2.9099670">
    <ele>83.1</ele>
    <time>2026-05-21T07:00:53Z</time>
   </trkpt>
   <trkpt lat="48.6517590" lon="-2.9099060">
    <ele>83.3</ele>
    <time>2026-05-21T07:00:54Z</time>
   </trkpt>
   <trkpt lat="48.6517100" lon="-2.9098390">
    <ele>83.6</ele>
    <time>2026-05-21T07:00:55Z</time>
   </trkpt>
   <trkpt lat="48.6516590" lon="-2.9097720">
    <ele>83.9</ele>
    <time>2026-05-21T07:00:56Z</time>
   </trkpt>
   <trkpt lat="48.6516140" lon="-2.9096950">
    <ele>84.1</ele>
    <time>2026-05-21T07:00:57Z</time>
   </trkpt>
   <trkpt lat="48.6515730" lon="-2.9096170">
    <ele>84.4</ele>
    <time>2026-05-21T07:00:58Z</time>
   </trkpt>
   <trkpt lat="48.6515300" lon="-2.9095390">
    <ele>84.7</ele>
    <time>2026-05-21T07:00:59Z</time>
   </trkpt>
   <trkpt lat="48.6514940" lon="-2.9094600">
    <ele>84.9</ele>
    <time>2026-05-21T07:01:00Z</time>
   </trkpt>
   <trkpt lat="48.6514350" lon="-2.9092890">
    <ele>85.4</ele>
    <time>2026-05-21T07:01:02Z</time>
   </trkpt>
   <trkpt lat="48.6514120" lon="-2.9092020">
    <ele>85.6</ele>
    <time>2026-05-21T07:01:03Z</time>
   </trkpt>
   <trkpt lat="48.6513780" lon="-2.9090270">
    <ele>86.1</ele>
    <time>2026-05-21T07:01:05Z</time>
   </trkpt>
   <trkpt lat="48.6513670" lon="-2.9089420">
    <ele>86.2</ele>
    <time>2026-05-21T07:01:07Z</time>
   </trkpt>
   <trkpt lat="48.6513460" lon="-2.9087730">
    <ele>86.5</ele>
    <time>2026-05-21T07:01:08Z</time>
   </trkpt>
   <trkpt lat="48.6513300" lon="-2.9086860">
    <ele>86.6</ele>
    <time>2026-05-21T07:01:09Z</time>
   </trkpt>
   <trkpt lat="48.6512820" lon="-2.9085160">
    <ele>86.6</ele>
    <time>2026-05-21T07:01:11Z</time>
   </trkpt>
   <trkpt lat="48.6512520" lon="-2.9084330">
    <ele>86.6</ele>
    <time>2026-05-21T07:01:12Z</time>
   </trkpt>
   <trkpt lat="48.6511830" lon="-2.9082670">
    <ele>86.6</ele>
    <time>2026-05-21T07:01:14Z</time>
   </trkpt>
   <trkpt lat="48.6511430" lon="-2.9081890">
    <ele>86.6</ele>
    <time>2026-05-21T07:01:15Z</time>
   </trkpt>
   <trkpt lat="48.6510990" lon="-2.9081110">
    <ele>86.6</ele>
    <time>2026-05-21T07:01:16Z</time>
   </trkpt>
   <trkpt lat="48.6510500" lon="-2.9080360">
    <ele>86.6</ele>
    <time>2026-05-21T07:01:17Z</time>
   </trkpt>
   <trkpt lat="48.6510020" lon="-2.9079640">
    <ele>86.7</ele>
    <time>2026-05-21T07:01:18Z</time>
   </trkpt>
   <trkpt lat="48.6509510" lon="-2.9078950">
    <ele>86.7</ele>
    <time>2026-05-21T07:01:19Z</time>
   </trkpt>
   <trkpt lat="48.6509020" lon="-2.9078280">
    <ele>86.8</ele>
    <time>2026-05-21T07:01:20Z</time>
   </trkpt>
   <trkpt lat="48.6508530" lon="-2.9077570">
    <ele>86.9</ele>
    <time>2026-05-21T07:01:21Z</time>
   </trkpt>
   <trkpt lat="48.6508040" lon="-2.9076850">
    <ele>87.0</ele>
    <time>2026-05-21T07:01:22Z</time>
   </trkpt>
   <trkpt lat="48.6507570" lon="-2.9076150">
    <ele>87.2</ele>
    <time>2026-05-21T07:01:23Z</time>
   </trkpt>
   <trkpt lat="48.6507070" lon="-2.9075500">
    <ele>87.3</ele>
    <time>2026-05-21T07:01:24Z</time>
   </trkpt>
   <trkpt lat="48.6506600" lon="-2.9074820">
    <ele>87.4</ele>
    <time>2026-05-21T07:01:25Z</time>
   </trkpt>
   <trkpt lat="48.6506150" lon="-2.9074110">
    <ele>87.5</ele>
    <time>2026-05-21T07:01:26Z</time>
   </trkpt>
   <trkpt lat="48.6505700" lon="-2.9073420">
    <ele>87.6</ele>
    <time>2026-05-21T07:01:27Z</time>
   </trkpt>
   <trkpt lat="48.6505250" lon="-2.9072700">
    <ele>87.8</ele>
    <time>2026-05-21T07:01:28Z</time>
   </trkpt>
   <trkpt lat="48.6504790" lon="-2.9072010">
    <ele>87.9</ele>
    <time>2026-05-21T07:01:29Z</time>
   </trkpt>
   <trkpt lat="48.6504350" lon="-2.9071330">
    <ele>88.1</ele>
    <time>2026-05-21T07:01:30Z</time>
   </trkpt>
   <trkpt lat="48.6503930" lon="-2.9070610">
    <ele>88.2</ele>
    <time>2026-05-21T07:01:31Z</time>
   </trkpt>
   <trkpt lat="48.6503490" lon="-2.9069930">
    <ele>88.4</ele>
    <time>2026-05-21T07:01:32Z</time>
   </trkpt>
   <trkpt lat="48.6503130" lon="-2.9069200">
    <ele>88.5</ele>
    <time>2026-05-21T07:01:33Z</time>
   </trkpt>
   <trkpt lat="48.6502770" lon="-2.9068480">
    <ele>88.6</ele>
    <time>2026-05-21T07:01:34Z</time>
   </trkpt>
   <trkpt lat="48.6502400" lon="-2.9067790">
    <ele>88.7</ele>
    <time>2026-05-21T07:01:35Z</time>
   </trkpt>
   <trkpt lat="48.6502040" lon="-2.9067080">
    <ele>88.9</ele>
    <time>2026-05-21T07:01:36Z</time>
   </trkpt>
   <trkpt lat="48.6501630" lon="-2.9066390">
    <ele>89.0</ele>
    <time>2026-05-21T07:01:37Z</time>
   </trkpt>
   <trkpt lat="48.6501240" lon="-2.9065720">
    <ele>89.1</ele>
    <time>2026-05-21T07:01:38Z</time>
   </trkpt>
   <trkpt lat="48.6500850" lon="-2.9065030">
    <ele>89.2</ele>
    <time>2026-05-21T07:01:39Z</time>
   </trkpt>
   <trkpt lat="48.6500450" lon="-2.9064370">
    <ele>89.3</ele>
    <time>2026-05-21T07:01:40Z</time>
   </trkpt>
   <trkpt lat="48.6500010" lon="-2.9063760">
    <ele>89.3</ele>
    <time>2026-05-21T07:01:41Z</time>
   </trkpt>
   <trkpt lat="48.6499510" lon="-2.9063200">
    <ele>89.3</ele>
    <time>2026-05-21T07:01:42Z</time>
   </trkpt>
   <trkpt lat="48.6499000" lon="-2.9062720">
    <ele>89.4</ele>
    <time>2026-05-21T07:01:43Z</time>
   </trkpt>
   <trkpt lat="48.6498460" lon="-2.9062340">
    <ele>89.4</ele>
    <time>2026-05-21T07:01:44Z</time>
   </trkpt>
   <trkpt lat="48.6497920" lon="-2.9061950">
    <ele>89.4</ele>
    <time>2026-05-21T07:01:45Z</time>
   </trkpt>
   <trkpt lat="48.6497390" lon="-2.9061550">
    <ele>89.5</ele>
    <time>2026-05-21T07:01:46Z</time>
   </trkpt>
   <trkpt lat="48.6496800" lon="-2.9061210">
    <ele>89.5</ele>
    <time>2026-05-21T07:01:47Z</time>
   </trkpt>
   <trkpt lat="48.6496240" lon="-2.9060890">
    <ele>89.6</ele>
    <time>2026-05-21T07:01:48Z</time>
   </trkpt>
   <trkpt lat="48.6495680" lon="-2.9060570">
    <ele>89.7</ele>
    <time>2026-05-21T07:01:49Z</time>
   </trkpt>
   <trkpt lat="48.6495130" lon="-2.9060210">
    <ele>89.7</ele>
    <time>2026-05-21T07:01:50Z</time>
   </trkpt>
   <trkpt lat="48.6494600" lon="-2.9059820">
    <ele>89.8</ele>
    <time>2026-05-21T07:01:51Z</time>
   </trkpt>
   <trkpt lat="48.6494050" lon="-2.9059420">
    <ele>89.9</ele>
    <time>2026-05-21T07:01:52Z</time>
   </trkpt>
   <trkpt lat="48.6493550" lon="-2.9058950">
    <ele>90.0</ele>
    <time>2026-05-21T07:01:53Z</time>
   </trkpt>
   <trkpt lat="48.6493040" lon="-2.9058480">
    <ele>90.1</ele>
    <time>2026-05-21T07:01:54Z</time>
   </trkpt>
   <trkpt lat="48.6492530" lon="-2.9058030">
    <ele>90.3</ele>
    <time>2026-05-21T07:01:55Z</time>
   </trkpt>
   <trkpt lat="48.6491990" lon="-2.9057650">
    <ele>90.4</ele>
    <time>2026-05-21T07:01:56Z</time>
   </trkpt>
   <trkpt lat="48.6491440" lon="-2.9057230">
    <ele>90.5</ele>
    <time>2026-05-21T07:01:57Z</time>
   </trkpt>
   <trkpt lat="48.6490890" lon="-2.9056820">
    <ele>90.5</ele>
    <time>2026-05-21T07:01:58Z</time>
   </trkpt>
   <trkpt lat="48.6490310" lon="-2.9056440">
    <ele>90.6</ele>
    <time>2026-05-21T07:01:59Z</time>
   </trkpt>
   <trkpt lat="48.6489760" lon="-2.9056050">
    <ele>90.6</ele>
    <time>2026-05-21T07:02:00Z</time>
   </trkpt>
   <trkpt lat="48.6489210" lon="-2.9055670">
    <ele>90.7</ele>
    <time>2026-05-21T07:02:01Z</time>
   </trkpt>
   <trkpt lat="48.6488650" lon="-2.9055300">
    <ele>90.9</ele>
    <time>2026-05-21T07:02:02Z</time>
   </trkpt>
   <trkpt lat="48.6488110" lon="-2.9054900">
    <ele>91.1</ele>
    <time>2026-05-21T07:02:03Z</time>
   </trkpt>
   <trkpt lat="48.6487580" lon="-2.9054470">
    <ele>91.4</ele>
    <time>2026-05-21T07:02:04Z</time>
   </trkpt>
   <trkpt lat="48.6487040" lon="-2.9054020">
    <ele>91.6</ele>
    <time>2026-05-21T07:02:05Z</time>
   </trkpt>
   <trkpt lat="48.6486540" lon="-2.9053590">
    <ele>91.9</ele>
    <time>2026-05-21T07:02:06Z</time>
   </trkpt>
   <trkpt lat="48.6486030" lon="-2.9053130">
    <ele>92.2</ele>
    <time>2026-05-21T07:02:07Z</time>
   </trkpt>
   <trkpt lat="48.6485560" lon="-2.9052630">
    <ele>92.4</ele>
    <time>2026-05-21T07:02:08Z</time>
   </trkpt>
   <trkpt lat="48.6485100" lon="-2.9052140">
    <ele>92.7</ele>
    <time>2026-05-21T07:02:09Z</time>
   </trkpt>
   <trkpt lat="48.6484660" lon="-2.9051630">
    <ele>93.0</ele>
    <time>2026-05-21T07:02:10Z</time>
   </trkpt>
   <trkpt lat="48.6484190" lon="-2.9051130">
    <ele>93.3</ele>
    <time>2026-05-21T07:02:11Z</time>
   </trkpt>
   <trkpt lat="48.6483760" lon="-2.9050630">
    <ele>93.5</ele>
    <time>2026-05-21T07:02:12Z</time>
   </trkpt>
   <trkpt lat="48.6483340" lon="-2.9050130">
    <ele>93.8</ele>
    <time>2026-05-21T07:02:13Z</time>
   </trkpt>
   <trkpt lat="48.6482940" lon="-2.9049670">
    <ele>94.0</ele>
    <time>2026-05-21T07:02:14Z</time>
   </trkpt>
   <trkpt lat="48.6482520" lon="-2.9049200">
    <ele>94.3</ele>
    <time>2026-05-21T07:02:15Z</time>
   </trkpt>
   <trkpt lat="48.6482190" lon="-2.9048610">
    <ele>94.5</ele>
    <time>2026-05-21T07:02:16Z</time>
   </trkpt>
   <trkpt lat="48.6481840" lon="-2.9048150">
    <ele>94.7</ele>
    <time>2026-05-21T07:02:17Z</time>
   </trkpt>
   <trkpt lat="48.6481400" lon="-2.9047670">
    <ele>94.9</ele>
    <time>2026-05-21T07:02:18Z</time>
   </trkpt>
   <trkpt lat="48.6481060" lon="-2.9047090">
    <ele>95.1</ele>
    <time>2026-05-21T07:02:19Z</time>
   </trkpt>
   <trkpt lat="48.6480690" lon="-2.9046570">
    <ele>95.3</ele>
    <time>2026-05-21T07:02:20Z</time>
   </trkpt>
   <trkpt lat="48.6480320" lon="-2.9046050">
    <ele>95.4</ele>
    <time>2026-05-21T07:02:21Z</time>
   </trkpt>
   <trkpt lat="48.6479930" lon="-2.9045550">
    <ele>95.6</ele>
    <time>2026-05-21T07:02:22Z</time>
   </trkpt>
   <trkpt lat="48.6479550" lon="-2.9045050">
    <ele>95.8</ele>
    <time>2026-05-21T07:02:23Z</time>
   </trkpt>
   <trkpt lat="48.6479180" lon="-2.9044570">
    <ele>95.9</ele>
    <time>2026-05-21T07:02:24Z</time>
   </trkpt>
   <trkpt lat="48.6478900" lon="-2.9043960">
    <ele>96.1</ele>
    <time>2026-05-21T07:02:25Z</time>
   </trkpt>
   <trkpt lat="48.6478590" lon="-2.9043450">
    <ele>96.2</ele>
    <time>2026-05-21T07:02:26Z</time>
   </trkpt>
   <trkpt lat="48.6478270" lon="-2.9042930">
    <ele>96.4</ele>
    <time>2026-05-21T07:02:27Z</time>
   </trkpt>
   <trkpt lat="48.6477930" lon="-2.9042410">
    <ele>96.5</ele>
    <time>2026-05-21T07:02:28Z</time>
   </trkpt>
   <trkpt lat="48.6477590" lon="-2.9041930">
    <ele>96.7</ele>
    <time>2026-05-21T07:02:29Z</time>
   </trkpt>
   <trkpt lat="48.6477270" lon="-2.9041400">
    <ele>96.8</ele>
    <time>2026-05-21T07:02:30Z</time>
   </trkpt>
   <trkpt lat="48.6476960" lon="-2.9040900">
    <ele>96.9</ele>
    <time>2026-05-21T07:02:31Z</time>
   </trkpt>
   <trkpt lat="48.6476640" lon="-2.9040350">
    <ele>97.0</ele>
    <time>2026-05-21T07:02:32Z</time>
   </trkpt>
   <trkpt lat="48.6476280" lon="-2.9039870">
    <ele>97.1</ele>
    <time>2026-05-21T07:02:33Z</time>
   </trkpt>
   <trkpt lat="48.6475970" lon="-2.9039320">
    <ele>97.2</ele>
    <time>2026-05-21T07:02:34Z</time>
   </trkpt>
   <trkpt lat="48.6475600" lon="-2.9038760">
    <ele>97.3</ele>
    <time>2026-05-21T07:02:35Z</time>
   </trkpt>
   <trkpt lat="48.6475210" lon="-2.9038210">
    <ele>97.4</ele>
    <time>2026-05-21T07:02:36Z</time>
   </trkpt>
   <trkpt lat="48.6474900" lon="-2.9037630">
    <ele>97.4</ele>
    <time>2026-05-21T07:02:37Z</time>
   </trkpt>
   <trkpt lat="48.6474570" lon="-2.9037040">
    <ele>97.5</ele>
    <time>2026-05-21T07:02:38Z</time>
   </trkpt>
   <trkpt lat="48.6474220" lon="-2.9036450">
    <ele>97.5</ele>
    <time>2026-05-21T07:02:39Z</time>
   </trkpt>
   <trkpt lat="48.6473860" lon="-2.9035900">
    <ele>97.6</ele>
    <time>2026-05-21T07:02:40Z</time>
   </trkpt>
   <trkpt lat="48.6473490" lon="-2.9035240">
    <ele>97.6</ele>
    <time>2026-05-21T07:02:41Z</time>
   </trkpt>
   <trkpt lat="48.6473110" lon="-2.9034720">
    <ele>97.6</ele>
    <time>2026-05-21T07:02:42Z</time>
   </trkpt>
   <trkpt lat="48.6472700" lon="-2.9034210">
    <ele>97.5</ele>
    <time>2026-05-21T07:02:43Z</time>
   </trkpt>
   <trkpt lat="48.6472310" lon="-2.9033630">
    <ele>97.5</ele>
    <time>2026-05-21T07:02:44Z</time>
   </trkpt>
   <trkpt lat="48.6471900" lon="-2.9033010">
    <ele>97.4</ele>
    <time>2026-05-21T07:02:45Z</time>
   </trkpt>
   <trkpt lat="48.6471450" lon="-2.9032410">
    <ele>97.3</ele>
    <time>2026-05-21T07:02:46Z</time>
   </trkpt>
   <trkpt lat="48.6471130" lon="-2.9031680">
    <ele>97.2</ele>
    <time>2026-05-21T07:02:47Z</time>
   </trkpt>
   <trkpt lat="48.6470620" lon="-2.9031140">
    <ele>97.1</ele>
    <time>2026-05-21T07:02:48Z</time>
   </trkpt>
   <trkpt lat="48.6470230" lon="-2.9030430">
    <ele>97.0</ele>
    <time>2026-05-21T07:02:49Z</time>
   </trkpt>
   <trkpt lat="48.6469790" lon="-2.9029690">
    <ele>97.0</ele>
    <time>2026-05-21T07:02:50Z</time>
   </trkpt>
   <trkpt lat="48.6469420" lon="-2.9028890">
    <ele>96.9</ele>
    <time>2026-05-21T07:02:51Z</time>
   </trkpt>
   <trkpt lat="48.6469090" lon="-2.9028120">
    <ele>96.8</ele>
    <time>2026-05-21T07:02:52Z</time>
   </trkpt>
   <trkpt lat="48.6468740" lon="-2.9027250">
    <ele>96.8</ele>
    <time>2026-05-21T07:02:53Z</time>
   </trkpt>
   <trkpt lat="48.6468360" lon="-2.9026450">
    <ele>96.6</ele>
    <time>2026-05-21T07:02:54Z</time>
   </trkpt>
   <trkpt lat="48.6467960" lon="-2.9025730">
    <ele>96.5</ele>
    <time>2026-05-21T07:02:55Z</time>
   </trkpt>
   <trkpt lat="48.6467590" lon="-2.9024840">
    <ele>96.4</ele>
    <time>2026-05-21T07:02:56Z</time>
   </trkpt>
   <trkpt lat="48.6467170" lon="-2.9024030">
    <ele>96.3</ele>
    <time>2026-05-21T07:02:57Z</time>
   </trkpt>
   <trkpt lat="48.6466760" lon="-2.9023130">
    <ele>96.2</ele>
    <time>2026-05-21T07:02:58Z</time>
   </trkpt>
   <trkpt lat="48.6466340" lon="-2.9022200">
    <ele>96.1</ele>
    <time>2026-05-21T07:02:59Z</time>
   </trkpt>
   <trkpt lat="48.6465900" lon="-2.9021280">
    <ele>96.0</ele>
    <time>2026-05-21T07:03:00Z</time>
   </trkpt>
   <trkpt lat="48.6465550" lon="-2.9020290">
    <ele>96.0</ele>
    <time>2026-05-21T07:03:01Z</time>
   </trkpt>
   <trkpt lat="48.6465160" lon="-2.9019350">
    <ele>95.9</ele>
    <time>2026-05-21T07:03:02Z</time>
   </trkpt>
   <trkpt lat="48.6464720" lon="-2.9018520">
    <ele>95.8</ele>
    <time>2026-05-21T07:03:03Z</time>
   </trkpt>
   <trkpt lat="48.6464260" lon="-2.9017710">
    <ele>95.7</ele>
    <time>2026-05-21T07:03:04Z</time>
   </trkpt>
   <trkpt lat="48.6463860" lon="-2.9016800">
    <ele>95.6</ele>
    <time>2026-05-21T07:03:05Z</time>
   </trkpt>
   <trkpt lat="48.6463470" lon="-2.9015890">
    <ele>95.5</ele>
    <time>2026-05-21T07:03:07Z</time>
   </trkpt>
   <trkpt lat="48.6463060" lon="-2.9014980">
    <ele>95.4</ele>
    <time>2026-05-21T07:03:08Z</time>
   </trkpt>
   <trkpt lat="48.6462650" lon="-2.9014070">
    <ele>95.3</ele>
    <time>2026-05-21T07:03:09Z</time>
   </trkpt>
   <trkpt lat="48.6462230" lon="-2.9013150">
    <ele>95.2</ele>
    <time>2026-05-21T07:03:10Z</time>
   </trkpt>
   <trkpt lat="48.6461840" lon="-2.9012220">
    <ele>95.1</ele>
    <time>2026-05-21T07:03:11Z</time>
   </trkpt>
   <trkpt lat="48.6461460" lon="-2.9011280">
    <ele>95.1</ele>
    <time>2026-05-21T07:03:12Z</time>
   </trkpt>
   <trkpt lat="48.6461010" lon="-2.9010390">
    <ele>95.0</ele>
    <time>2026-05-21T07:03:13Z</time>
   </trkpt>
   <trkpt lat="48.6460600" lon="-2.9009480">
    <ele>94.9</ele>
    <time>2026-05-21T07:03:14Z</time>
   </trkpt>
   <trkpt lat="48.6460160" lon="-2.9008570">
    <ele>94.9</ele>
    <time>2026-05-21T07:03:15Z</time>
   </trkpt>
   <trkpt lat="48.6459750" lon="-2.9007640">
    <ele>94.8</ele>
    <time>2026-05-21T07:03:16Z</time>
   </trkpt>
   <trkpt lat="48.6459410" lon="-2.9006690">
    <ele>94.7</ele>
    <time>2026-05-21T07:03:17Z</time>
   </trkpt>
   <trkpt lat="48.6459060" lon="-2.9005730">
    <ele>94.7</ele>
    <time>2026-05-21T07:03:18Z</time>
   </trkpt>
   <trkpt lat="48.6458670" lon="-2.9004790">
    <ele>94.6</ele>
    <time>2026-05-21T07:03:19Z</time>
   </trkpt>
   <trkpt lat="48.6458300" lon="-2.9003850">
    <ele>94.5</ele>
    <time>2026-05-21T07:03:20Z</time>
   </trkpt>
   <trkpt lat="48.6457560" lon="-2.9001930">
    <ele>94.4</ele>
    <time>2026-05-21T07:03:21Z</time>
   </trkpt>
   <trkpt lat="48.6457210" lon="-2.9000930">
    <ele>94.2</ele>
    <time>2026-05-21T07:03:22Z</time>
   </trkpt>
   <trkpt lat="48.6456840" lon="-2.8999980">
    <ele>94.1</ele>
    <time>2026-05-21T07:03:23Z</time>
   </trkpt>
   <trkpt lat="48.6456470" lon="-2.8998950">
    <ele>94.0</ele>
    <time>2026-05-21T07:03:24Z</time>
   </trkpt>
   <trkpt lat="48.6456150" lon="-2.8997920">
    <ele>93.8</ele>
    <time>2026-05-21T07:03:25Z</time>
   </trkpt>
   <trkpt lat="48.6455890" lon="-2.8996850">
    <ele>93.6</ele>
    <time>2026-05-21T07:03:26Z</time>
   </trkpt>
   <trkpt lat="48.6455650" lon="-2.8995710">
    <ele>93.4</ele>
    <time>2026-05-21T07:03:27Z</time>
   </trkpt>
   <trkpt lat="48.6455410" lon="-2.8994630">
    <ele>93.3</ele>
    <time>2026-05-21T07:03:28Z</time>
   </trkpt>
   <trkpt lat="48.6455180" lon="-2.8993510">
    <ele>93.1</ele>
    <time>2026-05-21T07:03:29Z</time>
   </trkpt>
   <trkpt lat="48.6454990" lon="-2.8992350">
    <ele>92.9</ele>
    <time>2026-05-21T07:03:30Z</time>
   </trkpt>
   <trkpt lat="48.6454740" lon="-2.8991210">
    <ele>92.8</ele>
    <time>2026-05-21T07:03:31Z</time>
   </trkpt>
   <trkpt lat="48.6454420" lon="-2.8990110">
    <ele>92.7</ele>
    <time>2026-05-21T07:03:32Z</time>
   </trkpt>
   <trkpt lat="48.6454090" lon="-2.8989010">
    <ele>92.6</ele>
    <time>2026-05-21T07:03:33Z</time>
   </trkpt>
   <trkpt lat="48.6453790" lon="-2.8987910">
    <ele>92.5</ele>
    <time>2026-05-21T07:03:34Z</time>
   </trkpt>
   <trkpt lat="48.6453460" lon="-2.8986830">
    <ele>92.4</ele>
    <time>2026-05-21T07:03:35Z</time>
   </trkpt>
   <trkpt lat="48.6453130" lon="-2.8985740">
    <ele>92.4</ele>
    <time>2026-05-21T07:03:36Z</time>
   </trkpt>
   <trkpt lat="48.6452830" lon="-2.8984640">
    <ele>92.3</ele>
    <time>2026-05-21T07:03:37Z</time>
   </trkpt>
   <trkpt lat="48.6452480" lon="-2.8983580">
    <ele>92.3</ele>
    <time>2026-05-21T07:03:38Z</time>
   </trkpt>
   <trkpt lat="48.6452110" lon="-2.8982520">
    <ele>92.4</ele>
    <time>2026-05-21T07:03:39Z</time>
   </trkpt>
   <trkpt lat="48.6451760" lon="-2.8981470">
    <ele>92.3</ele>
    <time>2026-05-21T07:03:40Z</time>
   </trkpt>
   <trkpt lat="48.6451350" lon="-2.8980470">
    <ele>92.3</ele>
    <time>2026-05-21T07:03:41Z</time>
   </trkpt>
   <trkpt lat="48.6450890" lon="-2.8979540">
    <ele>92.2</ele>
    <time>2026-05-21T07:03:42Z</time>
   </trkpt>
   <trkpt lat="48.6450390" lon="-2.8978670">
    <ele>92.2</ele>
    <time>2026-05-21T07:03:43Z</time>
   </trkpt>
   <trkpt lat="48.6449850" lon="-2.8977860">
    <ele>92.2</ele>
    <time>2026-05-21T07:03:44Z</time>
   </trkpt>
   <trkpt lat="48.6449260" lon="-2.8977120">
    <ele>92.2</ele>
    <time>2026-05-21T07:03:45Z</time>
   </trkpt>
   <trkpt lat="48.6448660" lon="-2.8976430">
    <ele>92.2</ele>
    <time>2026-05-21T07:03:46Z</time>
   </trkpt>
   <trkpt lat="48.6448040" lon="-2.8975810">
    <ele>92.2</ele>
    <time>2026-05-21T07:03:47Z</time>
   </trkpt>
   <trkpt lat="48.6447390" lon="-2.8975290">
    <ele>92.2</ele>
    <time>2026-05-21T07:03:48Z</time>
   </trkpt>
   <trkpt lat="48.6446690" lon="-2.8974860">
    <ele>92.2</ele>
    <time>2026-05-21T07:03:49Z</time>
   </trkpt>
   <trkpt lat="48.6446000" lon="-2.8974510">
    <ele>92.3</ele>
    <time>2026-05-21T07:03:50Z</time>
   </trkpt>
   <trkpt lat="48.6445320" lon="-2.8974200">
    <ele>92.4</ele>
    <time>2026-05-21T07:03:51Z</time>
   </trkpt>
   <trkpt lat="48.6444660" lon="-2.8973870">
    <ele>92.5</ele>
    <time>2026-05-21T07:03:52Z</time>
   </trkpt>
   <trkpt lat="48.6444010" lon="-2.8973560">
    <ele>92.6</ele>
    <time>2026-05-21T07:03:53Z</time>
   </trkpt>
   <trkpt lat="48.6443330" lon="-2.8973270">
    <ele>92.8</ele>
    <time>2026-05-21T07:03:54Z</time>
   </trkpt>
   <trkpt lat="48.6442680" lon="-2.8972990">
    <ele>93.0</ele>
    <time>2026-05-21T07:03:55Z</time>
   </trkpt>
   <trkpt lat="48.6442020" lon="-2.8972700">
    <ele>93.2</ele>
    <time>2026-05-21T07:03:56Z</time>
   </trkpt>
   <trkpt lat="48.6441410" lon="-2.8972330">
    <ele>93.4</ele>
    <time>2026-05-21T07:03:57Z</time>
   </trkpt>
   <trkpt lat="48.6440800" lon="-2.8971940">
    <ele>93.6</ele>
    <time>2026-05-21T07:03:58Z</time>
   </trkpt>
   <trkpt lat="48.6440260" lon="-2.8971530">
    <ele>93.8</ele>
    <time>2026-05-21T07:03:59Z</time>
   </trkpt>
   <trkpt lat="48.6439700" lon="-2.8971120">
    <ele>94.0</ele>
    <time>2026-05-21T07:04:00Z</time>
   </trkpt>
   <trkpt lat="48.6439190" lon="-2.8970640">
    <ele>94.2</ele>
    <time>2026-05-21T07:04:01Z</time>
   </trkpt>
   <trkpt lat="48.6438660" lon="-2.8970190">
    <ele>94.3</ele>
    <time>2026-05-21T07:04:02Z</time>
   </trkpt>
   <trkpt lat="48.6438110" lon="-2.8969850">
    <ele>94.5</ele>
    <time>2026-05-21T07:04:03Z</time>
   </trkpt>
   <trkpt lat="48.6437590" lon="-2.8969480">
    <ele>94.6</ele>
    <time>2026-05-21T07:04:04Z</time>
   </trkpt>
   <trkpt lat="48.6437120" lon="-2.8969050">
    <ele>94.7</ele>
    <time>2026-05-21T07:04:05Z</time>
   </trkpt>
   <trkpt lat="48.6436630" lon="-2.8968580">
    <ele>94.7</ele>
    <time>2026-05-21T07:04:06Z</time>
   </trkpt>
   <trkpt lat="48.6436210" lon="-2.8968080">
    <ele>94.8</ele>
    <time>2026-05-21T07:04:07Z</time>
   </trkpt>
   <trkpt lat="48.6435750" lon="-2.8967610">
    <ele>94.8</ele>
    <time>2026-05-21T07:04:08Z</time>
   </trkpt>
   <trkpt lat="48.6435170" lon="-2.8967220">
    <ele>94.7</ele>
    <time>2026-05-21T07:04:09Z</time>
   </trkpt>
   <trkpt lat="48.6434620" lon="-2.8966790">
    <ele>94.7</ele>
    <time>2026-05-21T07:04:10Z</time>
   </trkpt>
   <trkpt lat="48.6434110" lon="-2.8966270">
    <ele>94.5</ele>
    <time>2026-05-21T07:04:11Z</time>
   </trkpt>
   <trkpt lat="48.6433580" lon="-2.8965580">
    <ele>94.4</ele>
    <time>2026-05-21T07:04:12Z</time>
   </trkpt>
   <trkpt lat="48.6433140" lon="-2.8964780">
    <ele>94.2</ele>
    <time>2026-05-21T07:04:13Z</time>
   </trkpt>
   <trkpt lat="48.6432620" lon="-2.8963930">
    <ele>94.0</ele>
    <time>2026-05-21T07:04:14Z</time>
   </trkpt>
   <trkpt lat="48.6432180" lon="-2.8963050">
    <ele>93.9</ele>
    <time>2026-05-21T07:04:15Z</time>
   </trkpt>
   <trkpt lat="48.6431790" lon="-2.8962200">
    <ele>93.7</ele>
    <time>2026-05-21T07:04:16Z</time>
   </trkpt>
   <trkpt lat="48.6431470" lon="-2.8961300">
    <ele>93.5</ele>
    <time>2026-05-21T07:04:17Z</time>
   </trkpt>
   <trkpt lat="48.6431190" lon="-2.8960080">
    <ele>93.1</ele>
    <time>2026-05-21T07:04:18Z</time>
   </trkpt>
   <trkpt lat="48.6430900" lon="-2.8959030">
    <ele>92.8</ele>
    <time>2026-05-21T07:04:19Z</time>
   </trkpt>
   <trkpt lat="48.6430640" lon="-2.8957880">
    <ele>92.4</ele>
    <time>2026-05-21T07:04:20Z</time>
   </trkpt>
   <trkpt lat="48.6430400" lon="-2.8956620">
    <ele>92.0</ele>
    <time>2026-05-21T07:04:21Z</time>
   </trkpt>
   <trkpt lat="48.6430050" lon="-2.8955550">
    <ele>91.7</ele>
    <time>2026-05-21T07:04:22Z</time>
   </trkpt>
   <trkpt lat="48.6429780" lon="-2.8954680">
    <ele>91.5</ele>
    <time>2026-05-21T07:04:23Z</time>
   </trkpt>
   <trkpt lat="48.6429510" lon="-2.8953640">
    <ele>91.2</ele>
    <time>2026-05-21T07:04:24Z</time>
   </trkpt>
   <trkpt lat="48.6429190" lon="-2.8952440">
    <ele>91.0</ele>
    <time>2026-05-21T07:04:25Z</time>
   </trkpt>
   <trkpt lat="48.6428950" lon="-2.8951410">
    <ele>90.7</ele>
    <time>2026-05-21T07:04:26Z</time>
   </trkpt>
   <trkpt lat="48.6428700" lon="-2.8950280">
    <ele>90.4</ele>
    <time>2026-05-21T07:04:27Z</time>
   </trkpt>
   <trkpt lat="48.6428410" lon="-2.8949140">
    <ele>90.1</ele>
    <time>2026-05-21T07:04:28Z</time>
   </trkpt>
   <trkpt lat="48.6428070" lon="-2.8948220">
    <ele>89.9</ele>
    <time>2026-05-21T07:04:29Z</time>
   </trkpt>
   <trkpt lat="48.6427720" lon="-2.8947040">
    <ele>89.6</ele>
    <time>2026-05-21T07:04:30Z</time>
   </trkpt>
   <trkpt lat="48.6427410" lon="-2.8945990">
    <ele>89.4</ele>
    <time>2026-05-21T07:04:31Z</time>
   </trkpt>
   <trkpt lat="48.6427120" lon="-2.8944990">
    <ele>89.1</ele>
    <time>2026-05-21T07:04:32Z</time>
   </trkpt>
   <trkpt lat="48.6426790" lon="-2.8944000">
    <ele>88.9</ele>
    <time>2026-05-21T07:04:33Z</time>
   </trkpt>
   <trkpt lat="48.6426450" lon="-2.8943010">
    <ele>88.7</ele>
    <time>2026-05-21T07:04:34Z</time>
   </trkpt>
   <trkpt lat="48.6426070" lon="-2.8942040">
    <ele>88.4</ele>
    <time>2026-05-21T07:04:35Z</time>
   </trkpt>
   <trkpt lat="48.6425690" lon="-2.8940990">
    <ele>88.2</ele>
    <time>2026-05-21T07:04:36Z</time>
   </trkpt>
   <trkpt lat="48.6425300" lon="-2.8939950">
    <ele>87.9</ele>
    <time>2026-05-21T07:04:37Z</time>
   </trkpt>
   <trkpt lat="48.6424910" lon="-2.8938880">
    <ele>87.7</ele>
    <time>2026-05-21T07:04:38Z</time>
   </trkpt>
   <trkpt lat="48.6424500" lon="-2.8937820">
    <ele>87.4</ele>
    <time>2026-05-21T07:04:39Z</time>
   </trkpt>
   <trkpt lat="48.6424100" lon="-2.8936720">
    <ele>87.1</ele>
    <time>2026-05-21T07:04:40Z</time>
   </trkpt>
   <trkpt lat="48.6423700" lon="-2.8935650">
    <ele>86.9</ele>
    <time>2026-05-21T07:04:41Z</time>
   </trkpt>
   <trkpt lat="48.6423300" lon="-2.8934520">
    <ele>86.6</ele>
    <time>2026-05-21T07:04:42Z</time>
   </trkpt>
   <trkpt lat="48.6422960" lon="-2.8933330">
    <ele>86.4</ele>
    <time>2026-05-21T07:04:43Z</time>
   </trkpt>
   <trkpt lat="48.6422680" lon="-2.8932160">
    <ele>86.1</ele>
    <time>2026-05-21T07:04:44Z</time>
   </trkpt>
   <trkpt lat="48.6422440" lon="-2.8930990">
    <ele>85.8</ele>
    <time>2026-05-21T07:04:45Z</time>
   </trkpt>
   <trkpt lat="48.6422250" lon="-2.8929780">
    <ele>85.6</ele>
    <time>2026-05-21T07:04:46Z</time>
   </trkpt>
   <trkpt lat="48.6422010" lon="-2.8928570">
    <ele>85.3</ele>
    <time>2026-05-21T07:04:47Z</time>
   </trkpt>
   <trkpt lat="48.6421740" lon="-2.8927370">
    <ele>85.0</ele>
    <time>2026-05-21T07:04:48Z</time>
   </trkpt>
   <trkpt lat="48.6421410" lon="-2.8926180">
    <ele>84.8</ele>
    <time>2026-05-21T07:04:49Z</time>
   </trkpt>
   <trkpt lat="48.6421070" lon="-2.8925000">
    <ele>84.5</ele>
    <time>2026-05-21T07:04:50Z</time>
   </trkpt>
   <trkpt lat="48.6420730" lon="-2.8923830">
    <ele>84.3</ele>
    <time>2026-05-21T07:04:51Z</time>
   </trkpt>
   <trkpt lat="48.6420420" lon="-2.8922620">
    <ele>84.1</ele>
    <time>2026-05-21T07:04:52Z</time>
   </trkpt>
   <trkpt lat="48.6420170" lon="-2.8921400">
    <ele>83.9</ele>
    <time>2026-05-21T07:04:53Z</time>
   </trkpt>
   <trkpt lat="48.6419880" lon="-2.8920210">
    <ele>83.8</ele>
    <time>2026-05-21T07:04:54Z</time>
   </trkpt>
   <trkpt lat="48.6419560" lon="-2.8919200">
    <ele>83.7</ele>
    <time>2026-05-21T07:04:55Z</time>
   </trkpt>
   <trkpt lat="48.6419190" lon="-2.8918250">
    <ele>83.7</ele>
    <time>2026-05-21T07:04:56Z</time>
   </trkpt>
   <trkpt lat="48.6418840" lon="-2.8917410">
    <ele>83.7</ele>
    <time>2026-05-21T07:04:57Z</time>
   </trkpt>
   <trkpt lat="48.6418450" lon="-2.8916620">
    <ele>83.6</ele>
    <time>2026-05-21T07:04:58Z</time>
   </trkpt>
   <trkpt lat="48.6418080" lon="-2.8915990">
    <ele>83.6</ele>
    <time>2026-05-21T07:04:59Z</time>
   </trkpt>
   <trkpt lat="48.6417710" lon="-2.8915430">
    <ele>83.5</ele>
    <time>2026-05-21T07:05:00Z</time>
   </trkpt>
   <trkpt lat="48.6417340" lon="-2.8914970">
    <ele>83.4</ele>
    <time>2026-05-21T07:05:01Z</time>
   </trkpt>
   <trkpt lat="48.6416920" lon="-2.8914670">
    <ele>83.5</ele>
    <time>2026-05-21T07:05:02Z</time>
   </trkpt>
   <trkpt lat="48.6416460" lon="-2.8914520">
    <ele>83.5</ele>
    <time>2026-05-21T07:05:03Z</time>
   </trkpt>
   <trkpt lat="48.6416050" lon="-2.8914310">
    <ele>83.6</ele>
    <time>2026-05-21T07:05:04Z</time>
   </trkpt>
   <trkpt lat="48.6415670" lon="-2.8914060">
    <ele>83.7</ele>
    <time>2026-05-21T07:05:05Z</time>
   </trkpt>
   <trkpt lat="48.6415310" lon="-2.8913720">
    <ele>83.6</ele>
    <time>2026-05-21T07:05:06Z</time>
   </trkpt>
   <trkpt lat="48.6415040" lon="-2.8913360">
    <ele>83.5</ele>
    <time>2026-05-21T07:05:07Z</time>
   </trkpt>
   <trkpt lat="48.6414770" lon="-2.8912820">
    <ele>83.4</ele>
    <time>2026-05-21T07:05:08Z</time>
   </trkpt>
   <trkpt lat="48.6414680" lon="-2.8912110">
    <ele>83.3</ele>
    <time>2026-05-21T07:05:09Z</time>
   </trkpt>
   <trkpt lat="48.6414850" lon="-2.8911330">
    <ele>83.0</ele>
    <time>2026-05-21T07:05:10Z</time>
   </trkpt>
   <trkpt lat="48.6415230" lon="-2.8910700">
    <ele>82.8</ele>
    <time>2026-05-21T07:05:11Z</time>
   </trkpt>
   <trkpt lat="48.6415710" lon="-2.8910200">
    <ele>82.7</ele>
    <time>2026-05-21T07:05:13Z</time>
   </trkpt>
   <trkpt lat="48.6416220" lon="-2.8909870">
    <ele>82.7</ele>
    <time>2026-05-21T07:05:14Z</time>
   </trkpt>
   <trkpt lat="48.6416690" lon="-2.8909500">
    <ele>82.7</ele>
    <time>2026-05-21T07:05:15Z</time>
   </trkpt>
   <trkpt lat="48.6417150" lon="-2.8908990">
    <ele>82.6</ele>
    <time>2026-05-21T07:05:16Z</time>
   </trkpt>
   <trkpt lat="48.6417510" lon="-2.8908310">
    <ele>82.6</ele>
    <time>2026-05-21T07:05:17Z</time>
   </trkpt>
   <trkpt lat="48.6417830" lon="-2.8907530">
    <ele>82.5</ele>
    <time>2026-05-21T07:05:18Z</time>
   </trkpt>
   <trkpt lat="48.6418080" lon="-2.8906670">
    <ele>82.4</ele>
    <time>2026-05-21T07:05:19Z</time>
   </trkpt>
   <trkpt lat="48.6418350" lon="-2.8905820">
    <ele>82.3</ele>
    <time>2026-05-21T07:05:20Z</time>
   </trkpt>
   <trkpt lat="48.6418610" lon="-2.8904920">
    <ele>82.2</ele>
    <time>2026-05-21T07:05:21Z</time>
   </trkpt>
   <trkpt lat="48.6418900" lon="-2.8904020">
    <ele>82.1</ele>
    <time>2026-05-21T07:05:22Z</time>
   </trkpt>
   <trkpt lat="48.6419230" lon="-2.8903100">
    <ele>82.0</ele>
    <time>2026-05-21T07:05:23Z</time>
   </trkpt>
   <trkpt lat="48.6419550" lon="-2.8902120">
    <ele>81.9</ele>
    <time>2026-05-21T07:05:24Z</time>
   </trkpt>
   <trkpt lat="48.6419870" lon="-2.8901110">
    <ele>81.7</ele>
    <time>2026-05-21T07:05:25Z</time>
   </trkpt>
   <trkpt lat="48.6420190" lon="-2.8900080">
    <ele>81.6</ele>
    <time>2026-05-21T07:05:26Z</time>
   </trkpt>
   <trkpt lat="48.6420850" lon="-2.8897960">
    <ele>81.4</ele>
    <time>2026-05-21T07:05:27Z</time>
   </trkpt>
   <trkpt lat="48.6421180" lon="-2.8896850">
    <ele>81.3</ele>
    <time>2026-05-21T07:05:28Z</time>
   </trkpt>
   <trkpt lat="48.6421520" lon="-2.8895770">
    <ele>81.2</ele>
    <time>2026-05-21T07:05:29Z</time>
   </trkpt>
   <trkpt lat="48.6421930" lon="-2.8894710">
    <ele>81.1</ele>
    <time>2026-05-21T07:05:30Z</time>
   </trkpt>
   <trkpt lat="48.6422300" lon="-2.8893620">
    <ele>81.0</ele>
    <time>2026-05-21T07:05:31Z</time>
   </trkpt>
   <trkpt lat="48.6422680" lon="-2.8892520">
    <ele>80.9</ele>
    <time>2026-05-21T07:05:32Z</time>
   </trkpt>
   <trkpt lat="48.6423020" lon="-2.8891430">
    <ele>80.8</ele>
    <time>2026-05-21T07:05:33Z</time>
   </trkpt>
   <trkpt lat="48.6423350" lon="-2.8890310">
    <ele>80.8</ele>
    <time>2026-05-21T07:05:34Z</time>
   </trkpt>
   <trkpt lat="48.6423690" lon="-2.8889170">
    <ele>80.7</ele>
    <time>2026-05-21T07:05:35Z</time>
   </trkpt>
   <trkpt lat="48.6424050" lon="-2.8888050">
    <ele>80.7</ele>
    <time>2026-05-21T07:05:36Z</time>
   </trkpt>
   <trkpt lat="48.6424400" lon="-2.8886940">
    <ele>80.7</ele>
    <time>2026-05-21T07:05:37Z</time>
   </trkpt>
   <trkpt lat="48.6424740" lon="-2.8885840">
    <ele>80.6</ele>
    <time>2026-05-21T07:05:38Z</time>
   </trkpt>
   <trkpt lat="48.6425060" lon="-2.8884750">
    <ele>80.6</ele>
    <time>2026-05-21T07:05:39Z</time>
   </trkpt>
   <trkpt lat="48.6425350" lon="-2.8883640">
    <ele>80.6</ele>
    <time>2026-05-21T07:05:40Z</time>
   </trkpt>
   <trkpt lat="48.6425650" lon="-2.8882520">
    <ele>80.5</ele>
    <time>2026-05-21T07:05:41Z</time>
   </trkpt>
   <trkpt lat="48.6425960" lon="-2.8881390">
    <ele>80.4</ele>
    <time>2026-05-21T07:05:42Z</time>
   </trkpt>
   <trkpt lat="48.6426250" lon="-2.8880300">
    <ele>80.4</ele>
    <time>2026-05-21T07:05:43Z</time>
   </trkpt>
   <trkpt lat="48.6426500" lon="-2.8879110">
    <ele>80.3</ele>
    <time>2026-05-21T07:05:44Z</time>
   </trkpt>
   <trkpt lat="48.6426750" lon="-2.8877920">
    <ele>80.3</ele>
    <time>2026-05-21T07:05:45Z</time>
   </trkpt>
   <trkpt lat="48.6426990" lon="-2.8876710">
    <ele>80.2</ele>
    <time>2026-05-21T07:05:46Z</time>
   </trkpt>
   <trkpt lat="48.6427150" lon="-2.8875420">
    <ele>80.2</ele>
    <time>2026-05-21T07:05:47Z</time>
   </trkpt>
   <trkpt lat="48.6427330" lon="-2.8874160">
    <ele>80.1</ele>
    <time>2026-05-21T07:05:48Z</time>
   </trkpt>
   <trkpt lat="48.6427490" lon="-2.8872930">
    <ele>80.2</ele>
    <time>2026-05-21T07:05:49Z</time>
   </trkpt>
   <trkpt lat="48.6427700" lon="-2.8871680">
    <ele>80.2</ele>
    <time>2026-05-21T07:05:50Z</time>
   </trkpt>
   <trkpt lat="48.6427890" lon="-2.8870430">
    <ele>80.2</ele>
    <time>2026-05-21T07:05:51Z</time>
   </trkpt>
   <trkpt lat="48.6428060" lon="-2.8869200">
    <ele>80.2</ele>
    <time>2026-05-21T07:05:52Z</time>
   </trkpt>
   <trkpt lat="48.6428240" lon="-2.8867950">
    <ele>80.3</ele>
    <time>2026-05-21T07:05:53Z</time>
   </trkpt>
   <trkpt lat="48.6428440" lon="-2.8866680">
    <ele>80.3</ele>
    <time>2026-05-21T07:05:54Z</time>
   </trkpt>
   <trkpt lat="48.6428630" lon="-2.8865430">
    <ele>80.4</ele>
    <time>2026-05-21T07:05:55Z</time>
   </trkpt>
   <trkpt lat="48.6428780" lon="-2.8864150">
    <ele>80.5</ele>
    <time>2026-05-21T07:05:56Z</time>
   </trkpt>
   <trkpt lat="48.6428930" lon="-2.8862850">
    <ele>80.7</ele>
    <time>2026-05-21T07:05:57Z</time>
   </trkpt>
   <trkpt lat="48.6429080" lon="-2.8861610">
    <ele>80.9</ele>
    <time>2026-05-21T07:05:58Z</time>
   </trkpt>
   <trkpt lat="48.6429200" lon="-2.8860350">
    <ele>81.0</ele>
    <time>2026-05-21T07:05:59Z</time>
   </trkpt>
   <trkpt lat="48.6429310" lon="-2.8859130">
    <ele>81.2</ele>
    <time>2026-05-21T07:06:00Z</time>
   </trkpt>
   <trkpt lat="48.6429430" lon="-2.8857890">
    <ele>81.3</ele>
    <time>2026-05-21T07:06:01Z</time>
   </trkpt>
   <trkpt lat="48.6429460" lon="-2.8856660">
    <ele>81.4</ele>
    <time>2026-05-21T07:06:02Z</time>
   </trkpt>
   <trkpt lat="48.6429540" lon="-2.8855440">
    <ele>81.5</ele>
    <time>2026-05-21T07:06:03Z</time>
   </trkpt>
   <trkpt lat="48.6429610" lon="-2.8854170">
    <ele>81.6</ele>
    <time>2026-05-21T07:06:04Z</time>
   </trkpt>
   <trkpt lat="48.6429670" lon="-2.8852930">
    <ele>81.6</ele>
    <time>2026-05-21T07:06:05Z</time>
   </trkpt>
   <trkpt lat="48.6429700" lon="-2.8851650">
    <ele>81.7</ele>
    <time>2026-05-21T07:06:06Z</time>
   </trkpt>
   <trkpt lat="48.6429780" lon="-2.8850340">
    <ele>81.7</ele>
    <time>2026-05-21T07:06:07Z</time>
   </trkpt>
   <trkpt lat="48.6429840" lon="-2.8849080">
    <ele>81.7</ele>
    <time>2026-05-21T07:06:08Z</time>
   </trkpt>
   <trkpt lat="48.6429890" lon="-2.8847860">
    <ele>81.8</ele>
    <time>2026-05-21T07:06:09Z</time>
   </trkpt>
   <trkpt lat="48.6429930" lon="-2.8846580">
    <ele>81.8</ele>
    <time>2026-05-21T07:06:10Z</time>
   </trkpt>
   <trkpt lat="48.6429980" lon="-2.8845340">
    <ele>81.8</ele>
    <time>2026-05-21T07:06:11Z</time>
   </trkpt>
   <trkpt lat="48.6430050" lon="-2.8844070">
    <ele>81.8</ele>
    <time>2026-05-21T07:06:12Z</time>
   </trkpt>
   <trkpt lat="48.6430090" lon="-2.8842770">
    <ele>81.8</ele>
    <time>2026-05-21T07:06:13Z</time>
   </trkpt>
   <trkpt lat="48.6430160" lon="-2.8841460">
    <ele>81.7</ele>
    <time>2026-05-21T07:06:14Z</time>
   </trkpt>
   <trkpt lat="48.6430240" lon="-2.8840150">
    <ele>81.7</ele>
    <time>2026-05-21T07:06:15Z</time>
   </trkpt>
   <trkpt lat="48.6430320" lon="-2.8838800">
    <ele>81.6</ele>
    <time>2026-05-21T07:06:16Z</time>
   </trkpt>
   <trkpt lat="48.6430390" lon="-2.8837480">
    <ele>81.5</ele>
    <time>2026-05-21T07:06:17Z</time>
   </trkpt>
   <trkpt lat="48.6430470" lon="-2.8836140">
    <ele>81.4</ele>
    <time>2026-05-21T07:06:18Z</time>
   </trkpt>
   <trkpt lat="48.6430480" lon="-2.8834810">
    <ele>81.3</ele>
    <time>2026-05-21T07:06:19Z</time>
   </trkpt>
   <trkpt lat="48.6430520" lon="-2.8833450">
    <ele>81.3</ele>
    <time>2026-05-21T07:06:20Z</time>
   </trkpt>
   <trkpt lat="48.6430580" lon="-2.8832060">
    <ele>81.2</ele>
    <time>2026-05-21T07:06:21Z</time>
   </trkpt>
   <trkpt lat="48.6430650" lon="-2.8830680">
    <ele>81.1</ele>
    <time>2026-05-21T07:06:22Z</time>
   </trkpt>
   <trkpt lat="48.6430720" lon="-2.8829290">
    <ele>80.9</ele>
    <time>2026-05-21T07:06:23Z</time>
   </trkpt>
   <trkpt lat="48.6430790" lon="-2.8827920">
    <ele>80.8</ele>
    <time>2026-05-21T07:06:24Z</time>
   </trkpt>
   <trkpt lat="48.6430870" lon="-2.8826510">
    <ele>80.7</ele>
    <time>2026-05-21T07:06:25Z</time>
   </trkpt>
   <trkpt lat="48.6430990" lon="-2.8825100">
    <ele>80.5</ele>
    <time>2026-05-21T07:06:26Z</time>
   </trkpt>
   <trkpt lat="48.6431110" lon="-2.8823710">
    <ele>80.4</ele>
    <time>2026-05-21T07:06:27Z</time>
   </trkpt>
   <trkpt lat="48.6431220" lon="-2.8822320">
    <ele>80.3</ele>
    <time>2026-05-21T07:06:28Z</time>
   </trkpt>
   <trkpt lat="48.6431350" lon="-2.8820910">
    <ele>80.2</ele>
    <time>2026-05-21T07:06:29Z</time>
   </trkpt>
   <trkpt lat="48.6431500" lon="-2.8819460">
    <ele>80.1</ele>
    <time>2026-05-21T07:06:30Z</time>
   </trkpt>
   <trkpt lat="48.6431640" lon="-2.8818060">
    <ele>80.0</ele>
    <time>2026-05-21T07:06:31Z</time>
   </trkpt>
   <trkpt lat="48.6431790" lon="-2.8816650">
    <ele>80.0</ele>
    <time>2026-05-21T07:06:32Z</time>
   </trkpt>
   <trkpt lat="48.6431930" lon="-2.8815260">
    <ele>79.9</ele>
    <time>2026-05-21T07:06:33Z</time>
   </trkpt>
   <trkpt lat="48.6432120" lon="-2.8813860">
    <ele>79.8</ele>
    <time>2026-05-21T07:06:34Z</time>
   </trkpt>
   <trkpt lat="48.6432330" lon="-2.8812490">
    <ele>79.6</ele>
    <time>2026-05-21T07:06:35Z</time>
   </trkpt>
   <trkpt lat="48.6432540" lon="-2.8811060">
    <ele>79.5</ele>
    <time>2026-05-21T07:06:36Z</time>
   </trkpt>
   <trkpt lat="48.6432780" lon="-2.8809660">
    <ele>79.4</ele>
    <time>2026-05-21T07:06:37Z</time>
   </trkpt>
   <trkpt lat="48.6433000" lon="-2.8808320">
    <ele>79.2</ele>
    <time>2026-05-21T07:06:38Z</time>
   </trkpt>
   <trkpt lat="48.6433210" lon="-2.8806960">
    <ele>79.0</ele>
    <time>2026-05-21T07:06:39Z</time>
   </trkpt>
   <trkpt lat="48.6433450" lon="-2.8805600">
    <ele>78.7</ele>
    <time>2026-05-21T07:06:40Z</time>
   </trkpt>
   <trkpt lat="48.6433730" lon="-2.8804190">
    <ele>78.4</ele>
    <time>2026-05-21T07:06:41Z</time>
   </trkpt>
   <trkpt lat="48.6434020" lon="-2.8802810">
    <ele>78.1</ele>
    <time>2026-05-21T07:06:42Z</time>
   </trkpt>
   <trkpt lat="48.6434320" lon="-2.8801410">
    <ele>77.8</ele>
    <time>2026-05-21T07:06:43Z</time>
   </trkpt>
   <trkpt lat="48.6434660" lon="-2.8800070">
    <ele>77.5</ele>
    <time>2026-05-21T07:06:44Z</time>
   </trkpt>
   <trkpt lat="48.6434980" lon="-2.8798670">
    <ele>77.2</ele>
    <time>2026-05-21T07:06:45Z</time>
   </trkpt>
   <trkpt lat="48.6435280" lon="-2.8797240">
    <ele>76.9</ele>
    <time>2026-05-21T07:06:46Z</time>
   </trkpt>
   <trkpt lat="48.6435610" lon="-2.8795760">
    <ele>76.6</ele>
    <time>2026-05-21T07:06:47Z</time>
   </trkpt>
   <trkpt lat="48.6435930" lon="-2.8794290">
    <ele>76.2</ele>
    <time>2026-05-21T07:06:48Z</time>
   </trkpt>
   <trkpt lat="48.6436250" lon="-2.8792830">
    <ele>75.9</ele>
    <time>2026-05-21T07:06:49Z</time>
   </trkpt>
   <trkpt lat="48.6436600" lon="-2.8791370">
    <ele>75.5</ele>
    <time>2026-05-21T07:06:50Z</time>
   </trkpt>
   <trkpt lat="48.6436930" lon="-2.8789880">
    <ele>75.2</ele>
    <time>2026-05-21T07:06:51Z</time>
   </trkpt>
   <trkpt lat="48.6437230" lon="-2.8788390">
    <ele>74.9</ele>
    <time>2026-05-21T07:06:52Z</time>
   </trkpt>
   <trkpt lat="48.6437600" lon="-2.8786910">
    <ele>74.6</ele>
    <time>2026-05-21T07:06:53Z</time>
   </trkpt>
   <trkpt lat="48.6437920" lon="-2.8785460">
    <ele>74.2</ele>
    <time>2026-05-21T07:06:54Z</time>
   </trkpt>
   <trkpt lat="48.6438190" lon="-2.8783970">
    <ele>73.9</ele>
    <time>2026-05-21T07:06:55Z</time>
   </trkpt>
   <trkpt lat="48.6438490" lon="-2.8782410">
    <ele>73.7</ele>
    <time>2026-05-21T07:06:56Z</time>
   </trkpt>
   <trkpt lat="48.6438810" lon="-2.8780970">
    <ele>73.5</ele>
    <time>2026-05-21T07:06:57Z</time>
   </trkpt>
   <trkpt lat="48.6439100" lon="-2.8779420">
    <ele>73.2</ele>
    <time>2026-05-21T07:06:58Z</time>
   </trkpt>
   <trkpt lat="48.6439400" lon="-2.8777920">
    <ele>73.0</ele>
    <time>2026-05-21T07:06:59Z</time>
   </trkpt>
   <trkpt lat="48.6439650" lon="-2.8776460">
    <ele>72.8</ele>
    <time>2026-05-21T07:07:00Z</time>
   </trkpt>
   <trkpt lat="48.6439910" lon="-2.8774940">
    <ele>72.8</ele>
    <time>2026-05-21T07:07:01Z</time>
   </trkpt>
   <trkpt lat="48.6440180" lon="-2.8773480">
    <ele>72.8</ele>
    <time>2026-05-21T07:07:02Z</time>
   </trkpt>
   <trkpt lat="48.6440440" lon="-2.8772030">
    <ele>72.8</ele>
    <time>2026-05-21T07:07:03Z</time>
   </trkpt>
   <trkpt lat="48.6440710" lon="-2.8770580">
    <ele>72.6</ele>
    <time>2026-05-21T07:07:04Z</time>
   </trkpt>
   <trkpt lat="48.6440960" lon="-2.8769160">
    <ele>72.4</ele>
    <time>2026-05-21T07:07:05Z</time>
   </trkpt>
   <trkpt lat="48.6441200" lon="-2.8767750">
    <ele>72.2</ele>
    <time>2026-05-21T07:07:06Z</time>
   </trkpt>
   <trkpt lat="48.6441420" lon="-2.8766310">
    <ele>72.0</ele>
    <time>2026-05-21T07:07:07Z</time>
   </trkpt>
   <trkpt lat="48.6441610" lon="-2.8764870">
    <ele>71.9</ele>
    <time>2026-05-21T07:07:08Z</time>
   </trkpt>
   <trkpt lat="48.6441820" lon="-2.8763430">
    <ele>71.7</ele>
    <time>2026-05-21T07:07:09Z</time>
   </trkpt>
   <trkpt lat="48.6441980" lon="-2.8761950">
    <ele>71.5</ele>
    <time>2026-05-21T07:07:10Z</time>
   </trkpt>
   <trkpt lat="48.6442120" lon="-2.8760540">
    <ele>71.3</ele>
    <time>2026-05-21T07:07:11Z</time>
   </trkpt>
   <trkpt lat="48.6442260" lon="-2.8759110">
    <ele>71.0</ele>
    <time>2026-05-21T07:07:12Z</time>
   </trkpt>
   <trkpt lat="48.6442380" lon="-2.8757650">
    <ele>70.8</ele>
    <time>2026-05-21T07:07:13Z</time>
   </trkpt>
   <trkpt lat="48.6442530" lon="-2.8756240">
    <ele>70.6</ele>
    <time>2026-05-21T07:07:14Z</time>
   </trkpt>
   <trkpt lat="48.6442660" lon="-2.8754780">
    <ele>70.3</ele>
    <time>2026-05-21T07:07:15Z</time>
   </trkpt>
   <trkpt lat="48.6442810" lon="-2.8753310">
    <ele>70.1</ele>
    <time>2026-05-21T07:07:16Z</time>
   </trkpt>
   <trkpt lat="48.6442950" lon="-2.8751870">
    <ele>69.8</ele>
    <time>2026-05-21T07:07:17Z</time>
   </trkpt>
   <trkpt lat="48.6443050" lon="-2.8750390">
    <ele>69.5</ele>
    <time>2026-05-21T07:07:19Z</time>
   </trkpt>
   <trkpt lat="48.6443190" lon="-2.8748910">
    <ele>69.2</ele>
    <time>2026-05-21T07:07:20Z</time>
   </trkpt>
   <trkpt lat="48.6443330" lon="-2.8747440">
    <ele>69.0</ele>
    <time>2026-05-21T07:07:21Z</time>
   </trkpt>
   <trkpt lat="48.6443430" lon="-2.8745950">
    <ele>68.7</ele>
    <time>2026-05-21T07:07:22Z</time>
   </trkpt>
   <trkpt lat="48.6443560" lon="-2.8744430">
    <ele>68.3</ele>
    <time>2026-05-21T07:07:23Z</time>
   </trkpt>
   <trkpt lat="48.6443700" lon="-2.8742930">
    <ele>68.0</ele>
    <time>2026-05-21T07:07:24Z</time>
   </trkpt>
   <trkpt lat="48.6443830" lon="-2.8741440">
    <ele>67.7</ele>
    <time>2026-05-21T07:07:25Z</time>
   </trkpt>
   <trkpt lat="48.6443970" lon="-2.8739960">
    <ele>67.5</ele>
    <time>2026-05-21T07:07:26Z</time>
   </trkpt>
   <trkpt lat="48.6444110" lon="-2.8738460">
    <ele>67.3</ele>
    <time>2026-05-21T07:07:27Z</time>
   </trkpt>
   <trkpt lat="48.6444260" lon="-2.8736970">
    <ele>67.1</ele>
    <time>2026-05-21T07:07:28Z</time>
   </trkpt>
   <trkpt lat="48.6444400" lon="-2.8735490">
    <ele>66.9</ele>
    <time>2026-05-21T07:07:29Z</time>
   </trkpt>
   <trkpt lat="48.6444530" lon="-2.8733990">
    <ele>66.8</ele>
    <time>2026-05-21T07:07:30Z</time>
   </trkpt>
   <trkpt lat="48.6444640" lon="-2.8732490">
    <ele>66.6</ele>
    <time>2026-05-21T07:07:31Z</time>
   </trkpt>
   <trkpt lat="48.6444790" lon="-2.8730990">
    <ele>66.4</ele>
    <time>2026-05-21T07:07:32Z</time>
   </trkpt>
   <trkpt lat="48.6445130" lon="-2.8728030">
    <ele>66.1</ele>
    <time>2026-05-21T07:07:33Z</time>
   </trkpt>
   <trkpt lat="48.6445270" lon="-2.8726560">
    <ele>66.0</ele>
    <time>2026-05-21T07:07:34Z</time>
   </trkpt>
   <trkpt lat="48.6445450" lon="-2.8725090">
    <ele>65.9</ele>
    <time>2026-05-21T07:07:35Z</time>
   </trkpt>
   <trkpt lat="48.6445630" lon="-2.8723630">
    <ele>65.8</ele>
    <time>2026-05-21T07:07:36Z</time>
   </trkpt>
   <trkpt lat="48.6445850" lon="-2.8722190">
    <ele>65.7</ele>
    <time>2026-05-21T07:07:37Z</time>
   </trkpt>
   <trkpt lat="48.6446040" lon="-2.8720790">
    <ele>65.5</ele>
    <time>2026-05-21T07:07:38Z</time>
   </trkpt>
   <trkpt lat="48.6446250" lon="-2.8719390">
    <ele>65.3</ele>
    <time>2026-05-21T07:07:39Z</time>
   </trkpt>
   <trkpt lat="48.6446440" lon="-2.8717960">
    <ele>65.2</ele>
    <time>2026-05-21T07:07:40Z</time>
   </trkpt>
   <trkpt lat="48.6446640" lon="-2.8716530">
    <ele>65.0</ele>
    <time>2026-05-21T07:07:41Z</time>
   </trkpt>
   <trkpt lat="48.6446850" lon="-2.8715080">
    <ele>64.9</ele>
    <time>2026-05-21T07:07:42Z</time>
   </trkpt>
   <trkpt lat="48.6447030" lon="-2.8713670">
    <ele>64.7</ele>
    <time>2026-05-21T07:07:43Z</time>
   </trkpt>
   <trkpt lat="48.6447240" lon="-2.8712220">
    <ele>64.5</ele>
    <time>2026-05-21T07:07:44Z</time>
   </trkpt>
   <trkpt lat="48.6447450" lon="-2.8710830">
    <ele>64.4</ele>
    <time>2026-05-21T07:07:45Z</time>
   </trkpt>
   <trkpt lat="48.6447660" lon="-2.8709430">
    <ele>64.2</ele>
    <time>2026-05-21T07:07:46Z</time>
   </trkpt>
   <trkpt lat="48.6447860" lon="-2.8708030">
    <ele>64.0</ele>
    <time>2026-05-21T07:07:47Z</time>
   </trkpt>
   <trkpt lat="48.6448080" lon="-2.8706580">
    <ele>63.9</ele>
    <time>2026-05-21T07:07:48Z</time>
   </trkpt>
   <trkpt lat="48.6448310" lon="-2.8705190">
    <ele>63.8</ele>
    <time>2026-05-21T07:07:49Z</time>
   </trkpt>
   <trkpt lat="48.6448530" lon="-2.8703880">
    <ele>63.7</ele>
    <time>2026-05-21T07:07:50Z</time>
   </trkpt>
   <trkpt lat="48.6448750" lon="-2.8702500">
    <ele>63.6</ele>
    <time>2026-05-21T07:07:51Z</time>
   </trkpt>
   <trkpt lat="48.6448930" lon="-2.8701130">
    <ele>63.4</ele>
    <time>2026-05-21T07:07:52Z</time>
   </trkpt>
   <trkpt lat="48.6449110" lon="-2.8699730">
    <ele>63.3</ele>
    <time>2026-05-21T07:07:53Z</time>
   </trkpt>
   <trkpt lat="48.6449300" lon="-2.8698390">
    <ele>63.3</ele>
    <time>2026-05-21T07:07:54Z</time>
   </trkpt>
   <trkpt lat="48.6449470" lon="-2.8697090">
    <ele>63.2</ele>
    <time>2026-05-21T07:07:55Z</time>
   </trkpt>
   <trkpt lat="48.6449640" lon="-2.8695770">
    <ele>63.2</ele>
    <time>2026-05-21T07:07:56Z</time>
   </trkpt>
   <trkpt lat="48.6449810" lon="-2.8694470">
    <ele>63.1</ele>
    <time>2026-05-21T07:07:57Z</time>
   </trkpt>
   <trkpt lat="48.6450000" lon="-2.8693190">
    <ele>63.0</ele>
    <time>2026-05-21T07:07:58Z</time>
   </trkpt>
   <trkpt lat="48.6450210" lon="-2.8691910">
    <ele>62.9</ele>
    <time>2026-05-21T07:07:59Z</time>
   </trkpt>
   <trkpt lat="48.6450430" lon="-2.8690620">
    <ele>62.8</ele>
    <time>2026-05-21T07:08:00Z</time>
   </trkpt>
   <trkpt lat="48.6450620" lon="-2.8689330">
    <ele>62.7</ele>
    <time>2026-05-21T07:08:01Z</time>
   </trkpt>
   <trkpt lat="48.6450800" lon="-2.8688080">
    <ele>62.6</ele>
    <time>2026-05-21T07:08:02Z</time>
   </trkpt>
   <trkpt lat="48.6450990" lon="-2.8686810">
    <ele>62.4</ele>
    <time>2026-05-21T07:08:03Z</time>
   </trkpt>
   <trkpt lat="48.6451180" lon="-2.8685570">
    <ele>62.3</ele>
    <time>2026-05-21T07:08:04Z</time>
   </trkpt>
   <trkpt lat="48.6451410" lon="-2.8684280">
    <ele>62.2</ele>
    <time>2026-05-21T07:08:05Z</time>
   </trkpt>
   <trkpt lat="48.6451580" lon="-2.8683030">
    <ele>62.1</ele>
    <time>2026-05-21T07:08:06Z</time>
   </trkpt>
   <trkpt lat="48.6451770" lon="-2.8681770">
    <ele>62.0</ele>
    <time>2026-05-21T07:08:07Z</time>
   </trkpt>
   <trkpt lat="48.6451930" lon="-2.8680480">
    <ele>61.9</ele>
    <time>2026-05-21T07:08:08Z</time>
   </trkpt>
   <trkpt lat="48.6452100" lon="-2.8679200">
    <ele>61.8</ele>
    <time>2026-05-21T07:08:09Z</time>
   </trkpt>
   <trkpt lat="48.6452270" lon="-2.8677940">
    <ele>61.7</ele>
    <time>2026-05-21T07:08:10Z</time>
   </trkpt>
   <trkpt lat="48.6452450" lon="-2.8676680">
    <ele>61.7</ele>
    <time>2026-05-21T07:08:11Z</time>
   </trkpt>
   <trkpt lat="48.6452610" lon="-2.8675440">
    <ele>61.7</ele>
    <time>2026-05-21T07:08:12Z</time>
   </trkpt>
   <trkpt lat="48.6452770" lon="-2.8674200">
    <ele>61.7</ele>
    <time>2026-05-21T07:08:13Z</time>
   </trkpt>
   <trkpt lat="48.6452940" lon="-2.8673030">
    <ele>61.7</ele>
    <time>2026-05-21T07:08:14Z</time>
   </trkpt>
   <trkpt lat="48.6453100" lon="-2.8671840">
    <ele>61.7</ele>
    <time>2026-05-21T07:08:15Z</time>
   </trkpt>
   <trkpt lat="48.6453280" lon="-2.8670630">
    <ele>61.7</ele>
    <time>2026-05-21T07:08:16Z</time>
   </trkpt>
   <trkpt lat="48.6453440" lon="-2.8669440">
    <ele>61.7</ele>
    <time>2026-05-21T07:08:17Z</time>
   </trkpt>
   <trkpt lat="48.6453610" lon="-2.8668250">
    <ele>61.7</ele>
    <time>2026-05-21T07:08:18Z</time>
   </trkpt>
   <trkpt lat="48.6453770" lon="-2.8667040">
    <ele>61.7</ele>
    <time>2026-05-21T07:08:19Z</time>
   </trkpt>
   <trkpt lat="48.6453940" lon="-2.8665810">
    <ele>61.7</ele>
    <time>2026-05-21T07:08:20Z</time>
   </trkpt>
   <trkpt lat="48.6454120" lon="-2.8664620">
    <ele>61.7</ele>
    <time>2026-05-21T07:08:21Z</time>
   </trkpt>
   <trkpt lat="48.6454280" lon="-2.8663430">
    <ele>61.7</ele>
    <time>2026-05-21T07:08:22Z</time>
   </trkpt>
   <trkpt lat="48.6454410" lon="-2.8662240">
    <ele>61.7</ele>
    <time>2026-05-21T07:08:23Z</time>
   </trkpt>
   <trkpt lat="48.6454560" lon="-2.8661050">
    <ele>61.7</ele>
    <time>2026-05-21T07:08:24Z</time>
   </trkpt>
   <trkpt lat="48.6454720" lon="-2.8659810">
    <ele>61.6</ele>
    <time>2026-05-21T07:08:25Z</time>
   </trkpt>
   <trkpt lat="48.6454870" lon="-2.8658600">
    <ele>61.5</ele>
    <time>2026-05-21T07:08:26Z</time>
   </trkpt>
   <trkpt lat="48.6455040" lon="-2.8657370">
    <ele>61.4</ele>
    <time>2026-05-21T07:08:27Z</time>
   </trkpt>
   <trkpt lat="48.6455190" lon="-2.8656140">
    <ele>61.4</ele>
    <time>2026-05-21T07:08:28Z</time>
   </trkpt>
   <trkpt lat="48.6455340" lon="-2.8654900">
    <ele>61.4</ele>
    <time>2026-05-21T07:08:29Z</time>
   </trkpt>
   <trkpt lat="48.6455480" lon="-2.8653660">
    <ele>61.5</ele>
    <time>2026-05-21T07:08:30Z</time>
   </trkpt>
   <trkpt lat="48.6455590" lon="-2.8652460">
    <ele>61.6</ele>
    <time>2026-05-21T07:08:31Z</time>
   </trkpt>
   <trkpt lat="48.6455700" lon="-2.8651290">
    <ele>61.7</ele>
    <time>2026-05-21T07:08:32Z</time>
   </trkpt>
   <trkpt lat="48.6455840" lon="-2.8650180">
    <ele>61.9</ele>
    <time>2026-05-21T07:08:33Z</time>
   </trkpt>
   <trkpt lat="48.6455970" lon="-2.8649120">
    <ele>62.1</ele>
    <time>2026-05-21T07:08:34Z</time>
   </trkpt>
   <trkpt lat="48.6456150" lon="-2.8648040">
    <ele>62.3</ele>
    <time>2026-05-21T07:08:35Z</time>
   </trkpt>
   <trkpt lat="48.6456310" lon="-2.8647040">
    <ele>62.6</ele>
    <time>2026-05-21T07:08:36Z</time>
   </trkpt>
   <trkpt lat="48.6456500" lon="-2.8646060">
    <ele>62.8</ele>
    <time>2026-05-21T07:08:37Z</time>
   </trkpt>
   <trkpt lat="48.6456660" lon="-2.8645140">
    <ele>63.0</ele>
    <time>2026-05-21T07:08:38Z</time>
   </trkpt>
   <trkpt lat="48.6456810" lon="-2.8644230">
    <ele>63.3</ele>
    <time>2026-05-21T07:08:39Z</time>
   </trkpt>
   <trkpt lat="48.6456940" lon="-2.8643300">
    <ele>63.5</ele>
    <time>2026-05-21T07:08:40Z</time>
   </trkpt>
   <trkpt lat="48.6457100" lon="-2.8642390">
    <ele>63.8</ele>
    <time>2026-05-21T07:08:41Z</time>
   </trkpt>
   <trkpt lat="48.6457240" lon="-2.8641480">
    <ele>64.0</ele>
    <time>2026-05-21T07:08:42Z</time>
   </trkpt>
   <trkpt lat="48.6457340" lon="-2.8640620">
    <ele>64.3</ele>
    <time>2026-05-21T07:08:43Z</time>
   </trkpt>
   <trkpt lat="48.6457440" lon="-2.8639750">
    <ele>64.5</ele>
    <time>2026-05-21T07:08:44Z</time>
   </trkpt>
   <trkpt lat="48.6457550" lon="-2.8638900">
    <ele>64.8</ele>
    <time>2026-05-21T07:08:45Z</time>
   </trkpt>
   <trkpt lat="48.6457640" lon="-2.8638020">
    <ele>65.0</ele>
    <time>2026-05-21T07:08:46Z</time>
   </trkpt>
   <trkpt lat="48.6457740" lon="-2.8637150">
    <ele>65.2</ele>
    <time>2026-05-21T07:08:47Z</time>
   </trkpt>
   <trkpt lat="48.6457850" lon="-2.8636300">
    <ele>65.4</ele>
    <time>2026-05-21T07:08:48Z</time>
   </trkpt>
   <trkpt lat="48.6457970" lon="-2.8635420">
    <ele>65.7</ele>
    <time>2026-05-21T07:08:49Z</time>
   </trkpt>
   <trkpt lat="48.6458080" lon="-2.8634530">
    <ele>65.9</ele>
    <time>2026-05-21T07:08:50Z</time>
   </trkpt>
   <trkpt lat="48.6458160" lon="-2.8633650">
    <ele>66.1</ele>
    <time>2026-05-21T07:08:51Z</time>
   </trkpt>
   <trkpt lat="48.6458200" lon="-2.8632740">
    <ele>66.3</ele>
    <time>2026-05-21T07:08:52Z</time>
   </trkpt>
   <trkpt lat="48.6458250" lon="-2.8631830">
    <ele>66.5</ele>
    <time>2026-05-21T07:08:53Z</time>
   </trkpt>
   <trkpt lat="48.6458310" lon="-2.8630910">
    <ele>66.6</ele>
    <time>2026-05-21T07:08:54Z</time>
   </trkpt>
   <trkpt lat="48.6458360" lon="-2.8630000">
    <ele>66.8</ele>
    <time>2026-05-21T07:08:55Z</time>
   </trkpt>
   <trkpt lat="48.6458380" lon="-2.8629060">
    <ele>66.9</ele>
    <time>2026-05-21T07:08:56Z</time>
   </trkpt>
   <trkpt lat="48.6458320" lon="-2.8628130">
    <ele>67.0</ele>
    <time>2026-05-21T07:08:57Z</time>
   </trkpt>
   <trkpt lat="48.6458320" lon="-2.8627210">
    <ele>67.1</ele>
    <time>2026-05-21T07:08:58Z</time>
   </trkpt>
   <trkpt lat="48.6458310" lon="-2.8626300">
    <ele>67.2</ele>
    <time>2026-05-21T07:08:59Z</time>
   </trkpt>
   <trkpt lat="48.6458300" lon="-2.8625380">
    <ele>67.2</ele>
    <time>2026-05-21T07:09:00Z</time>
   </trkpt>
   <trkpt lat="48.6458350" lon="-2.8624440">
    <ele>67.3</ele>
    <time>2026-05-21T07:09:01Z</time>
   </trkpt>
   <trkpt lat="48.6458340" lon="-2.8623450">
    <ele>67.3</ele>
    <time>2026-05-21T07:09:02Z</time>
   </trkpt>
   <trkpt lat="48.6458330" lon="-2.8622480">
    <ele>67.3</ele>
    <time>2026-05-21T07:09:03Z</time>
   </trkpt>
   <trkpt lat="48.6458330" lon="-2.8621480">
    <ele>67.3</ele>
    <time>2026-05-21T07:09:04Z</time>
   </trkpt>
   <trkpt lat="48.6458320" lon="-2.8620500">
    <ele>67.2</ele>
    <time>2026-05-21T07:09:05Z</time>
   </trkpt>
   <trkpt lat="48.6458320" lon="-2.8619490">
    <ele>67.2</ele>
    <time>2026-05-21T07:09:06Z</time>
   </trkpt>
   <trkpt lat="48.6458310" lon="-2.8618450">
    <ele>67.0</ele>
    <time>2026-05-21T07:09:07Z</time>
   </trkpt>
   <trkpt lat="48.6458280" lon="-2.8617400">
    <ele>66.9</ele>
    <time>2026-05-21T07:09:08Z</time>
   </trkpt>
   <trkpt lat="48.6458200" lon="-2.8616390">
    <ele>66.7</ele>
    <time>2026-05-21T07:09:09Z</time>
   </trkpt>
   <trkpt lat="48.6458180" lon="-2.8615270">
    <ele>66.6</ele>
    <time>2026-05-21T07:09:10Z</time>
   </trkpt>
   <trkpt lat="48.6458160" lon="-2.8614130">
    <ele>66.4</ele>
    <time>2026-05-21T07:09:11Z</time>
   </trkpt>
   <trkpt lat="48.6458120" lon="-2.8612980">
    <ele>66.2</ele>
    <time>2026-05-21T07:09:12Z</time>
   </trkpt>
   <trkpt lat="48.6458100" lon="-2.8611810">
    <ele>65.9</ele>
    <time>2026-05-21T07:09:13Z</time>
   </trkpt>
   <trkpt lat="48.6458090" lon="-2.8610630">
    <ele>65.7</ele>
    <time>2026-05-21T07:09:14Z</time>
   </trkpt>
   <trkpt lat="48.6458140" lon="-2.8609380">
    <ele>65.4</ele>
    <time>2026-05-21T07:09:15Z</time>
   </trkpt>
   <trkpt lat="48.6458150" lon="-2.8608130">
    <ele>65.1</ele>
    <time>2026-05-21T07:09:16Z</time>
   </trkpt>
   <trkpt lat="48.6458070" lon="-2.8606920">
    <ele>64.9</ele>
    <time>2026-05-21T07:09:17Z</time>
   </trkpt>
   <trkpt lat="48.6458060" lon="-2.8605640">
    <ele>64.6</ele>
    <time>2026-05-21T07:09:18Z</time>
   </trkpt>
   <trkpt lat="48.6458040" lon="-2.8604350">
    <ele>64.4</ele>
    <time>2026-05-21T07:09:19Z</time>
   </trkpt>
   <trkpt lat="48.6457970" lon="-2.8603050">
    <ele>64.2</ele>
    <time>2026-05-21T07:09:20Z</time>
   </trkpt>
   <trkpt lat="48.6457920" lon="-2.8601700">
    <ele>64.0</ele>
    <time>2026-05-21T07:09:21Z</time>
   </trkpt>
   <trkpt lat="48.6457810" lon="-2.8600430">
    <ele>63.8</ele>
    <time>2026-05-21T07:09:22Z</time>
   </trkpt>
   <trkpt lat="48.6457690" lon="-2.8599150">
    <ele>63.7</ele>
    <time>2026-05-21T07:09:23Z</time>
   </trkpt>
   <trkpt lat="48.6457520" lon="-2.8597850">
    <ele>63.6</ele>
    <time>2026-05-21T07:09:25Z</time>
   </trkpt>
   <trkpt lat="48.6457320" lon="-2.8596580">
    <ele>63.5</ele>
    <time>2026-05-21T07:09:26Z</time>
   </trkpt>
   <trkpt lat="48.6457100" lon="-2.8595320">
    <ele>63.5</ele>
    <time>2026-05-21T07:09:27Z</time>
   </trkpt>
   <trkpt lat="48.6456870" lon="-2.8594060">
    <ele>63.4</ele>
    <time>2026-05-21T07:09:28Z</time>
   </trkpt>
   <trkpt lat="48.6456650" lon="-2.8592840">
    <ele>63.3</ele>
    <time>2026-05-21T07:09:29Z</time>
   </trkpt>
   <trkpt lat="48.6456420" lon="-2.8591630">
    <ele>63.1</ele>
    <time>2026-05-21T07:09:30Z</time>
   </trkpt>
   <trkpt lat="48.6456150" lon="-2.8590450">
    <ele>63.0</ele>
    <time>2026-05-21T07:09:31Z</time>
   </trkpt>
   <trkpt lat="48.6455860" lon="-2.8589240">
    <ele>62.8</ele>
    <time>2026-05-21T07:09:32Z</time>
   </trkpt>
   <trkpt lat="48.6455620" lon="-2.8588040">
    <ele>62.7</ele>
    <time>2026-05-21T07:09:33Z</time>
   </trkpt>
   <trkpt lat="48.6455360" lon="-2.8586840">
    <ele>62.6</ele>
    <time>2026-05-21T07:09:34Z</time>
   </trkpt>
   <trkpt lat="48.6455120" lon="-2.8585660">
    <ele>62.5</ele>
    <time>2026-05-21T07:09:35Z</time>
   </trkpt>
   <trkpt lat="48.6454870" lon="-2.8584460">
    <ele>62.4</ele>
    <time>2026-05-21T07:09:36Z</time>
   </trkpt>
   <trkpt lat="48.6454600" lon="-2.8583230">
    <ele>62.3</ele>
    <time>2026-05-21T07:09:37Z</time>
   </trkpt>
   <trkpt lat="48.6454340" lon="-2.8582040">
    <ele>62.2</ele>
    <time>2026-05-21T07:09:38Z</time>
   </trkpt>
   <trkpt lat="48.6453860" lon="-2.8579630">
    <ele>62.1</ele>
    <time>2026-05-21T07:09:39Z</time>
   </trkpt>
   <trkpt lat="48.6453590" lon="-2.8578440">
    <ele>62.0</ele>
    <time>2026-05-21T07:09:40Z</time>
   </trkpt>
   <trkpt lat="48.6453330" lon="-2.8577270">
    <ele>62.0</ele>
    <time>2026-05-21T07:09:41Z</time>
   </trkpt>
   <trkpt lat="48.6453130" lon="-2.8576070">
    <ele>61.9</ele>
    <time>2026-05-21T07:09:42Z</time>
   </trkpt>
   <trkpt lat="48.6452950" lon="-2.8574860">
    <ele>61.8</ele>
    <time>2026-05-21T07:09:43Z</time>
   </trkpt>
   <trkpt lat="48.6452700" lon="-2.8573640">
    <ele>61.8</ele>
    <time>2026-05-21T07:09:44Z</time>
   </trkpt>
   <trkpt lat="48.6452480" lon="-2.8572420">
    <ele>61.7</ele>
    <time>2026-05-21T07:09:45Z</time>
   </trkpt>
   <trkpt lat="48.6452290" lon="-2.8571200">
    <ele>61.6</ele>
    <time>2026-05-21T07:09:46Z</time>
   </trkpt>
   <trkpt lat="48.6452130" lon="-2.8569980">
    <ele>61.5</ele>
    <time>2026-05-21T07:09:47Z</time>
   </trkpt>
   <trkpt lat="48.6451970" lon="-2.8568750">
    <ele>61.4</ele>
    <time>2026-05-21T07:09:48Z</time>
   </trkpt>
   <trkpt lat="48.6451820" lon="-2.8567530">
    <ele>61.3</ele>
    <time>2026-05-21T07:09:49Z</time>
   </trkpt>
   <trkpt lat="48.6451700" lon="-2.8566310">
    <ele>61.1</ele>
    <time>2026-05-21T07:09:50Z</time>
   </trkpt>
   <trkpt lat="48.6451580" lon="-2.8565060">
    <ele>61.0</ele>
    <time>2026-05-21T07:09:51Z</time>
   </trkpt>
   <trkpt lat="48.6451470" lon="-2.8563790">
    <ele>60.9</ele>
    <time>2026-05-21T07:09:52Z</time>
   </trkpt>
   <trkpt lat="48.6451380" lon="-2.8562550">
    <ele>60.8</ele>
    <time>2026-05-21T07:09:53Z</time>
   </trkpt>
   <trkpt lat="48.6451310" lon="-2.8561280">
    <ele>60.6</ele>
    <time>2026-05-21T07:09:54Z</time>
   </trkpt>
   <trkpt lat="48.6451270" lon="-2.8560020">
    <ele>60.4</ele>
    <time>2026-05-21T07:09:55Z</time>
   </trkpt>
   <trkpt lat="48.6451180" lon="-2.8558770">
    <ele>60.3</ele>
    <time>2026-05-21T07:09:56Z</time>
   </trkpt>
   <trkpt lat="48.6451080" lon="-2.8557520">
    <ele>60.0</ele>
    <time>2026-05-21T07:09:57Z</time>
   </trkpt>
   <trkpt lat="48.6451010" lon="-2.8556270">
    <ele>59.8</ele>
    <time>2026-05-21T07:09:58Z</time>
   </trkpt>
   <trkpt lat="48.6450920" lon="-2.8554980">
    <ele>59.5</ele>
    <time>2026-05-21T07:09:59Z</time>
   </trkpt>
   <trkpt lat="48.6450820" lon="-2.8553730">
    <ele>59.3</ele>
    <time>2026-05-21T07:10:00Z</time>
   </trkpt>
   <trkpt lat="48.6450770" lon="-2.8552460">
    <ele>59.0</ele>
    <time>2026-05-21T07:10:01Z</time>
   </trkpt>
   <trkpt lat="48.6450690" lon="-2.8551200">
    <ele>58.7</ele>
    <time>2026-05-21T07:10:02Z</time>
   </trkpt>
   <trkpt lat="48.6450620" lon="-2.8549900">
    <ele>58.4</ele>
    <time>2026-05-21T07:10:03Z</time>
   </trkpt>
   <trkpt lat="48.6450550" lon="-2.8548650">
    <ele>58.1</ele>
    <time>2026-05-21T07:10:04Z</time>
   </trkpt>
   <trkpt lat="48.6450490" lon="-2.8547360">
    <ele>57.8</ele>
    <time>2026-05-21T07:10:05Z</time>
   </trkpt>
   <trkpt lat="48.6450440" lon="-2.8546040">
    <ele>57.5</ele>
    <time>2026-05-21T07:10:06Z</time>
   </trkpt>
   <trkpt lat="48.6450340" lon="-2.8544740">
    <ele>57.1</ele>
    <time>2026-05-21T07:10:07Z</time>
   </trkpt>
   <trkpt lat="48.6450260" lon="-2.8543450">
    <ele>56.8</ele>
    <time>2026-05-21T07:10:08Z</time>
   </trkpt>
   <trkpt lat="48.6450190" lon="-2.8542140">
    <ele>56.4</ele>
    <time>2026-05-21T07:10:09Z</time>
   </trkpt>
   <trkpt lat="48.6450110" lon="-2.8540810">
    <ele>56.0</ele>
    <time>2026-05-21T07:10:10Z</time>
   </trkpt>
   <trkpt lat="48.6450030" lon="-2.8539470">
    <ele>55.6</ele>
    <time>2026-05-21T07:10:11Z</time>
   </trkpt>
   <trkpt lat="48.6449950" lon="-2.8538110">
    <ele>55.1</ele>
    <time>2026-05-21T07:10:12Z</time>
   </trkpt>
   <trkpt lat="48.6449890" lon="-2.8536720">
    <ele>54.7</ele>
    <time>2026-05-21T07:10:13Z</time>
   </trkpt>
   <trkpt lat="48.6449830" lon="-2.8535320">
    <ele>54.2</ele>
    <time>2026-05-21T07:10:14Z</time>
   </trkpt>
   <trkpt lat="48.6449720" lon="-2.8533940">
    <ele>53.8</ele>
    <time>2026-05-21T07:10:15Z</time>
   </trkpt>
   <trkpt lat="48.6449620" lon="-2.8532520">
    <ele>53.2</ele>
    <time>2026-05-21T07:10:16Z</time>
   </trkpt>
   <trkpt lat="48.6449530" lon="-2.8531090">
    <ele>52.7</ele>
    <time>2026-05-21T07:10:17Z</time>
   </trkpt>
   <trkpt lat="48.6449440" lon="-2.8529680">
    <ele>52.2</ele>
    <time>2026-05-21T07:10:18Z</time>
   </trkpt>
   <trkpt lat="48.6449380" lon="-2.8528230">
    <ele>51.6</ele>
    <time>2026-05-21T07:10:19Z</time>
   </trkpt>
   <trkpt lat="48.6449320" lon="-2.8526760">
    <ele>51.0</ele>
    <time>2026-05-21T07:10:20Z</time>
   </trkpt>
   <trkpt lat="48.6449210" lon="-2.8525330">
    <ele>50.4</ele>
    <time>2026-05-21T07:10:21Z</time>
   </trkpt>
   <trkpt lat="48.6449110" lon="-2.8523890">
    <ele>49.8</ele>
    <time>2026-05-21T07:10:22Z</time>
   </trkpt>
   <trkpt lat="48.6449020" lon="-2.8522450">
    <ele>49.2</ele>
    <time>2026-05-21T07:10:23Z</time>
   </trkpt>
   <trkpt lat="48.6448960" lon="-2.8521000">
    <ele>48.6</ele>
    <time>2026-05-21T07:10:24Z</time>
   </trkpt>
   <trkpt lat="48.6448880" lon="-2.8519550">
    <ele>48.1</ele>
    <time>2026-05-21T07:10:25Z</time>
   </trkpt>
   <trkpt lat="48.6448790" lon="-2.8518080">
    <ele>47.5</ele>
    <time>2026-05-21T07:10:26Z</time>
   </trkpt>
   <trkpt lat="48.6448760" lon="-2.8516620">
    <ele>47.0</ele>
    <time>2026-05-21T07:10:27Z</time>
   </trkpt>
   <trkpt lat="48.6448730" lon="-2.8515180">
    <ele>46.6</ele>
    <time>2026-05-21T07:10:28Z</time>
   </trkpt>
   <trkpt lat="48.6448800" lon="-2.8513750">
    <ele>46.2</ele>
    <time>2026-05-21T07:10:29Z</time>
   </trkpt>
   <trkpt lat="48.6449000" lon="-2.8512480">
    <ele>45.9</ele>
    <time>2026-05-21T07:10:30Z</time>
   </trkpt>
   <trkpt lat="48.6449230" lon="-2.8511280">
    <ele>45.6</ele>
    <time>2026-05-21T07:10:31Z</time>
   </trkpt>
   <trkpt lat="48.6449410" lon="-2.8510120">
    <ele>45.4</ele>
    <time>2026-05-21T07:10:32Z</time>
   </trkpt>
   <trkpt lat="48.6449520" lon="-2.8509080">
    <ele>45.3</ele>
    <time>2026-05-21T07:10:33Z</time>
   </trkpt>
   <trkpt lat="48.6449550" lon="-2.8508160">
    <ele>45.2</ele>
    <time>2026-05-21T07:10:34Z</time>
   </trkpt>
   <trkpt lat="48.6449540" lon="-2.8507340">
    <ele>45.1</ele>
    <time>2026-05-21T07:10:35Z</time>
   </trkpt>
   <trkpt lat="48.6449540" lon="-2.8506650">
    <ele>45.0</ele>
    <time>2026-05-21T07:10:36Z</time>
   </trkpt>
   <trkpt lat="48.6449700" lon="-2.8505950">
    <ele>44.8</ele>
    <time>2026-05-21T07:10:37Z</time>
   </trkpt>
   <trkpt lat="48.6450040" lon="-2.8505380">
    <ele>44.7</ele>
    <time>2026-05-21T07:10:38Z</time>
   </trkpt>
   <trkpt lat="48.6450580" lon="-2.8504950">
    <ele>44.8</ele>
    <time>2026-05-21T07:10:39Z</time>
   </trkpt>
   <trkpt lat="48.6451130" lon="-2.8504640">
    <ele>44.9</ele>
    <time>2026-05-21T07:10:40Z</time>
   </trkpt>
   <trkpt lat="48.6451730" lon="-2.8504460">
    <ele>45.0</ele>
    <time>2026-05-21T07:10:41Z</time>
   </trkpt>
   <trkpt lat="48.6452330" lon="-2.8504120">
    <ele>45.0</ele>
    <time>2026-05-21T07:10:42Z</time>
   </trkpt>
   <trkpt lat="48.6452920" lon="-2.8503750">
    <ele>45.1</ele>
    <time>2026-05-21T07:10:43Z</time>
   </trkpt>
   <trkpt lat="48.6453530" lon="-2.8503330">
    <ele>45.1</ele>
    <time>2026-05-21T07:10:44Z</time>
   </trkpt>
   <trkpt lat="48.6454150" lon="-2.8502870">
    <ele>45.1</ele>
    <time>2026-05-21T07:10:45Z</time>
   </trkpt>
   <trkpt lat="48.6454820" lon="-2.8502390">
    <ele>45.0</ele>
    <time>2026-05-21T07:10:46Z</time>
   </trkpt>
   <trkpt lat="48.6455490" lon="-2.8501760">
    <ele>44.9</ele>
    <time>2026-05-21T07:10:47Z</time>
   </trkpt>
   <trkpt lat="48.6456080" lon="-2.8501140">
    <ele>44.8</ele>
    <time>2026-05-21T07:10:48Z</time>
   </trkpt>
   <trkpt lat="48.6456690" lon="-2.8500380">
    <ele>44.6</ele>
    <time>2026-05-21T07:10:49Z</time>
   </trkpt>
   <trkpt lat="48.6457270" lon="-2.8499520">
    <ele>44.5</ele>
    <time>2026-05-21T07:10:50Z</time>
   </trkpt>
   <trkpt lat="48.6457830" lon="-2.8498640">
    <ele>44.3</ele>
    <time>2026-05-21T07:10:51Z</time>
   </trkpt>
   <trkpt lat="48.6458400" lon="-2.8497740">
    <ele>44.1</ele>
    <time>2026-05-21T07:10:52Z</time>
   </trkpt>
   <trkpt lat="48.6458920" lon="-2.8496750">
    <ele>43.9</ele>
    <time>2026-05-21T07:10:53Z</time>
   </trkpt>
   <trkpt lat="48.6459360" lon="-2.8495670">
    <ele>43.8</ele>
    <time>2026-05-21T07:10:54Z</time>
   </trkpt>
   <trkpt lat="48.6459760" lon="-2.8494550">
    <ele>43.7</ele>
    <time>2026-05-21T07:10:55Z</time>
   </trkpt>
   <trkpt lat="48.6460110" lon="-2.8493370">
    <ele>43.7</ele>
    <time>2026-05-21T07:10:56Z</time>
   </trkpt>
   <trkpt lat="48.6460430" lon="-2.8492210">
    <ele>43.5</ele>
    <time>2026-05-21T07:10:57Z</time>
   </trkpt>
   <trkpt lat="48.6460690" lon="-2.8491030">
    <ele>43.4</ele>
    <time>2026-05-21T07:10:58Z</time>
   </trkpt>
   <trkpt lat="48.6460870" lon="-2.8489800">
    <ele>43.3</ele>
    <time>2026-05-21T07:10:59Z</time>
   </trkpt>
   <trkpt lat="48.6460980" lon="-2.8488580">
    <ele>43.3</ele>
    <time>2026-05-21T07:11:00Z</time>
   </trkpt>
   <trkpt lat="48.6461130" lon="-2.8487380">
    <ele>43.2</ele>
    <time>2026-05-21T07:11:01Z</time>
   </trkpt>
   <trkpt lat="48.6461250" lon="-2.8486190">
    <ele>43.2</ele>
    <time>2026-05-21T07:11:02Z</time>
   </trkpt>
   <trkpt lat="48.6461410" lon="-2.8484990">
    <ele>43.1</ele>
    <time>2026-05-21T07:11:03Z</time>
   </trkpt>
   <trkpt lat="48.6461560" lon="-2.8483780">
    <ele>43.1</ele>
    <time>2026-05-21T07:11:04Z</time>
   </trkpt>
   <trkpt lat="48.6461720" lon="-2.8482620">
    <ele>43.0</ele>
    <time>2026-05-21T07:11:05Z</time>
   </trkpt>
   <trkpt lat="48.6461850" lon="-2.8481440">
    <ele>43.0</ele>
    <time>2026-05-21T07:11:06Z</time>
   </trkpt>
   <trkpt lat="48.6462050" lon="-2.8480310">
    <ele>43.0</ele>
    <time>2026-05-21T07:11:07Z</time>
   </trkpt>
   <trkpt lat="48.6462270" lon="-2.8479220">
    <ele>43.0</ele>
    <time>2026-05-21T07:11:08Z</time>
   </trkpt>
   <trkpt lat="48.6462410" lon="-2.8478150">
    <ele>43.0</ele>
    <time>2026-05-21T07:11:09Z</time>
   </trkpt>
   <trkpt lat="48.6462600" lon="-2.8477100">
    <ele>43.0</ele>
    <time>2026-05-21T07:11:10Z</time>
   </trkpt>
   <trkpt lat="48.6462910" lon="-2.8476090">
    <ele>42.9</ele>
    <time>2026-05-21T07:11:11Z</time>
   </trkpt>
   <trkpt lat="48.6463250" lon="-2.8475120">
    <ele>42.9</ele>
    <time>2026-05-21T07:11:12Z</time>
   </trkpt>
   <trkpt lat="48.6463600" lon="-2.8474180">
    <ele>42.9</ele>
    <time>2026-05-21T07:11:13Z</time>
   </trkpt>
   <trkpt lat="48.6464020" lon="-2.8473260">
    <ele>42.8</ele>
    <time>2026-05-21T07:11:14Z</time>
   </trkpt>
   <trkpt lat="48.6464450" lon="-2.8472340">
    <ele>42.8</ele>
    <time>2026-05-21T07:11:15Z</time>
   </trkpt>
   <trkpt lat="48.6464870" lon="-2.8471410">
    <ele>42.8</ele>
    <time>2026-05-21T07:11:16Z</time>
   </trkpt>
   <trkpt lat="48.6465330" lon="-2.8470540">
    <ele>42.8</ele>
    <time>2026-05-21T07:11:17Z</time>
   </trkpt>
   <trkpt lat="48.6465780" lon="-2.8469650">
    <ele>42.7</ele>
    <time>2026-05-21T07:11:18Z</time>
   </trkpt>
   <trkpt lat="48.6466190" lon="-2.8468720">
    <ele>42.7</ele>
    <time>2026-05-21T07:11:19Z</time>
   </trkpt>
   <trkpt lat="48.6466630" lon="-2.8467800">
    <ele>42.7</ele>
    <time>2026-05-21T07:11:20Z</time>
   </trkpt>
   <trkpt lat="48.6467130" lon="-2.8466940">
    <ele>42.6</ele>
    <time>2026-05-21T07:11:21Z</time>
   </trkpt>
   <trkpt lat="48.6467630" lon="-2.8466070">
    <ele>42.6</ele>
    <time>2026-05-21T07:11:22Z</time>
   </trkpt>
   <trkpt lat="48.6468120" lon="-2.8465180">
    <ele>42.5</ele>
    <time>2026-05-21T07:11:23Z</time>
   </trkpt>
   <trkpt lat="48.6468660" lon="-2.8464360">
    <ele>42.5</ele>
    <time>2026-05-21T07:11:24Z</time>
   </trkpt>
   <trkpt lat="48.6469190" lon="-2.8463510">
    <ele>42.5</ele>
    <time>2026-05-21T07:11:25Z</time>
   </trkpt>
   <trkpt lat="48.6469720" lon="-2.8462770">
    <ele>42.4</ele>
    <time>2026-05-21T07:11:26Z</time>
   </trkpt>
   <trkpt lat="48.6470310" lon="-2.8462100">
    <ele>42.4</ele>
    <time>2026-05-21T07:11:27Z</time>
   </trkpt>
   <trkpt lat="48.6470890" lon="-2.8461410">
    <ele>42.4</ele>
    <time>2026-05-21T07:11:28Z</time>
   </trkpt>
   <trkpt lat="48.6471420" lon="-2.8460720">
    <ele>42.3</ele>
    <time>2026-05-21T07:11:29Z</time>
   </trkpt>
   <trkpt lat="48.6471970" lon="-2.8460020">
    <ele>42.3</ele>
    <time>2026-05-21T07:11:31Z</time>
   </trkpt>
   <trkpt lat="48.6472980" lon="-2.8458670">
    <ele>42.3</ele>
    <time>2026-05-21T07:11:32Z</time>
   </trkpt>
   <trkpt lat="48.6473480" lon="-2.8457950">
    <ele>42.3</ele>
    <time>2026-05-21T07:11:34Z</time>
   </trkpt>
   <trkpt lat="48.6474400" lon="-2.8456700">
    <ele>42.3</ele>
    <time>2026-05-21T07:11:35Z</time>
   </trkpt>
   <trkpt lat="48.6474850" lon="-2.8456080">
    <ele>42.2</ele>
    <time>2026-05-21T07:11:37Z</time>
   </trkpt>
   <trkpt lat="48.6475700" lon="-2.8454820">
    <ele>42.2</ele>
    <time>2026-05-21T07:11:38Z</time>
   </trkpt>
   <trkpt lat="48.6476100" lon="-2.8454130">
    <ele>42.2</ele>
    <time>2026-05-21T07:11:40Z</time>
   </trkpt>
   <trkpt lat="48.6476460" lon="-2.8453360">
    <ele>42.2</ele>
    <time>2026-05-21T07:11:41Z</time>
   </trkpt>
   <trkpt lat="48.6476830" lon="-2.8452600">
    <ele>42.1</ele>
    <time>2026-05-21T07:11:42Z</time>
   </trkpt>
   <trkpt lat="48.6477160" lon="-2.8451840">
    <ele>42.1</ele>
    <time>2026-05-21T07:11:43Z</time>
   </trkpt>
   <trkpt lat="48.6477520" lon="-2.8451050">
    <ele>42.0</ele>
    <time>2026-05-21T07:11:44Z</time>
   </trkpt>
   <trkpt lat="48.6478090" lon="-2.8449390">
    <ele>41.8</ele>
    <time>2026-05-21T07:11:45Z</time>
   </trkpt>
   <trkpt lat="48.6478350" lon="-2.8448530">
    <ele>41.7</ele>
    <time>2026-05-21T07:11:46Z</time>
   </trkpt>
   <trkpt lat="48.6478580" lon="-2.8447660">
    <ele>41.4</ele>
    <time>2026-05-21T07:11:47Z</time>
   </trkpt>
   <trkpt lat="48.6478810" lon="-2.8446800">
    <ele>41.1</ele>
    <time>2026-05-21T07:11:48Z</time>
   </trkpt>
   <trkpt lat="48.6479020" lon="-2.8445930">
    <ele>40.7</ele>
    <time>2026-05-21T07:11:49Z</time>
   </trkpt>
   <trkpt lat="48.6479190" lon="-2.8444980">
    <ele>40.2</ele>
    <time>2026-05-21T07:11:50Z</time>
   </trkpt>
   <trkpt lat="48.6479330" lon="-2.8443910">
    <ele>39.6</ele>
    <time>2026-05-21T07:11:51Z</time>
   </trkpt>
   <trkpt lat="48.6479430" lon="-2.8442780">
    <ele>39.0</ele>
    <time>2026-05-21T07:11:52Z</time>
   </trkpt>
   <trkpt lat="48.6479490" lon="-2.8441590">
    <ele>38.3</ele>
    <time>2026-05-21T07:11:53Z</time>
   </trkpt>
   <trkpt lat="48.6479520" lon="-2.8440450">
    <ele>37.6</ele>
    <time>2026-05-21T07:11:54Z</time>
   </trkpt>
   <trkpt lat="48.6479510" lon="-2.8439360">
    <ele>37.1</ele>
    <time>2026-05-21T07:11:55Z</time>
   </trkpt>
   <trkpt lat="48.6479490" lon="-2.8438380">
    <ele>36.6</ele>
    <time>2026-05-21T07:11:56Z</time>
   </trkpt>
   <trkpt lat="48.6479450" lon="-2.8437460">
    <ele>36.2</ele>
    <time>2026-05-21T07:11:57Z</time>
   </trkpt>
   <trkpt lat="48.6479370" lon="-2.8436640">
    <ele>35.8</ele>
    <time>2026-05-21T07:11:58Z</time>
   </trkpt>
   <trkpt lat="48.6479280" lon="-2.8435840">
    <ele>35.4</ele>
    <time>2026-05-21T07:11:59Z</time>
   </trkpt>
   <trkpt lat="48.6479270" lon="-2.8434910">
    <ele>35.0</ele>
    <time>2026-05-21T07:12:00Z</time>
   </trkpt>
   <trkpt lat="48.6479270" lon="-2.8433970">
    <ele>34.7</ele>
    <time>2026-05-21T07:12:01Z</time>
   </trkpt>
   <trkpt lat="48.6479190" lon="-2.8432980">
    <ele>34.4</ele>
    <time>2026-05-21T07:12:02Z</time>
   </trkpt>
   <trkpt lat="48.6479130" lon="-2.8431990">
    <ele>34.1</ele>
    <time>2026-05-21T07:12:03Z</time>
   </trkpt>
   <trkpt lat="48.6479100" lon="-2.8430990">
    <ele>33.9</ele>
    <time>2026-05-21T07:12:04Z</time>
   </trkpt>
   <trkpt lat="48.6479050" lon="-2.8429920">
    <ele>33.7</ele>
    <time>2026-05-21T07:12:05Z</time>
   </trkpt>
   <trkpt lat="48.6479030" lon="-2.8428860">
    <ele>33.6</ele>
    <time>2026-05-21T07:12:06Z</time>
   </trkpt>
   <trkpt lat="48.6479040" lon="-2.8427740">
    <ele>33.4</ele>
    <time>2026-05-21T07:12:07Z</time>
   </trkpt>
   <trkpt lat="48.6479030" lon="-2.8426650">
    <ele>33.3</ele>
    <time>2026-05-21T07:12:08Z</time>
   </trkpt>
   <trkpt lat="48.6479010" lon="-2.8425590">
    <ele>33.2</ele>
    <time>2026-05-21T07:12:09Z</time>
   </trkpt>
   <trkpt lat="48.6479010" lon="-2.8424480">
    <ele>33.1</ele>
    <time>2026-05-21T07:12:10Z</time>
   </trkpt>
   <trkpt lat="48.6479010" lon="-2.8423340">
    <ele>33.0</ele>
    <time>2026-05-21T07:12:11Z</time>
   </trkpt>
   <trkpt lat="48.6479090" lon="-2.8422290">
    <ele>32.9</ele>
    <time>2026-05-21T07:12:12Z</time>
   </trkpt>
   <trkpt lat="48.6479090" lon="-2.8421190">
    <ele>32.8</ele>
    <time>2026-05-21T07:12:13Z</time>
   </trkpt>
   <trkpt lat="48.6479140" lon="-2.8420080">
    <ele>32.7</ele>
    <time>2026-05-21T07:12:14Z</time>
   </trkpt>
   <trkpt lat="48.6479160" lon="-2.8418990">
    <ele>32.6</ele>
    <time>2026-05-21T07:12:15Z</time>
   </trkpt>
   <trkpt lat="48.6479270" lon="-2.8417840">
    <ele>32.4</ele>
    <time>2026-05-21T07:12:16Z</time>
   </trkpt>
   <trkpt lat="48.6479350" lon="-2.8416700">
    <ele>32.3</ele>
    <time>2026-05-21T07:12:17Z</time>
   </trkpt>
   <trkpt lat="48.6479490" lon="-2.8415570">
    <ele>32.1</ele>
    <time>2026-05-21T07:12:18Z</time>
   </trkpt>
   <trkpt lat="48.6479670" lon="-2.8414420">
    <ele>32.0</ele>
    <time>2026-05-21T07:12:19Z</time>
   </trkpt>
   <trkpt lat="48.6479850" lon="-2.8413250">
    <ele>31.9</ele>
    <time>2026-05-21T07:12:20Z</time>
   </trkpt>
   <trkpt lat="48.6480010" lon="-2.8412090">
    <ele>31.8</ele>
    <time>2026-05-21T07:12:21Z</time>
   </trkpt>
   <trkpt lat="48.6480230" lon="-2.8410930">
    <ele>31.8</ele>
    <time>2026-05-21T07:12:22Z</time>
   </trkpt>
   <trkpt lat="48.6480400" lon="-2.8409840">
    <ele>31.8</ele>
    <time>2026-05-21T07:12:23Z</time>
   </trkpt>
   <trkpt lat="48.6480660" lon="-2.8408810">
    <ele>31.7</ele>
    <time>2026-05-21T07:12:24Z</time>
   </trkpt>
   <trkpt lat="48.6480940" lon="-2.8407800">
    <ele>31.7</ele>
    <time>2026-05-21T07:12:25Z</time>
   </trkpt>
   <trkpt lat="48.6481190" lon="-2.8406780">
    <ele>31.6</ele>
    <time>2026-05-21T07:12:26Z</time>
   </trkpt>
   <trkpt lat="48.6481420" lon="-2.8405800">
    <ele>31.6</ele>
    <time>2026-05-21T07:12:27Z</time>
   </trkpt>
   <trkpt lat="48.6481640" lon="-2.8404830">
    <ele>31.5</ele>
    <time>2026-05-21T07:12:28Z</time>
   </trkpt>
   <trkpt lat="48.6481900" lon="-2.8403840">
    <ele>31.5</ele>
    <time>2026-05-21T07:12:29Z</time>
   </trkpt>
   <trkpt lat="48.6482150" lon="-2.8402880">
    <ele>31.5</ele>
    <time>2026-05-21T07:12:30Z</time>
   </trkpt>
   <trkpt lat="48.6482350" lon="-2.8401960">
    <ele>31.5</ele>
    <time>2026-05-21T07:12:31Z</time>
   </trkpt>
   <trkpt lat="48.6482540" lon="-2.8401030">
    <ele>31.5</ele>
    <time>2026-05-21T07:12:32Z</time>
   </trkpt>
   <trkpt lat="48.6482690" lon="-2.8400080">
    <ele>31.5</ele>
    <time>2026-05-21T07:12:33Z</time>
   </trkpt>
   <trkpt lat="48.6482840" lon="-2.8399150">
    <ele>31.4</ele>
    <time>2026-05-21T07:12:34Z</time>
   </trkpt>
   <trkpt lat="48.6482900" lon="-2.8398280">
    <ele>31.4</ele>
    <time>2026-05-21T07:12:35Z</time>
   </trkpt>
   <trkpt lat="48.6482920" lon="-2.8397340">
    <ele>31.3</ele>
    <time>2026-05-21T07:12:36Z</time>
   </trkpt>
   <trkpt lat="48.6482880" lon="-2.8396500">
    <ele>31.2</ele>
    <time>2026-05-21T07:12:37Z</time>
   </trkpt>
   <trkpt lat="48.6482870" lon="-2.8395650">
    <ele>31.1</ele>
    <time>2026-05-21T07:12:38Z</time>
   </trkpt>
   <trkpt lat="48.6482870" lon="-2.8394760">
    <ele>30.9</ele>
    <time>2026-05-21T07:12:39Z</time>
   </trkpt>
   <trkpt lat="48.6482930" lon="-2.8393970">
    <ele>30.8</ele>
    <time>2026-05-21T07:12:40Z</time>
   </trkpt>
   <trkpt lat="48.6483040" lon="-2.8393260">
    <ele>30.6</ele>
    <time>2026-05-21T07:12:41Z</time>
   </trkpt>
   <trkpt lat="48.6483110" lon="-2.8392600">
    <ele>30.5</ele>
    <time>2026-05-21T07:12:42Z</time>
   </trkpt>
   <trkpt lat="48.6483150" lon="-2.8392070">
    <ele>30.4</ele>
    <time>2026-05-21T07:12:43Z</time>
   </trkpt>
   <trkpt lat="48.6483100" lon="-2.8391520">
    <ele>30.3</ele>
    <time>2026-05-21T07:12:44Z</time>
   </trkpt>
   <trkpt lat="48.6482980" lon="-2.8391120">
    <ele>30.2</ele>
    <time>2026-05-21T07:12:45Z</time>
   </trkpt>
   <trkpt lat="48.6482760" lon="-2.8390570">
    <ele>30.1</ele>
    <time>2026-05-21T07:12:46Z</time>
   </trkpt>
   <trkpt lat="48.6482650" lon="-2.8390350">
    <ele>30.1</ele>
    <time>2026-05-21T07:12:47Z</time>
   </trkpt>
   <trkpt lat="48.6482330" lon="-2.8390020">
    <ele>30.2</ele>
    <time>2026-05-21T07:12:48Z</time>
   </trkpt>
   <trkpt lat="48.6482020" lon="-2.8389590">
    <ele>30.3</ele>
    <time>2026-05-21T07:12:49Z</time>
   </trkpt>
   <trkpt lat="48.6481750" lon="-2.8389090">
    <ele>30.4</ele>
    <time>2026-05-21T07:12:50Z</time>
   </trkpt>
   <trkpt lat="48.6481510" lon="-2.8388550">
    <ele>30.4</ele>
    <time>2026-05-21T07:12:51Z</time>
   </trkpt>
   <trkpt lat="48.6481250" lon="-2.8387990">
    <ele>30.4</ele>
    <time>2026-05-21T07:12:52Z</time>
   </trkpt>
   <trkpt lat="48.6480910" lon="-2.8387530">
    <ele>30.5</ele>
    <time>2026-05-21T07:12:53Z</time>
   </trkpt>
   <trkpt lat="48.6480460" lon="-2.8387380">
    <ele>30.5</ele>
    <time>2026-05-21T07:12:54Z</time>
   </trkpt>
   <trkpt lat="48.6479970" lon="-2.8387280">
    <ele>30.6</ele>
    <time>2026-05-21T07:12:55Z</time>
   </trkpt>
   <trkpt lat="48.6479500" lon="-2.8387140">
    <ele>30.7</ele>
    <time>2026-05-21T07:12:56Z</time>
   </trkpt>
   <trkpt lat="48.6479060" lon="-2.8386980">
    <ele>30.8</ele>
    <time>2026-05-21T07:12:57Z</time>
   </trkpt>
   <trkpt lat="48.6478670" lon="-2.8387110">
    <ele>31.0</ele>
    <time>2026-05-21T07:12:58Z</time>
   </trkpt>
   <trkpt lat="48.6478230" lon="-2.8387320">
    <ele>31.1</ele>
    <time>2026-05-21T07:12:59Z</time>
   </trkpt>
   <trkpt lat="48.6477790" lon="-2.8387100">
    <ele>31.3</ele>
    <time>2026-05-21T07:13:00Z</time>
   </trkpt>
   <trkpt lat="48.6477330" lon="-2.8386910">
    <ele>31.5</ele>
    <time>2026-05-21T07:13:01Z</time>
   </trkpt>
   <trkpt lat="48.6476850" lon="-2.8386800">
    <ele>31.7</ele>
    <time>2026-05-21T07:13:02Z</time>
   </trkpt>
   <trkpt lat="48.6476360" lon="-2.8386760">
    <ele>31.9</ele>
    <time>2026-05-21T07:13:03Z</time>
   </trkpt>
   <trkpt lat="48.6475860" lon="-2.8386560">
    <ele>32.1</ele>
    <time>2026-05-21T07:13:04Z</time>
   </trkpt>
   <trkpt lat="48.6475340" lon="-2.8386450">
    <ele>32.3</ele>
    <time>2026-05-21T07:13:05Z</time>
   </trkpt>
   <trkpt lat="48.6474820" lon="-2.8386380">
    <ele>32.5</ele>
    <time>2026-05-21T07:13:06Z</time>
   </trkpt>
   <trkpt lat="48.6474320" lon="-2.8386190">
    <ele>32.7</ele>
    <time>2026-05-21T07:13:07Z</time>
   </trkpt>
   <trkpt lat="48.6473810" lon="-2.8386050">
    <ele>32.9</ele>
    <time>2026-05-21T07:13:08Z</time>
   </trkpt>
   <trkpt lat="48.6473310" lon="-2.8385930">
    <ele>33.1</ele>
    <time>2026-05-21T07:13:09Z</time>
   </trkpt>
   <trkpt lat="48.6472800" lon="-2.8385810">
    <ele>33.3</ele>
    <time>2026-05-21T07:13:10Z</time>
   </trkpt>
   <trkpt lat="48.6472300" lon="-2.8385700">
    <ele>33.5</ele>
    <time>2026-05-21T07:13:11Z</time>
   </trkpt>
   <trkpt lat="48.6471810" lon="-2.8385670">
    <ele>33.7</ele>
    <time>2026-05-21T07:13:12Z</time>
   </trkpt>
   <trkpt lat="48.6471330" lon="-2.8385770">
    <ele>33.8</ele>
    <time>2026-05-21T07:13:13Z</time>
   </trkpt>
   <trkpt lat="48.6470870" lon="-2.8385860">
    <ele>33.9</ele>
    <time>2026-05-21T07:13:14Z</time>
   </trkpt>
   <trkpt lat="48.6470450" lon="-2.8385670">
    <ele>34.1</ele>
    <time>2026-05-21T07:13:15Z</time>
   </trkpt>
   <trkpt lat="48.6470090" lon="-2.8385350">
    <ele>34.2</ele>
    <time>2026-05-21T07:13:16Z</time>
   </trkpt>
   <trkpt lat="48.6469860" lon="-2.8384890">
    <ele>34.3</ele>
    <time>2026-05-21T07:13:17Z</time>
   </trkpt>
   <trkpt lat="48.6469490" lon="-2.8384730">
    <ele>34.4</ele>
    <time>2026-05-21T07:13:18Z</time>
   </trkpt>
   <trkpt lat="48.6469070" lon="-2.8384670">
    <ele>34.6</ele>
    <time>2026-05-21T07:13:19Z</time>
   </trkpt>
   <trkpt lat="48.6468690" lon="-2.8384600">
    <ele>34.7</ele>
    <time>2026-05-21T07:13:20Z</time>
   </trkpt>
   <trkpt lat="48.6468290" lon="-2.8384510">
    <ele>34.8</ele>
    <time>2026-05-21T07:13:21Z</time>
   </trkpt>
   <trkpt lat="48.6467890" lon="-2.8384380">
    <ele>34.9</ele>
    <time>2026-05-21T07:13:22Z</time>
   </trkpt>
   <trkpt lat="48.6467480" lon="-2.8384250">
    <ele>35.1</ele>
    <time>2026-05-21T07:13:23Z</time>
   </trkpt>
   <trkpt lat="48.6467050" lon="-2.8384170">
    <ele>35.2</ele>
    <time>2026-05-21T07:13:24Z</time>
   </trkpt>
   <trkpt lat="48.6466620" lon="-2.8384060">
    <ele>35.3</ele>
    <time>2026-05-21T07:13:25Z</time>
   </trkpt>
   <trkpt lat="48.6466200" lon="-2.8383900">
    <ele>35.5</ele>
    <time>2026-05-21T07:13:26Z</time>
   </trkpt>
   <trkpt lat="48.6465790" lon="-2.8383790">
    <ele>35.6</ele>
    <time>2026-05-21T07:13:27Z</time>
   </trkpt>
   <trkpt lat="48.6465380" lon="-2.8383590">
    <ele>35.8</ele>
    <time>2026-05-21T07:13:28Z</time>
   </trkpt>
   <trkpt lat="48.6464970" lon="-2.8383410">
    <ele>35.9</ele>
    <time>2026-05-21T07:13:29Z</time>
   </trkpt>
   <trkpt lat="48.6464550" lon="-2.8383300">
    <ele>36.0</ele>
    <time>2026-05-21T07:13:30Z</time>
   </trkpt>
   <trkpt lat="48.6464120" lon="-2.8383110">
    <ele>36.2</ele>
    <time>2026-05-21T07:13:31Z</time>
   </trkpt>
   <trkpt lat="48.6463680" lon="-2.8382970">
    <ele>36.3</ele>
    <time>2026-05-21T07:13:32Z</time>
   </trkpt>
   <trkpt lat="48.6463230" lon="-2.8382870">
    <ele>36.4</ele>
    <time>2026-05-21T07:13:33Z</time>
   </trkpt>
   <trkpt lat="48.6462790" lon="-2.8382760">
    <ele>36.6</ele>
    <time>2026-05-21T07:13:34Z</time>
   </trkpt>
   <trkpt lat="48.6462350" lon="-2.8382570">
    <ele>36.7</ele>
    <time>2026-05-21T07:13:35Z</time>
   </trkpt>
   <trkpt lat="48.6461920" lon="-2.8382420">
    <ele>36.8</ele>
    <time>2026-05-21T07:13:36Z</time>
   </trkpt>
   <trkpt lat="48.6461040" lon="-2.8382210">
    <ele>37.1</ele>
    <time>2026-05-21T07:13:38Z</time>
   </trkpt>
   <trkpt lat="48.6460610" lon="-2.8382110">
    <ele>37.2</ele>
    <time>2026-05-21T07:13:39Z</time>
   </trkpt>
   <trkpt lat="48.6459740" lon="-2.8381800">
    <ele>37.5</ele>
    <time>2026-05-21T07:13:41Z</time>
   </trkpt>
   <trkpt lat="48.6459330" lon="-2.8381670">
    <ele>37.6</ele>
    <time>2026-05-21T07:13:42Z</time>
   </trkpt>
   <trkpt lat="48.6458450" lon="-2.8381660">
    <ele>37.8</ele>
    <time>2026-05-21T07:13:44Z</time>
   </trkpt>
   <trkpt lat="48.6458040" lon="-2.8381690">
    <ele>37.9</ele>
    <time>2026-05-21T07:13:45Z</time>
   </trkpt>
   <trkpt lat="48.6457290" lon="-2.8381780">
    <ele>38.1</ele>
    <time>2026-05-21T07:13:47Z</time>
   </trkpt>
   <trkpt lat="48.6456950" lon="-2.8381790">
    <ele>38.2</ele>
    <time>2026-05-21T07:13:48Z</time>
   </trkpt>
   <trkpt lat="48.6456330" lon="-2.8381790">
    <ele>38.4</ele>
    <time>2026-05-21T07:13:50Z</time>
   </trkpt>
   <trkpt lat="48.6456020" lon="-2.8381760">
    <ele>38.4</ele>
    <time>2026-05-21T07:13:51Z</time>
   </trkpt>
   <trkpt lat="48.6455920" lon="-2.8381750">
    <ele>38.5</ele>
    <time>2026-05-21T07:13:52Z</time>
   </trkpt>
   <trkpt lat="48.6455560" lon="-2.8381570">
    <ele>38.8</ele>
    <time>2026-05-21T07:13:53Z</time>
   </trkpt>
   <trkpt lat="48.6455420" lon="-2.8381500">
    <ele>38.8</ele>
    <time>2026-05-21T07:13:54Z</time>
   </trkpt>
   <trkpt lat="48.6455030" lon="-2.8381400">
    <ele>38.8</ele>
    <time>2026-05-21T07:13:55Z</time>
   </trkpt>
   <trkpt lat="48.6454750" lon="-2.8381010">
    <ele>38.8</ele>
    <time>2026-05-21T07:13:56Z</time>
   </trkpt>
   <trkpt lat="48.6454390" lon="-2.8380760">
    <ele>38.8</ele>
    <time>2026-05-21T07:13:57Z</time>
   </trkpt>
   <trkpt lat="48.6454000" lon="-2.8380540">
    <ele>38.8</ele>
    <time>2026-05-21T07:13:58Z</time>
   </trkpt>
   <trkpt lat="48.6453580" lon="-2.8380290">
    <ele>38.8</ele>
    <time>2026-05-21T07:13:59Z</time>
   </trkpt>
   <trkpt lat="48.6453200" lon="-2.8379930">
    <ele>38.8</ele>
    <time>2026-05-21T07:14:00Z</time>
   </trkpt>
   <trkpt lat="48.6452780" lon="-2.8379570">
    <ele>38.7</ele>
    <time>2026-05-21T07:14:01Z</time>
   </trkpt>
   <trkpt lat="48.6452280" lon="-2.8379420">
    <ele>38.6</ele>
    <time>2026-05-21T07:14:02Z</time>
   </trkpt>
   <trkpt lat="48.6451790" lon="-2.8379250">
    <ele>38.6</ele>
    <time>2026-05-21T07:14:03Z</time>
   </trkpt>
   <trkpt lat="48.6451300" lon="-2.8379040">
    <ele>38.6</ele>
    <time>2026-05-21T07:14:04Z</time>
   </trkpt>
   <trkpt lat="48.6450820" lon="-2.8378860">
    <ele>38.6</ele>
    <time>2026-05-21T07:14:05Z</time>
   </trkpt>
   <trkpt lat="48.6450320" lon="-2.8378710">
    <ele>38.5</ele>
    <time>2026-05-21T07:14:06Z</time>
   </trkpt>
   <trkpt lat="48.6449840" lon="-2.8378490">
    <ele>38.5</ele>
    <time>2026-05-21T07:14:07Z</time>
   </trkpt>
   <trkpt lat="48.6449310" lon="-2.8378320">
    <ele>38.5</ele>
    <time>2026-05-21T07:14:08Z</time>
   </trkpt>
   <trkpt lat="48.6448810" lon="-2.8378190">
    <ele>38.4</ele>
    <time>2026-05-21T07:14:09Z</time>
   </trkpt>
   <trkpt lat="48.6448290" lon="-2.8378080">
    <ele>38.4</ele>
    <time>2026-05-21T07:14:10Z</time>
   </trkpt>
   <trkpt lat="48.6447770" lon="-2.8378090">
    <ele>38.3</ele>
    <time>2026-05-21T07:14:11Z</time>
   </trkpt>
   <trkpt lat="48.6447240" lon="-2.8378240">
    <ele>38.2</ele>
    <time>2026-05-21T07:14:12Z</time>
   </trkpt>
   <trkpt lat="48.6446690" lon="-2.8378090">
    <ele>38.0</ele>
    <time>2026-05-21T07:14:13Z</time>
   </trkpt>
   <trkpt lat="48.6446130" lon="-2.8377860">
    <ele>37.9</ele>
    <time>2026-05-21T07:14:14Z</time>
   </trkpt>
   <trkpt lat="48.6445570" lon="-2.8377640">
    <ele>37.8</ele>
    <time>2026-05-21T07:14:15Z</time>
   </trkpt>
   <trkpt lat="48.6445010" lon="-2.8377400">
    <ele>37.7</ele>
    <time>2026-05-21T07:14:16Z</time>
   </trkpt>
   <trkpt lat="48.6444420" lon="-2.8377260">
    <ele>37.6</ele>
    <time>2026-05-21T07:14:17Z</time>
   </trkpt>
   <trkpt lat="48.6443880" lon="-2.8377350">
    <ele>37.6</ele>
    <time>2026-05-21T07:14:18Z</time>
   </trkpt>
   <trkpt lat="48.6443290" lon="-2.8377430">
    <ele>37.6</ele>
    <time>2026-05-21T07:14:19Z</time>
   </trkpt>
   <trkpt lat="48.6442770" lon="-2.8377520">
    <ele>37.7</ele>
    <time>2026-05-21T07:14:20Z</time>
   </trkpt>
   <trkpt lat="48.6442310" lon="-2.8377770">
    <ele>37.7</ele>
    <time>2026-05-21T07:14:21Z</time>
   </trkpt>
   <trkpt lat="48.6441830" lon="-2.8377840">
    <ele>37.8</ele>
    <time>2026-05-21T07:14:22Z</time>
   </trkpt>
   <trkpt lat="48.6441500" lon="-2.8377400">
    <ele>37.9</ele>
    <time>2026-05-21T07:14:23Z</time>
   </trkpt>
   <trkpt lat="48.6441360" lon="-2.8376690">
    <ele>38.0</ele>
    <time>2026-05-21T07:14:24Z</time>
   </trkpt>
   <trkpt lat="48.6441260" lon="-2.8376020">
    <ele>38.0</ele>
    <time>2026-05-21T07:14:25Z</time>
   </trkpt>
   <trkpt lat="48.6441120" lon="-2.8375420">
    <ele>38.1</ele>
    <time>2026-05-21T07:14:26Z</time>
   </trkpt>
   <trkpt lat="48.6440820" lon="-2.8374940">
    <ele>38.1</ele>
    <time>2026-05-21T07:14:27Z</time>
   </trkpt>
   <trkpt lat="48.6440350" lon="-2.8374750">
    <ele>38.2</ele>
    <time>2026-05-21T07:14:28Z</time>
   </trkpt>
   <trkpt lat="48.6439940" lon="-2.8374650">
    <ele>38.3</ele>
    <time>2026-05-21T07:14:29Z</time>
   </trkpt>
   <trkpt lat="48.6439510" lon="-2.8374510">
    <ele>38.3</ele>
    <time>2026-05-21T07:14:30Z</time>
   </trkpt>
   <trkpt lat="48.6439090" lon="-2.8374330">
    <ele>38.3</ele>
    <time>2026-05-21T07:14:31Z</time>
   </trkpt>
   <trkpt lat="48.6438640" lon="-2.8374100">
    <ele>38.3</ele>
    <time>2026-05-21T07:14:32Z</time>
   </trkpt>
   <trkpt lat="48.6438180" lon="-2.8373920">
    <ele>38.3</ele>
    <time>2026-05-21T07:14:33Z</time>
   </trkpt>
   <trkpt lat="48.6437720" lon="-2.8373740">
    <ele>38.3</ele>
    <time>2026-05-21T07:14:34Z</time>
   </trkpt>
   <trkpt lat="48.6437240" lon="-2.8373590">
    <ele>38.3</ele>
    <time>2026-05-21T07:14:35Z</time>
   </trkpt>
   <trkpt lat="48.6436810" lon="-2.8373410">
    <ele>38.3</ele>
    <time>2026-05-21T07:14:36Z</time>
   </trkpt>
   <trkpt lat="48.6436370" lon="-2.8373220">
    <ele>38.3</ele>
    <time>2026-05-21T07:14:37Z</time>
   </trkpt>
   <trkpt lat="48.6435950" lon="-2.8373010">
    <ele>38.3</ele>
    <time>2026-05-21T07:14:38Z</time>
   </trkpt>
   <trkpt lat="48.6435540" lon="-2.8372800">
    <ele>38.3</ele>
    <time>2026-05-21T07:14:39Z</time>
   </trkpt>
   <trkpt lat="48.6435130" lon="-2.8372680">
    <ele>38.2</ele>
    <time>2026-05-21T07:14:40Z</time>
   </trkpt>
   <trkpt lat="48.6434730" lon="-2.8372510">
    <ele>38.2</ele>
    <time>2026-05-21T07:14:41Z</time>
   </trkpt>
   <trkpt lat="48.6434330" lon="-2.8372330">
    <ele>38.2</ele>
    <time>2026-05-21T07:14:42Z</time>
   </trkpt>
   <trkpt lat="48.6433940" lon="-2.8372210">
    <ele>38.2</ele>
    <time>2026-05-21T07:14:43Z</time>
   </trkpt>
   <trkpt lat="48.6433570" lon="-2.8372090">
    <ele>38.2</ele>
    <time>2026-05-21T07:14:44Z</time>
   </trkpt>
   <trkpt lat="48.6433200" lon="-2.8371900">
    <ele>38.2</ele>
    <time>2026-05-21T07:14:45Z</time>
   </trkpt>
   <trkpt lat="48.6432850" lon="-2.8371720">
    <ele>38.2</ele>
    <time>2026-05-21T07:14:46Z</time>
   </trkpt>
   <trkpt lat="48.6432510" lon="-2.8371520">
    <ele>38.2</ele>
    <time>2026-05-21T07:14:47Z</time>
   </trkpt>
   <trkpt lat="48.6432170" lon="-2.8371360">
    <ele>38.2</ele>
    <time>2026-05-21T07:14:48Z</time>
   </trkpt>
   <trkpt lat="48.6431820" lon="-2.8371260">
    <ele>38.2</ele>
    <time>2026-05-21T07:14:49Z</time>
   </trkpt>
   <trkpt lat="48.6431450" lon="-2.8371280">
    <ele>38.2</ele>
    <time>2026-05-21T07:14:50Z</time>
   </trkpt>
   <trkpt lat="48.6431090" lon="-2.8371440">
    <ele>38.2</ele>
    <time>2026-05-21T07:14:51Z</time>
   </trkpt>
   <trkpt lat="48.6430750" lon="-2.8371640">
    <ele>38.2</ele>
    <time>2026-05-21T07:14:52Z</time>
   </trkpt>
   <trkpt lat="48.6430440" lon="-2.8371920">
    <ele>38.2</ele>
    <time>2026-05-21T07:14:53Z</time>
   </trkpt>
   <trkpt lat="48.6430170" lon="-2.8372250">
    <ele>38.2</ele>
    <time>2026-05-21T07:14:54Z</time>
   </trkpt>
   <trkpt lat="48.6429860" lon="-2.8372580">
    <ele>38.1</ele>
    <time>2026-05-21T07:14:55Z</time>
   </trkpt>
   <trkpt lat="48.6429530" lon="-2.8372870">
    <ele>38.1</ele>
    <time>2026-05-21T07:14:56Z</time>
   </trkpt>
   <trkpt lat="48.6429190" lon="-2.8373180">
    <ele>38.0</ele>
    <time>2026-05-21T07:14:57Z</time>
   </trkpt>
   <trkpt lat="48.6428850" lon="-2.8373530">
    <ele>37.9</ele>
    <time>2026-05-21T07:14:58Z</time>
   </trkpt>
   <trkpt lat="48.6428560" lon="-2.8373980">
    <ele>37.9</ele>
    <time>2026-05-21T07:14:59Z</time>
   </trkpt>
   <trkpt lat="48.6428320" lon="-2.8374550">
    <ele>37.8</ele>
    <time>2026-05-21T07:15:00Z</time>
   </trkpt>
   <trkpt lat="48.6428200" lon="-2.8375120">
    <ele>37.7</ele>
    <time>2026-05-21T07:15:01Z</time>
   </trkpt>
   <trkpt lat="48.6428080" lon="-2.8375600">
    <ele>37.7</ele>
    <time>2026-05-21T07:15:02Z</time>
   </trkpt>
   <trkpt lat="48.6427980" lon="-2.8376000">
    <ele>37.7</ele>
    <time>2026-05-21T07:15:03Z</time>
   </trkpt>
   <trkpt lat="48.6427870" lon="-2.8376390">
    <ele>37.7</ele>
    <time>2026-05-21T07:15:04Z</time>
   </trkpt>
   <trkpt lat="48.6427820" lon="-2.8376500">
    <ele>37.6</ele>
    <time>2026-05-21T07:15:05Z</time>
   </trkpt>
   <trkpt lat="48.6427740" lon="-2.8376720">
    <ele>37.6</ele>
    <time>2026-05-21T07:15:06Z</time>
   </trkpt>
   <trkpt lat="48.6427620" lon="-2.8376820">
    <ele>37.6</ele>
    <time>2026-05-21T07:15:07Z</time>
   </trkpt>
   <trkpt lat="48.6427510" lon="-2.8376870">
    <ele>37.6</ele>
    <time>2026-05-21T07:15:08Z</time>
   </trkpt>
   <trkpt lat="48.6427530" lon="-2.8376780">
    <ele>37.6</ele>
    <time>2026-05-21T07:15:09Z</time>
   </trkpt>
   <trkpt lat="48.6427530" lon="-2.8376780">
    <ele>37.6</ele>
    <time>2026-05-21T07:15:10Z</time>
   </trkpt>
   <trkpt lat="48.6427530" lon="-2.8376780">
    <ele>37.6</ele>
    <time>2026-05-21T07:15:11Z</time>
   </trkpt>
   <trkpt lat="48.6427510" lon="-2.8376740">
    <ele>37.6</ele>
    <time>2026-05-21T07:15:12Z</time>
   </trkpt>
   <trkpt lat="48.6427520" lon="-2.8376750">
    <ele>37.6</ele>
    <time>2026-05-21T07:15:13Z</time>
   </trkpt>
   <trkpt lat="48.6427520" lon="-2.8376750">
    <ele>37.6</ele>
    <time>2026-05-21T07:15:14Z</time>
   </trkpt>
   <trkpt lat="48.6427500" lon="-2.8376770">
    <ele>37.6</ele>
    <time>2026-05-21T07:15:15Z</time>
   </trkpt>
   <trkpt lat="48.6427490" lon="-2.8376760">
    <ele>37.6</ele>
    <time>2026-05-21T07:15:16Z</time>
   </trkpt>
   <trkpt lat="48.6427340" lon="-2.8376830">
    <ele>37.6</ele>
    <time>2026-05-21T07:15:17Z</time>
   </trkpt>
   <trkpt lat="48.6427180" lon="-2.8376700">
    <ele>37.6</ele>
    <time>2026-05-21T07:15:18Z</time>
   </trkpt>
   <trkpt lat="48.6427080" lon="-2.8376520">
    <ele>37.6</ele>
    <time>2026-05-21T07:15:19Z</time>
   </trkpt>
   <trkpt lat="48.6427060" lon="-2.8376010">
    <ele>37.6</ele>
    <time>2026-05-21T07:15:20Z</time>
   </trkpt>
   <trkpt lat="48.6427070" lon="-2.8375840">
    <ele>37.7</ele>
    <time>2026-05-21T07:15:21Z</time>
   </trkpt>
   <trkpt lat="48.6427140" lon="-2.8375430">
    <ele>37.7</ele>
    <time>2026-05-21T07:15:22Z</time>
   </trkpt>
   <trkpt lat="48.6427200" lon="-2.8374950">
    <ele>37.8</ele>
    <time>2026-05-21T07:15:23Z</time>
   </trkpt>
   <trkpt lat="48.6427240" lon="-2.8374400">
    <ele>37.9</ele>
    <time>2026-05-21T07:15:24Z</time>
   </trkpt>
   <trkpt lat="48.6427250" lon="-2.8373820">
    <ele>38.0</ele>
    <time>2026-05-21T07:15:25Z</time>
   </trkpt>
   <trkpt lat="48.6427240" lon="-2.8373260">
    <ele>38.0</ele>
    <time>2026-05-21T07:15:26Z</time>
   </trkpt>
   <trkpt lat="48.6427160" lon="-2.8372550">
    <ele>38.1</ele>
    <time>2026-05-21T07:15:27Z</time>
   </trkpt>
   <trkpt lat="48.6427020" lon="-2.8371970">
    <ele>38.1</ele>
    <time>2026-05-21T07:15:28Z</time>
   </trkpt>
   <trkpt lat="48.6426830" lon="-2.8371570">
    <ele>38.2</ele>
    <time>2026-05-21T07:15:29Z</time>
   </trkpt>
   <trkpt lat="48.6426590" lon="-2.8371200">
    <ele>38.2</ele>
    <time>2026-05-21T07:15:30Z</time>
   </trkpt>
   <trkpt lat="48.6426370" lon="-2.8370780">
    <ele>38.2</ele>
    <time>2026-05-21T07:15:31Z</time>
   </trkpt>
   <trkpt lat="48.6426200" lon="-2.8370350">
    <ele>38.2</ele>
    <time>2026-05-21T07:15:32Z</time>
   </trkpt>
   <trkpt lat="48.6426060" lon="-2.8369990">
    <ele>38.2</ele>
    <time>2026-05-21T07:15:33Z</time>
   </trkpt>
   <trkpt lat="48.6425920" lon="-2.8369770">
    <ele>38.2</ele>
    <time>2026-05-21T07:15:34Z</time>
   </trkpt>
   <trkpt lat="48.6425880" lon="-2.8369740">
    <ele>38.2</ele>
    <time>2026-05-21T07:15:35Z</time>
   </trkpt>
   <trkpt lat="48.6425830" lon="-2.8369710">
    <ele>38.1</ele>
    <time>2026-05-21T07:15:36Z</time>
   </trkpt>
   <trkpt lat="48.6425780" lon="-2.8369690">
    <ele>38.1</ele>
    <time>2026-05-21T07:15:37Z</time>
   </trkpt>
   <trkpt lat="48.6425740" lon="-2.8369660">
    <ele>38.1</ele>
    <time>2026-05-21T07:15:38Z</time>
   </trkpt>
   <trkpt lat="48.6425690" lon="-2.8369630">
    <ele>38.1</ele>
    <time>2026-05-21T07:15:39Z</time>
   </trkpt>
   <trkpt lat="48.6425520" lon="-2.8369290">
    <ele>38.1</ele>
    <time>2026-05-21T07:15:40Z</time>
   </trkpt>
   <trkpt lat="48.6425470" lon="-2.8369190">
    <ele>38.1</ele>
    <time>2026-05-21T07:15:41Z</time>
   </trkpt>
   <trkpt lat="48.6424970" lon="-2.8368690">
    <ele>38.1</ele>
    <time>2026-05-21T07:15:43Z</time>
   </trkpt>
   <trkpt lat="48.6424640" lon="-2.8368500">
    <ele>38.0</ele>
    <time>2026-05-21T07:15:44Z</time>
   </trkpt>
   <trkpt lat="48.6424240" lon="-2.8368280">
    <ele>38.0</ele>
    <time>2026-05-21T07:15:46Z</time>
   </trkpt>
   <trkpt lat="48.6423420" lon="-2.8367890">
    <ele>37.8</ele>
    <time>2026-05-21T07:15:47Z</time>
   </trkpt>
   <trkpt lat="48.6422970" lon="-2.8367710">
    <ele>37.8</ele>
    <time>2026-05-21T07:15:49Z</time>
   </trkpt>
   <trkpt lat="48.6421960" lon="-2.8367320">
    <ele>37.8</ele>
    <time>2026-05-21T07:15:50Z</time>
   </trkpt>
   <trkpt lat="48.6421460" lon="-2.8367120">
    <ele>37.8</ele>
    <time>2026-05-21T07:15:52Z</time>
   </trkpt>
   <trkpt lat="48.6420430" lon="-2.8366690">
    <ele>37.8</ele>
    <time>2026-05-21T07:15:53Z</time>
   </trkpt>
   <trkpt lat="48.6419920" lon="-2.8366490">
    <ele>37.8</ele>
    <time>2026-05-21T07:15:54Z</time>
   </trkpt>
   <trkpt lat="48.6418860" lon="-2.8366040">
    <ele>37.8</ele>
    <time>2026-05-21T07:15:56Z</time>
   </trkpt>
   <trkpt lat="48.6418330" lon="-2.8365820">
    <ele>37.8</ele>
    <time>2026-05-21T07:15:57Z</time>
   </trkpt>
   <trkpt lat="48.6417790" lon="-2.8365610">
    <ele>37.8</ele>
    <time>2026-05-21T07:15:58Z</time>
   </trkpt>
   <trkpt lat="48.6417240" lon="-2.8365390">
    <ele>37.8</ele>
    <time>2026-05-21T07:15:59Z</time>
   </trkpt>
   <trkpt lat="48.6416680" lon="-2.8365130">
    <ele>37.8</ele>
    <time>2026-05-21T07:16:00Z</time>
   </trkpt>
   <trkpt lat="48.6416130" lon="-2.8364890">
    <ele>37.7</ele>
    <time>2026-05-21T07:16:01Z</time>
   </trkpt>
   <trkpt lat="48.6415560" lon="-2.8364690">
    <ele>37.6</ele>
    <time>2026-05-21T07:16:02Z</time>
   </trkpt>
   <trkpt lat="48.6414970" lon="-2.8364470">
    <ele>37.5</ele>
    <time>2026-05-21T07:16:03Z</time>
   </trkpt>
   <trkpt lat="48.6414390" lon="-2.8364210">
    <ele>37.4</ele>
    <time>2026-05-21T07:16:04Z</time>
   </trkpt>
   <trkpt lat="48.6413820" lon="-2.8363910">
    <ele>37.2</ele>
    <time>2026-05-21T07:16:05Z</time>
   </trkpt>
   <trkpt lat="48.6413210" lon="-2.8363640">
    <ele>37.1</ele>
    <time>2026-05-21T07:16:06Z</time>
   </trkpt>
   <trkpt lat="48.6412620" lon="-2.8363420">
    <ele>36.9</ele>
    <time>2026-05-21T07:16:07Z</time>
   </trkpt>
   <trkpt lat="48.6412040" lon="-2.8363240">
    <ele>36.7</ele>
    <time>2026-05-21T07:16:08Z</time>
   </trkpt>
   <trkpt lat="48.6411420" lon="-2.8362980">
    <ele>36.5</ele>
    <time>2026-05-21T07:16:09Z</time>
   </trkpt>
   <trkpt lat="48.6410840" lon="-2.8362710">
    <ele>36.3</ele>
    <time>2026-05-21T07:16:10Z</time>
   </trkpt>
   <trkpt lat="48.6410240" lon="-2.8362440">
    <ele>36.1</ele>
    <time>2026-05-21T07:16:11Z</time>
   </trkpt>
   <trkpt lat="48.6409650" lon="-2.8362170">
    <ele>35.9</ele>
    <time>2026-05-21T07:16:12Z</time>
   </trkpt>
   <trkpt lat="48.6409070" lon="-2.8361960">
    <ele>35.7</ele>
    <time>2026-05-21T07:16:13Z</time>
   </trkpt>
   <trkpt lat="48.6408510" lon="-2.8361740">
    <ele>35.5</ele>
    <time>2026-05-21T07:16:14Z</time>
   </trkpt>
   <trkpt lat="48.6407920" lon="-2.8361480">
    <ele>35.2</ele>
    <time>2026-05-21T07:16:15Z</time>
   </trkpt>
   <trkpt lat="48.6407340" lon="-2.8361300">
    <ele>35.0</ele>
    <time>2026-05-21T07:16:16Z</time>
   </trkpt>
   <trkpt lat="48.6406760" lon="-2.8361090">
    <ele>34.7</ele>
    <time>2026-05-21T07:16:17Z</time>
   </trkpt>
   <trkpt lat="48.6406140" lon="-2.8360820">
    <ele>34.3</ele>
    <time>2026-05-21T07:16:18Z</time>
   </trkpt>
   <trkpt lat="48.6405510" lon="-2.8360510">
    <ele>34.0</ele>
    <time>2026-05-21T07:16:19Z</time>
   </trkpt>
   <trkpt lat="48.6404840" lon="-2.8360240">
    <ele>33.6</ele>
    <time>2026-05-21T07:16:20Z</time>
   </trkpt>
   <trkpt lat="48.6404140" lon="-2.8359980">
    <ele>33.1</ele>
    <time>2026-05-21T07:16:21Z</time>
   </trkpt>
   <trkpt lat="48.6403420" lon="-2.8359720">
    <ele>32.6</ele>
    <time>2026-05-21T07:16:22Z</time>
   </trkpt>
   <trkpt lat="48.6402680" lon="-2.8359420">
    <ele>32.1</ele>
    <time>2026-05-21T07:16:23Z</time>
   </trkpt>
   <trkpt lat="48.6401920" lon="-2.8359110">
    <ele>31.6</ele>
    <time>2026-05-21T07:16:24Z</time>
   </trkpt>
   <trkpt lat="48.6401160" lon="-2.8358770">
    <ele>31.0</ele>
    <time>2026-05-21T07:16:25Z</time>
   </trkpt>
   <trkpt lat="48.6400380" lon="-2.8358450">
    <ele>30.4</ele>
    <time>2026-05-21T07:16:26Z</time>
   </trkpt>
   <trkpt lat="48.6399570" lon="-2.8358140">
    <ele>29.8</ele>
    <time>2026-05-21T07:16:27Z</time>
   </trkpt>
   <trkpt lat="48.6398750" lon="-2.8357810">
    <ele>29.1</ele>
    <time>2026-05-21T07:16:28Z</time>
   </trkpt>
   <trkpt lat="48.6397900" lon="-2.8357480">
    <ele>28.3</ele>
    <time>2026-05-21T07:16:29Z</time>
   </trkpt>
   <trkpt lat="48.6397010" lon="-2.8357110">
    <ele>27.5</ele>
    <time>2026-05-21T07:16:30Z</time>
   </trkpt>
   <trkpt lat="48.6396090" lon="-2.8356710">
    <ele>26.8</ele>
    <time>2026-05-21T07:16:31Z</time>
   </trkpt>
   <trkpt lat="48.6395150" lon="-2.8356370">
    <ele>26.1</ele>
    <time>2026-05-21T07:16:32Z</time>
   </trkpt>
   <trkpt lat="48.6394200" lon="-2.8356000">
    <ele>25.5</ele>
    <time>2026-05-21T07:16:33Z</time>
   </trkpt>
   <trkpt lat="48.6393330" lon="-2.8355630">
    <ele>24.9</ele>
    <time>2026-05-21T07:16:34Z</time>
   </trkpt>
   <trkpt lat="48.6392620" lon="-2.8355220">
    <ele>24.5</ele>
    <time>2026-05-21T07:16:35Z</time>
   </trkpt>
   <trkpt lat="48.6392000" lon="-2.8354870">
    <ele>24.1</ele>
    <time>2026-05-21T07:16:36Z</time>
   </trkpt>
   <trkpt lat="48.6391470" lon="-2.8354530">
    <ele>23.8</ele>
    <time>2026-05-21T07:16:37Z</time>
   </trkpt>
   <trkpt lat="48.6391000" lon="-2.8354280">
    <ele>23.5</ele>
    <time>2026-05-21T07:16:38Z</time>
   </trkpt>
   <trkpt lat="48.6390590" lon="-2.8354110">
    <ele>23.3</ele>
    <time>2026-05-21T07:16:39Z</time>
   </trkpt>
   <trkpt lat="48.6390110" lon="-2.8354240">
    <ele>23.2</ele>
    <time>2026-05-21T07:16:40Z</time>
   </trkpt>
   <trkpt lat="48.6389610" lon="-2.8354660">
    <ele>23.1</ele>
    <time>2026-05-21T07:16:41Z</time>
   </trkpt>
   <trkpt lat="48.6389120" lon="-2.8355160">
    <ele>22.9</ele>
    <time>2026-05-21T07:16:42Z</time>
   </trkpt>
   <trkpt lat="48.6388900" lon="-2.8355470">
    <ele>22.8</ele>
    <time>2026-05-21T07:16:43Z</time>
   </trkpt>
   <trkpt lat="48.6388730" lon="-2.8355560">
    <ele>22.8</ele>
    <time>2026-05-21T07:16:44Z</time>
   </trkpt>
   <trkpt lat="48.6388540" lon="-2.8355410">
    <ele>22.7</ele>
    <time>2026-05-21T07:16:45Z</time>
   </trkpt>
   <trkpt lat="48.6388470" lon="-2.8355000">
    <ele>22.7</ele>
    <time>2026-05-21T07:16:46Z</time>
   </trkpt>
   <trkpt lat="48.6388490" lon="-2.8354580">
    <ele>22.7</ele>
    <time>2026-05-21T07:16:47Z</time>
   </trkpt>
   <trkpt lat="48.6388570" lon="-2.8354090">
    <ele>22.6</ele>
    <time>2026-05-21T07:16:48Z</time>
   </trkpt>
   <trkpt lat="48.6388600" lon="-2.8353940">
    <ele>22.5</ele>
    <time>2026-05-21T07:16:49Z</time>
   </trkpt>
   <trkpt lat="48.6388520" lon="-2.8353370">
    <ele>22.3</ele>
    <time>2026-05-21T07:16:50Z</time>
   </trkpt>
   <trkpt lat="48.6388460" lon="-2.8353170">
    <ele>22.2</ele>
    <time>2026-05-21T07:16:51Z</time>
   </trkpt>
   <trkpt lat="48.6388160" lon="-2.8352810">
    <ele>21.9</ele>
    <time>2026-05-21T07:16:52Z</time>
   </trkpt>
   <trkpt lat="48.6387510" lon="-2.8352840">
    <ele>21.5</ele>
    <time>2026-05-21T07:16:53Z</time>
   </trkpt>
   <trkpt lat="48.6387050" lon="-2.8352780">
    <ele>21.2</ele>
    <time>2026-05-21T07:16:54Z</time>
   </trkpt>
   <trkpt lat="48.6386520" lon="-2.8352520">
    <ele>20.8</ele>
    <time>2026-05-21T07:16:55Z</time>
   </trkpt>
   <trkpt lat="48.6385940" lon="-2.8352310">
    <ele>20.4</ele>
    <time>2026-05-21T07:16:56Z</time>
   </trkpt>
   <trkpt lat="48.6385300" lon="-2.8352100">
    <ele>20.0</ele>
    <time>2026-05-21T07:16:57Z</time>
   </trkpt>
   <trkpt lat="48.6384620" lon="-2.8351920">
    <ele>19.6</ele>
    <time>2026-05-21T07:16:58Z</time>
   </trkpt>
   <trkpt lat="48.6383940" lon="-2.8351780">
    <ele>19.2</ele>
    <time>2026-05-21T07:16:59Z</time>
   </trkpt>
   <trkpt lat="48.6383220" lon="-2.8351690">
    <ele>18.8</ele>
    <time>2026-05-21T07:17:00Z</time>
   </trkpt>
   <trkpt lat="48.6382500" lon="-2.8351700">
    <ele>18.5</ele>
    <time>2026-05-21T07:17:01Z</time>
   </trkpt>
   <trkpt lat="48.6381850" lon="-2.8351840">
    <ele>18.2</ele>
    <time>2026-05-21T07:17:02Z</time>
   </trkpt>
   <trkpt lat="48.6381270" lon="-2.8351920">
    <ele>17.9</ele>
    <time>2026-05-21T07:17:03Z</time>
   </trkpt>
   <trkpt lat="48.6380720" lon="-2.8351970">
    <ele>17.6</ele>
    <time>2026-05-21T07:17:04Z</time>
   </trkpt>
   <trkpt lat="48.6380240" lon="-2.8352080">
    <ele>17.5</ele>
    <time>2026-05-21T07:17:05Z</time>
   </trkpt>
   <trkpt lat="48.6379760" lon="-2.8352140">
    <ele>17.5</ele>
    <time>2026-05-21T07:17:06Z</time>
   </trkpt>
   <trkpt lat="48.6379220" lon="-2.8352150">
    <ele>17.3</ele>
    <time>2026-05-21T07:17:07Z</time>
   </trkpt>
   <trkpt lat="48.6378660" lon="-2.8352090">
    <ele>17.1</ele>
    <time>2026-05-21T07:17:08Z</time>
   </trkpt>
   <trkpt lat="48.6378080" lon="-2.8352050">
    <ele>16.8</ele>
    <time>2026-05-21T07:17:09Z</time>
   </trkpt>
   <trkpt lat="48.6377480" lon="-2.8352190">
    <ele>16.6</ele>
    <time>2026-05-21T07:17:10Z</time>
   </trkpt>
   <trkpt lat="48.6376860" lon="-2.8352320">
    <ele>16.5</ele>
    <time>2026-05-21T07:17:11Z</time>
   </trkpt>
   <trkpt lat="48.6376210" lon="-2.8352350">
    <ele>16.4</ele>
    <time>2026-05-21T07:17:12Z</time>
   </trkpt>
   <trkpt lat="48.6375560" lon="-2.8352320">
    <ele>16.3</ele>
    <time>2026-05-21T07:17:13Z</time>
   </trkpt>
   <trkpt lat="48.6374880" lon="-2.8352230">
    <ele>16.3</ele>
    <time>2026-05-21T07:17:14Z</time>
   </trkpt>
   <trkpt lat="48.6374230" lon="-2.8352030">
    <ele>16.3</ele>
    <time>2026-05-21T07:17:15Z</time>
   </trkpt>
   <trkpt lat="48.6373600" lon="-2.8351730">
    <ele>16.3</ele>
    <time>2026-05-21T07:17:16Z</time>
   </trkpt>
   <trkpt lat="48.6372990" lon="-2.8351290">
    <ele>16.3</ele>
    <time>2026-05-21T07:17:17Z</time>
   </trkpt>
   <trkpt lat="48.6372400" lon="-2.8350770">
    <ele>16.5</ele>
    <time>2026-05-21T07:17:18Z</time>
   </trkpt>
   <trkpt lat="48.6371780" lon="-2.8350290">
    <ele>16.6</ele>
    <time>2026-05-21T07:17:19Z</time>
   </trkpt>
   <trkpt lat="48.6371210" lon="-2.8349690">
    <ele>16.8</ele>
    <time>2026-05-21T07:17:20Z</time>
   </trkpt>
   <trkpt lat="48.6370660" lon="-2.8349170">
    <ele>17.0</ele>
    <time>2026-05-21T07:17:21Z</time>
   </trkpt>
   <trkpt lat="48.6370140" lon="-2.8348760">
    <ele>17.3</ele>
    <time>2026-05-21T07:17:22Z</time>
   </trkpt>
   <trkpt lat="48.6369660" lon="-2.8348330">
    <ele>17.5</ele>
    <time>2026-05-21T07:17:23Z</time>
   </trkpt>
   <trkpt lat="48.6369170" lon="-2.8347830">
    <ele>17.8</ele>
    <time>2026-05-21T07:17:24Z</time>
   </trkpt>
   <trkpt lat="48.6368740" lon="-2.8347330">
    <ele>18.1</ele>
    <time>2026-05-21T07:17:25Z</time>
   </trkpt>
   <trkpt lat="48.6368280" lon="-2.8346960">
    <ele>18.4</ele>
    <time>2026-05-21T07:17:26Z</time>
   </trkpt>
   <trkpt lat="48.6367850" lon="-2.8346470">
    <ele>18.7</ele>
    <time>2026-05-21T07:17:27Z</time>
   </trkpt>
   <trkpt lat="48.6367460" lon="-2.8346020">
    <ele>19.0</ele>
    <time>2026-05-21T07:17:28Z</time>
   </trkpt>
   <trkpt lat="48.6367080" lon="-2.8345680">
    <ele>19.2</ele>
    <time>2026-05-21T07:17:29Z</time>
   </trkpt>
   <trkpt lat="48.6366580" lon="-2.8345150">
    <ele>19.6</ele>
    <time>2026-05-21T07:17:30Z</time>
   </trkpt>
   <trkpt lat="48.6366180" lon="-2.8344650">
    <ele>19.9</ele>
    <time>2026-05-21T07:17:31Z</time>
   </trkpt>
   <trkpt lat="48.6365810" lon="-2.8344120">
    <ele>20.2</ele>
    <time>2026-05-21T07:17:32Z</time>
   </trkpt>
   <trkpt lat="48.6365450" lon="-2.8343600">
    <ele>20.5</ele>
    <time>2026-05-21T07:17:33Z</time>
   </trkpt>
   <trkpt lat="48.6365080" lon="-2.8343030">
    <ele>20.8</ele>
    <time>2026-05-21T07:17:34Z</time>
   </trkpt>
   <trkpt lat="48.6364720" lon="-2.8342350">
    <ele>21.1</ele>
    <time>2026-05-21T07:17:35Z</time>
   </trkpt>
   <trkpt lat="48.6364460" lon="-2.8341650">
    <ele>21.4</ele>
    <time>2026-05-21T07:17:36Z</time>
   </trkpt>
   <trkpt lat="48.6364070" lon="-2.8340810">
    <ele>21.7</ele>
    <time>2026-05-21T07:17:37Z</time>
   </trkpt>
   <trkpt lat="48.6363910" lon="-2.8340120">
    <ele>22.0</ele>
    <time>2026-05-21T07:17:38Z</time>
   </trkpt>
   <trkpt lat="48.6363680" lon="-2.8339440">
    <ele>22.2</ele>
    <time>2026-05-21T07:17:39Z</time>
   </trkpt>
   <trkpt lat="48.6363370" lon="-2.8338790">
    <ele>22.5</ele>
    <time>2026-05-21T07:17:40Z</time>
   </trkpt>
   <trkpt lat="48.6363120" lon="-2.8338130">
    <ele>22.8</ele>
    <time>2026-05-21T07:17:41Z</time>
   </trkpt>
   <trkpt lat="48.6362900" lon="-2.8337480">
    <ele>23.1</ele>
    <time>2026-05-21T07:17:42Z</time>
   </trkpt>
   <trkpt lat="48.6362720" lon="-2.8336730">
    <ele>23.3</ele>
    <time>2026-05-21T07:17:43Z</time>
   </trkpt>
   <trkpt lat="48.6362430" lon="-2.8336040">
    <ele>23.6</ele>
    <time>2026-05-21T07:17:44Z</time>
   </trkpt>
   <trkpt lat="48.6362160" lon="-2.8335320">
    <ele>23.9</ele>
    <time>2026-05-21T07:17:45Z</time>
   </trkpt>
   <trkpt lat="48.6361910" lon="-2.8334660">
    <ele>24.2</ele>
    <time>2026-05-21T07:17:46Z</time>
   </trkpt>
   <trkpt lat="48.6361620" lon="-2.8333980">
    <ele>24.5</ele>
    <time>2026-05-21T07:17:47Z</time>
   </trkpt>
   <trkpt lat="48.6361370" lon="-2.8333350">
    <ele>24.8</ele>
    <time>2026-05-21T07:17:49Z</time>
   </trkpt>
   <trkpt lat="48.6361240" lon="-2.8332650">
    <ele>25.1</ele>
    <time>2026-05-21T07:17:50Z</time>
   </trkpt>
   <trkpt lat="48.6361000" lon="-2.8331990">
    <ele>25.4</ele>
    <time>2026-05-21T07:17:51Z</time>
   </trkpt>
   <trkpt lat="48.6360770" lon="-2.8331310">
    <ele>25.6</ele>
    <time>2026-05-21T07:17:52Z</time>
   </trkpt>
   <trkpt lat="48.6360260" lon="-2.8330110">
    <ele>26.2</ele>
    <time>2026-05-21T07:17:53Z</time>
   </trkpt>
   <trkpt lat="48.6359910" lon="-2.8329620">
    <ele>26.5</ele>
    <time>2026-05-21T07:17:55Z</time>
   </trkpt>
   <trkpt lat="48.6359370" lon="-2.8328450">
    <ele>27.0</ele>
    <time>2026-05-21T07:17:56Z</time>
   </trkpt>
   <trkpt lat="48.6358990" lon="-2.8328110">
    <ele>27.2</ele>
    <time>2026-05-21T07:17:58Z</time>
   </trkpt>
   <trkpt lat="48.6358200" lon="-2.8327430">
    <ele>27.7</ele>
    <time>2026-05-21T07:17:59Z</time>
   </trkpt>
   <trkpt lat="48.6357780" lon="-2.8327200">
    <ele>27.9</ele>
    <time>2026-05-21T07:18:01Z</time>
   </trkpt>
   <trkpt lat="48.6357010" lon="-2.8326720">
    <ele>28.1</ele>
    <time>2026-05-21T07:18:02Z</time>
   </trkpt>
   <trkpt lat="48.6356540" lon="-2.8326390">
    <ele>28.2</ele>
    <time>2026-05-21T07:18:03Z</time>
   </trkpt>
   <trkpt lat="48.6356070" lon="-2.8326180">
    <ele>28.2</ele>
    <time>2026-05-21T07:18:04Z</time>
   </trkpt>
   <trkpt lat="48.6355630" lon="-2.8325930">
    <ele>28.5</ele>
    <time>2026-05-21T07:18:05Z</time>
   </trkpt>
   <trkpt lat="48.6355170" lon="-2.8325690">
    <ele>28.7</ele>
    <time>2026-05-21T07:18:06Z</time>
   </trkpt>
   <trkpt lat="48.6354710" lon="-2.8325500">
    <ele>29.0</ele>
    <time>2026-05-21T07:18:07Z</time>
   </trkpt>
   <trkpt lat="48.6354260" lon="-2.8325250">
    <ele>29.3</ele>
    <time>2026-05-21T07:18:08Z</time>
   </trkpt>
   <trkpt lat="48.6353810" lon="-2.8325060">
    <ele>29.5</ele>
    <time>2026-05-21T07:18:09Z</time>
   </trkpt>
   <trkpt lat="48.6353370" lon="-2.8324850">
    <ele>29.8</ele>
    <time>2026-05-21T07:18:10Z</time>
   </trkpt>
   <trkpt lat="48.6352960" lon="-2.8324580">
    <ele>30.1</ele>
    <time>2026-05-21T07:18:11Z</time>
   </trkpt>
   <trkpt lat="48.6352520" lon="-2.8324350">
    <ele>30.3</ele>
    <time>2026-05-21T07:18:12Z</time>
   </trkpt>
   <trkpt lat="48.6352070" lon="-2.8324130">
    <ele>30.6</ele>
    <time>2026-05-21T07:18:13Z</time>
   </trkpt>
   <trkpt lat="48.6351690" lon="-2.8323940">
    <ele>30.8</ele>
    <time>2026-05-21T07:18:14Z</time>
   </trkpt>
   <trkpt lat="48.6351230" lon="-2.8323690">
    <ele>31.1</ele>
    <time>2026-05-21T07:18:15Z</time>
   </trkpt>
   <trkpt lat="48.6350790" lon="-2.8323430">
    <ele>31.4</ele>
    <time>2026-05-21T07:18:16Z</time>
   </trkpt>
   <trkpt lat="48.6350420" lon="-2.8323140">
    <ele>31.6</ele>
    <time>2026-05-21T07:18:17Z</time>
   </trkpt>
   <trkpt lat="48.6350030" lon="-2.8322960">
    <ele>31.9</ele>
    <time>2026-05-21T07:18:18Z</time>
   </trkpt>
   <trkpt lat="48.6349610" lon="-2.8322730">
    <ele>32.1</ele>
    <time>2026-05-21T07:18:19Z</time>
   </trkpt>
   <trkpt lat="48.6349190" lon="-2.8322560">
    <ele>32.4</ele>
    <time>2026-05-21T07:18:20Z</time>
   </trkpt>
   <trkpt lat="48.6348750" lon="-2.8322310">
    <ele>32.7</ele>
    <time>2026-05-21T07:18:21Z</time>
   </trkpt>
   <trkpt lat="48.6348340" lon="-2.8322110">
    <ele>32.9</ele>
    <time>2026-05-21T07:18:22Z</time>
   </trkpt>
   <trkpt lat="48.6347950" lon="-2.8321950">
    <ele>33.1</ele>
    <time>2026-05-21T07:18:23Z</time>
   </trkpt>
   <trkpt lat="48.6347490" lon="-2.8321750">
    <ele>33.4</ele>
    <time>2026-05-21T07:18:24Z</time>
   </trkpt>
   <trkpt lat="48.6347070" lon="-2.8321590">
    <ele>33.6</ele>
    <time>2026-05-21T07:18:25Z</time>
   </trkpt>
   <trkpt lat="48.6346660" lon="-2.8321470">
    <ele>33.9</ele>
    <time>2026-05-21T07:18:26Z</time>
   </trkpt>
   <trkpt lat="48.6346220" lon="-2.8321330">
    <ele>34.1</ele>
    <time>2026-05-21T07:18:27Z</time>
   </trkpt>
   <trkpt lat="48.6345780" lon="-2.8321230">
    <ele>34.4</ele>
    <time>2026-05-21T07:18:28Z</time>
   </trkpt>
   <trkpt lat="48.6345300" lon="-2.8321330">
    <ele>34.6</ele>
    <time>2026-05-21T07:18:29Z</time>
   </trkpt>
   <trkpt lat="48.6344880" lon="-2.8321330">
    <ele>34.9</ele>
    <time>2026-05-21T07:18:30Z</time>
   </trkpt>
   <trkpt lat="48.6344480" lon="-2.8321330">
    <ele>35.1</ele>
    <time>2026-05-21T07:18:31Z</time>
   </trkpt>
   <trkpt lat="48.6344050" lon="-2.8321540">
    <ele>35.4</ele>
    <time>2026-05-21T07:18:32Z</time>
   </trkpt>
   <trkpt lat="48.6343660" lon="-2.8321800">
    <ele>35.6</ele>
    <time>2026-05-21T07:18:33Z</time>
   </trkpt>
   <trkpt lat="48.6343260" lon="-2.8322040">
    <ele>35.8</ele>
    <time>2026-05-21T07:18:34Z</time>
   </trkpt>
   <trkpt lat="48.6342860" lon="-2.8322340">
    <ele>36.0</ele>
    <time>2026-05-21T07:18:35Z</time>
   </trkpt>
   <trkpt lat="48.6342540" lon="-2.8322670">
    <ele>36.2</ele>
    <time>2026-05-21T07:18:36Z</time>
   </trkpt>
   <trkpt lat="48.6342180" lon="-2.8323060">
    <ele>36.4</ele>
    <time>2026-05-21T07:18:37Z</time>
   </trkpt>
   <trkpt lat="48.6341810" lon="-2.8323440">
    <ele>36.7</ele>
    <time>2026-05-21T07:18:38Z</time>
   </trkpt>
   <trkpt lat="48.6341470" lon="-2.8323850">
    <ele>36.9</ele>
    <time>2026-05-21T07:18:39Z</time>
   </trkpt>
   <trkpt lat="48.6341140" lon="-2.8324270">
    <ele>37.1</ele>
    <time>2026-05-21T07:18:40Z</time>
   </trkpt>
   <trkpt lat="48.6340780" lon="-2.8324680">
    <ele>37.4</ele>
    <time>2026-05-21T07:18:41Z</time>
   </trkpt>
   <trkpt lat="48.6340430" lon="-2.8325080">
    <ele>37.6</ele>
    <time>2026-05-21T07:18:42Z</time>
   </trkpt>
   <trkpt lat="48.6340090" lon="-2.8325450">
    <ele>37.8</ele>
    <time>2026-05-21T07:18:43Z</time>
   </trkpt>
   <trkpt lat="48.6339760" lon="-2.8325810">
    <ele>38.1</ele>
    <time>2026-05-21T07:18:44Z</time>
   </trkpt>
   <trkpt lat="48.6339420" lon="-2.8326270">
    <ele>38.3</ele>
    <time>2026-05-21T07:18:45Z</time>
   </trkpt>
   <trkpt lat="48.6339100" lon="-2.8326690">
    <ele>38.5</ele>
    <time>2026-05-21T07:18:46Z</time>
   </trkpt>
   <trkpt lat="48.6338790" lon="-2.8327130">
    <ele>38.7</ele>
    <time>2026-05-21T07:18:47Z</time>
   </trkpt>
   <trkpt lat="48.6338430" lon="-2.8327530">
    <ele>39.0</ele>
    <time>2026-05-21T07:18:48Z</time>
   </trkpt>
   <trkpt lat="48.6338070" lon="-2.8327970">
    <ele>39.2</ele>
    <time>2026-05-21T07:18:49Z</time>
   </trkpt>
   <trkpt lat="48.6337690" lon="-2.8328360">
    <ele>39.4</ele>
    <time>2026-05-21T07:18:50Z</time>
   </trkpt>
   <trkpt lat="48.6337320" lon="-2.8328700">
    <ele>39.7</ele>
    <time>2026-05-21T07:18:51Z</time>
   </trkpt>
   <trkpt lat="48.6336970" lon="-2.8329020">
    <ele>39.9</ele>
    <time>2026-05-21T07:18:52Z</time>
   </trkpt>
   <trkpt lat="48.6336620" lon="-2.8329450">
    <ele>40.1</ele>
    <time>2026-05-21T07:18:53Z</time>
   </trkpt>
   <trkpt lat="48.6336300" lon="-2.8329850">
    <ele>40.4</ele>
    <time>2026-05-21T07:18:54Z</time>
   </trkpt>
   <trkpt lat="48.6335930" lon="-2.8330280">
    <ele>40.6</ele>
    <time>2026-05-21T07:18:55Z</time>
   </trkpt>
   <trkpt lat="48.6335600" lon="-2.8330580">
    <ele>40.8</ele>
    <time>2026-05-21T07:18:56Z</time>
   </trkpt>
   <trkpt lat="48.6335290" lon="-2.8330970">
    <ele>41.0</ele>
    <time>2026-05-21T07:18:57Z</time>
   </trkpt>
   <trkpt lat="48.6335000" lon="-2.8331530">
    <ele>41.3</ele>
    <time>2026-05-21T07:18:58Z</time>
   </trkpt>
   <trkpt lat="48.6334760" lon="-2.8331950">
    <ele>41.5</ele>
    <time>2026-05-21T07:18:59Z</time>
   </trkpt>
   <trkpt lat="48.6334400" lon="-2.8332360">
    <ele>41.7</ele>
    <time>2026-05-21T07:19:00Z</time>
   </trkpt>
   <trkpt lat="48.6334030" lon="-2.8332700">
    <ele>41.9</ele>
    <time>2026-05-21T07:19:01Z</time>
   </trkpt>
   <trkpt lat="48.6333700" lon="-2.8333040">
    <ele>42.1</ele>
    <time>2026-05-21T07:19:02Z</time>
   </trkpt>
   <trkpt lat="48.6333350" lon="-2.8333470">
    <ele>42.3</ele>
    <time>2026-05-21T07:19:03Z</time>
   </trkpt>
   <trkpt lat="48.6332990" lon="-2.8333790">
    <ele>42.4</ele>
    <time>2026-05-21T07:19:04Z</time>
   </trkpt>
   <trkpt lat="48.6332610" lon="-2.8334180">
    <ele>42.6</ele>
    <time>2026-05-21T07:19:05Z</time>
   </trkpt>
   <trkpt lat="48.6332230" lon="-2.8334590">
    <ele>42.7</ele>
    <time>2026-05-21T07:19:06Z</time>
   </trkpt>
   <trkpt lat="48.6331870" lon="-2.8335060">
    <ele>42.8</ele>
    <time>2026-05-21T07:19:07Z</time>
   </trkpt>
   <trkpt lat="48.6331500" lon="-2.8335510">
    <ele>42.9</ele>
    <time>2026-05-21T07:19:08Z</time>
   </trkpt>
   <trkpt lat="48.6331150" lon="-2.8335950">
    <ele>43.0</ele>
    <time>2026-05-21T07:19:09Z</time>
   </trkpt>
   <trkpt lat="48.6330780" lon="-2.8336430">
    <ele>43.1</ele>
    <time>2026-05-21T07:19:10Z</time>
   </trkpt>
   <trkpt lat="48.6330420" lon="-2.8336900">
    <ele>43.2</ele>
    <time>2026-05-21T07:19:11Z</time>
   </trkpt>
   <trkpt lat="48.6330030" lon="-2.8337360">
    <ele>43.3</ele>
    <time>2026-05-21T07:19:12Z</time>
   </trkpt>
   <trkpt lat="48.6329640" lon="-2.8337790">
    <ele>43.4</ele>
    <time>2026-05-21T07:19:13Z</time>
   </trkpt>
   <trkpt lat="48.6329280" lon="-2.8338230">
    <ele>43.4</ele>
    <time>2026-05-21T07:19:14Z</time>
   </trkpt>
   <trkpt lat="48.6328900" lon="-2.8338690">
    <ele>43.5</ele>
    <time>2026-05-21T07:19:15Z</time>
   </trkpt>
   <trkpt lat="48.6328550" lon="-2.8339170">
    <ele>43.6</ele>
    <time>2026-05-21T07:19:16Z</time>
   </trkpt>
   <trkpt lat="48.6328200" lon="-2.8339650">
    <ele>43.7</ele>
    <time>2026-05-21T07:19:17Z</time>
   </trkpt>
   <trkpt lat="48.6327850" lon="-2.8340080">
    <ele>43.8</ele>
    <time>2026-05-21T07:19:18Z</time>
   </trkpt>
   <trkpt lat="48.6327410" lon="-2.8340340">
    <ele>43.9</ele>
    <time>2026-05-21T07:19:19Z</time>
   </trkpt>
   <trkpt lat="48.6327020" lon="-2.8340470">
    <ele>43.9</ele>
    <time>2026-05-21T07:19:20Z</time>
   </trkpt>
   <trkpt lat="48.6326600" lon="-2.8340650">
    <ele>44.0</ele>
    <time>2026-05-21T07:19:21Z</time>
   </trkpt>
   <trkpt lat="48.6326190" lon="-2.8340860">
    <ele>44.1</ele>
    <time>2026-05-21T07:19:22Z</time>
   </trkpt>
   <trkpt lat="48.6325800" lon="-2.8341120">
    <ele>44.2</ele>
    <time>2026-05-21T07:19:23Z</time>
   </trkpt>
   <trkpt lat="48.6325370" lon="-2.8341160">
    <ele>44.2</ele>
    <time>2026-05-21T07:19:24Z</time>
   </trkpt>
   <trkpt lat="48.6325020" lon="-2.8341000">
    <ele>44.1</ele>
    <time>2026-05-21T07:19:25Z</time>
   </trkpt>
   <trkpt lat="48.6324840" lon="-2.8340290">
    <ele>44.1</ele>
    <time>2026-05-21T07:19:26Z</time>
   </trkpt>
   <trkpt lat="48.6324790" lon="-2.8339540">
    <ele>44.0</ele>
    <time>2026-05-21T07:19:27Z</time>
   </trkpt>
   <trkpt lat="48.6324800" lon="-2.8338730">
    <ele>43.9</ele>
    <time>2026-05-21T07:19:28Z</time>
   </trkpt>
   <trkpt lat="48.6324900" lon="-2.8337950">
    <ele>43.8</ele>
    <time>2026-05-21T07:19:29Z</time>
   </trkpt>
   <trkpt lat="48.6324950" lon="-2.8337120">
    <ele>43.5</ele>
    <time>2026-05-21T07:19:30Z</time>
   </trkpt>
   <trkpt lat="48.6325030" lon="-2.8336260">
    <ele>43.2</ele>
    <time>2026-05-21T07:19:31Z</time>
   </trkpt>
   <trkpt lat="48.6325180" lon="-2.8335400">
    <ele>42.8</ele>
    <time>2026-05-21T07:19:32Z</time>
   </trkpt>
   <trkpt lat="48.6325350" lon="-2.8334580">
    <ele>42.5</ele>
    <time>2026-05-21T07:19:33Z</time>
   </trkpt>
   <trkpt lat="48.6325610" lon="-2.8333910">
    <ele>42.2</ele>
    <time>2026-05-21T07:19:34Z</time>
   </trkpt>
   <trkpt lat="48.6325880" lon="-2.8333350">
    <ele>41.9</ele>
    <time>2026-05-21T07:19:35Z</time>
   </trkpt>
   <trkpt lat="48.6326190" lon="-2.8332660">
    <ele>41.6</ele>
    <time>2026-05-21T07:19:36Z</time>
   </trkpt>
   <trkpt lat="48.6326590" lon="-2.8332020">
    <ele>41.2</ele>
    <time>2026-05-21T07:19:37Z</time>
   </trkpt>
   <trkpt lat="48.6327070" lon="-2.8331480">
    <ele>40.7</ele>
    <time>2026-05-21T07:19:38Z</time>
   </trkpt>
   <trkpt lat="48.6327650" lon="-2.8330970">
    <ele>39.9</ele>
    <time>2026-05-21T07:19:39Z</time>
   </trkpt>
   <trkpt lat="48.6328340" lon="-2.8330640">
    <ele>39.0</ele>
    <time>2026-05-21T07:19:40Z</time>
   </trkpt>
   <trkpt lat="48.6329160" lon="-2.8330330">
    <ele>38.0</ele>
    <time>2026-05-21T07:19:41Z</time>
   </trkpt>
   <trkpt lat="48.6330030" lon="-2.8329830">
    <ele>36.8</ele>
    <time>2026-05-21T07:19:42Z</time>
   </trkpt>
   <trkpt lat="48.6330890" lon="-2.8329110">
    <ele>35.5</ele>
    <time>2026-05-21T07:19:43Z</time>
   </trkpt>
   <trkpt lat="48.6331710" lon="-2.8328250">
    <ele>34.2</ele>
    <time>2026-05-21T07:19:44Z</time>
   </trkpt>
   <trkpt lat="48.6332400" lon="-2.8327210">
    <ele>33.1</ele>
    <time>2026-05-21T07:19:45Z</time>
   </trkpt>
   <trkpt lat="48.6332970" lon="-2.8325940">
    <ele>31.9</ele>
    <time>2026-05-21T07:19:46Z</time>
   </trkpt>
   <trkpt lat="48.6333430" lon="-2.8324500">
    <ele>30.6</ele>
    <time>2026-05-21T07:19:47Z</time>
   </trkpt>
   <trkpt lat="48.6333840" lon="-2.8322980">
    <ele>29.3</ele>
    <time>2026-05-21T07:19:48Z</time>
   </trkpt>
   <trkpt lat="48.6334250" lon="-2.8321510">
    <ele>28.2</ele>
    <time>2026-05-21T07:19:49Z</time>
   </trkpt>
   <trkpt lat="48.6334670" lon="-2.8320130">
    <ele>27.1</ele>
    <time>2026-05-21T07:19:50Z</time>
   </trkpt>
   <trkpt lat="48.6335170" lon="-2.8318790">
    <ele>26.1</ele>
    <time>2026-05-21T07:19:51Z</time>
   </trkpt>
   <trkpt lat="48.6335780" lon="-2.8317470">
    <ele>25.1</ele>
    <time>2026-05-21T07:19:52Z</time>
   </trkpt>
   <trkpt lat="48.6336590" lon="-2.8316350">
    <ele>24.1</ele>
    <time>2026-05-21T07:19:53Z</time>
   </trkpt>
   <trkpt lat="48.6337490" lon="-2.8315420">
    <ele>23.2</ele>
    <time>2026-05-21T07:19:55Z</time>
   </trkpt>
   <trkpt lat="48.6339440" lon="-2.8313770">
    <ele>21.5</ele>
    <time>2026-05-21T07:19:56Z</time>
   </trkpt>
   <trkpt lat="48.6340470" lon="-2.8312990">
    <ele>20.7</ele>
    <time>2026-05-21T07:19:58Z</time>
   </trkpt>
   <trkpt lat="48.6342480" lon="-2.8311220">
    <ele>19.4</ele>
    <time>2026-05-21T07:19:59Z</time>
   </trkpt>
   <trkpt lat="48.6343470" lon="-2.8310360">
    <ele>18.9</ele>
    <time>2026-05-21T07:20:00Z</time>
   </trkpt>
   <trkpt lat="48.6345440" lon="-2.8308680">
    <ele>17.7</ele>
    <time>2026-05-21T07:20:02Z</time>
   </trkpt>
   <trkpt lat="48.6346420" lon="-2.8307840">
    <ele>17.1</ele>
    <time>2026-05-21T07:20:03Z</time>
   </trkpt>
   <trkpt lat="48.6348390" lon="-2.8305970">
    <ele>15.9</ele>
    <time>2026-05-21T07:20:05Z</time>
   </trkpt>
   <trkpt lat="48.6349370" lon="-2.8304960">
    <ele>15.3</ele>
    <time>2026-05-21T07:20:06Z</time>
   </trkpt>
   <trkpt lat="48.6350980" lon="-2.8302600">
    <ele>13.9</ele>
    <time>2026-05-21T07:20:08Z</time>
   </trkpt>
   <trkpt lat="48.6351790" lon="-2.8301450">
    <ele>13.2</ele>
    <time>2026-05-21T07:20:09Z</time>
   </trkpt>
   <trkpt lat="48.6352660" lon="-2.8300340">
    <ele>12.5</ele>
    <time>2026-05-21T07:20:10Z</time>
   </trkpt>
   <trkpt lat="48.6353510" lon="-2.8299110">
    <ele>12.3</ele>
    <time>2026-05-21T07:20:11Z</time>
   </trkpt>
   <trkpt lat="48.6354270" lon="-2.8297890">
    <ele>12.1</ele>
    <time>2026-05-21T07:20:12Z</time>
   </trkpt>
   <trkpt lat="48.6355010" lon="-2.8296650">
    <ele>11.6</ele>
    <time>2026-05-21T07:20:13Z</time>
   </trkpt>
   <trkpt lat="48.6355810" lon="-2.8295440">
    <ele>11.2</ele>
    <time>2026-05-21T07:20:14Z</time>
   </trkpt>
   <trkpt lat="48.6356450" lon="-2.8294280">
    <ele>10.9</ele>
    <time>2026-05-21T07:20:15Z</time>
   </trkpt>
   <trkpt lat="48.6357190" lon="-2.8293220">
    <ele>10.5</ele>
    <time>2026-05-21T07:20:16Z</time>
   </trkpt>
   <trkpt lat="48.6357940" lon="-2.8292160">
    <ele>10.2</ele>
    <time>2026-05-21T07:20:17Z</time>
   </trkpt>
   <trkpt lat="48.6358540" lon="-2.8290990">
    <ele>10.0</ele>
    <time>2026-05-21T07:20:18Z</time>
   </trkpt>
   <trkpt lat="48.6359140" lon="-2.8289810">
    <ele>9.8</ele>
    <time>2026-05-21T07:20:19Z</time>
   </trkpt>
   <trkpt lat="48.6359620" lon="-2.8288570">
    <ele>9.6</ele>
    <time>2026-05-21T07:20:20Z</time>
   </trkpt>
   <trkpt lat="48.6360060" lon="-2.8287350">
    <ele>9.5</ele>
    <time>2026-05-21T07:20:21Z</time>
   </trkpt>
   <trkpt lat="48.6360460" lon="-2.8286170">
    <ele>9.4</ele>
    <time>2026-05-21T07:20:22Z</time>
   </trkpt>
   <trkpt lat="48.6360870" lon="-2.8285020">
    <ele>9.3</ele>
    <time>2026-05-21T07:20:23Z</time>
   </trkpt>
   <trkpt lat="48.6361240" lon="-2.8283910">
    <ele>9.3</ele>
    <time>2026-05-21T07:20:24Z</time>
   </trkpt>
   <trkpt lat="48.6361560" lon="-2.8282870">
    <ele>9.2</ele>
    <time>2026-05-21T07:20:25Z</time>
   </trkpt>
   <trkpt lat="48.6361780" lon="-2.8281980">
    <ele>9.2</ele>
    <time>2026-05-21T07:20:26Z</time>
   </trkpt>
   <trkpt lat="48.6361910" lon="-2.8281230">
    <ele>9.3</ele>
    <time>2026-05-21T07:20:27Z</time>
   </trkpt>
   <trkpt lat="48.6361930" lon="-2.8280540">
    <ele>9.3</ele>
    <time>2026-05-21T07:20:28Z</time>
   </trkpt>
   <trkpt lat="48.6362100" lon="-2.8279870">
    <ele>9.3</ele>
    <time>2026-05-21T07:20:29Z</time>
   </trkpt>
   <trkpt lat="48.6362390" lon="-2.8279270">
    <ele>9.3</ele>
    <time>2026-05-21T07:20:30Z</time>
   </trkpt>
   <trkpt lat="48.6362620" lon="-2.8278620">
    <ele>8.8</ele>
    <time>2026-05-21T07:20:31Z</time>
   </trkpt>
   <trkpt lat="48.6362880" lon="-2.8278040">
    <ele>8.4</ele>
    <time>2026-05-21T07:20:32Z</time>
   </trkpt>
   <trkpt lat="48.6363320" lon="-2.8277830">
    <ele>8.3</ele>
    <time>2026-05-21T07:20:33Z</time>
   </trkpt>
   <trkpt lat="48.6363810" lon="-2.8277910">
    <ele>8.2</ele>
    <time>2026-05-21T07:20:34Z</time>
   </trkpt>
   <trkpt lat="48.6364240" lon="-2.8278240">
    <ele>8.2</ele>
    <time>2026-05-21T07:20:35Z</time>
   </trkpt>
   <trkpt lat="48.6364670" lon="-2.8278570">
    <ele>8.1</ele>
    <time>2026-05-21T07:20:36Z</time>
   </trkpt>
   <trkpt lat="48.6365090" lon="-2.8278890">
    <ele>8.1</ele>
    <time>2026-05-21T07:20:37Z</time>
   </trkpt>
   <trkpt lat="48.6365520" lon="-2.8279100">
    <ele>8.1</ele>
    <time>2026-05-21T07:20:38Z</time>
   </trkpt>
   <trkpt lat="48.6365910" lon="-2.8279400">
    <ele>8.1</ele>
    <time>2026-05-21T07:20:39Z</time>
   </trkpt>
   <trkpt lat="48.6366280" lon="-2.8279680">
    <ele>8.1</ele>
    <time>2026-05-21T07:20:40Z</time>
   </trkpt>
   <trkpt lat="48.6366660" lon="-2.8279910">
    <ele>8.1</ele>
    <time>2026-05-21T07:20:41Z</time>
   </trkpt>
   <trkpt lat="48.6367030" lon="-2.8280200">
    <ele>8.1</ele>
    <time>2026-05-21T07:20:42Z</time>
   </trkpt>
   <trkpt lat="48.6367410" lon="-2.8280360">
    <ele>8.2</ele>
    <time>2026-05-21T07:20:43Z</time>
   </trkpt>
   <trkpt lat="48.6367820" lon="-2.8280560">
    <ele>8.3</ele>
    <time>2026-05-21T07:20:44Z</time>
   </trkpt>
   <trkpt lat="48.6368240" lon="-2.8280780">
    <ele>8.4</ele>
    <time>2026-05-21T07:20:45Z</time>
   </trkpt>
   <trkpt lat="48.6368630" lon="-2.8281050">
    <ele>8.5</ele>
    <time>2026-05-21T07:20:46Z</time>
   </trkpt>
   <trkpt lat="48.6369020" lon="-2.8281270">
    <ele>8.7</ele>
    <time>2026-05-21T07:20:47Z</time>
   </trkpt>
   <trkpt lat="48.6369450" lon="-2.8281330">
    <ele>8.9</ele>
    <time>2026-05-21T07:20:48Z</time>
   </trkpt>
   <trkpt lat="48.6369890" lon="-2.8281180">
    <ele>9.2</ele>
    <time>2026-05-21T07:20:49Z</time>
   </trkpt>
   <trkpt lat="48.6370250" lon="-2.8280810">
    <ele>9.6</ele>
    <time>2026-05-21T07:20:50Z</time>
   </trkpt>
   <trkpt lat="48.6370550" lon="-2.8280450">
    <ele>10.0</ele>
    <time>2026-05-21T07:20:51Z</time>
   </trkpt>
   <trkpt lat="48.6370800" lon="-2.8280090">
    <ele>10.3</ele>
    <time>2026-05-21T07:20:52Z</time>
   </trkpt>
   <trkpt lat="48.6371060" lon="-2.8279740">
    <ele>10.5</ele>
    <time>2026-05-21T07:20:53Z</time>
   </trkpt>
   <trkpt lat="48.6371290" lon="-2.8279370">
    <ele>10.8</ele>
    <time>2026-05-21T07:20:54Z</time>
   </trkpt>
   <trkpt lat="48.6371510" lon="-2.8278970">
    <ele>11.1</ele>
    <time>2026-05-21T07:20:55Z</time>
   </trkpt>
   <trkpt lat="48.6371710" lon="-2.8278500">
    <ele>11.3</ele>
    <time>2026-05-21T07:20:56Z</time>
   </trkpt>
   <trkpt lat="48.6371960" lon="-2.8278030">
    <ele>11.6</ele>
    <time>2026-05-21T07:20:57Z</time>
   </trkpt>
   <trkpt lat="48.6372130" lon="-2.8277480">
    <ele>11.8</ele>
    <time>2026-05-21T07:20:58Z</time>
   </trkpt>
   <trkpt lat="48.6372270" lon="-2.8277010">
    <ele>12.0</ele>
    <time>2026-05-21T07:20:59Z</time>
   </trkpt>
   <trkpt lat="48.6372490" lon="-2.8276500">
    <ele>12.2</ele>
    <time>2026-05-21T07:21:00Z</time>
   </trkpt>
   <trkpt lat="48.6372660" lon="-2.8275900">
    <ele>12.4</ele>
    <time>2026-05-21T07:21:01Z</time>
   </trkpt>
   <trkpt lat="48.6372870" lon="-2.8275370">
    <ele>12.6</ele>
    <time>2026-05-21T07:21:02Z</time>
   </trkpt>
   <trkpt lat="48.6373140" lon="-2.8274890">
    <ele>12.9</ele>
    <time>2026-05-21T07:21:03Z</time>
   </trkpt>
   <trkpt lat="48.6373370" lon="-2.8274360">
    <ele>13.1</ele>
    <time>2026-05-21T07:21:04Z</time>
   </trkpt>
   <trkpt lat="48.6373560" lon="-2.8273750">
    <ele>13.4</ele>
    <time>2026-05-21T07:21:05Z</time>
   </trkpt>
   <trkpt lat="48.6373730" lon="-2.8273200">
    <ele>13.6</ele>
    <time>2026-05-21T07:21:06Z</time>
   </trkpt>
   <trkpt lat="48.6373920" lon="-2.8272640">
    <ele>13.9</ele>
    <time>2026-05-21T07:21:07Z</time>
   </trkpt>
   <trkpt lat="48.6374140" lon="-2.8272040">
    <ele>14.3</ele>
    <time>2026-05-21T07:21:08Z</time>
   </trkpt>
   <trkpt lat="48.6374300" lon="-2.8271500">
    <ele>14.6</ele>
    <time>2026-05-21T07:21:09Z</time>
   </trkpt>
   <trkpt lat="48.6374430" lon="-2.8270900">
    <ele>15.0</ele>
    <time>2026-05-21T07:21:10Z</time>
   </trkpt>
   <trkpt lat="48.6374510" lon="-2.8270330">
    <ele>15.4</ele>
    <time>2026-05-21T07:21:11Z</time>
   </trkpt>
   <trkpt lat="48.6374680" lon="-2.8269820">
    <ele>15.8</ele>
    <time>2026-05-21T07:21:12Z</time>
   </trkpt>
   <trkpt lat="48.6374780" lon="-2.8269360">
    <ele>16.2</ele>
    <time>2026-05-21T07:21:13Z</time>
   </trkpt>
   <trkpt lat="48.6374830" lon="-2.8269050">
    <ele>16.4</ele>
    <time>2026-05-21T07:21:14Z</time>
   </trkpt>
   <trkpt lat="48.6374840" lon="-2.8268910">
    <ele>16.5</ele>
    <time>2026-05-21T07:21:15Z</time>
   </trkpt>
   <trkpt lat="48.6374800" lon="-2.8268970">
    <ele>16.5</ele>
    <time>2026-05-21T07:21:16Z</time>
   </trkpt>
   <trkpt lat="48.6374800" lon="-2.8269040">
    <ele>16.4</ele>
    <time>2026-05-21T07:21:17Z</time>
   </trkpt>
   <trkpt lat="48.6374790" lon="-2.8269020">
    <ele>16.4</ele>
    <time>2026-05-21T07:21:18Z</time>
   </trkpt>
   <trkpt lat="48.6374770" lon="-2.8269020">
    <ele>16.4</ele>
    <time>2026-05-21T07:21:19Z</time>
   </trkpt>
   <trkpt lat="48.6374760" lon="-2.8269020">
    <ele>16.4</ele>
    <time>2026-05-21T07:21:20Z</time>
   </trkpt>
   <trkpt lat="48.6374780" lon="-2.8269020">
    <ele>16.4</ele>
    <time>2026-05-21T07:21:21Z</time>
   </trkpt>
   <trkpt lat="48.6374770" lon="-2.8269020">
    <ele>16.4</ele>
    <time>2026-05-21T07:21:22Z</time>
   </trkpt>
   <trkpt lat="48.6374760" lon="-2.8269030">
    <ele>16.3</ele>
    <time>2026-05-21T07:21:23Z</time>
   </trkpt>
   <trkpt lat="48.6374750" lon="-2.8269030">
    <ele>16.3</ele>
    <time>2026-05-21T07:21:24Z</time>
   </trkpt>
   <trkpt lat="48.6374750" lon="-2.8269040">
    <ele>16.3</ele>
    <time>2026-05-21T07:21:25Z</time>
   </trkpt>
   <trkpt lat="48.6374760" lon="-2.8269060">
    <ele>16.3</ele>
    <time>2026-05-21T07:21:26Z</time>
   </trkpt>
   <trkpt lat="48.6374180" lon="-2.8271780">
    <ele>14.6</ele>
    <time>2026-05-21T07:24:03Z</time>
   </trkpt>
   <trkpt lat="48.6374060" lon="-2.8271980">
    <ele>14.5</ele>
    <time>2026-05-21T07:24:04Z</time>
   </trkpt>
   <trkpt lat="48.6373950" lon="-2.8272150">
    <ele>14.4</ele>
    <time>2026-05-21T07:24:05Z</time>
   </trkpt>
   <trkpt lat="48.6373960" lon="-2.8272260">
    <ele>14.4</ele>
    <time>2026-05-21T07:24:07Z</time>
   </trkpt>
   <trkpt lat="48.6374000" lon="-2.8272130">
    <ele>14.3</ele>
    <time>2026-05-21T07:24:08Z</time>
   </trkpt>
   <trkpt lat="48.6373980" lon="-2.8272120">
    <ele>14.3</ele>
    <time>2026-05-21T07:24:10Z</time>
   </trkpt>
   <trkpt lat="48.6373990" lon="-2.8272140">
    <ele>14.3</ele>
    <time>2026-05-21T07:24:11Z</time>
   </trkpt>
   <trkpt lat="48.6374010" lon="-2.8272170">
    <ele>14.3</ele>
    <time>2026-05-21T07:24:12Z</time>
   </trkpt>
   <trkpt lat="48.6374020" lon="-2.8272140">
    <ele>14.2</ele>
    <time>2026-05-21T07:24:13Z</time>
   </trkpt>
   <trkpt lat="48.6374020" lon="-2.8272140">
    <ele>14.2</ele>
    <time>2026-05-21T07:24:14Z</time>
   </trkpt>
   <trkpt lat="48.6374020" lon="-2.8272140">
    <ele>14.2</ele>
    <time>2026-05-21T07:24:15Z</time>
   </trkpt>
   <trkpt lat="48.6374040" lon="-2.8272150">
    <ele>14.2</ele>
    <time>2026-05-21T07:24:16Z</time>
   </trkpt>
   <trkpt lat="48.6374060" lon="-2.8272140">
    <ele>14.2</ele>
    <time>2026-05-21T07:24:17Z</time>
   </trkpt>
  </trkseg>
 </trk>
</gpx>
