<?xml version="1.0" encoding="UTF-8"?>
<gpx creator="StravaGPX" version="1.1" xmlns="http://www.topografix.com/GPX/1/1" xmlns:xsi="http://www.w3.org/2001/XMLSchema-instance" xsi:schemaLocation="http://www.topografix.com/GPX/1/1 http://www.topografix.com/GPX/1/1/gpx.xsd">
 <metadata>
  <name>GoëloRides #1 - La boucle des falaises du Goëlo</name>
  <author>
   <name>Daniel LP</name>
   <link href="https://www.strava.com/athletes/182746908"/>
  </author>
  <copyright author="OpenStreetMap contributors">
   <year>2020</year>
   <license>https://www.openstreetmap.org/copyright</license>
  </copyright>
  <link href="https://www.strava.com/routes/3511690358878576402"/>
 </metadata>
 <trk>
  <name>GoëloRides #1 - La boucle des falaises du Goëlo</name>
  <link href="https://www.strava.com/routes/3511690358878576402"/>
  <type>cycling</type>
  <trkseg>
   <trkpt lat="48.655280000000005" lon="-2.83741">
    <ele>10.34</ele>
   </trkpt>
   <trkpt lat="48.65513000000001" lon="-2.8371600000000003">
    <ele>10.71</ele>
   </trkpt>
   <trkpt lat="48.654970000000006" lon="-2.83693">
    <ele>11.520000000000001</ele>
   </trkpt>
   <trkpt lat="48.654410000000006" lon="-2.8364300000000005">
    <ele>12.450000000000001</ele>
   </trkpt>
   <trkpt lat="48.65433" lon="-2.8364000000000003">
    <ele>12.55</ele>
   </trkpt>
   <trkpt lat="48.654300000000006" lon="-2.8362800000000004">
    <ele>12.72</ele>
   </trkpt>
   <trkpt lat="48.654270000000004" lon="-2.8356700000000004">
    <ele>14.8</ele>
   </trkpt>
   <trkpt lat="48.65395" lon="-2.83555">
    <ele>15.120000000000001</ele>
   </trkpt>
   <trkpt lat="48.65339" lon="-2.83524">
    <ele>17.53</ele>
   </trkpt>
   <trkpt lat="48.65328" lon="-2.83509">
    <ele>17.990000000000002</ele>
   </trkpt>
   <trkpt lat="48.652730000000005" lon="-2.8352700000000004">
    <ele>20.8</ele>
   </trkpt>
   <trkpt lat="48.65209" lon="-2.83562">
    <ele>25.93</ele>
   </trkpt>
   <trkpt lat="48.651790000000005" lon="-2.83576">
    <ele>28.1</ele>
   </trkpt>
   <trkpt lat="48.6516" lon="-2.83577">
    <ele>28.610000000000003</ele>
   </trkpt>
   <trkpt lat="48.65144" lon="-2.8357200000000002">
    <ele>28.720000000000002</ele>
   </trkpt>
   <trkpt lat="48.65129" lon="-2.8357">
    <ele>28.860000000000003</ele>
   </trkpt>
   <trkpt lat="48.651210000000006" lon="-2.8357">
    <ele>28.64</ele>
   </trkpt>
   <trkpt lat="48.650890000000004" lon="-2.83577">
    <ele>27.700000000000003</ele>
   </trkpt>
   <trkpt lat="48.650040000000004" lon="-2.8361">
    <ele>23.73</ele>
   </trkpt>
   <trkpt lat="48.64979" lon="-2.8363">
    <ele>23.6</ele>
   </trkpt>
   <trkpt lat="48.64949000000001" lon="-2.8366000000000002">
    <ele>23.87</ele>
   </trkpt>
   <trkpt lat="48.64904000000001" lon="-2.83714">
    <ele>25.32</ele>
   </trkpt>
   <trkpt lat="48.648810000000005" lon="-2.8373700000000004">
    <ele>27.21</ele>
   </trkpt>
   <trkpt lat="48.648520000000005" lon="-2.8376500000000004">
    <ele>29.01</ele>
   </trkpt>
   <trkpt lat="48.648450000000004" lon="-2.83828">
    <ele>29.66</ele>
   </trkpt>
   <trkpt lat="48.64837000000001" lon="-2.8386400000000003">
    <ele>30.140000000000004</ele>
   </trkpt>
   <trkpt lat="48.64844" lon="-2.8387800000000003">
    <ele>29.93</ele>
   </trkpt>
   <trkpt lat="48.648430000000005" lon="-2.83888">
    <ele>29.7</ele>
   </trkpt>
   <trkpt lat="48.648390000000006" lon="-2.83896">
    <ele>29.7</ele>
   </trkpt>
   <trkpt lat="48.64833" lon="-2.8390000000000004">
    <ele>30.050000000000004</ele>
   </trkpt>
   <trkpt lat="48.64829" lon="-2.84003">
    <ele>31.44</ele>
   </trkpt>
   <trkpt lat="48.64808000000001" lon="-2.8409400000000002">
    <ele>31.740000000000002</ele>
   </trkpt>
   <trkpt lat="48.647960000000005" lon="-2.8416">
    <ele>32.040000000000006</ele>
   </trkpt>
   <trkpt lat="48.64790000000001" lon="-2.8425700000000003">
    <ele>33.18</ele>
   </trkpt>
   <trkpt lat="48.647940000000006" lon="-2.84364">
    <ele>35.69</ele>
   </trkpt>
   <trkpt lat="48.64795" lon="-2.84419">
    <ele>37.95</ele>
   </trkpt>
   <trkpt lat="48.64793" lon="-2.8444700000000003">
    <ele>40.24</ele>
   </trkpt>
   <trkpt lat="48.647830000000006" lon="-2.84491">
    <ele>41.7</ele>
   </trkpt>
   <trkpt lat="48.647580000000005" lon="-2.8455100000000004">
    <ele>42.230000000000004</ele>
   </trkpt>
   <trkpt lat="48.64746" lon="-2.84572">
    <ele>42.260000000000005</ele>
   </trkpt>
   <trkpt lat="48.646840000000005" lon="-2.84649">
    <ele>42.440000000000005</ele>
   </trkpt>
   <trkpt lat="48.6467" lon="-2.84674">
    <ele>42.760000000000005</ele>
   </trkpt>
   <trkpt lat="48.64645" lon="-2.84724">
    <ele>42.830000000000005</ele>
   </trkpt>
   <trkpt lat="48.646280000000004" lon="-2.8477">
    <ele>42.93</ele>
   </trkpt>
   <trkpt lat="48.646240000000006" lon="-2.8479">
    <ele>42.99</ele>
   </trkpt>
   <trkpt lat="48.64609" lon="-2.8491400000000002">
    <ele>43.49</ele>
   </trkpt>
   <trkpt lat="48.646010000000004" lon="-2.8494200000000003">
    <ele>43.71000000000001</ele>
   </trkpt>
   <trkpt lat="48.64589" lon="-2.84973">
    <ele>43.93</ele>
   </trkpt>
   <trkpt lat="48.64574" lon="-2.84999">
    <ele>44.480000000000004</ele>
   </trkpt>
   <trkpt lat="48.64555000000001" lon="-2.85022">
    <ele>44.94</ele>
   </trkpt>
   <trkpt lat="48.645360000000004" lon="-2.8503900000000004">
    <ele>45.09</ele>
   </trkpt>
   <trkpt lat="48.645" lon="-2.8505700000000003">
    <ele>44.67</ele>
   </trkpt>
   <trkpt lat="48.64481000000001" lon="-2.85063">
    <ele>43.800000000000004</ele>
   </trkpt>
   <trkpt lat="48.644600000000004" lon="-2.85067">
    <ele>42.85000000000001</ele>
   </trkpt>
   <trkpt lat="48.64417" lon="-2.85067">
    <ele>39.11000000000001</ele>
   </trkpt>
   <trkpt lat="48.64397" lon="-2.85074">
    <ele>38.150000000000006</ele>
   </trkpt>
   <trkpt lat="48.64378000000001" lon="-2.85087">
    <ele>37.53</ele>
   </trkpt>
   <trkpt lat="48.643150000000006" lon="-2.85151">
    <ele>41.68</ele>
   </trkpt>
   <trkpt lat="48.64296" lon="-2.85162">
    <ele>41.68</ele>
   </trkpt>
   <trkpt lat="48.64278" lon="-2.85169">
    <ele>44.15</ele>
   </trkpt>
   <trkpt lat="48.642540000000004" lon="-2.85169">
    <ele>46.64</ele>
   </trkpt>
   <trkpt lat="48.64197" lon="-2.85162">
    <ele>51.85000000000001</ele>
   </trkpt>
   <trkpt lat="48.64182" lon="-2.85169">
    <ele>51.85000000000001</ele>
   </trkpt>
   <trkpt lat="48.64171" lon="-2.8518100000000004">
    <ele>53.77</ele>
   </trkpt>
   <trkpt lat="48.641630000000006" lon="-2.85196">
    <ele>54.71</ele>
   </trkpt>
   <trkpt lat="48.641540000000006" lon="-2.85224">
    <ele>55.300000000000004</ele>
   </trkpt>
   <trkpt lat="48.64129500445507" lon="-2.8532500047412026">
    <ele>60.46000000000001</ele>
   </trkpt>
   <trkpt lat="48.64105000000001" lon="-2.85426">
    <ele>61.6</ele>
   </trkpt>
   <trkpt lat="48.64077000400297" lon="-2.855210004945072">
    <ele>61.160000000000004</ele>
   </trkpt>
   <trkpt lat="48.64049000000001" lon="-2.85616">
    <ele>61.03000000000001</ele>
   </trkpt>
   <trkpt lat="48.64038000000001" lon="-2.8564700000000003">
    <ele>61.32000000000001</ele>
   </trkpt>
   <trkpt lat="48.640150000000006" lon="-2.85691">
    <ele>62.09</ele>
   </trkpt>
   <trkpt lat="48.63962500193193" lon="-2.857595007258506">
    <ele>64.64</ele>
   </trkpt>
   <trkpt lat="48.639100000000006" lon="-2.85828">
    <ele>66.47</ele>
   </trkpt>
   <trkpt lat="48.638740000000006" lon="-2.85883">
    <ele>66.7</ele>
   </trkpt>
   <trkpt lat="48.63862" lon="-2.85896">
    <ele>66.7</ele>
   </trkpt>
   <trkpt lat="48.63834000000001" lon="-2.85914">
    <ele>66.14</ele>
   </trkpt>
   <trkpt lat="48.63772" lon="-2.85942">
    <ele>65.93</ele>
   </trkpt>
   <trkpt lat="48.636950000000006" lon="-2.85982">
    <ele>66.51</ele>
   </trkpt>
   <trkpt lat="48.63682000000001" lon="-2.8599">
    <ele>66.51</ele>
   </trkpt>
   <trkpt lat="48.6364" lon="-2.8602900000000004">
    <ele>66.61</ele>
   </trkpt>
   <trkpt lat="48.63602" lon="-2.8607">
    <ele>66.66000000000001</ele>
   </trkpt>
   <trkpt lat="48.63571" lon="-2.86111">
    <ele>66.79</ele>
   </trkpt>
   <trkpt lat="48.635090000000005" lon="-2.8620200000000002">
    <ele>67.4</ele>
   </trkpt>
   <trkpt lat="48.63481" lon="-2.86255">
    <ele>67.08</ele>
   </trkpt>
   <trkpt lat="48.63445" lon="-2.8632700000000004">
    <ele>67.55</ele>
   </trkpt>
   <trkpt lat="48.63396001404273" lon="-2.8643100303051994">
    <ele>68.35000000000001</ele>
   </trkpt>
   <trkpt lat="48.63347001872218" lon="-2.8653500404092935">
    <ele>69.86</ele>
   </trkpt>
   <trkpt lat="48.63298001403871" lon="-2.866390030312637">
    <ele>70.8</ele>
   </trkpt>
   <trkpt lat="48.632490000000004" lon="-2.86743">
    <ele>71.78000000000002</ele>
   </trkpt>
   <trkpt lat="48.63223000000001" lon="-2.86796">
    <ele>71.99000000000001</ele>
   </trkpt>
   <trkpt lat="48.632090000000005" lon="-2.86816">
    <ele>72.37</ele>
   </trkpt>
   <trkpt lat="48.631420000000006" lon="-2.8688300000000004">
    <ele>72.7</ele>
   </trkpt>
   <trkpt lat="48.631350000000005" lon="-2.86897">
    <ele>72.73</ele>
   </trkpt>
   <trkpt lat="48.631130000000006" lon="-2.86947">
    <ele>73.19</ele>
   </trkpt>
   <trkpt lat="48.63076" lon="-2.8698300000000003">
    <ele>74.15</ele>
   </trkpt>
   <trkpt lat="48.63046000000001" lon="-2.8700900000000003">
    <ele>74.45</ele>
   </trkpt>
   <trkpt lat="48.630390000000006" lon="-2.8702">
    <ele>74.45</ele>
   </trkpt>
   <trkpt lat="48.63035000000001" lon="-2.87033">
    <ele>74.52</ele>
   </trkpt>
   <trkpt lat="48.63055000000001" lon="-2.8705800000000004">
    <ele>75.11000000000001</ele>
   </trkpt>
   <trkpt lat="48.630770000000005" lon="-2.8709000000000002">
    <ele>76.05000000000001</ele>
   </trkpt>
   <trkpt lat="48.63078" lon="-2.87155">
    <ele>77.39</ele>
   </trkpt>
   <trkpt lat="48.63092500263496" lon="-2.8723299977671797">
    <ele>78.29</ele>
   </trkpt>
   <trkpt lat="48.63107" lon="-2.87311">
    <ele>79.65</ele>
   </trkpt>
   <trkpt lat="48.63114" lon="-2.8733400000000002">
    <ele>80.34</ele>
   </trkpt>
   <trkpt lat="48.631280000000004" lon="-2.87365">
    <ele>82.06</ele>
   </trkpt>
   <trkpt lat="48.631550000000004" lon="-2.87413">
    <ele>84.59000000000002</ele>
   </trkpt>
   <trkpt lat="48.631660000000004" lon="-2.8742300000000003">
    <ele>84.59000000000002</ele>
   </trkpt>
   <trkpt lat="48.63214500063745" lon="-2.8745849966549355">
    <ele>86.51</ele>
   </trkpt>
   <trkpt lat="48.632630000000006" lon="-2.87494">
    <ele>87.72</ele>
   </trkpt>
   <trkpt lat="48.633140000000004" lon="-2.8751800000000003">
    <ele>87.84</ele>
   </trkpt>
   <trkpt lat="48.63331" lon="-2.87535">
    <ele>87.82000000000001</ele>
   </trkpt>
   <trkpt lat="48.63378500158529" lon="-2.87593999454298">
    <ele>86.91</ele>
   </trkpt>
   <trkpt lat="48.634260000000005" lon="-2.8765300000000003">
    <ele>85.96000000000001</ele>
   </trkpt>
   <trkpt lat="48.63463" lon="-2.8769400000000003">
    <ele>85.06</ele>
   </trkpt>
   <trkpt lat="48.63497" lon="-2.8773700000000004">
    <ele>83.46000000000001</ele>
   </trkpt>
   <trkpt lat="48.6353" lon="-2.87781">
    <ele>82.32000000000001</ele>
   </trkpt>
   <trkpt lat="48.635470000000005" lon="-2.87813">
    <ele>81.04</ele>
   </trkpt>
   <trkpt lat="48.63582" lon="-2.8789700000000003">
    <ele>78.66000000000001</ele>
   </trkpt>
   <trkpt lat="48.636230004815665" lon="-2.880024991421399">
    <ele>75.62</ele>
   </trkpt>
   <trkpt lat="48.63664000000001" lon="-2.8810800000000003">
    <ele>74.72000000000001</ele>
   </trkpt>
   <trkpt lat="48.63694" lon="-2.88199">
    <ele>75.86000000000001</ele>
   </trkpt>
   <trkpt lat="48.63720000000001" lon="-2.88248">
    <ele>76.79</ele>
   </trkpt>
   <trkpt lat="48.637330000000006" lon="-2.8828">
    <ele>77.84</ele>
   </trkpt>
   <trkpt lat="48.63747000000001" lon="-2.88337">
    <ele>79.10000000000001</ele>
   </trkpt>
   <trkpt lat="48.63759000206559" lon="-2.884064998201753">
    <ele>80.71000000000001</ele>
   </trkpt>
   <trkpt lat="48.637710000000006" lon="-2.8847600000000004">
    <ele>82.48</ele>
   </trkpt>
   <trkpt lat="48.63772" lon="-2.88587">
    <ele>81.87</ele>
   </trkpt>
   <trkpt lat="48.63779" lon="-2.8864500000000004">
    <ele>80.35000000000001</ele>
   </trkpt>
   <trkpt lat="48.63794000000001" lon="-2.88687">
    <ele>80.55000000000001</ele>
   </trkpt>
   <trkpt lat="48.638160000000006" lon="-2.88716">
    <ele>81.0</ele>
   </trkpt>
   <trkpt lat="48.638720000000006" lon="-2.88756">
    <ele>82.12</ele>
   </trkpt>
   <trkpt lat="48.63915" lon="-2.8880100000000004">
    <ele>82.38000000000001</ele>
   </trkpt>
   <trkpt lat="48.63958" lon="-2.88858">
    <ele>82.48</ele>
   </trkpt>
   <trkpt lat="48.63996" lon="-2.88919">
    <ele>82.44000000000001</ele>
   </trkpt>
   <trkpt lat="48.64012" lon="-2.8894">
    <ele>82.41000000000001</ele>
   </trkpt>
   <trkpt lat="48.64029000000001" lon="-2.88958">
    <ele>82.04</ele>
   </trkpt>
   <trkpt lat="48.640530000000005" lon="-2.8897100000000004">
    <ele>81.44000000000001</ele>
   </trkpt>
   <trkpt lat="48.641000000000005" lon="-2.89008">
    <ele>80.42</ele>
   </trkpt>
   <trkpt lat="48.641180000000006" lon="-2.8904">
    <ele>80.84</ele>
   </trkpt>
   <trkpt lat="48.641420000000004" lon="-2.8910000000000005">
    <ele>82.62</ele>
   </trkpt>
   <trkpt lat="48.641510000000004" lon="-2.8910400000000003">
    <ele>82.73</ele>
   </trkpt>
   <trkpt lat="48.641600000000004" lon="-2.89102">
    <ele>82.71000000000001</ele>
   </trkpt>
   <trkpt lat="48.64164" lon="-2.8910400000000003">
    <ele>82.81</ele>
   </trkpt>
   <trkpt lat="48.64170000000001" lon="-2.89114">
    <ele>82.81</ele>
   </trkpt>
   <trkpt lat="48.64170000000001" lon="-2.89128">
    <ele>83.06</ele>
   </trkpt>
   <trkpt lat="48.64168" lon="-2.89134">
    <ele>83.56</ele>
   </trkpt>
   <trkpt lat="48.64161000000001" lon="-2.89141">
    <ele>83.66000000000001</ele>
   </trkpt>
   <trkpt lat="48.64157" lon="-2.89142">
    <ele>83.66000000000001</ele>
   </trkpt>
   <trkpt lat="48.64148" lon="-2.8915100000000002">
    <ele>83.62000000000002</ele>
   </trkpt>
   <trkpt lat="48.64143000000001" lon="-2.89182">
    <ele>83.69</ele>
   </trkpt>
   <trkpt lat="48.64115" lon="-2.89277">
    <ele>85.05</ele>
   </trkpt>
   <trkpt lat="48.64088" lon="-2.89399">
    <ele>88.93</ele>
   </trkpt>
   <trkpt lat="48.64079" lon="-2.8942500000000004">
    <ele>89.63</ele>
   </trkpt>
   <trkpt lat="48.64067000000001" lon="-2.89446">
    <ele>90.09</ele>
   </trkpt>
   <trkpt lat="48.64007000238148" lon="-2.895210008987554">
    <ele>89.59</ele>
   </trkpt>
   <trkpt lat="48.63947" lon="-2.89596">
    <ele>89.69</ele>
   </trkpt>
   <trkpt lat="48.639210000000006" lon="-2.8964100000000004">
    <ele>90.52</ele>
   </trkpt>
   <trkpt lat="48.639100000000006" lon="-2.89664">
    <ele>90.96000000000001</ele>
   </trkpt>
   <trkpt lat="48.638960000000004" lon="-2.89706">
    <ele>91.84</ele>
   </trkpt>
   <trkpt lat="48.638830000000006" lon="-2.8975000000000004">
    <ele>93.48</ele>
   </trkpt>
   <trkpt lat="48.63856500653638" lon="-2.8987250062438785">
    <ele>94.94000000000001</ele>
   </trkpt>
   <trkpt lat="48.6383" lon="-2.89995">
    <ele>98.11</ele>
   </trkpt>
   <trkpt lat="48.63823000000001" lon="-2.90018">
    <ele>98.51</ele>
   </trkpt>
   <trkpt lat="48.638110000000005" lon="-2.9005">
    <ele>99.25</ele>
   </trkpt>
   <trkpt lat="48.6379" lon="-2.90083">
    <ele>99.65</ele>
   </trkpt>
   <trkpt lat="48.63752" lon="-2.90131">
    <ele>100.31</ele>
   </trkpt>
   <trkpt lat="48.63718" lon="-2.90167">
    <ele>100.52000000000001</ele>
   </trkpt>
   <trkpt lat="48.63655000000001" lon="-2.90246">
    <ele>100.48000000000002</ele>
   </trkpt>
   <trkpt lat="48.63598" lon="-2.90334">
    <ele>100.58</ele>
   </trkpt>
   <trkpt lat="48.63542" lon="-2.9043900000000002">
    <ele>100.53</ele>
   </trkpt>
   <trkpt lat="48.63524" lon="-2.90477">
    <ele>100.87</ele>
   </trkpt>
   <trkpt lat="48.63514000000001" lon="-2.90504">
    <ele>100.87</ele>
   </trkpt>
   <trkpt lat="48.635110000000005" lon="-2.90519">
    <ele>100.89</ele>
   </trkpt>
   <trkpt lat="48.63508" lon="-2.90547">
    <ele>100.89</ele>
   </trkpt>
   <trkpt lat="48.63516500288959" lon="-2.906284998767536">
    <ele>101.19</ele>
   </trkpt>
   <trkpt lat="48.635250000000006" lon="-2.9071000000000002">
    <ele>101.41000000000001</ele>
   </trkpt>
   <trkpt lat="48.63534668084784" lon="-2.9083799950737124">
    <ele>101.95000000000002</ele>
   </trkpt>
   <trkpt lat="48.635443347512954" lon="-2.9096599950529383">
    <ele>102.37</ele>
   </trkpt>
   <trkpt lat="48.635540000000006" lon="-2.91094">
    <ele>102.28</ele>
   </trkpt>
   <trkpt lat="48.63561000000001" lon="-2.9121900000000003">
    <ele>101.29</ele>
   </trkpt>
   <trkpt lat="48.63561000000001" lon="-2.91297">
    <ele>100.35000000000001</ele>
   </trkpt>
   <trkpt lat="48.635540000000006" lon="-2.91352">
    <ele>100.0</ele>
   </trkpt>
   <trkpt lat="48.635290000000005" lon="-2.91439">
    <ele>99.07000000000001</ele>
   </trkpt>
   <trkpt lat="48.6349" lon="-2.9151700000000003">
    <ele>98.87</ele>
   </trkpt>
   <trkpt lat="48.63474" lon="-2.91561">
    <ele>98.88000000000001</ele>
   </trkpt>
   <trkpt lat="48.634640000000005" lon="-2.91595">
    <ele>98.88000000000001</ele>
   </trkpt>
   <trkpt lat="48.63456" lon="-2.9163500000000004">
    <ele>99.08</ele>
   </trkpt>
   <trkpt lat="48.634510000000006" lon="-2.91676">
    <ele>99.05000000000001</ele>
   </trkpt>
   <trkpt lat="48.63440000759483" lon="-2.9180850029366168">
    <ele>98.43</ele>
   </trkpt>
   <trkpt lat="48.63429000000001" lon="-2.91941">
    <ele>97.87</ele>
   </trkpt>
   <trkpt lat="48.63429000000001" lon="-2.91982">
    <ele>97.59</ele>
   </trkpt>
   <trkpt lat="48.634325005780646" lon="-2.920974999418152">
    <ele>97.80000000000001</ele>
   </trkpt>
   <trkpt lat="48.63436" lon="-2.92213">
    <ele>98.06</ele>
   </trkpt>
   <trkpt lat="48.634325004721646" lon="-2.9231750008718937">
    <ele>97.74000000000001</ele>
   </trkpt>
   <trkpt lat="48.63429000000001" lon="-2.92422">
    <ele>96.66000000000001</ele>
   </trkpt>
   <trkpt lat="48.63432" lon="-2.9247">
    <ele>95.82000000000001</ele>
   </trkpt>
   <trkpt lat="48.63445" lon="-2.92525">
    <ele>95.14</ele>
   </trkpt>
   <trkpt lat="48.63481" lon="-2.9264900000000003">
    <ele>91.72000000000001</ele>
   </trkpt>
   <trkpt lat="48.634980000000006" lon="-2.92728">
    <ele>90.37</ele>
   </trkpt>
   <trkpt lat="48.6351" lon="-2.9284800000000004">
    <ele>90.73</ele>
   </trkpt>
   <trkpt lat="48.635130000000004" lon="-2.9291">
    <ele>90.46000000000001</ele>
   </trkpt>
   <trkpt lat="48.63523000000001" lon="-2.92979">
    <ele>89.62</ele>
   </trkpt>
   <trkpt lat="48.63524" lon="-2.93013">
    <ele>89.05</ele>
   </trkpt>
   <trkpt lat="48.635220000000004" lon="-2.93046">
    <ele>88.84</ele>
   </trkpt>
   <trkpt lat="48.635180000000005" lon="-2.93075">
    <ele>88.51</ele>
   </trkpt>
   <trkpt lat="48.63503500256785" lon="-2.931525002397454">
    <ele>86.59</ele>
   </trkpt>
   <trkpt lat="48.634890000000006" lon="-2.9323">
    <ele>85.77000000000001</ele>
   </trkpt>
   <trkpt lat="48.634820000000005" lon="-2.93297">
    <ele>85.76</ele>
   </trkpt>
   <trkpt lat="48.634840000000004" lon="-2.93338">
    <ele>86.08</ele>
   </trkpt>
   <trkpt lat="48.634980000000006" lon="-2.93468">
    <ele>86.75</ele>
   </trkpt>
   <trkpt lat="48.63501" lon="-2.9353700000000003">
    <ele>85.42</ele>
   </trkpt>
   <trkpt lat="48.635000000000005" lon="-2.93581">
    <ele>84.21000000000001</ele>
   </trkpt>
   <trkpt lat="48.63494000279128" lon="-2.9366100006688205">
    <ele>81.68</ele>
   </trkpt>
   <trkpt lat="48.63488" lon="-2.9374100000000003">
    <ele>80.23</ele>
   </trkpt>
   <trkpt lat="48.63488" lon="-2.93832">
    <ele>74.93</ele>
   </trkpt>
   <trkpt lat="48.63481" lon="-2.9387200000000004">
    <ele>73.69</ele>
   </trkpt>
   <trkpt lat="48.634640000000005" lon="-2.9393300000000004">
    <ele>73.02</ele>
   </trkpt>
   <trkpt lat="48.63465" lon="-2.93941">
    <ele>72.76</ele>
   </trkpt>
   <trkpt lat="48.6347" lon="-2.93955">
    <ele>72.93</ele>
   </trkpt>
   <trkpt lat="48.63534000000001" lon="-2.9398400000000002">
    <ele>77.17</ele>
   </trkpt>
   <trkpt lat="48.63609" lon="-2.94008">
    <ele>82.19000000000001</ele>
   </trkpt>
   <trkpt lat="48.63624" lon="-2.9401">
    <ele>82.4</ele>
   </trkpt>
   <trkpt lat="48.636320000000005" lon="-2.93995">
    <ele>82.4</ele>
   </trkpt>
   <trkpt lat="48.636320000000005" lon="-2.93996">
    <ele>82.38000000000001</ele>
   </trkpt>
   <trkpt lat="48.63624" lon="-2.9401">
    <ele>82.19000000000001</ele>
   </trkpt>
   <trkpt lat="48.63647" lon="-2.9408200000000004">
    <ele>83.09</ele>
   </trkpt>
   <trkpt lat="48.636990000000004" lon="-2.9411">
    <ele>83.33</ele>
   </trkpt>
   <trkpt lat="48.63745" lon="-2.9412000000000003">
    <ele>84.47</ele>
   </trkpt>
   <trkpt lat="48.637620000000005" lon="-2.94124">
    <ele>84.52000000000001</ele>
   </trkpt>
   <trkpt lat="48.63792" lon="-2.94139">
    <ele>84.5</ele>
   </trkpt>
   <trkpt lat="48.63841000000001" lon="-2.9416800000000003">
    <ele>84.11</ele>
   </trkpt>
   <trkpt lat="48.638650000000005" lon="-2.9418400000000005">
    <ele>83.79</ele>
   </trkpt>
   <trkpt lat="48.63920500029739" lon="-2.9418549998429753">
    <ele>81.69000000000001</ele>
   </trkpt>
   <trkpt lat="48.63976" lon="-2.94187">
    <ele>80.98</ele>
   </trkpt>
   <trkpt lat="48.63989" lon="-2.94205">
    <ele>80.91000000000001</ele>
   </trkpt>
   <trkpt lat="48.63998" lon="-2.94221">
    <ele>80.92</ele>
   </trkpt>
   <trkpt lat="48.64004667561372" lon="-2.9432266639764055">
    <ele>82.42</ele>
   </trkpt>
   <trkpt lat="48.640113342280216" lon="-2.944243330640348">
    <ele>83.71000000000001</ele>
   </trkpt>
   <trkpt lat="48.64018" lon="-2.94526">
    <ele>84.42</ele>
   </trkpt>
   <trkpt lat="48.640280000000004" lon="-2.9454700000000003">
    <ele>84.69</ele>
   </trkpt>
   <trkpt lat="48.640710000000006" lon="-2.94606">
    <ele>86.01</ele>
   </trkpt>
   <trkpt lat="48.64108" lon="-2.9466500000000004">
    <ele>84.14</ele>
   </trkpt>
   <trkpt lat="48.6415" lon="-2.9472">
    <ele>83.25</ele>
   </trkpt>
   <trkpt lat="48.641760000000005" lon="-2.94749">
    <ele>83.09</ele>
   </trkpt>
   <trkpt lat="48.64229500221181" lon="-2.948199992508773">
    <ele>81.39</ele>
   </trkpt>
   <trkpt lat="48.642830000000004" lon="-2.94891">
    <ele>79.14</ele>
   </trkpt>
   <trkpt lat="48.643530000000005" lon="-2.94951">
    <ele>79.17</ele>
   </trkpt>
   <trkpt lat="48.64401" lon="-2.9501100000000005">
    <ele>78.79</ele>
   </trkpt>
   <trkpt lat="48.64461000000001" lon="-2.95059">
    <ele>78.91000000000001</ele>
   </trkpt>
   <trkpt lat="48.64484" lon="-2.95093">
    <ele>78.72000000000001</ele>
   </trkpt>
   <trkpt lat="48.645050000000005" lon="-2.95155">
    <ele>78.4</ele>
   </trkpt>
   <trkpt lat="48.645270000000004" lon="-2.95208">
    <ele>78.52000000000001</ele>
   </trkpt>
   <trkpt lat="48.64576" lon="-2.9527900000000002">
    <ele>79.26</ele>
   </trkpt>
   <trkpt lat="48.646080000000005" lon="-2.9534000000000002">
    <ele>79.62</ele>
   </trkpt>
   <trkpt lat="48.64627" lon="-2.9537000000000004">
    <ele>79.49000000000001</ele>
   </trkpt>
   <trkpt lat="48.646570000000004" lon="-2.95393">
    <ele>79.42999999999999</ele>
   </trkpt>
   <trkpt lat="48.64678000000001" lon="-2.9540800000000003">
    <ele>79.13000000000001</ele>
   </trkpt>
   <trkpt lat="48.647130000000004" lon="-2.95486">
    <ele>77.14</ele>
   </trkpt>
   <trkpt lat="48.64737" lon="-2.95549">
    <ele>75.6</ele>
   </trkpt>
   <trkpt lat="48.64773" lon="-2.95608">
    <ele>74.46000000000001</ele>
   </trkpt>
   <trkpt lat="48.64799500158294" lon="-2.9566599972300738">
    <ele>73.02</ele>
   </trkpt>
   <trkpt lat="48.64826" lon="-2.95724">
    <ele>70.09</ele>
   </trkpt>
   <trkpt lat="48.64856" lon="-2.9574700000000003">
    <ele>68.79</ele>
   </trkpt>
   <trkpt lat="48.64903" lon="-2.95773">
    <ele>67.21000000000001</ele>
   </trkpt>
   <trkpt lat="48.64945" lon="-2.95778">
    <ele>66.04</ele>
   </trkpt>
   <trkpt lat="48.64961" lon="-2.95786">
    <ele>65.94</ele>
   </trkpt>
   <trkpt lat="48.650020000000005" lon="-2.95832">
    <ele>67.21000000000001</ele>
   </trkpt>
   <trkpt lat="48.65028" lon="-2.95873">
    <ele>69.75</ele>
   </trkpt>
   <trkpt lat="48.65043000000001" lon="-2.9592600000000004">
    <ele>71.36</ele>
   </trkpt>
   <trkpt lat="48.650470000000006" lon="-2.9599400000000005">
    <ele>72.37</ele>
   </trkpt>
   <trkpt lat="48.65046" lon="-2.96105">
    <ele>72.48</ele>
   </trkpt>
   <trkpt lat="48.650550002134416" lon="-2.9617549986109877">
    <ele>72.25000000000001</ele>
   </trkpt>
   <trkpt lat="48.65064" lon="-2.96246">
    <ele>70.55</ele>
   </trkpt>
   <trkpt lat="48.65063000000001" lon="-2.9626200000000003">
    <ele>69.93</ele>
   </trkpt>
   <trkpt lat="48.650850000000005" lon="-2.9630300000000003">
    <ele>68.66</ele>
   </trkpt>
   <trkpt lat="48.650960000000005" lon="-2.9633000000000003">
    <ele>68.61</ele>
   </trkpt>
   <trkpt lat="48.65126" lon="-2.96389">
    <ele>69.03</ele>
   </trkpt>
   <trkpt lat="48.65149" lon="-2.96423">
    <ele>68.37</ele>
   </trkpt>
   <trkpt lat="48.651720000000005" lon="-2.96449">
    <ele>66.79</ele>
   </trkpt>
   <trkpt lat="48.6523550011728" lon="-2.9650099934530885">
    <ele>62.35</ele>
   </trkpt>
   <trkpt lat="48.65299" lon="-2.96553">
    <ele>59.42000000000001</ele>
   </trkpt>
   <trkpt lat="48.65351666992287" lon="-2.966143320519639">
    <ele>62.220000000000006</ele>
   </trkpt>
   <trkpt lat="48.65404333658968" lon="-2.966756653852951">
    <ele>64.62</ele>
   </trkpt>
   <trkpt lat="48.65457000000001" lon="-2.9673700000000003">
    <ele>64.99000000000001</ele>
   </trkpt>
   <trkpt lat="48.65467" lon="-2.96754">
    <ele>64.72</ele>
   </trkpt>
   <trkpt lat="48.65476" lon="-2.9677700000000002">
    <ele>64.23</ele>
   </trkpt>
   <trkpt lat="48.65482" lon="-2.96803">
    <ele>63.35</ele>
   </trkpt>
   <trkpt lat="48.65502000000001" lon="-2.96876">
    <ele>63.31</ele>
   </trkpt>
   <trkpt lat="48.655390000000004" lon="-2.9698100000000003">
    <ele>64.17</ele>
   </trkpt>
   <trkpt lat="48.655770000000004" lon="-2.9705800000000004">
    <ele>63.54</ele>
   </trkpt>
   <trkpt lat="48.65607500263861" lon="-2.97137499493822">
    <ele>62.93</ele>
   </trkpt>
   <trkpt lat="48.656380000000006" lon="-2.97217">
    <ele>62.02</ele>
   </trkpt>
   <trkpt lat="48.656470000000006" lon="-2.97236">
    <ele>61.6</ele>
   </trkpt>
   <trkpt lat="48.656800000000004" lon="-2.97277">
    <ele>60.7</ele>
   </trkpt>
   <trkpt lat="48.6574" lon="-2.97317">
    <ele>59.260000000000005</ele>
   </trkpt>
   <trkpt lat="48.657610000000005" lon="-2.97338">
    <ele>59.21000000000001</ele>
   </trkpt>
   <trkpt lat="48.657900000000005" lon="-2.97384">
    <ele>59.72</ele>
   </trkpt>
   <trkpt lat="48.65823500064902" lon="-2.9742949966408556">
    <ele>60.08</ele>
   </trkpt>
   <trkpt lat="48.658570000000005" lon="-2.9747500000000002">
    <ele>60.480000000000004</ele>
   </trkpt>
   <trkpt lat="48.658840000000005" lon="-2.97499">
    <ele>60.74</ele>
   </trkpt>
   <trkpt lat="48.659470000000006" lon="-2.9756400000000003">
    <ele>61.43000000000001</ele>
   </trkpt>
   <trkpt lat="48.659760000000006" lon="-2.97601">
    <ele>61.540000000000006</ele>
   </trkpt>
   <trkpt lat="48.65990000000001" lon="-2.97623">
    <ele>61.49</ele>
   </trkpt>
   <trkpt lat="48.660230000000006" lon="-2.9771">
    <ele>61.38</ele>
   </trkpt>
   <trkpt lat="48.66033" lon="-2.9773">
    <ele>61.38</ele>
   </trkpt>
   <trkpt lat="48.660450000000004" lon="-2.97746">
    <ele>61.480000000000004</ele>
   </trkpt>
   <trkpt lat="48.66067" lon="-2.9776900000000004">
    <ele>61.290000000000006</ele>
   </trkpt>
   <trkpt lat="48.66073" lon="-2.97777">
    <ele>61.2</ele>
   </trkpt>
   <trkpt lat="48.660920000000004" lon="-2.97832">
    <ele>58.79</ele>
   </trkpt>
   <trkpt lat="48.661140002293564" lon="-2.9790449968975246">
    <ele>55.440000000000005</ele>
   </trkpt>
   <trkpt lat="48.66136" lon="-2.9797700000000003">
    <ele>54.88</ele>
   </trkpt>
   <trkpt lat="48.661460000000005" lon="-2.9799700000000002">
    <ele>55.040000000000006</ele>
   </trkpt>
   <trkpt lat="48.661680000000004" lon="-2.98028">
    <ele>55.61000000000001</ele>
   </trkpt>
   <trkpt lat="48.66183" lon="-2.9803800000000003">
    <ele>55.980000000000004</ele>
   </trkpt>
   <trkpt lat="48.661970000000004" lon="-2.98043">
    <ele>56.34</ele>
   </trkpt>
   <trkpt lat="48.662440000000004" lon="-2.98049">
    <ele>59.830000000000005</ele>
   </trkpt>
   <trkpt lat="48.662600000000005" lon="-2.9805200000000003">
    <ele>60.64000000000001</ele>
   </trkpt>
   <trkpt lat="48.66274000000001" lon="-2.98062">
    <ele>60.92</ele>
   </trkpt>
   <trkpt lat="48.66292000000001" lon="-2.98076">
    <ele>61.38</ele>
   </trkpt>
   <trkpt lat="48.66317" lon="-2.9809900000000003">
    <ele>61.53000000000001</ele>
   </trkpt>
   <trkpt lat="48.663450000000005" lon="-2.9813600000000005">
    <ele>61.84</ele>
   </trkpt>
   <trkpt lat="48.66357000000001" lon="-2.98146">
    <ele>61.84</ele>
   </trkpt>
   <trkpt lat="48.663880000000006" lon="-2.98165">
    <ele>62.46000000000001</ele>
   </trkpt>
   <trkpt lat="48.66423" lon="-2.9819000000000004">
    <ele>62.02</ele>
   </trkpt>
   <trkpt lat="48.66463" lon="-2.98226">
    <ele>61.34</ele>
   </trkpt>
   <trkpt lat="48.66532" lon="-2.9831000000000003">
    <ele>62.42</ele>
   </trkpt>
   <trkpt lat="48.665530000000004" lon="-2.9836600000000004">
    <ele>62.92</ele>
   </trkpt>
   <trkpt lat="48.665420000000005" lon="-2.98394">
    <ele>61.69</ele>
   </trkpt>
   <trkpt lat="48.665420000000005" lon="-2.98395">
    <ele>61.660000000000004</ele>
   </trkpt>
   <trkpt lat="48.665330000000004" lon="-2.9841800000000003">
    <ele>60.440000000000005</ele>
   </trkpt>
   <trkpt lat="48.66525000000001" lon="-2.98428">
    <ele>59.870000000000005</ele>
   </trkpt>
   <trkpt lat="48.66476000057762" lon="-2.984595002967349">
    <ele>57.78</ele>
   </trkpt>
   <trkpt lat="48.66427" lon="-2.98491">
    <ele>56.14</ele>
   </trkpt>
   <trkpt lat="48.66405" lon="-2.98511">
    <ele>56.03</ele>
   </trkpt>
   <trkpt lat="48.66364500083074" lon="-2.9855600036667527">
    <ele>55.690000000000005</ele>
   </trkpt>
   <trkpt lat="48.66324" lon="-2.9860100000000003">
    <ele>55.78</ele>
   </trkpt>
   <trkpt lat="48.663000000000004" lon="-2.98625">
    <ele>56.38</ele>
   </trkpt>
   <trkpt lat="48.662870000000005" lon="-2.98634">
    <ele>56.81</ele>
   </trkpt>
   <trkpt lat="48.66283000000001" lon="-2.9864900000000003">
    <ele>57.06</ele>
   </trkpt>
   <trkpt lat="48.66343333340206" lon="-2.986370002884124">
    <ele>57.61</ele>
   </trkpt>
   <trkpt lat="48.66403666667948" lon="-2.9862500028952894">
    <ele>57.85</ele>
   </trkpt>
   <trkpt lat="48.664640000000006" lon="-2.98613">
    <ele>59.04</ele>
   </trkpt>
   <trkpt lat="48.66521" lon="-2.98606">
    <ele>60.35000000000001</ele>
   </trkpt>
   <trkpt lat="48.66576499989819" lon="-2.9860450001679695">
    <ele>63.300000000000004</ele>
   </trkpt>
   <trkpt lat="48.666320000000006" lon="-2.9860300000000004">
    <ele>63.85</ele>
   </trkpt>
   <trkpt lat="48.66678000020711" lon="-2.9860649996958752">
    <ele>65.33</ele>
   </trkpt>
   <trkpt lat="48.66724000000001" lon="-2.9861000000000004">
    <ele>66.35000000000001</ele>
   </trkpt>
   <trkpt lat="48.66774" lon="-2.98611">
    <ele>69.19</ele>
   </trkpt>
   <trkpt lat="48.66812" lon="-2.98618">
    <ele>69.95000000000002</ele>
   </trkpt>
   <trkpt lat="48.66825" lon="-2.98625">
    <ele>70.03</ele>
   </trkpt>
   <trkpt lat="48.668850000000006" lon="-2.9866900000000003">
    <ele>70.03</ele>
   </trkpt>
   <trkpt lat="48.66908" lon="-2.98679">
    <ele>69.8</ele>
   </trkpt>
   <trkpt lat="48.669700000000006" lon="-2.98693">
    <ele>69.37</ele>
   </trkpt>
   <trkpt lat="48.66995000000001" lon="-2.9870200000000002">
    <ele>69.03</ele>
   </trkpt>
   <trkpt lat="48.67027" lon="-2.9872300000000003">
    <ele>68.55</ele>
   </trkpt>
   <trkpt lat="48.670500000000004" lon="-2.98748">
    <ele>68.55</ele>
   </trkpt>
   <trkpt lat="48.67062000000001" lon="-2.9877300000000004">
    <ele>68.01</ele>
   </trkpt>
   <trkpt lat="48.670790000000004" lon="-2.98815">
    <ele>67.85000000000001</ele>
   </trkpt>
   <trkpt lat="48.67092" lon="-2.98842">
    <ele>67.85000000000001</ele>
   </trkpt>
   <trkpt lat="48.67103" lon="-2.98856">
    <ele>67.81</ele>
   </trkpt>
   <trkpt lat="48.67118000000001" lon="-2.9887">
    <ele>67.81</ele>
   </trkpt>
   <trkpt lat="48.6717300003434" lon="-2.988999996700127">
    <ele>67.44</ele>
   </trkpt>
   <trkpt lat="48.67228" lon="-2.9893">
    <ele>68.11</ele>
   </trkpt>
   <trkpt lat="48.6724" lon="-2.98939">
    <ele>68.3</ele>
   </trkpt>
   <trkpt lat="48.672540000000005" lon="-2.98952">
    <ele>68.62</ele>
   </trkpt>
   <trkpt lat="48.67268000000001" lon="-2.9897">
    <ele>68.62</ele>
   </trkpt>
   <trkpt lat="48.673100000000005" lon="-2.9902900000000003">
    <ele>68.07000000000001</ele>
   </trkpt>
   <trkpt lat="48.67347" lon="-2.99072">
    <ele>66.89</ele>
   </trkpt>
   <trkpt lat="48.673640000000006" lon="-2.99094">
    <ele>66.55000000000001</ele>
   </trkpt>
   <trkpt lat="48.673790000000004" lon="-2.9912">
    <ele>66.61</ele>
   </trkpt>
   <trkpt lat="48.67407000000001" lon="-2.99203">
    <ele>67.86</ele>
   </trkpt>
   <trkpt lat="48.67434" lon="-2.9927500000000005">
    <ele>68.45</ele>
   </trkpt>
   <trkpt lat="48.67464500184728" lon="-2.993364996701317">
    <ele>68.62</ele>
   </trkpt>
   <trkpt lat="48.67495" lon="-2.99398">
    <ele>68.7</ele>
   </trkpt>
   <trkpt lat="48.67518500249219" lon="-2.9947249968112915">
    <ele>68.07000000000001</ele>
   </trkpt>
   <trkpt lat="48.67542" lon="-2.99547">
    <ele>66.26</ele>
   </trkpt>
   <trkpt lat="48.67553" lon="-2.99574">
    <ele>64.81</ele>
   </trkpt>
   <trkpt lat="48.67577000000001" lon="-2.99615">
    <ele>62.61</ele>
   </trkpt>
   <trkpt lat="48.675940000000004" lon="-2.99628">
    <ele>60.86000000000001</ele>
   </trkpt>
   <trkpt lat="48.67618" lon="-2.99642">
    <ele>60.38</ele>
   </trkpt>
   <trkpt lat="48.67649" lon="-2.9965100000000002">
    <ele>58.400000000000006</ele>
   </trkpt>
   <trkpt lat="48.677155000153014" lon="-2.9966599980324484">
    <ele>53.61000000000001</ele>
   </trkpt>
   <trkpt lat="48.677820000000004" lon="-2.9968100000000004">
    <ele>55.34</ele>
   </trkpt>
   <trkpt lat="48.678270000000005" lon="-2.9971900000000002">
    <ele>59.68</ele>
   </trkpt>
   <trkpt lat="48.67839000000001" lon="-2.9972600000000003">
    <ele>59.68</ele>
   </trkpt>
   <trkpt lat="48.678580000000004" lon="-2.99732">
    <ele>61.46000000000001</ele>
   </trkpt>
   <trkpt lat="48.6790300001421" lon="-2.9972550005627876">
    <ele>64.03</ele>
   </trkpt>
   <trkpt lat="48.679480000000005" lon="-2.9971900000000002">
    <ele>66.5</ele>
   </trkpt>
   <trkpt lat="48.67996" lon="-2.99724">
    <ele>67.7</ele>
   </trkpt>
   <trkpt lat="48.68018000000001" lon="-2.99731">
    <ele>67.85000000000001</ele>
   </trkpt>
   <trkpt lat="48.680330000000005" lon="-2.99739">
    <ele>68.42</ele>
   </trkpt>
   <trkpt lat="48.68048" lon="-2.9975300000000002">
    <ele>68.63000000000001</ele>
   </trkpt>
   <trkpt lat="48.680940001041336" lon="-2.9980249954589726">
    <ele>70.72</ele>
   </trkpt>
   <trkpt lat="48.681400000000004" lon="-2.99852">
    <ele>72.22</ele>
   </trkpt>
   <trkpt lat="48.68181500098227" lon="-2.998999996028021">
    <ele>74.65</ele>
   </trkpt>
   <trkpt lat="48.682230000000004" lon="-2.99948">
    <ele>75.98</ele>
   </trkpt>
   <trkpt lat="48.68262000000001" lon="-2.9998400000000003">
    <ele>76.47000000000001</ele>
   </trkpt>
   <trkpt lat="48.68287" lon="-3.0000400000000003">
    <ele>76.71</ele>
   </trkpt>
   <trkpt lat="48.68298" lon="-3.0001100000000003">
    <ele>76.71</ele>
   </trkpt>
   <trkpt lat="48.683310000000006" lon="-3.0002400000000002">
    <ele>77.2</ele>
   </trkpt>
   <trkpt lat="48.683490000000006" lon="-3.00028">
    <ele>77.21</ele>
   </trkpt>
   <trkpt lat="48.68375" lon="-3.00028">
    <ele>77.38000000000001</ele>
   </trkpt>
   <trkpt lat="48.683870000000006" lon="-3.0002700000000004">
    <ele>77.51</ele>
   </trkpt>
   <trkpt lat="48.68448" lon="-3.00002">
    <ele>78.76</ele>
   </trkpt>
   <trkpt lat="48.684760000000004" lon="-2.99996">
    <ele>78.99000000000001</ele>
   </trkpt>
   <trkpt lat="48.68527" lon="-2.99994">
    <ele>80.4</ele>
   </trkpt>
   <trkpt lat="48.685700000000004" lon="-2.99994">
    <ele>82.27000000000001</ele>
   </trkpt>
   <trkpt lat="48.686020000000006" lon="-3.0000700000000005">
    <ele>83.09</ele>
   </trkpt>
   <trkpt lat="48.68601" lon="-3.00118">
    <ele>81.67</ele>
   </trkpt>
   <trkpt lat="48.686020000000006" lon="-3.00143">
    <ele>81.06</ele>
   </trkpt>
   <trkpt lat="48.68614" lon="-3.00198">
    <ele>80.10000000000001</ele>
   </trkpt>
   <trkpt lat="48.686360001780095" lon="-3.0026199972264043">
    <ele>79.53</ele>
   </trkpt>
   <trkpt lat="48.686580000000006" lon="-3.00326">
    <ele>78.73</ele>
   </trkpt>
   <trkpt lat="48.687160000000006" lon="-3.00428">
    <ele>77.35</ele>
   </trkpt>
   <trkpt lat="48.68723000000001" lon="-3.00435">
    <ele>77.30000000000001</ele>
   </trkpt>
   <trkpt lat="48.687430000000006" lon="-3.0045">
    <ele>77.33000000000001</ele>
   </trkpt>
   <trkpt lat="48.688230000000004" lon="-3.00489">
    <ele>78.94000000000001</ele>
   </trkpt>
   <trkpt lat="48.68856" lon="-3.0049">
    <ele>78.61000000000001</ele>
   </trkpt>
   <trkpt lat="48.689090000061945" lon="-3.0050399985204206">
    <ele>79.2</ele>
   </trkpt>
   <trkpt lat="48.689620000000005" lon="-3.00518">
    <ele>79.53</ele>
   </trkpt>
   <trkpt lat="48.690250000000006" lon="-3.00543">
    <ele>78.91000000000001</ele>
   </trkpt>
   <trkpt lat="48.69064" lon="-3.00559">
    <ele>77.64</ele>
   </trkpt>
   <trkpt lat="48.69071" lon="-3.0056000000000003">
    <ele>76.84</ele>
   </trkpt>
   <trkpt lat="48.690850000000005" lon="-3.00557">
    <ele>76.84</ele>
   </trkpt>
   <trkpt lat="48.69118" lon="-3.00536">
    <ele>74.35</ele>
   </trkpt>
   <trkpt lat="48.69145" lon="-3.00523">
    <ele>74.38</ele>
   </trkpt>
   <trkpt lat="48.69163" lon="-3.0051900000000002">
    <ele>74.95</ele>
   </trkpt>
   <trkpt lat="48.691770000000005" lon="-3.00523">
    <ele>75.29</ele>
   </trkpt>
   <trkpt lat="48.691880000000005" lon="-3.0053">
    <ele>75.7</ele>
   </trkpt>
   <trkpt lat="48.692420000000006" lon="-3.0058900000000004">
    <ele>78.71</ele>
   </trkpt>
   <trkpt lat="48.692730000000005" lon="-3.00618">
    <ele>81.02000000000001</ele>
   </trkpt>
   <trkpt lat="48.69303000000001" lon="-3.00639">
    <ele>83.67</ele>
   </trkpt>
   <trkpt lat="48.69364" lon="-3.00652">
    <ele>85.91</ele>
   </trkpt>
   <trkpt lat="48.693850000000005" lon="-3.0066100000000002">
    <ele>87.24000000000001</ele>
   </trkpt>
   <trkpt lat="48.69433" lon="-3.00692">
    <ele>90.27</ele>
   </trkpt>
   <trkpt lat="48.694680000000005" lon="-3.00708">
    <ele>91.56</ele>
   </trkpt>
   <trkpt lat="48.6948" lon="-3.00707">
    <ele>91.81</ele>
   </trkpt>
   <trkpt lat="48.69498" lon="-3.00726">
    <ele>92.04</ele>
   </trkpt>
   <trkpt lat="48.695310000000006" lon="-3.0074600000000005">
    <ele>92.17</ele>
   </trkpt>
   <trkpt lat="48.69594000000001" lon="-3.00787">
    <ele>93.57000000000001</ele>
   </trkpt>
   <trkpt lat="48.69621" lon="-3.0081100000000003">
    <ele>94.42</ele>
   </trkpt>
   <trkpt lat="48.69628" lon="-3.0082400000000002">
    <ele>94.67</ele>
   </trkpt>
   <trkpt lat="48.696490000000004" lon="-3.00884">
    <ele>95.12</ele>
   </trkpt>
   <trkpt lat="48.69670000000001" lon="-3.0090700000000004">
    <ele>95.12</ele>
   </trkpt>
   <trkpt lat="48.696490000000004" lon="-3.00884">
    <ele>95.12</ele>
   </trkpt>
   <trkpt lat="48.69628" lon="-3.0082400000000002">
    <ele>94.67</ele>
   </trkpt>
   <trkpt lat="48.69621" lon="-3.0081100000000003">
    <ele>94.42</ele>
   </trkpt>
   <trkpt lat="48.696470000000005" lon="-3.0076600000000004">
    <ele>95.80000000000001</ele>
   </trkpt>
   <trkpt lat="48.696540000000006" lon="-3.0075000000000003">
    <ele>96.27000000000001</ele>
   </trkpt>
   <trkpt lat="48.696825003580166" lon="-3.0065950050085526">
    <ele>97.30000000000001</ele>
   </trkpt>
   <trkpt lat="48.69711" lon="-3.0056900000000004">
    <ele>97.94000000000001</ele>
   </trkpt>
   <trkpt lat="48.69738" lon="-3.0047900000000003">
    <ele>98.23</ele>
   </trkpt>
   <trkpt lat="48.6976" lon="-3.00353">
    <ele>97.14</ele>
   </trkpt>
   <trkpt lat="48.697630000000004" lon="-3.0033700000000003">
    <ele>97.14</ele>
   </trkpt>
   <trkpt lat="48.69782000000001" lon="-3.00299">
    <ele>96.41000000000001</ele>
   </trkpt>
   <trkpt lat="48.697950000000006" lon="-3.0026400000000004">
    <ele>96.13000000000001</ele>
   </trkpt>
   <trkpt lat="48.698125002220095" lon="-3.0019150027453825">
    <ele>95.51</ele>
   </trkpt>
   <trkpt lat="48.6983" lon="-3.0011900000000002">
    <ele>95.19000000000001</ele>
   </trkpt>
   <trkpt lat="48.69852" lon="-3.00055">
    <ele>95.16000000000001</ele>
   </trkpt>
   <trkpt lat="48.698600000000006" lon="-3.00014">
    <ele>95.16000000000001</ele>
   </trkpt>
   <trkpt lat="48.698780000000006" lon="-2.99947">
    <ele>95.23</ele>
   </trkpt>
   <trkpt lat="48.69897" lon="-2.9991000000000003">
    <ele>94.92</ele>
   </trkpt>
   <trkpt lat="48.69908" lon="-2.99881">
    <ele>95.06</ele>
   </trkpt>
   <trkpt lat="48.69912" lon="-2.9984400000000004">
    <ele>95.42999999999999</ele>
   </trkpt>
   <trkpt lat="48.699110000000005" lon="-2.99791">
    <ele>96.16000000000001</ele>
   </trkpt>
   <trkpt lat="48.699130000000004" lon="-2.99764">
    <ele>96.37</ele>
   </trkpt>
   <trkpt lat="48.699200000000005" lon="-2.99738">
    <ele>96.64</ele>
   </trkpt>
   <trkpt lat="48.699310000000004" lon="-2.9971400000000004">
    <ele>96.73</ele>
   </trkpt>
   <trkpt lat="48.699655000963915" lon="-2.9966750031489204">
    <ele>97.08000000000001</ele>
   </trkpt>
   <trkpt lat="48.7" lon="-2.99621">
    <ele>97.16000000000001</ele>
   </trkpt>
   <trkpt lat="48.700100000000006" lon="-2.99602">
    <ele>97.34</ele>
   </trkpt>
   <trkpt lat="48.700140000000005" lon="-2.9958600000000004">
    <ele>97.34</ele>
   </trkpt>
   <trkpt lat="48.700120000000005" lon="-2.9955700000000003">
    <ele>97.29</ele>
   </trkpt>
   <trkpt lat="48.69977" lon="-2.99432">
    <ele>97.79</ele>
   </trkpt>
   <trkpt lat="48.69955" lon="-2.9933600000000005">
    <ele>97.75</ele>
   </trkpt>
   <trkpt lat="48.69957" lon="-2.99296">
    <ele>97.85000000000001</ele>
   </trkpt>
   <trkpt lat="48.69966" lon="-2.99262">
    <ele>97.85000000000001</ele>
   </trkpt>
   <trkpt lat="48.699760000000005" lon="-2.99242">
    <ele>98.13000000000001</ele>
   </trkpt>
   <trkpt lat="48.699870000000004" lon="-2.99228">
    <ele>98.13000000000001</ele>
   </trkpt>
   <trkpt lat="48.700230000000005" lon="-2.99209">
    <ele>98.46000000000001</ele>
   </trkpt>
   <trkpt lat="48.70082000000001" lon="-2.9917300000000004">
    <ele>98.41000000000001</ele>
   </trkpt>
   <trkpt lat="48.70141" lon="-2.99126">
    <ele>97.82000000000001</ele>
   </trkpt>
   <trkpt lat="48.701550000000005" lon="-2.9911200000000004">
    <ele>97.76</ele>
   </trkpt>
   <trkpt lat="48.70178000000001" lon="-2.9908">
    <ele>98.07000000000001</ele>
   </trkpt>
   <trkpt lat="48.702040000000004" lon="-2.99031">
    <ele>98.9</ele>
   </trkpt>
   <trkpt lat="48.70221" lon="-2.98977">
    <ele>97.65</ele>
   </trkpt>
   <trkpt lat="48.7023" lon="-2.9890100000000004">
    <ele>95.78</ele>
   </trkpt>
   <trkpt lat="48.70232000000001" lon="-2.98769">
    <ele>93.42</ele>
   </trkpt>
   <trkpt lat="48.70235500247178" lon="-2.986935000410348">
    <ele>92.53</ele>
   </trkpt>
   <trkpt lat="48.70239" lon="-2.98618">
    <ele>92.06</ele>
   </trkpt>
   <trkpt lat="48.70239" lon="-2.98551">
    <ele>91.45</ele>
   </trkpt>
   <trkpt lat="48.702420000000004" lon="-2.9850000000000003">
    <ele>91.35</ele>
   </trkpt>
   <trkpt lat="48.70246" lon="-2.98476">
    <ele>91.19000000000001</ele>
   </trkpt>
   <trkpt lat="48.702540000000006" lon="-2.9845200000000003">
    <ele>91.19000000000001</ele>
   </trkpt>
   <trkpt lat="48.703045004374644" lon="-2.9835200099392525">
    <ele>90.9</ele>
   </trkpt>
   <trkpt lat="48.70355000000001" lon="-2.98252">
    <ele>89.99</ele>
   </trkpt>
   <trkpt lat="48.70373000000001" lon="-2.98172">
    <ele>89.00000000000001</ele>
   </trkpt>
   <trkpt lat="48.703900000000004" lon="-2.9813">
    <ele>87.59</ele>
   </trkpt>
   <trkpt lat="48.704" lon="-2.9811300000000003">
    <ele>87.59</ele>
   </trkpt>
   <trkpt lat="48.70416" lon="-2.98096">
    <ele>86.14</ele>
   </trkpt>
   <trkpt lat="48.70465" lon="-2.97983">
    <ele>84.60000000000001</ele>
   </trkpt>
   <trkpt lat="48.70474" lon="-2.9796">
    <ele>84.47</ele>
   </trkpt>
   <trkpt lat="48.704860000000004" lon="-2.97913">
    <ele>84.29</ele>
   </trkpt>
   <trkpt lat="48.704930000000004" lon="-2.97893">
    <ele>84.27000000000001</ele>
   </trkpt>
   <trkpt lat="48.705110000000005" lon="-2.97854">
    <ele>84.30000000000001</ele>
   </trkpt>
   <trkpt lat="48.705290000000005" lon="-2.9780300000000004">
    <ele>84.56</ele>
   </trkpt>
   <trkpt lat="48.7054700028054" lon="-2.977230002700491">
    <ele>84.91000000000001</ele>
   </trkpt>
   <trkpt lat="48.705650000000006" lon="-2.97643">
    <ele>85.47</ele>
   </trkpt>
   <trkpt lat="48.7058" lon="-2.97547">
    <ele>85.27000000000001</ele>
   </trkpt>
   <trkpt lat="48.705960002216244" lon="-2.974755002254314">
    <ele>85.66000000000001</ele>
   </trkpt>
   <trkpt lat="48.706120000000006" lon="-2.9740400000000005">
    <ele>85.89</ele>
   </trkpt>
   <trkpt lat="48.706250000000004" lon="-2.97371">
    <ele>85.99000000000001</ele>
   </trkpt>
   <trkpt lat="48.706320000000005" lon="-2.97357">
    <ele>85.99000000000001</ele>
   </trkpt>
   <trkpt lat="48.70642" lon="-2.97344">
    <ele>85.97</ele>
   </trkpt>
   <trkpt lat="48.70669" lon="-2.97316">
    <ele>85.43</ele>
   </trkpt>
   <trkpt lat="48.706810000000004" lon="-2.97296">
    <ele>85.17</ele>
   </trkpt>
   <trkpt lat="48.7071250025278" lon="-2.9721900049117567">
    <ele>82.28</ele>
   </trkpt>
   <trkpt lat="48.707440000000005" lon="-2.97142">
    <ele>80.28</ele>
   </trkpt>
   <trkpt lat="48.707710000000006" lon="-2.9709000000000003">
    <ele>77.17</ele>
   </trkpt>
   <trkpt lat="48.70781" lon="-2.97061">
    <ele>76.47000000000001</ele>
   </trkpt>
   <trkpt lat="48.70806" lon="-2.96939">
    <ele>75.99</ele>
   </trkpt>
   <trkpt lat="48.708200000000005" lon="-2.9681200000000003">
    <ele>78.11000000000001</ele>
   </trkpt>
   <trkpt lat="48.70823000000001" lon="-2.96733">
    <ele>78.53</ele>
   </trkpt>
   <trkpt lat="48.708270000000006" lon="-2.9669600000000003">
    <ele>78.58000000000001</ele>
   </trkpt>
   <trkpt lat="48.708420000000004" lon="-2.967">
    <ele>77.79</ele>
   </trkpt>
   <trkpt lat="48.70888" lon="-2.9669900000000005">
    <ele>76.91000000000001</ele>
   </trkpt>
   <trkpt lat="48.708980000000004" lon="-2.96695">
    <ele>76.91000000000001</ele>
   </trkpt>
   <trkpt lat="48.70917000000001" lon="-2.96686">
    <ele>77.01</ele>
   </trkpt>
   <trkpt lat="48.70937000000001" lon="-2.96666">
    <ele>77.53</ele>
   </trkpt>
   <trkpt lat="48.709790000000005" lon="-2.96645">
    <ele>79.02000000000001</ele>
   </trkpt>
   <trkpt lat="48.710080000000005" lon="-2.9663500000000003">
    <ele>78.98</ele>
   </trkpt>
   <trkpt lat="48.71056" lon="-2.9663100000000004">
    <ele>76.95</ele>
   </trkpt>
   <trkpt lat="48.711020000000005" lon="-2.9662">
    <ele>75.65</ele>
   </trkpt>
   <trkpt lat="48.71112" lon="-2.96611">
    <ele>75.65</ele>
   </trkpt>
   <trkpt lat="48.71126" lon="-2.96626">
    <ele>74.41</ele>
   </trkpt>
   <trkpt lat="48.711380000000005" lon="-2.96614">
    <ele>74.41</ele>
   </trkpt>
   <trkpt lat="48.711890000000004" lon="-2.96611">
    <ele>70.04</ele>
   </trkpt>
   <trkpt lat="48.71209" lon="-2.96607">
    <ele>67.5</ele>
   </trkpt>
   <trkpt lat="48.71238" lon="-2.96598">
    <ele>65.67</ele>
   </trkpt>
   <trkpt lat="48.712810000000005" lon="-2.96578">
    <ele>63.13</ele>
   </trkpt>
   <trkpt lat="48.71304000000001" lon="-2.96558">
    <ele>62.26</ele>
   </trkpt>
   <trkpt lat="48.713190000000004" lon="-2.9654100000000003">
    <ele>61.84</ele>
   </trkpt>
   <trkpt lat="48.713420000000006" lon="-2.96512">
    <ele>60.29</ele>
   </trkpt>
   <trkpt lat="48.713530000000006" lon="-2.96491">
    <ele>59.690000000000005</ele>
   </trkpt>
   <trkpt lat="48.71369000000001" lon="-2.96444">
    <ele>59.17000000000001</ele>
   </trkpt>
   <trkpt lat="48.713770000000004" lon="-2.96429">
    <ele>59.190000000000005</ele>
   </trkpt>
   <trkpt lat="48.713820000000005" lon="-2.9642100000000005">
    <ele>59.35000000000001</ele>
   </trkpt>
   <trkpt lat="48.713860000000004" lon="-2.96409">
    <ele>59.95</ele>
   </trkpt>
   <trkpt lat="48.713860000000004" lon="-2.9639800000000003">
    <ele>59.95</ele>
   </trkpt>
   <trkpt lat="48.713750000000005" lon="-2.96375">
    <ele>60.97</ele>
   </trkpt>
   <trkpt lat="48.71369000000001" lon="-2.9635200000000004">
    <ele>62.42</ele>
   </trkpt>
   <trkpt lat="48.71369000000001" lon="-2.96321">
    <ele>63.660000000000004</ele>
   </trkpt>
   <trkpt lat="48.71374" lon="-2.96239">
    <ele>67.48</ele>
   </trkpt>
   <trkpt lat="48.71379" lon="-2.96198">
    <ele>70.3</ele>
   </trkpt>
   <trkpt lat="48.713910000000006" lon="-2.9615">
    <ele>73.47000000000001</ele>
   </trkpt>
   <trkpt lat="48.71397" lon="-2.96132">
    <ele>75.25000000000001</ele>
   </trkpt>
   <trkpt lat="48.71414" lon="-2.9610100000000004">
    <ele>77.34</ele>
   </trkpt>
   <trkpt lat="48.71419" lon="-2.96069">
    <ele>78.52000000000001</ele>
   </trkpt>
   <trkpt lat="48.71421" lon="-2.96036">
    <ele>78.86</ele>
   </trkpt>
   <trkpt lat="48.71397" lon="-2.95906">
    <ele>81.09</ele>
   </trkpt>
   <trkpt lat="48.713930000000005" lon="-2.9589600000000003">
    <ele>82.4</ele>
   </trkpt>
   <trkpt lat="48.71374" lon="-2.95873">
    <ele>83.38000000000001</ele>
   </trkpt>
   <trkpt lat="48.713640000000005" lon="-2.9585800000000004">
    <ele>83.38000000000001</ele>
   </trkpt>
   <trkpt lat="48.713570000000004" lon="-2.9583500000000003">
    <ele>84.65</ele>
   </trkpt>
   <trkpt lat="48.713530000000006" lon="-2.95813">
    <ele>85.18</ele>
   </trkpt>
   <trkpt lat="48.71345" lon="-2.95739">
    <ele>86.21000000000001</ele>
   </trkpt>
   <trkpt lat="48.713330000000006" lon="-2.95738">
    <ele>86.14</ele>
   </trkpt>
   <trkpt lat="48.713260000000005" lon="-2.9571500000000004">
    <ele>86.08</ele>
   </trkpt>
   <trkpt lat="48.713150000000006" lon="-2.9566600000000003">
    <ele>86.11</ele>
   </trkpt>
   <trkpt lat="48.713060000000006" lon="-2.9564100000000004">
    <ele>86.13000000000001</ele>
   </trkpt>
   <trkpt lat="48.712970000000006" lon="-2.95622">
    <ele>86.27000000000001</ele>
   </trkpt>
   <trkpt lat="48.71278" lon="-2.95588">
    <ele>86.27000000000001</ele>
   </trkpt>
   <trkpt lat="48.71241500096656" lon="-2.9554549971322857">
    <ele>86.49000000000001</ele>
   </trkpt>
   <trkpt lat="48.712050000000005" lon="-2.9550300000000003">
    <ele>87.14</ele>
   </trkpt>
   <trkpt lat="48.71122500021351" lon="-2.954854997147793">
    <ele>87.88000000000001</ele>
   </trkpt>
   <trkpt lat="48.71040000000001" lon="-2.95468">
    <ele>88.43</ele>
   </trkpt>
   <trkpt lat="48.710150000000006" lon="-2.95461">
    <ele>89.00000000000001</ele>
   </trkpt>
   <trkpt lat="48.70964000000001" lon="-2.9543800000000005">
    <ele>91.06</ele>
   </trkpt>
   <trkpt lat="48.70967" lon="-2.9530700000000003">
    <ele>90.66</ele>
   </trkpt>
   <trkpt lat="48.70966000000001" lon="-2.9524500000000002">
    <ele>90.74</ele>
   </trkpt>
   <trkpt lat="48.70962" lon="-2.95229">
    <ele>90.74</ele>
   </trkpt>
   <trkpt lat="48.70958" lon="-2.95222">
    <ele>90.72000000000001</ele>
   </trkpt>
   <trkpt lat="48.70946000000001" lon="-2.9521">
    <ele>90.73</ele>
   </trkpt>
   <trkpt lat="48.70926" lon="-2.9520500000000003">
    <ele>90.92</ele>
   </trkpt>
   <trkpt lat="48.70917000000001" lon="-2.9519800000000003">
    <ele>90.92</ele>
   </trkpt>
   <trkpt lat="48.70910000000001" lon="-2.95188">
    <ele>91.02</ele>
   </trkpt>
   <trkpt lat="48.70908000000001" lon="-2.9517700000000002">
    <ele>91.02</ele>
   </trkpt>
   <trkpt lat="48.709135007377135" lon="-2.950465001225216">
    <ele>92.2</ele>
   </trkpt>
   <trkpt lat="48.70919000000001" lon="-2.9491600000000004">
    <ele>94.48</ele>
   </trkpt>
   <trkpt lat="48.70917000000001" lon="-2.94877">
    <ele>95.27000000000001</ele>
   </trkpt>
   <trkpt lat="48.70915" lon="-2.9486700000000003">
    <ele>95.27000000000001</ele>
   </trkpt>
   <trkpt lat="48.70955000347295" lon="-2.9477700072258486">
    <ele>95.0</ele>
   </trkpt>
   <trkpt lat="48.709950000000006" lon="-2.94687">
    <ele>93.98</ele>
   </trkpt>
   <trkpt lat="48.710060000000006" lon="-2.9465800000000004">
    <ele>93.93</ele>
   </trkpt>
   <trkpt lat="48.71012" lon="-2.94605">
    <ele>94.39</ele>
   </trkpt>
   <trkpt lat="48.710190000000004" lon="-2.9449300000000003">
    <ele>94.74000000000001</ele>
   </trkpt>
   <trkpt lat="48.71029" lon="-2.94403">
    <ele>93.88000000000001</ele>
   </trkpt>
   <trkpt lat="48.71038" lon="-2.94356">
    <ele>93.91000000000001</ele>
   </trkpt>
   <trkpt lat="48.71052" lon="-2.9430500000000004">
    <ele>93.67</ele>
   </trkpt>
   <trkpt lat="48.710770000000004" lon="-2.94233">
    <ele>93.61000000000001</ele>
   </trkpt>
   <trkpt lat="48.711060001962245" lon="-2.941645004108675">
    <ele>93.54</ele>
   </trkpt>
   <trkpt lat="48.71135" lon="-2.94096">
    <ele>90.93</ele>
   </trkpt>
   <trkpt lat="48.71157" lon="-2.94004">
    <ele>89.42000000000002</ele>
   </trkpt>
   <trkpt lat="48.71157" lon="-2.9400600000000003">
    <ele>89.42000000000002</ele>
   </trkpt>
   <trkpt lat="48.71177" lon="-2.93934">
    <ele>89.22</ele>
   </trkpt>
   <trkpt lat="48.711920000000006" lon="-2.93873">
    <ele>89.10000000000001</ele>
   </trkpt>
   <trkpt lat="48.71193" lon="-2.9385600000000003">
    <ele>88.9</ele>
   </trkpt>
   <trkpt lat="48.71191" lon="-2.93805">
    <ele>88.07000000000001</ele>
   </trkpt>
   <trkpt lat="48.71195" lon="-2.9378400000000005">
    <ele>88.07000000000001</ele>
   </trkpt>
   <trkpt lat="48.71201000000001" lon="-2.9377700000000004">
    <ele>87.59</ele>
   </trkpt>
   <trkpt lat="48.712270000000004" lon="-2.93765">
    <ele>87.22</ele>
   </trkpt>
   <trkpt lat="48.71233" lon="-2.93759">
    <ele>87.22</ele>
   </trkpt>
   <trkpt lat="48.7124" lon="-2.9374700000000002">
    <ele>87.10000000000001</ele>
   </trkpt>
   <trkpt lat="48.71237000000001" lon="-2.93683">
    <ele>87.66</ele>
   </trkpt>
   <trkpt lat="48.71233" lon="-2.93663">
    <ele>87.01</ele>
   </trkpt>
   <trkpt lat="48.71226" lon="-2.93649">
    <ele>86.69</ele>
   </trkpt>
   <trkpt lat="48.71206" lon="-2.93622">
    <ele>86.05</ele>
   </trkpt>
   <trkpt lat="48.71188" lon="-2.9357">
    <ele>85.65</ele>
   </trkpt>
   <trkpt lat="48.711760000000005" lon="-2.93547">
    <ele>85.65</ele>
   </trkpt>
   <trkpt lat="48.7117" lon="-2.9353900000000004">
    <ele>85.67</ele>
   </trkpt>
   <trkpt lat="48.71137" lon="-2.93493">
    <ele>85.95000000000002</ele>
   </trkpt>
   <trkpt lat="48.71121" lon="-2.9347900000000005">
    <ele>86.03</ele>
   </trkpt>
   <trkpt lat="48.710620000000006" lon="-2.93441">
    <ele>86.24000000000001</ele>
   </trkpt>
   <trkpt lat="48.710550000000005" lon="-2.93428">
    <ele>86.17</ele>
   </trkpt>
   <trkpt lat="48.71052" lon="-2.93372">
    <ele>85.64</ele>
   </trkpt>
   <trkpt lat="48.71069000000001" lon="-2.9330000000000003">
    <ele>84.64</ele>
   </trkpt>
   <trkpt lat="48.71079" lon="-2.93238">
    <ele>83.57000000000001</ele>
   </trkpt>
   <trkpt lat="48.71076" lon="-2.93208">
    <ele>82.94000000000001</ele>
   </trkpt>
   <trkpt lat="48.7107" lon="-2.93202">
    <ele>82.64</ele>
   </trkpt>
   <trkpt lat="48.71059" lon="-2.93197">
    <ele>82.38000000000001</ele>
   </trkpt>
   <trkpt lat="48.710080000000005" lon="-2.93189">
    <ele>81.46000000000001</ele>
   </trkpt>
   <trkpt lat="48.709990000000005" lon="-2.93195">
    <ele>81.27000000000001</ele>
   </trkpt>
   <trkpt lat="48.70957000000001" lon="-2.93196">
    <ele>80.03</ele>
   </trkpt>
   <trkpt lat="48.70937000000001" lon="-2.9320000000000004">
    <ele>79.99000000000001</ele>
   </trkpt>
   <trkpt lat="48.70935" lon="-2.9320000000000004">
    <ele>79.98</ele>
   </trkpt>
   <trkpt lat="48.70926" lon="-2.93202">
    <ele>79.9</ele>
   </trkpt>
   <trkpt lat="48.709140000000005" lon="-2.93202">
    <ele>79.7</ele>
   </trkpt>
   <trkpt lat="48.709050000000005" lon="-2.93203">
    <ele>79.28</ele>
   </trkpt>
   <trkpt lat="48.708360000000006" lon="-2.9318500000000003">
    <ele>78.09</ele>
   </trkpt>
   <trkpt lat="48.707820000000005" lon="-2.9316600000000004">
    <ele>77.83000000000001</ele>
   </trkpt>
   <trkpt lat="48.707770000000004" lon="-2.9316600000000004">
    <ele>77.76</ele>
   </trkpt>
   <trkpt lat="48.707570000000004" lon="-2.9317">
    <ele>75.63</ele>
   </trkpt>
   <trkpt lat="48.70721" lon="-2.9318400000000002">
    <ele>74.16</ele>
   </trkpt>
   <trkpt lat="48.707040000000006" lon="-2.9319400000000004">
    <ele>74.99</ele>
   </trkpt>
   <trkpt lat="48.70682" lon="-2.93222">
    <ele>76.76</ele>
   </trkpt>
   <trkpt lat="48.70646000000001" lon="-2.9327900000000002">
    <ele>78.46</ele>
   </trkpt>
   <trkpt lat="48.70635" lon="-2.93291">
    <ele>78.94000000000001</ele>
   </trkpt>
   <trkpt lat="48.70608000000001" lon="-2.93299">
    <ele>80.5</ele>
   </trkpt>
   <trkpt lat="48.70561000000001" lon="-2.9331">
    <ele>83.28</ele>
   </trkpt>
   <trkpt lat="48.70548" lon="-2.93319">
    <ele>83.98000000000002</ele>
   </trkpt>
   <trkpt lat="48.70543000000001" lon="-2.93325">
    <ele>84.09</ele>
   </trkpt>
   <trkpt lat="48.70509000210554" lon="-2.9339300043844356">
    <ele>84.58</ele>
   </trkpt>
   <trkpt lat="48.704750000000004" lon="-2.93461">
    <ele>84.44</ele>
   </trkpt>
   <trkpt lat="48.70449000000001" lon="-2.93529">
    <ele>82.43</ele>
   </trkpt>
   <trkpt lat="48.703950000000006" lon="-2.9349200000000004">
    <ele>78.56</ele>
   </trkpt>
   <trkpt lat="48.70384000000001" lon="-2.9348300000000003">
    <ele>78.48</ele>
   </trkpt>
   <trkpt lat="48.70362" lon="-2.93459">
    <ele>78.47000000000001</ele>
   </trkpt>
   <trkpt lat="48.703210000000006" lon="-2.93393">
    <ele>80.74000000000001</ele>
   </trkpt>
   <trkpt lat="48.70291" lon="-2.93364">
    <ele>81.24000000000001</ele>
   </trkpt>
   <trkpt lat="48.7025" lon="-2.9334100000000003">
    <ele>82.15</ele>
   </trkpt>
   <trkpt lat="48.702420000000004" lon="-2.93331">
    <ele>82.13000000000001</ele>
   </trkpt>
   <trkpt lat="48.70237" lon="-2.93318">
    <ele>82.09</ele>
   </trkpt>
   <trkpt lat="48.702310000000004" lon="-2.93292">
    <ele>81.85000000000001</ele>
   </trkpt>
   <trkpt lat="48.70224" lon="-2.93222">
    <ele>80.63000000000001</ele>
   </trkpt>
   <trkpt lat="48.70214000000001" lon="-2.93161">
    <ele>78.94000000000001</ele>
   </trkpt>
   <trkpt lat="48.702000000000005" lon="-2.93114">
    <ele>77.49</ele>
   </trkpt>
   <trkpt lat="48.7019" lon="-2.93093">
    <ele>76.94000000000001</ele>
   </trkpt>
   <trkpt lat="48.7017" lon="-2.9307200000000004">
    <ele>76.4</ele>
   </trkpt>
   <trkpt lat="48.70141" lon="-2.93055">
    <ele>77.14</ele>
   </trkpt>
   <trkpt lat="48.70129000000001" lon="-2.9304500000000004">
    <ele>78.69000000000001</ele>
   </trkpt>
   <trkpt lat="48.70118" lon="-2.93026">
    <ele>79.26</ele>
   </trkpt>
   <trkpt lat="48.701100000000004" lon="-2.92992">
    <ele>78.85000000000001</ele>
   </trkpt>
   <trkpt lat="48.701" lon="-2.9290700000000003">
    <ele>77.01</ele>
   </trkpt>
   <trkpt lat="48.700970000000005" lon="-2.92892">
    <ele>76.54</ele>
   </trkpt>
   <trkpt lat="48.70078" lon="-2.92836">
    <ele>75.6</ele>
   </trkpt>
   <trkpt lat="48.700720000000004" lon="-2.92802">
    <ele>74.25000000000001</ele>
   </trkpt>
   <trkpt lat="48.70073000000001" lon="-2.92789">
    <ele>74.25000000000001</ele>
   </trkpt>
   <trkpt lat="48.700790000000005" lon="-2.92769">
    <ele>73.94</ele>
   </trkpt>
   <trkpt lat="48.700950000000006" lon="-2.92741">
    <ele>73.4</ele>
   </trkpt>
   <trkpt lat="48.700990000000004" lon="-2.92728">
    <ele>72.78000000000002</ele>
   </trkpt>
   <trkpt lat="48.70102000000001" lon="-2.9270600000000004">
    <ele>72.37</ele>
   </trkpt>
   <trkpt lat="48.701" lon="-2.92674">
    <ele>72.05</ele>
   </trkpt>
   <trkpt lat="48.70087" lon="-2.92639">
    <ele>70.7</ele>
   </trkpt>
   <trkpt lat="48.70065" lon="-2.92594">
    <ele>69.78</ele>
   </trkpt>
   <trkpt lat="48.700570000000006" lon="-2.9257400000000002">
    <ele>69.52000000000001</ele>
   </trkpt>
   <trkpt lat="48.70028000000001" lon="-2.92491">
    <ele>69.33</ele>
   </trkpt>
   <trkpt lat="48.70027" lon="-2.92449">
    <ele>69.33</ele>
   </trkpt>
   <trkpt lat="48.70046000000001" lon="-2.9236600000000004">
    <ele>69.86</ele>
   </trkpt>
   <trkpt lat="48.70074" lon="-2.92368">
    <ele>69.91</ele>
   </trkpt>
   <trkpt lat="48.701260000000005" lon="-2.9237400000000004">
    <ele>71.38</ele>
   </trkpt>
   <trkpt lat="48.70140000000001" lon="-2.92335">
    <ele>71.56000000000002</ele>
   </trkpt>
   <trkpt lat="48.701510000000006" lon="-2.92274">
    <ele>71.85000000000001</ele>
   </trkpt>
   <trkpt lat="48.7015" lon="-2.92246">
    <ele>72.23</ele>
   </trkpt>
   <trkpt lat="48.70141" lon="-2.92165">
    <ele>73.87</ele>
   </trkpt>
   <trkpt lat="48.70138000000001" lon="-2.92153">
    <ele>73.87</ele>
   </trkpt>
   <trkpt lat="48.70099000341552" lon="-2.920639993076941">
    <ele>75.58000000000001</ele>
   </trkpt>
   <trkpt lat="48.7006" lon="-2.91975">
    <ele>75.6</ele>
   </trkpt>
   <trkpt lat="48.70055000000001" lon="-2.9197800000000003">
    <ele>75.6</ele>
   </trkpt>
   <trkpt lat="48.70049" lon="-2.9197800000000003">
    <ele>75.16</ele>
   </trkpt>
   <trkpt lat="48.700190000000006" lon="-2.91968">
    <ele>74.73</ele>
   </trkpt>
   <trkpt lat="48.699960000000004" lon="-2.9197">
    <ele>74.86000000000001</ele>
   </trkpt>
   <trkpt lat="48.699850000000005" lon="-2.91975">
    <ele>75.14000000000001</ele>
   </trkpt>
   <trkpt lat="48.699760000000005" lon="-2.9199100000000002">
    <ele>75.25000000000001</ele>
   </trkpt>
   <trkpt lat="48.69970000000001" lon="-2.9202500000000002">
    <ele>75.45</ele>
   </trkpt>
   <trkpt lat="48.699630000000006" lon="-2.9204200000000005">
    <ele>75.55000000000001</ele>
   </trkpt>
   <trkpt lat="48.69946" lon="-2.92058">
    <ele>75.78</ele>
   </trkpt>
   <trkpt lat="48.69933" lon="-2.9206800000000004">
    <ele>76.37</ele>
   </trkpt>
   <trkpt lat="48.69914000000001" lon="-2.92076">
    <ele>76.59</ele>
   </trkpt>
   <trkpt lat="48.69901" lon="-2.9208000000000003">
    <ele>76.99</ele>
   </trkpt>
   <trkpt lat="48.69885000000001" lon="-2.9209">
    <ele>77.43</ele>
   </trkpt>
   <trkpt lat="48.698530000000005" lon="-2.92097">
    <ele>78.76</ele>
   </trkpt>
   <trkpt lat="48.6979000000511" lon="-2.920975000062171">
    <ele>81.0</ele>
   </trkpt>
   <trkpt lat="48.69727" lon="-2.92098">
    <ele>83.16000000000001</ele>
   </trkpt>
   <trkpt lat="48.69713" lon="-2.9210300000000005">
    <ele>83.57000000000001</ele>
   </trkpt>
   <trkpt lat="48.697" lon="-2.92097">
    <ele>83.68</ele>
   </trkpt>
   <trkpt lat="48.69684" lon="-2.9209300000000002">
    <ele>83.68</ele>
   </trkpt>
   <trkpt lat="48.69642" lon="-2.92097">
    <ele>83.85000000000001</ele>
   </trkpt>
   <trkpt lat="48.696020000000004" lon="-2.92097">
    <ele>84.54</ele>
   </trkpt>
   <trkpt lat="48.69536500017918" lon="-2.9210050004460775">
    <ele>86.52000000000001</ele>
   </trkpt>
   <trkpt lat="48.69471" lon="-2.92104">
    <ele>88.65</ele>
   </trkpt>
   <trkpt lat="48.694570000000006" lon="-2.9209">
    <ele>88.78000000000002</ele>
   </trkpt>
   <trkpt lat="48.694390000000006" lon="-2.9204200000000005">
    <ele>88.48</ele>
   </trkpt>
   <trkpt lat="48.694125001487016" lon="-2.9198099965058386">
    <ele>88.07000000000001</ele>
   </trkpt>
   <trkpt lat="48.69386" lon="-2.9192">
    <ele>88.18</ele>
   </trkpt>
   <trkpt lat="48.69357" lon="-2.9187900000000004">
    <ele>84.99000000000001</ele>
   </trkpt>
   <trkpt lat="48.69352000000001" lon="-2.91853">
    <ele>84.23000000000002</ele>
   </trkpt>
   <trkpt lat="48.69359000000001" lon="-2.91806">
    <ele>83.18</ele>
   </trkpt>
   <trkpt lat="48.69352000000001" lon="-2.9178">
    <ele>84.0</ele>
   </trkpt>
   <trkpt lat="48.69292" lon="-2.91697">
    <ele>87.81000000000002</ele>
   </trkpt>
   <trkpt lat="48.69286" lon="-2.91683">
    <ele>87.97</ele>
   </trkpt>
   <trkpt lat="48.69272" lon="-2.9162500000000002">
    <ele>87.97</ele>
   </trkpt>
   <trkpt lat="48.69265" lon="-2.91611">
    <ele>87.91</ele>
   </trkpt>
   <trkpt lat="48.69213000383992" lon="-2.915439986102803">
    <ele>88.25000000000001</ele>
   </trkpt>
   <trkpt lat="48.691610003794864" lon="-2.9147699860449583">
    <ele>87.39</ele>
   </trkpt>
   <trkpt lat="48.69109" lon="-2.9141000000000004">
    <ele>86.29</ele>
   </trkpt>
   <trkpt lat="48.69044" lon="-2.9134">
    <ele>87.57000000000001</ele>
   </trkpt>
   <trkpt lat="48.69014000000001" lon="-2.91311">
    <ele>88.43</ele>
   </trkpt>
   <trkpt lat="48.689870000000006" lon="-2.91304">
    <ele>88.87</ele>
   </trkpt>
   <trkpt lat="48.68911000000001" lon="-2.9129400000000003">
    <ele>90.91</ele>
   </trkpt>
   <trkpt lat="48.689020000000006" lon="-2.9128900000000004">
    <ele>91.31</ele>
   </trkpt>
   <trkpt lat="48.688950000000006" lon="-2.91272">
    <ele>91.9</ele>
   </trkpt>
   <trkpt lat="48.68892" lon="-2.9125300000000003">
    <ele>91.9</ele>
   </trkpt>
   <trkpt lat="48.688930000000006" lon="-2.91204">
    <ele>92.99</ele>
   </trkpt>
   <trkpt lat="48.68900000000001" lon="-2.91148">
    <ele>94.09</ele>
   </trkpt>
   <trkpt lat="48.68898" lon="-2.91127">
    <ele>94.58000000000001</ele>
   </trkpt>
   <trkpt lat="48.68894" lon="-2.9111300000000004">
    <ele>94.58000000000001</ele>
   </trkpt>
   <trkpt lat="48.688660000000006" lon="-2.9104">
    <ele>97.17</ele>
   </trkpt>
   <trkpt lat="48.68862000000001" lon="-2.91035">
    <ele>97.17</ele>
   </trkpt>
   <trkpt lat="48.68851" lon="-2.9105900000000005">
    <ele>97.27000000000001</ele>
   </trkpt>
   <trkpt lat="48.68809" lon="-2.91175">
    <ele>97.99000000000001</ele>
   </trkpt>
   <trkpt lat="48.68761000000001" lon="-2.9125500000000004">
    <ele>97.95</ele>
   </trkpt>
   <trkpt lat="48.68741000000001" lon="-2.91297">
    <ele>98.15</ele>
   </trkpt>
   <trkpt lat="48.68715" lon="-2.91332">
    <ele>98.10000000000001</ele>
   </trkpt>
   <trkpt lat="48.68706" lon="-2.91351">
    <ele>97.96000000000001</ele>
   </trkpt>
   <trkpt lat="48.686800000000005" lon="-2.9142200000000003">
    <ele>98.02000000000001</ele>
   </trkpt>
   <trkpt lat="48.686600000000006" lon="-2.9146">
    <ele>98.37</ele>
   </trkpt>
   <trkpt lat="48.686510000000006" lon="-2.91473">
    <ele>99.0</ele>
   </trkpt>
   <trkpt lat="48.68612500085703" lon="-2.9151750034018624">
    <ele>99.62000000000002</ele>
   </trkpt>
   <trkpt lat="48.68574" lon="-2.91562">
    <ele>99.79</ele>
   </trkpt>
   <trkpt lat="48.685460000000006" lon="-2.91609">
    <ele>99.37000000000002</ele>
   </trkpt>
   <trkpt lat="48.68518" lon="-2.9165">
    <ele>98.9</ele>
   </trkpt>
   <trkpt lat="48.68504" lon="-2.91679">
    <ele>98.78</ele>
   </trkpt>
   <trkpt lat="48.68479000169157" lon="-2.917420003192672">
    <ele>99.47</ele>
   </trkpt>
   <trkpt lat="48.684540000000005" lon="-2.91805">
    <ele>100.30000000000001</ele>
   </trkpt>
   <trkpt lat="48.68432000000001" lon="-2.91839">
    <ele>101.38000000000001</ele>
   </trkpt>
   <trkpt lat="48.68422" lon="-2.9185200000000004">
    <ele>101.38000000000001</ele>
   </trkpt>
   <trkpt lat="48.68368" lon="-2.91909">
    <ele>102.02000000000001</ele>
   </trkpt>
   <trkpt lat="48.68323" lon="-2.9197100000000002">
    <ele>102.23</ele>
   </trkpt>
   <trkpt lat="48.68281" lon="-2.92015">
    <ele>102.48</ele>
   </trkpt>
   <trkpt lat="48.682610000000004" lon="-2.92036">
    <ele>102.69</ele>
   </trkpt>
   <trkpt lat="48.68236" lon="-2.9206600000000003">
    <ele>102.57000000000001</ele>
   </trkpt>
   <trkpt lat="48.68193" lon="-2.9217700000000004">
    <ele>101.24000000000001</ele>
   </trkpt>
   <trkpt lat="48.68178" lon="-2.9221000000000004">
    <ele>101.02000000000001</ele>
   </trkpt>
   <trkpt lat="48.68142500122356" lon="-2.922635003793375">
    <ele>101.17</ele>
   </trkpt>
   <trkpt lat="48.681070000000005" lon="-2.9231700000000003">
    <ele>102.31000000000002</ele>
   </trkpt>
   <trkpt lat="48.68075" lon="-2.92356">
    <ele>103.63000000000001</ele>
   </trkpt>
   <trkpt lat="48.68057" lon="-2.9237400000000004">
    <ele>103.44</ele>
   </trkpt>
   <trkpt lat="48.680070000491135" lon="-2.9240600031457054">
    <ele>101.18</ele>
   </trkpt>
   <trkpt lat="48.679570000000005" lon="-2.92438">
    <ele>97.72</ele>
   </trkpt>
   <trkpt lat="48.67945" lon="-2.92449">
    <ele>97.5</ele>
   </trkpt>
   <trkpt lat="48.67938" lon="-2.92457">
    <ele>97.34</ele>
   </trkpt>
   <trkpt lat="48.67936" lon="-2.92444">
    <ele>97.41000000000001</ele>
   </trkpt>
   <trkpt lat="48.67933000000001" lon="-2.92437">
    <ele>97.41000000000001</ele>
   </trkpt>
   <trkpt lat="48.67922000216647" lon="-2.9236599983529556">
    <ele>96.97000000000001</ele>
   </trkpt>
   <trkpt lat="48.67911" lon="-2.92295">
    <ele>97.05000000000001</ele>
   </trkpt>
   <trkpt lat="48.67884" lon="-2.9217600000000004">
    <ele>98.10000000000001</ele>
   </trkpt>
   <trkpt lat="48.678760000000004" lon="-2.9217600000000004">
    <ele>98.10000000000001</ele>
   </trkpt>
   <trkpt lat="48.67850000000001" lon="-2.9218300000000004">
    <ele>97.75</ele>
   </trkpt>
   <trkpt lat="48.678250000000006" lon="-2.92187">
    <ele>97.74000000000001</ele>
   </trkpt>
   <trkpt lat="48.67806" lon="-2.92187">
    <ele>97.80000000000001</ele>
   </trkpt>
   <trkpt lat="48.67795" lon="-2.9218400000000004">
    <ele>97.80000000000001</ele>
   </trkpt>
   <trkpt lat="48.67735500009604" lon="-2.9216449976743544">
    <ele>95.45</ele>
   </trkpt>
   <trkpt lat="48.67676" lon="-2.92145">
    <ele>92.13</ele>
   </trkpt>
   <trkpt lat="48.67645" lon="-2.92131">
    <ele>89.28000000000002</ele>
   </trkpt>
   <trkpt lat="48.6758" lon="-2.9209">
    <ele>87.83</ele>
   </trkpt>
   <trkpt lat="48.6756" lon="-2.9208100000000004">
    <ele>87.77</ele>
   </trkpt>
   <trkpt lat="48.67544" lon="-2.92079">
    <ele>88.49000000000001</ele>
   </trkpt>
   <trkpt lat="48.67501000000001" lon="-2.9205400000000004">
    <ele>88.76</ele>
   </trkpt>
   <trkpt lat="48.67501000000001" lon="-2.9205300000000003">
    <ele>88.75000000000001</ele>
   </trkpt>
   <trkpt lat="48.67544" lon="-2.92079">
    <ele>88.02</ele>
   </trkpt>
   <trkpt lat="48.6756" lon="-2.9208100000000004">
    <ele>87.77</ele>
   </trkpt>
   <trkpt lat="48.675250000000005" lon="-2.92153">
    <ele>84.65</ele>
   </trkpt>
   <trkpt lat="48.67506" lon="-2.9220200000000003">
    <ele>81.38000000000001</ele>
   </trkpt>
   <trkpt lat="48.67493" lon="-2.9225600000000003">
    <ele>78.38000000000001</ele>
   </trkpt>
   <trkpt lat="48.67493" lon="-2.92293">
    <ele>77.67</ele>
   </trkpt>
   <trkpt lat="48.67502" lon="-2.9234000000000004">
    <ele>78.06</ele>
   </trkpt>
   <trkpt lat="48.675160000000005" lon="-2.9237400000000004">
    <ele>79.46000000000001</ele>
   </trkpt>
   <trkpt lat="48.67524" lon="-2.9240100000000004">
    <ele>81.84</ele>
   </trkpt>
   <trkpt lat="48.675670000000004" lon="-2.9246800000000004">
    <ele>87.01</ele>
   </trkpt>
   <trkpt lat="48.675760000000004" lon="-2.92485">
    <ele>88.39000000000001</ele>
   </trkpt>
   <trkpt lat="48.675830000000005" lon="-2.9251">
    <ele>89.65</ele>
   </trkpt>
   <trkpt lat="48.67591" lon="-2.9255000000000004">
    <ele>91.16</ele>
   </trkpt>
   <trkpt lat="48.67602" lon="-2.9263600000000003">
    <ele>93.15</ele>
   </trkpt>
   <trkpt lat="48.67611" lon="-2.9272">
    <ele>93.9</ele>
   </trkpt>
   <trkpt lat="48.676140000000004" lon="-2.9276000000000004">
    <ele>93.98</ele>
   </trkpt>
   <trkpt lat="48.67613" lon="-2.92789">
    <ele>93.98</ele>
   </trkpt>
   <trkpt lat="48.67658" lon="-2.9279800000000002">
    <ele>96.06</ele>
   </trkpt>
   <trkpt lat="48.67634" lon="-2.92919">
    <ele>95.92999999999999</ele>
   </trkpt>
   <trkpt lat="48.676140000000004" lon="-2.92911">
    <ele>94.81</ele>
   </trkpt>
   <trkpt lat="48.67597000390116" lon="-2.9300650034786835">
    <ele>93.73</ele>
   </trkpt>
   <trkpt lat="48.6758" lon="-2.93102">
    <ele>93.1</ele>
   </trkpt>
   <trkpt lat="48.67575" lon="-2.9312">
    <ele>92.94000000000001</ele>
   </trkpt>
   <trkpt lat="48.67577000000001" lon="-2.93128">
    <ele>92.94000000000001</ele>
   </trkpt>
   <trkpt lat="48.675760000000004" lon="-2.93134">
    <ele>92.84</ele>
   </trkpt>
   <trkpt lat="48.67573" lon="-2.9313900000000004">
    <ele>92.84</ele>
   </trkpt>
   <trkpt lat="48.675650000000005" lon="-2.93141">
    <ele>92.02</ele>
   </trkpt>
   <trkpt lat="48.6756" lon="-2.93135">
    <ele>92.02</ele>
   </trkpt>
   <trkpt lat="48.67549" lon="-2.9314500000000003">
    <ele>91.58000000000001</ele>
   </trkpt>
   <trkpt lat="48.675290000000004" lon="-2.9316000000000004">
    <ele>90.53000000000002</ele>
   </trkpt>
   <trkpt lat="48.67481" lon="-2.93175">
    <ele>87.24000000000001</ele>
   </trkpt>
   <trkpt lat="48.67455" lon="-2.93169">
    <ele>85.59000000000002</ele>
   </trkpt>
   <trkpt lat="48.674290000000006" lon="-2.93161">
    <ele>85.02000000000001</ele>
   </trkpt>
   <trkpt lat="48.67407000000001" lon="-2.9315800000000003">
    <ele>84.29</ele>
   </trkpt>
   <trkpt lat="48.67326999989755" lon="-2.931630000800999">
    <ele>81.78</ele>
   </trkpt>
   <trkpt lat="48.672470000000004" lon="-2.93168">
    <ele>81.21000000000001</ele>
   </trkpt>
   <trkpt lat="48.67208" lon="-2.93162">
    <ele>81.02000000000001</ele>
   </trkpt>
   <trkpt lat="48.671800000000005" lon="-2.93155">
    <ele>80.49000000000001</ele>
   </trkpt>
   <trkpt lat="48.671620000000004" lon="-2.93147">
    <ele>79.69000000000001</ele>
   </trkpt>
   <trkpt lat="48.67128" lon="-2.93128">
    <ele>78.12</ele>
   </trkpt>
   <trkpt lat="48.67107000000001" lon="-2.93114">
    <ele>77.23</ele>
   </trkpt>
   <trkpt lat="48.670770000000005" lon="-2.93087">
    <ele>76.29</ele>
   </trkpt>
   <trkpt lat="48.670480000000005" lon="-2.93053">
    <ele>74.64000000000001</ele>
   </trkpt>
   <trkpt lat="48.670280000000005" lon="-2.93026">
    <ele>73.49</ele>
   </trkpt>
   <trkpt lat="48.66986000000001" lon="-2.9308">
    <ele>70.49000000000001</ele>
   </trkpt>
   <trkpt lat="48.66968000000001" lon="-2.9309000000000003">
    <ele>69.63000000000001</ele>
   </trkpt>
   <trkpt lat="48.66928" lon="-2.931">
    <ele>67.99000000000001</ele>
   </trkpt>
   <trkpt lat="48.66913" lon="-2.93101">
    <ele>67.76</ele>
   </trkpt>
   <trkpt lat="48.66877" lon="-2.9311100000000003">
    <ele>68.04</ele>
   </trkpt>
   <trkpt lat="48.66839" lon="-2.93127">
    <ele>68.33</ele>
   </trkpt>
   <trkpt lat="48.667880000000004" lon="-2.9314000000000004">
    <ele>69.18</ele>
   </trkpt>
   <trkpt lat="48.667440000000006" lon="-2.93154">
    <ele>70.23</ele>
   </trkpt>
   <trkpt lat="48.66734" lon="-2.93155">
    <ele>70.64</ele>
   </trkpt>
   <trkpt lat="48.66718" lon="-2.93154">
    <ele>70.73</ele>
   </trkpt>
   <trkpt lat="48.66687" lon="-2.93148">
    <ele>70.10000000000001</ele>
   </trkpt>
   <trkpt lat="48.666500000000006" lon="-2.93134">
    <ele>69.74000000000001</ele>
   </trkpt>
   <trkpt lat="48.66628000000001" lon="-2.93129">
    <ele>69.41</ele>
   </trkpt>
   <trkpt lat="48.66578499996643" lon="-2.9312149992545637">
    <ele>68.43</ele>
   </trkpt>
   <trkpt lat="48.665290000000006" lon="-2.93114">
    <ele>65.72</ele>
   </trkpt>
   <trkpt lat="48.66514" lon="-2.93115">
    <ele>64.93</ele>
   </trkpt>
   <trkpt lat="48.664910000000006" lon="-2.93135">
    <ele>63.06</ele>
   </trkpt>
   <trkpt lat="48.664440000000006" lon="-2.93204">
    <ele>62.160000000000004</ele>
   </trkpt>
   <trkpt lat="48.664350000000006" lon="-2.93215">
    <ele>62.28</ele>
   </trkpt>
   <trkpt lat="48.664010000000005" lon="-2.9324700000000004">
    <ele>63.37000000000001</ele>
   </trkpt>
   <trkpt lat="48.66344" lon="-2.93297">
    <ele>64.07000000000001</ele>
   </trkpt>
   <trkpt lat="48.66322" lon="-2.9330700000000003">
    <ele>65.5</ele>
   </trkpt>
   <trkpt lat="48.663070000000005" lon="-2.9331">
    <ele>66.08</ele>
   </trkpt>
   <trkpt lat="48.662960000000005" lon="-2.9331">
    <ele>67.65</ele>
   </trkpt>
   <trkpt lat="48.6627" lon="-2.9330600000000002">
    <ele>69.41</ele>
   </trkpt>
   <trkpt lat="48.66257" lon="-2.9330700000000003">
    <ele>69.97</ele>
   </trkpt>
   <trkpt lat="48.6621" lon="-2.9332700000000003">
    <ele>72.17000000000002</ele>
   </trkpt>
   <trkpt lat="48.66127" lon="-2.93344">
    <ele>76.99</ele>
   </trkpt>
   <trkpt lat="48.660720000000005" lon="-2.93358">
    <ele>79.23</ele>
   </trkpt>
   <trkpt lat="48.66053" lon="-2.93358">
    <ele>79.85000000000001</ele>
   </trkpt>
   <trkpt lat="48.660160000000005" lon="-2.93353">
    <ele>80.39</ele>
   </trkpt>
   <trkpt lat="48.660000000000004" lon="-2.9335700000000005">
    <ele>80.92</ele>
   </trkpt>
   <trkpt lat="48.659710000000004" lon="-2.93364">
    <ele>81.33000000000001</ele>
   </trkpt>
   <trkpt lat="48.65923" lon="-2.93385">
    <ele>83.42</ele>
   </trkpt>
   <trkpt lat="48.65894" lon="-2.9339100000000005">
    <ele>83.35000000000001</ele>
   </trkpt>
   <trkpt lat="48.65833999996034" lon="-2.933899999761274">
    <ele>83.12</ele>
   </trkpt>
   <trkpt lat="48.657739999919784" lon="-2.9338899997606025">
    <ele>83.80000000000001</ele>
   </trkpt>
   <trkpt lat="48.657140000000005" lon="-2.9338800000000003">
    <ele>84.29</ele>
   </trkpt>
   <trkpt lat="48.65663499999584" lon="-2.933824999447165">
    <ele>85.14</ele>
   </trkpt>
   <trkpt lat="48.656130000000005" lon="-2.9337700000000004">
    <ele>85.67</ele>
   </trkpt>
   <trkpt lat="48.65531000096579" lon="-2.9340060153535688">
    <ele>87.07000000000001</ele>
   </trkpt>
   <trkpt lat="48.65449000144944" lon="-2.9342420230296593">
    <ele>88.81000000000002</ele>
   </trkpt>
   <trkpt lat="48.65367000145098" lon="-2.9344780230287397">
    <ele>90.8</ele>
   </trkpt>
   <trkpt lat="48.652850000970446" lon="-2.934714015351277">
    <ele>92.27</ele>
   </trkpt>
   <trkpt lat="48.65203" lon="-2.93495">
    <ele>93.07000000000001</ele>
   </trkpt>
   <trkpt lat="48.65187" lon="-2.93508">
    <ele>93.12</ele>
   </trkpt>
   <trkpt lat="48.651770000000006" lon="-2.93536">
    <ele>93.12</ele>
   </trkpt>
   <trkpt lat="48.65175000000001" lon="-2.93575">
    <ele>92.80000000000001</ele>
   </trkpt>
   <trkpt lat="48.65174000918277" lon="-2.936780000431571">
    <ele>92.89000000000001</ele>
   </trkpt>
   <trkpt lat="48.651730009182536" lon="-2.9378100004547707">
    <ele>92.42</ele>
   </trkpt>
   <trkpt lat="48.651720000000005" lon="-2.9388400000000003">
    <ele>90.52</ele>
   </trkpt>
   <trkpt lat="48.651650000000004" lon="-2.93907">
    <ele>89.93</ele>
   </trkpt>
   <trkpt lat="48.65144" lon="-2.93934">
    <ele>89.44</ele>
   </trkpt>
   <trkpt lat="48.651180000000004" lon="-2.9394000000000005">
    <ele>88.49000000000001</ele>
   </trkpt>
   <trkpt lat="48.65059" lon="-2.93927">
    <ele>87.68</ele>
   </trkpt>
   <trkpt lat="48.65003000005495" lon="-2.939204999282379">
    <ele>87.88000000000001</ele>
   </trkpt>
   <trkpt lat="48.64947" lon="-2.93914">
    <ele>88.62</ele>
   </trkpt>
   <trkpt lat="48.64891500021784" lon="-2.9389549979870906">
    <ele>89.65</ele>
   </trkpt>
   <trkpt lat="48.648360000000004" lon="-2.9387700000000003">
    <ele>90.43</ele>
   </trkpt>
   <trkpt lat="48.64770000000001" lon="-2.93859">
    <ele>91.45</ele>
   </trkpt>
   <trkpt lat="48.64721" lon="-2.9387900000000005">
    <ele>90.7</ele>
   </trkpt>
   <trkpt lat="48.646639999978966" lon="-2.938880001026106">
    <ele>90.44</ele>
   </trkpt>
   <trkpt lat="48.64607" lon="-2.9389700000000003">
    <ele>90.76</ele>
   </trkpt>
   <trkpt lat="48.64567" lon="-2.939">
    <ele>91.31</ele>
   </trkpt>
   <trkpt lat="48.645070000000004" lon="-2.9392600000000004">
    <ele>91.7</ele>
   </trkpt>
   <trkpt lat="48.64434500026893" lon="-2.9395050035188257">
    <ele>92.18</ele>
   </trkpt>
   <trkpt lat="48.643620000000006" lon="-2.93975">
    <ele>91.48</ele>
   </trkpt>
   <trkpt lat="48.64321" lon="-2.93988">
    <ele>91.28000000000002</ele>
   </trkpt>
   <trkpt lat="48.64262" lon="-2.93981">
    <ele>90.77</ele>
   </trkpt>
   <trkpt lat="48.64186" lon="-2.93995">
    <ele>88.97</ele>
   </trkpt>
   <trkpt lat="48.64119" lon="-2.9400100000000005">
    <ele>86.81000000000002</ele>
   </trkpt>
   <trkpt lat="48.640375000193046" lon="-2.939794996524308">
    <ele>87.61</ele>
   </trkpt>
   <trkpt lat="48.63956" lon="-2.9395800000000003">
    <ele>87.45000000000002</ele>
   </trkpt>
   <trkpt lat="48.639250000000004" lon="-2.9395200000000004">
    <ele>87.24000000000001</ele>
   </trkpt>
   <trkpt lat="48.63911" lon="-2.9395100000000003">
    <ele>87.24000000000001</ele>
   </trkpt>
   <trkpt lat="48.63832000000001" lon="-2.9395000000000002">
    <ele>86.99000000000001</ele>
   </trkpt>
   <trkpt lat="48.63776499997779" lon="-2.939620001338504">
    <ele>86.56000000000002</ele>
   </trkpt>
   <trkpt lat="48.63721" lon="-2.93974">
    <ele>86.31000000000002</ele>
   </trkpt>
   <trkpt lat="48.63703" lon="-2.93968">
    <ele>85.97</ele>
   </trkpt>
   <trkpt lat="48.63687" lon="-2.93954">
    <ele>85.22</ele>
   </trkpt>
   <trkpt lat="48.63673000000001" lon="-2.9394400000000003">
    <ele>84.06</ele>
   </trkpt>
   <trkpt lat="48.63667" lon="-2.93943">
    <ele>84.06</ele>
   </trkpt>
   <trkpt lat="48.63656" lon="-2.93954">
    <ele>83.46000000000001</ele>
   </trkpt>
   <trkpt lat="48.63624" lon="-2.9401">
    <ele>82.19000000000001</ele>
   </trkpt>
   <trkpt lat="48.63609" lon="-2.94008">
    <ele>81.7</ele>
   </trkpt>
   <trkpt lat="48.63534000000001" lon="-2.9398400000000002">
    <ele>77.17</ele>
   </trkpt>
   <trkpt lat="48.6347" lon="-2.93955">
    <ele>72.76</ele>
   </trkpt>
   <trkpt lat="48.63459" lon="-2.93955">
    <ele>72.72</ele>
   </trkpt>
   <trkpt lat="48.63454" lon="-2.9395700000000002">
    <ele>72.54</ele>
   </trkpt>
   <trkpt lat="48.63445" lon="-2.9395100000000003">
    <ele>72.27</ele>
   </trkpt>
   <trkpt lat="48.63443" lon="-2.93935">
    <ele>72.17000000000002</ele>
   </trkpt>
   <trkpt lat="48.63448" lon="-2.9392500000000004">
    <ele>72.15</ele>
   </trkpt>
   <trkpt lat="48.634550000000004" lon="-2.9392300000000002">
    <ele>72.15</ele>
   </trkpt>
   <trkpt lat="48.63459" lon="-2.9392500000000004">
    <ele>72.72</ele>
   </trkpt>
   <trkpt lat="48.63481" lon="-2.9387200000000004">
    <ele>73.95</ele>
   </trkpt>
   <trkpt lat="48.63488" lon="-2.93832">
    <ele>76.66000000000001</ele>
   </trkpt>
   <trkpt lat="48.63488" lon="-2.9374100000000003">
    <ele>80.23</ele>
   </trkpt>
   <trkpt lat="48.63494000274888" lon="-2.936610001234018">
    <ele>82.0</ele>
   </trkpt>
   <trkpt lat="48.635000000000005" lon="-2.93581">
    <ele>84.21000000000001</ele>
   </trkpt>
   <trkpt lat="48.63501" lon="-2.9353700000000003">
    <ele>85.42</ele>
   </trkpt>
   <trkpt lat="48.634980000000006" lon="-2.93468">
    <ele>87.03000000000002</ele>
   </trkpt>
   <trkpt lat="48.634840000000004" lon="-2.93338">
    <ele>86.08</ele>
   </trkpt>
   <trkpt lat="48.634820000000005" lon="-2.93297">
    <ele>85.71000000000001</ele>
   </trkpt>
   <trkpt lat="48.634890000000006" lon="-2.9323">
    <ele>85.77000000000001</ele>
   </trkpt>
   <trkpt lat="48.63503500263147" lon="-2.931525002057381">
    <ele>86.81000000000002</ele>
   </trkpt>
   <trkpt lat="48.635180000000005" lon="-2.93075">
    <ele>88.64000000000001</ele>
   </trkpt>
   <trkpt lat="48.635220000000004" lon="-2.93046">
    <ele>89.05</ele>
   </trkpt>
   <trkpt lat="48.63524" lon="-2.93013">
    <ele>89.62</ele>
   </trkpt>
   <trkpt lat="48.63523000000001" lon="-2.92979">
    <ele>89.62</ele>
   </trkpt>
   <trkpt lat="48.635130000000004" lon="-2.9291">
    <ele>90.46000000000001</ele>
   </trkpt>
   <trkpt lat="48.6351" lon="-2.9284800000000004">
    <ele>90.71000000000001</ele>
   </trkpt>
   <trkpt lat="48.634980000000006" lon="-2.92728">
    <ele>90.55</ele>
   </trkpt>
   <trkpt lat="48.63481" lon="-2.9264900000000003">
    <ele>91.72000000000001</ele>
   </trkpt>
   <trkpt lat="48.63445" lon="-2.92525">
    <ele>95.14</ele>
   </trkpt>
   <trkpt lat="48.63432" lon="-2.9247">
    <ele>96.07000000000001</ele>
   </trkpt>
   <trkpt lat="48.63429000000001" lon="-2.92422">
    <ele>96.66000000000001</ele>
   </trkpt>
   <trkpt lat="48.634325004731494" lon="-2.9231750005779977">
    <ele>97.88000000000001</ele>
   </trkpt>
   <trkpt lat="48.63436" lon="-2.92213">
    <ele>97.94000000000001</ele>
   </trkpt>
   <trkpt lat="48.63432500576734" lon="-2.9209749989793377">
    <ele>97.80000000000001</ele>
   </trkpt>
   <trkpt lat="48.63429000000001" lon="-2.91982">
    <ele>97.59</ele>
   </trkpt>
   <trkpt lat="48.63429000000001" lon="-2.91941">
    <ele>97.87</ele>
   </trkpt>
   <trkpt lat="48.63440000760276" lon="-2.9180850028411616">
    <ele>98.43</ele>
   </trkpt>
   <trkpt lat="48.634510000000006" lon="-2.91676">
    <ele>99.08</ele>
   </trkpt>
   <trkpt lat="48.63456" lon="-2.9163500000000004">
    <ele>99.08</ele>
   </trkpt>
   <trkpt lat="48.634640000000005" lon="-2.91595">
    <ele>98.88000000000001</ele>
   </trkpt>
   <trkpt lat="48.63474" lon="-2.91561">
    <ele>98.85000000000001</ele>
   </trkpt>
   <trkpt lat="48.6349" lon="-2.9151700000000003">
    <ele>98.87</ele>
   </trkpt>
   <trkpt lat="48.635290000000005" lon="-2.91439">
    <ele>99.28</ele>
   </trkpt>
   <trkpt lat="48.635540000000006" lon="-2.91352">
    <ele>100.0</ele>
   </trkpt>
   <trkpt lat="48.63561000000001" lon="-2.91297">
    <ele>100.35000000000001</ele>
   </trkpt>
   <trkpt lat="48.63561000000001" lon="-2.9121900000000003">
    <ele>101.29</ele>
   </trkpt>
   <trkpt lat="48.635540000000006" lon="-2.91094">
    <ele>102.28</ele>
   </trkpt>
   <trkpt lat="48.63544334751772" lon="-2.9096599951159443">
    <ele>102.29</ele>
   </trkpt>
   <trkpt lat="48.635346680852585" lon="-2.9083799951367184">
    <ele>101.64</ele>
   </trkpt>
   <trkpt lat="48.635250000000006" lon="-2.9071000000000002">
    <ele>101.41000000000001</ele>
   </trkpt>
   <trkpt lat="48.635165002860255" lon="-2.9062849984862122">
    <ele>101.07000000000001</ele>
   </trkpt>
   <trkpt lat="48.63508" lon="-2.90547">
    <ele>100.89</ele>
   </trkpt>
   <trkpt lat="48.635110000000005" lon="-2.90519">
    <ele>100.87</ele>
   </trkpt>
   <trkpt lat="48.63514000000001" lon="-2.90504">
    <ele>100.87</ele>
   </trkpt>
   <trkpt lat="48.63524" lon="-2.90477">
    <ele>100.53</ele>
   </trkpt>
   <trkpt lat="48.63542" lon="-2.9043900000000002">
    <ele>100.48000000000002</ele>
   </trkpt>
   <trkpt lat="48.63598" lon="-2.90334">
    <ele>100.59000000000002</ele>
   </trkpt>
   <trkpt lat="48.63655000000001" lon="-2.90246">
    <ele>100.51</ele>
   </trkpt>
   <trkpt lat="48.63718" lon="-2.90167">
    <ele>100.52000000000001</ele>
   </trkpt>
   <trkpt lat="48.63752" lon="-2.90131">
    <ele>100.31</ele>
   </trkpt>
   <trkpt lat="48.6379" lon="-2.90083">
    <ele>99.65</ele>
   </trkpt>
   <trkpt lat="48.638110000000005" lon="-2.9005">
    <ele>98.97</ele>
   </trkpt>
   <trkpt lat="48.63823000000001" lon="-2.90018">
    <ele>98.11</ele>
   </trkpt>
   <trkpt lat="48.6383" lon="-2.89995">
    <ele>97.60000000000001</ele>
   </trkpt>
   <trkpt lat="48.63856500645357" lon="-2.8987250066266963">
    <ele>94.55000000000001</ele>
   </trkpt>
   <trkpt lat="48.638830000000006" lon="-2.8975000000000004">
    <ele>93.48</ele>
   </trkpt>
   <trkpt lat="48.638960000000004" lon="-2.89706">
    <ele>91.84</ele>
   </trkpt>
   <trkpt lat="48.639100000000006" lon="-2.89664">
    <ele>90.96000000000001</ele>
   </trkpt>
   <trkpt lat="48.639210000000006" lon="-2.8964100000000004">
    <ele>90.52</ele>
   </trkpt>
   <trkpt lat="48.63947" lon="-2.89596">
    <ele>89.58</ele>
   </trkpt>
   <trkpt lat="48.640070002487704" lon="-2.895210008854774">
    <ele>89.59</ele>
   </trkpt>
   <trkpt lat="48.64067000000001" lon="-2.89446">
    <ele>89.89000000000001</ele>
   </trkpt>
   <trkpt lat="48.64079" lon="-2.8942500000000004">
    <ele>89.3</ele>
   </trkpt>
   <trkpt lat="48.64088" lon="-2.89399">
    <ele>88.93</ele>
   </trkpt>
   <trkpt lat="48.64115" lon="-2.89277">
    <ele>85.05</ele>
   </trkpt>
   <trkpt lat="48.64143000000001" lon="-2.89182">
    <ele>83.65</ele>
   </trkpt>
   <trkpt lat="48.64148" lon="-2.8915100000000002">
    <ele>83.62000000000002</ele>
   </trkpt>
   <trkpt lat="48.64144" lon="-2.89121">
    <ele>83.06</ele>
   </trkpt>
   <trkpt lat="48.641450000000006" lon="-2.89114">
    <ele>82.62</ele>
   </trkpt>
   <trkpt lat="48.641420000000004" lon="-2.8910000000000005">
    <ele>82.62</ele>
   </trkpt>
   <trkpt lat="48.6413" lon="-2.89067">
    <ele>81.57000000000001</ele>
   </trkpt>
   <trkpt lat="48.641180000000006" lon="-2.8904">
    <ele>80.84</ele>
   </trkpt>
   <trkpt lat="48.641000000000005" lon="-2.89008">
    <ele>80.37</ele>
   </trkpt>
   <trkpt lat="48.640530000000005" lon="-2.8897100000000004">
    <ele>81.44000000000001</ele>
   </trkpt>
   <trkpt lat="48.64029000000001" lon="-2.88958">
    <ele>82.23</ele>
   </trkpt>
   <trkpt lat="48.64012" lon="-2.8894">
    <ele>82.41000000000001</ele>
   </trkpt>
   <trkpt lat="48.63996" lon="-2.88919">
    <ele>82.44000000000001</ele>
   </trkpt>
   <trkpt lat="48.63958" lon="-2.88858">
    <ele>82.48</ele>
   </trkpt>
   <trkpt lat="48.63915" lon="-2.8880100000000004">
    <ele>82.38000000000001</ele>
   </trkpt>
   <trkpt lat="48.638720000000006" lon="-2.88756">
    <ele>82.12</ele>
   </trkpt>
   <trkpt lat="48.638160000000006" lon="-2.88716">
    <ele>81.0</ele>
   </trkpt>
   <trkpt lat="48.63794000000001" lon="-2.88687">
    <ele>80.37</ele>
   </trkpt>
   <trkpt lat="48.63779" lon="-2.8864500000000004">
    <ele>80.35000000000001</ele>
   </trkpt>
   <trkpt lat="48.63772" lon="-2.88587">
    <ele>82.23</ele>
   </trkpt>
   <trkpt lat="48.637710000000006" lon="-2.8847600000000004">
    <ele>82.2</ele>
   </trkpt>
   <trkpt lat="48.63759000211567" lon="-2.8840649984917586">
    <ele>80.35000000000001</ele>
   </trkpt>
   <trkpt lat="48.63747000000001" lon="-2.88337">
    <ele>79.10000000000001</ele>
   </trkpt>
   <trkpt lat="48.637330000000006" lon="-2.8828">
    <ele>77.84</ele>
   </trkpt>
   <trkpt lat="48.63720000000001" lon="-2.88248">
    <ele>76.79</ele>
   </trkpt>
   <trkpt lat="48.63694" lon="-2.88199">
    <ele>75.86000000000001</ele>
   </trkpt>
   <trkpt lat="48.63664000000001" lon="-2.8810800000000003">
    <ele>74.55</ele>
   </trkpt>
   <trkpt lat="48.63623000481918" lon="-2.880024991430481">
    <ele>76.01</ele>
   </trkpt>
   <trkpt lat="48.63582" lon="-2.8789700000000003">
    <ele>79.69000000000001</ele>
   </trkpt>
   <trkpt lat="48.635470000000005" lon="-2.87813">
    <ele>81.04</ele>
   </trkpt>
   <trkpt lat="48.6353" lon="-2.87781">
    <ele>82.32000000000001</ele>
   </trkpt>
   <trkpt lat="48.63497" lon="-2.8773700000000004">
    <ele>83.46000000000001</ele>
   </trkpt>
   <trkpt lat="48.63463" lon="-2.8769400000000003">
    <ele>85.34000000000002</ele>
   </trkpt>
   <trkpt lat="48.634260000000005" lon="-2.8765300000000003">
    <ele>86.41</ele>
   </trkpt>
   <trkpt lat="48.63378500142804" lon="-2.875939994347672">
    <ele>87.63000000000001</ele>
   </trkpt>
   <trkpt lat="48.63331" lon="-2.87535">
    <ele>87.82000000000001</ele>
   </trkpt>
   <trkpt lat="48.633140000000004" lon="-2.8751800000000003">
    <ele>87.92000000000002</ele>
   </trkpt>
   <trkpt lat="48.632630000000006" lon="-2.87494">
    <ele>87.42000000000002</ele>
   </trkpt>
   <trkpt lat="48.632145000453505" lon="-2.874584996520297">
    <ele>86.17</ele>
   </trkpt>
   <trkpt lat="48.631660000000004" lon="-2.8742300000000003">
    <ele>84.59000000000002</ele>
   </trkpt>
   <trkpt lat="48.631550000000004" lon="-2.87413">
    <ele>84.59000000000002</ele>
   </trkpt>
   <trkpt lat="48.631280000000004" lon="-2.87365">
    <ele>80.82000000000001</ele>
   </trkpt>
   <trkpt lat="48.63114" lon="-2.8733400000000002">
    <ele>79.98</ele>
   </trkpt>
   <trkpt lat="48.63107" lon="-2.87311">
    <ele>79.35000000000001</ele>
   </trkpt>
   <trkpt lat="48.63092500263175" lon="-2.8723299977498917">
    <ele>78.29</ele>
   </trkpt>
   <trkpt lat="48.63078" lon="-2.87155">
    <ele>76.56</ele>
   </trkpt>
   <trkpt lat="48.630770000000005" lon="-2.8709000000000002">
    <ele>75.82000000000001</ele>
   </trkpt>
   <trkpt lat="48.63055000000001" lon="-2.8705800000000004">
    <ele>74.84</ele>
   </trkpt>
   <trkpt lat="48.63035000000001" lon="-2.87033">
    <ele>74.45</ele>
   </trkpt>
   <trkpt lat="48.630390000000006" lon="-2.8702">
    <ele>74.45</ele>
   </trkpt>
   <trkpt lat="48.63046000000001" lon="-2.8700900000000003">
    <ele>74.19</ele>
   </trkpt>
   <trkpt lat="48.63076" lon="-2.8698300000000003">
    <ele>74.15</ele>
   </trkpt>
   <trkpt lat="48.631130000000006" lon="-2.86947">
    <ele>73.19</ele>
   </trkpt>
   <trkpt lat="48.631350000000005" lon="-2.86897">
    <ele>72.7</ele>
   </trkpt>
   <trkpt lat="48.631420000000006" lon="-2.8688300000000004">
    <ele>72.61</ele>
   </trkpt>
   <trkpt lat="48.632090000000005" lon="-2.86816">
    <ele>71.99000000000001</ele>
   </trkpt>
   <trkpt lat="48.63223000000001" lon="-2.86796">
    <ele>71.99000000000001</ele>
   </trkpt>
   <trkpt lat="48.632490000000004" lon="-2.86743">
    <ele>71.78000000000002</ele>
   </trkpt>
   <trkpt lat="48.63298001404606" lon="-2.8663900302970537">
    <ele>70.8</ele>
   </trkpt>
   <trkpt lat="48.633470018729525" lon="-2.8653500403937096">
    <ele>69.86</ele>
   </trkpt>
   <trkpt lat="48.633960014050075" lon="-2.864310030289616">
    <ele>68.35000000000001</ele>
   </trkpt>
   <trkpt lat="48.63445" lon="-2.8632700000000004">
    <ele>67.55</ele>
   </trkpt>
   <trkpt lat="48.63481" lon="-2.86255">
    <ele>67.08</ele>
   </trkpt>
   <trkpt lat="48.635090000000005" lon="-2.8620200000000002">
    <ele>67.35000000000001</ele>
   </trkpt>
   <trkpt lat="48.63571" lon="-2.86111">
    <ele>66.66000000000001</ele>
   </trkpt>
   <trkpt lat="48.63602" lon="-2.8607">
    <ele>66.61</ele>
   </trkpt>
   <trkpt lat="48.6364" lon="-2.8602900000000004">
    <ele>66.47</ele>
   </trkpt>
   <trkpt lat="48.63682000000001" lon="-2.8599">
    <ele>66.51</ele>
   </trkpt>
   <trkpt lat="48.636950000000006" lon="-2.85982">
    <ele>66.51</ele>
   </trkpt>
   <trkpt lat="48.63772" lon="-2.85942">
    <ele>65.91000000000001</ele>
   </trkpt>
   <trkpt lat="48.63834000000001" lon="-2.85914">
    <ele>66.33</ele>
   </trkpt>
   <trkpt lat="48.63862" lon="-2.85896">
    <ele>66.7</ele>
   </trkpt>
   <trkpt lat="48.638740000000006" lon="-2.85883">
    <ele>66.59</ele>
   </trkpt>
   <trkpt lat="48.639100000000006" lon="-2.85828">
    <ele>66.36</ele>
   </trkpt>
   <trkpt lat="48.63962500212985" lon="-2.8575950070002625">
    <ele>64.64</ele>
   </trkpt>
   <trkpt lat="48.640150000000006" lon="-2.85691">
    <ele>61.77</ele>
   </trkpt>
   <trkpt lat="48.64038000000001" lon="-2.8564700000000003">
    <ele>61.32000000000001</ele>
   </trkpt>
   <trkpt lat="48.64049000000001" lon="-2.85616">
    <ele>61.03000000000001</ele>
   </trkpt>
   <trkpt lat="48.640770003809344" lon="-2.8552100056019842">
    <ele>61.35</ele>
   </trkpt>
   <trkpt lat="48.64105000000001" lon="-2.85426">
    <ele>61.6</ele>
   </trkpt>
   <trkpt lat="48.641295004375195" lon="-2.853250005070516">
    <ele>59.96000000000001</ele>
   </trkpt>
   <trkpt lat="48.641540000000006" lon="-2.85224">
    <ele>55.300000000000004</ele>
   </trkpt>
   <trkpt lat="48.641630000000006" lon="-2.85196">
    <ele>53.77</ele>
   </trkpt>
   <trkpt lat="48.64171" lon="-2.8518100000000004">
    <ele>53.77</ele>
   </trkpt>
   <trkpt lat="48.64182" lon="-2.85169">
    <ele>51.85000000000001</ele>
   </trkpt>
   <trkpt lat="48.64197" lon="-2.85162">
    <ele>48.970000000000006</ele>
   </trkpt>
   <trkpt lat="48.642540000000004" lon="-2.85169">
    <ele>45.53</ele>
   </trkpt>
   <trkpt lat="48.64278" lon="-2.85169">
    <ele>43.95</ele>
   </trkpt>
   <trkpt lat="48.64282000000001" lon="-2.8516700000000004">
    <ele>43.95</ele>
   </trkpt>
   <trkpt lat="48.642810000000004" lon="-2.8516700000000004">
    <ele>44.0</ele>
   </trkpt>
   <trkpt lat="48.64296" lon="-2.85162">
    <ele>41.68</ele>
   </trkpt>
   <trkpt lat="48.643150000000006" lon="-2.85151">
    <ele>41.68</ele>
   </trkpt>
   <trkpt lat="48.64378000000001" lon="-2.85087">
    <ele>37.53</ele>
   </trkpt>
   <trkpt lat="48.64397" lon="-2.85074">
    <ele>38.150000000000006</ele>
   </trkpt>
   <trkpt lat="48.64417" lon="-2.85067">
    <ele>39.11000000000001</ele>
   </trkpt>
   <trkpt lat="48.644600000000004" lon="-2.85067">
    <ele>42.85000000000001</ele>
   </trkpt>
   <trkpt lat="48.64481000000001" lon="-2.85063">
    <ele>43.800000000000004</ele>
   </trkpt>
   <trkpt lat="48.645" lon="-2.8505700000000003">
    <ele>44.67</ele>
   </trkpt>
   <trkpt lat="48.645360000000004" lon="-2.8503900000000004">
    <ele>45.09</ele>
   </trkpt>
   <trkpt lat="48.64555000000001" lon="-2.85022">
    <ele>44.94</ele>
   </trkpt>
   <trkpt lat="48.64574" lon="-2.84999">
    <ele>44.480000000000004</ele>
   </trkpt>
   <trkpt lat="48.64589" lon="-2.84973">
    <ele>43.93</ele>
   </trkpt>
   <trkpt lat="48.646010000000004" lon="-2.8494200000000003">
    <ele>43.71000000000001</ele>
   </trkpt>
   <trkpt lat="48.64609" lon="-2.8491400000000002">
    <ele>43.39</ele>
   </trkpt>
   <trkpt lat="48.646240000000006" lon="-2.8479">
    <ele>42.99</ele>
   </trkpt>
   <trkpt lat="48.646280000000004" lon="-2.8477">
    <ele>42.93</ele>
   </trkpt>
   <trkpt lat="48.64645" lon="-2.84724">
    <ele>42.830000000000005</ele>
   </trkpt>
   <trkpt lat="48.6467" lon="-2.84674">
    <ele>42.760000000000005</ele>
   </trkpt>
   <trkpt lat="48.646840000000005" lon="-2.84649">
    <ele>42.440000000000005</ele>
   </trkpt>
   <trkpt lat="48.64746" lon="-2.84572">
    <ele>42.260000000000005</ele>
   </trkpt>
   <trkpt lat="48.647580000000005" lon="-2.8455100000000004">
    <ele>42.230000000000004</ele>
   </trkpt>
   <trkpt lat="48.647830000000006" lon="-2.84491">
    <ele>41.7</ele>
   </trkpt>
   <trkpt lat="48.64793" lon="-2.8444700000000003">
    <ele>40.24</ele>
   </trkpt>
   <trkpt lat="48.64795" lon="-2.84419">
    <ele>37.95</ele>
   </trkpt>
   <trkpt lat="48.647940000000006" lon="-2.84364">
    <ele>35.69</ele>
   </trkpt>
   <trkpt lat="48.64790000000001" lon="-2.8425700000000003">
    <ele>33.18</ele>
   </trkpt>
   <trkpt lat="48.647960000000005" lon="-2.8416">
    <ele>32.040000000000006</ele>
   </trkpt>
   <trkpt lat="48.64808000000001" lon="-2.8409400000000002">
    <ele>31.740000000000002</ele>
   </trkpt>
   <trkpt lat="48.64829" lon="-2.84003">
    <ele>31.44</ele>
   </trkpt>
   <trkpt lat="48.64833" lon="-2.8390000000000004">
    <ele>30.050000000000004</ele>
   </trkpt>
   <trkpt lat="48.648270000000004" lon="-2.83901">
    <ele>30.050000000000004</ele>
   </trkpt>
   <trkpt lat="48.64822" lon="-2.83894">
    <ele>30.400000000000002</ele>
   </trkpt>
   <trkpt lat="48.64819000000001" lon="-2.83881">
    <ele>30.400000000000002</ele>
   </trkpt>
   <trkpt lat="48.64822" lon="-2.83869">
    <ele>30.480000000000004</ele>
   </trkpt>
   <trkpt lat="48.64824" lon="-2.8386600000000004">
    <ele>30.480000000000004</ele>
   </trkpt>
   <trkpt lat="48.64829" lon="-2.83862">
    <ele>30.140000000000004</ele>
   </trkpt>
   <trkpt lat="48.64837000000001" lon="-2.8386400000000003">
    <ele>30.140000000000004</ele>
   </trkpt>
   <trkpt lat="48.648450000000004" lon="-2.83828">
    <ele>29.66</ele>
   </trkpt>
   <trkpt lat="48.648520000000005" lon="-2.8376500000000004">
    <ele>29.01</ele>
   </trkpt>
   <trkpt lat="48.648810000000005" lon="-2.8373700000000004">
    <ele>27.21</ele>
   </trkpt>
  </trkseg>
 </trk>
</gpx>
