<?xml version="1.0" encoding="UTF-8"?>
<gpx creator="StravaGPX" version="1.1" xmlns="http://www.topografix.com/GPX/1/1" xmlns:xsi="http://www.w3.org/2001/XMLSchema-instance" xsi:schemaLocation="http://www.topografix.com/GPX/1/1 http://www.topografix.com/GPX/1/1/gpx.xsd">
 <metadata>
  <name>GoeloRides #2 - Le Tour de Saint-Quay</name>
  <desc>Binic -&gt; Lantic -&gt; Plourhan -&gt; Pléguien -&gt; Pludual -&gt; Pléhédel -&gt; Lanloup -&gt; Plouha (Trévros) -&gt; Plourhan -&gt; 
Saint-Quay-Portrieux</desc>
  <author>
   <name>Goëlo Rides</name>
   <link href="https://www.strava.com/athletes/182746908"/>
  </author>
  <copyright author="OpenStreetMap contributors">
   <year>2020</year>
   <license>https://www.openstreetmap.org/copyright</license>
  </copyright>
  <link href="https://www.strava.com/routes/3512743611172705474"/>
 </metadata>
 <trk>
  <name>GoeloRides #2 - Le Tour de Saint-Quay</name>
  <desc>Binic -&gt; Lantic -&gt; Plourhan -&gt; Pléguien -&gt; Pludual -&gt; Pléhédel -&gt; Lanloup -&gt; Plouha (Trévros) -&gt; Plourhan -&gt; 
Saint-Quay-Portrieux</desc>
  <link href="https://www.strava.com/routes/3512743611172705474"/>
  <type>cycling</type>
  <trkseg>
   <trkpt lat="48.655210000000004" lon="-2.8372900000000003">
    <ele>10.520000000000001</ele>
   </trkpt>
   <trkpt lat="48.654970000000006" lon="-2.83693">
    <ele>11.520000000000001</ele>
   </trkpt>
   <trkpt lat="48.654410000000006" lon="-2.8364300000000005">
    <ele>12.450000000000001</ele>
   </trkpt>
   <trkpt lat="48.65433" lon="-2.8364000000000003">
    <ele>12.55</ele>
   </trkpt>
   <trkpt lat="48.654300000000006" lon="-2.8362800000000004">
    <ele>12.72</ele>
   </trkpt>
   <trkpt lat="48.654270000000004" lon="-2.8356700000000004">
    <ele>14.8</ele>
   </trkpt>
   <trkpt lat="48.65395" lon="-2.83555">
    <ele>15.120000000000001</ele>
   </trkpt>
   <trkpt lat="48.65339" lon="-2.83524">
    <ele>17.53</ele>
   </trkpt>
   <trkpt lat="48.65328" lon="-2.83509">
    <ele>17.990000000000002</ele>
   </trkpt>
   <trkpt lat="48.652730000000005" lon="-2.8352700000000004">
    <ele>20.8</ele>
   </trkpt>
   <trkpt lat="48.65209" lon="-2.83562">
    <ele>25.93</ele>
   </trkpt>
   <trkpt lat="48.651790000000005" lon="-2.83576">
    <ele>28.1</ele>
   </trkpt>
   <trkpt lat="48.6516" lon="-2.83577">
    <ele>28.610000000000003</ele>
   </trkpt>
   <trkpt lat="48.65144" lon="-2.8357200000000002">
    <ele>28.720000000000002</ele>
   </trkpt>
   <trkpt lat="48.65129" lon="-2.8357">
    <ele>28.860000000000003</ele>
   </trkpt>
   <trkpt lat="48.651210000000006" lon="-2.8357">
    <ele>28.64</ele>
   </trkpt>
   <trkpt lat="48.650890000000004" lon="-2.83577">
    <ele>27.700000000000003</ele>
   </trkpt>
   <trkpt lat="48.650040000000004" lon="-2.8361">
    <ele>23.73</ele>
   </trkpt>
   <trkpt lat="48.64979" lon="-2.8363">
    <ele>23.6</ele>
   </trkpt>
   <trkpt lat="48.64949000000001" lon="-2.8366000000000002">
    <ele>23.87</ele>
   </trkpt>
   <trkpt lat="48.64904000000001" lon="-2.83714">
    <ele>25.32</ele>
   </trkpt>
   <trkpt lat="48.648520000000005" lon="-2.8376500000000004">
    <ele>29.01</ele>
   </trkpt>
   <trkpt lat="48.648450000000004" lon="-2.83828">
    <ele>29.66</ele>
   </trkpt>
   <trkpt lat="48.64837000000001" lon="-2.8386400000000003">
    <ele>30.140000000000004</ele>
   </trkpt>
   <trkpt lat="48.64844" lon="-2.8387800000000003">
    <ele>29.93</ele>
   </trkpt>
   <trkpt lat="48.648430000000005" lon="-2.83888">
    <ele>29.7</ele>
   </trkpt>
   <trkpt lat="48.648390000000006" lon="-2.83896">
    <ele>30.050000000000004</ele>
   </trkpt>
   <trkpt lat="48.64833" lon="-2.8390000000000004">
    <ele>30.050000000000004</ele>
   </trkpt>
   <trkpt lat="48.64829" lon="-2.84003">
    <ele>31.44</ele>
   </trkpt>
   <trkpt lat="48.64808000000001" lon="-2.8409400000000002">
    <ele>31.740000000000002</ele>
   </trkpt>
   <trkpt lat="48.647960000000005" lon="-2.8416">
    <ele>32.040000000000006</ele>
   </trkpt>
   <trkpt lat="48.64790000000001" lon="-2.8425700000000003">
    <ele>33.18</ele>
   </trkpt>
   <trkpt lat="48.647940000000006" lon="-2.84364">
    <ele>35.69</ele>
   </trkpt>
   <trkpt lat="48.64795" lon="-2.84419">
    <ele>37.95</ele>
   </trkpt>
   <trkpt lat="48.64793" lon="-2.8444700000000003">
    <ele>40.24</ele>
   </trkpt>
   <trkpt lat="48.647830000000006" lon="-2.84491">
    <ele>41.81000000000001</ele>
   </trkpt>
   <trkpt lat="48.647580000000005" lon="-2.8455100000000004">
    <ele>42.230000000000004</ele>
   </trkpt>
   <trkpt lat="48.64746" lon="-2.84572">
    <ele>42.260000000000005</ele>
   </trkpt>
   <trkpt lat="48.646840000000005" lon="-2.84649">
    <ele>42.440000000000005</ele>
   </trkpt>
   <trkpt lat="48.6467" lon="-2.84674">
    <ele>42.760000000000005</ele>
   </trkpt>
   <trkpt lat="48.64645" lon="-2.84724">
    <ele>42.830000000000005</ele>
   </trkpt>
   <trkpt lat="48.646280000000004" lon="-2.8477">
    <ele>42.93</ele>
   </trkpt>
   <trkpt lat="48.646240000000006" lon="-2.8479">
    <ele>42.99</ele>
   </trkpt>
   <trkpt lat="48.64609" lon="-2.8491400000000002">
    <ele>43.49</ele>
   </trkpt>
   <trkpt lat="48.646010000000004" lon="-2.8494200000000003">
    <ele>43.71000000000001</ele>
   </trkpt>
   <trkpt lat="48.64589" lon="-2.84973">
    <ele>43.93</ele>
   </trkpt>
   <trkpt lat="48.64574" lon="-2.84999">
    <ele>44.480000000000004</ele>
   </trkpt>
   <trkpt lat="48.64555000000001" lon="-2.85022">
    <ele>44.94</ele>
   </trkpt>
   <trkpt lat="48.645360000000004" lon="-2.8503900000000004">
    <ele>45.09</ele>
   </trkpt>
   <trkpt lat="48.645" lon="-2.8505700000000003">
    <ele>44.67</ele>
   </trkpt>
   <trkpt lat="48.64481000000001" lon="-2.85063">
    <ele>43.800000000000004</ele>
   </trkpt>
   <trkpt lat="48.644600000000004" lon="-2.85067">
    <ele>42.85000000000001</ele>
   </trkpt>
   <trkpt lat="48.64417" lon="-2.85067">
    <ele>39.11000000000001</ele>
   </trkpt>
   <trkpt lat="48.64397" lon="-2.85074">
    <ele>38.150000000000006</ele>
   </trkpt>
   <trkpt lat="48.64378000000001" lon="-2.85087">
    <ele>37.53</ele>
   </trkpt>
   <trkpt lat="48.643150000000006" lon="-2.85151">
    <ele>41.68</ele>
   </trkpt>
   <trkpt lat="48.64296" lon="-2.85162">
    <ele>44.15</ele>
   </trkpt>
   <trkpt lat="48.64278" lon="-2.85169">
    <ele>44.15</ele>
   </trkpt>
   <trkpt lat="48.642540000000004" lon="-2.85169">
    <ele>46.64</ele>
   </trkpt>
   <trkpt lat="48.64197" lon="-2.85162">
    <ele>51.85000000000001</ele>
   </trkpt>
   <trkpt lat="48.64182" lon="-2.85169">
    <ele>51.85000000000001</ele>
   </trkpt>
   <trkpt lat="48.64171" lon="-2.8518100000000004">
    <ele>53.77</ele>
   </trkpt>
   <trkpt lat="48.641630000000006" lon="-2.85196">
    <ele>54.71</ele>
   </trkpt>
   <trkpt lat="48.641540000000006" lon="-2.85224">
    <ele>55.300000000000004</ele>
   </trkpt>
   <trkpt lat="48.64129500445507" lon="-2.8532500047412026">
    <ele>60.46000000000001</ele>
   </trkpt>
   <trkpt lat="48.64105000000001" lon="-2.85426">
    <ele>61.6</ele>
   </trkpt>
   <trkpt lat="48.64077000400297" lon="-2.855210004945072">
    <ele>61.160000000000004</ele>
   </trkpt>
   <trkpt lat="48.64049000000001" lon="-2.85616">
    <ele>61.03000000000001</ele>
   </trkpt>
   <trkpt lat="48.64038000000001" lon="-2.8564700000000003">
    <ele>61.32000000000001</ele>
   </trkpt>
   <trkpt lat="48.640150000000006" lon="-2.85691">
    <ele>62.09</ele>
   </trkpt>
   <trkpt lat="48.63962500193193" lon="-2.857595007258506">
    <ele>64.64</ele>
   </trkpt>
   <trkpt lat="48.639100000000006" lon="-2.85828">
    <ele>66.47</ele>
   </trkpt>
   <trkpt lat="48.638740000000006" lon="-2.85883">
    <ele>66.7</ele>
   </trkpt>
   <trkpt lat="48.63862" lon="-2.85896">
    <ele>66.7</ele>
   </trkpt>
   <trkpt lat="48.63834000000001" lon="-2.85914">
    <ele>66.14</ele>
   </trkpt>
   <trkpt lat="48.63772" lon="-2.85942">
    <ele>65.93</ele>
   </trkpt>
   <trkpt lat="48.636950000000006" lon="-2.85982">
    <ele>66.51</ele>
   </trkpt>
   <trkpt lat="48.63682000000001" lon="-2.8599">
    <ele>66.51</ele>
   </trkpt>
   <trkpt lat="48.6364" lon="-2.8602900000000004">
    <ele>66.61</ele>
   </trkpt>
   <trkpt lat="48.63602" lon="-2.8607">
    <ele>66.66000000000001</ele>
   </trkpt>
   <trkpt lat="48.63571" lon="-2.86111">
    <ele>66.79</ele>
   </trkpt>
   <trkpt lat="48.635090000000005" lon="-2.8620200000000002">
    <ele>67.4</ele>
   </trkpt>
   <trkpt lat="48.63481" lon="-2.86255">
    <ele>67.08</ele>
   </trkpt>
   <trkpt lat="48.63445" lon="-2.8632700000000004">
    <ele>67.55</ele>
   </trkpt>
   <trkpt lat="48.63396001404273" lon="-2.8643100303051994">
    <ele>68.35000000000001</ele>
   </trkpt>
   <trkpt lat="48.63347001872218" lon="-2.8653500404092935">
    <ele>69.86</ele>
   </trkpt>
   <trkpt lat="48.63298001403871" lon="-2.866390030312637">
    <ele>70.8</ele>
   </trkpt>
   <trkpt lat="48.632490000000004" lon="-2.86743">
    <ele>71.78000000000002</ele>
   </trkpt>
   <trkpt lat="48.63223000000001" lon="-2.86796">
    <ele>71.99000000000001</ele>
   </trkpt>
   <trkpt lat="48.632090000000005" lon="-2.86816">
    <ele>72.37</ele>
   </trkpt>
   <trkpt lat="48.631420000000006" lon="-2.8688300000000004">
    <ele>72.7</ele>
   </trkpt>
   <trkpt lat="48.631350000000005" lon="-2.86897">
    <ele>72.73</ele>
   </trkpt>
   <trkpt lat="48.631130000000006" lon="-2.86947">
    <ele>73.19</ele>
   </trkpt>
   <trkpt lat="48.63076" lon="-2.8698300000000003">
    <ele>74.15</ele>
   </trkpt>
   <trkpt lat="48.63046000000001" lon="-2.8700900000000003">
    <ele>74.45</ele>
   </trkpt>
   <trkpt lat="48.630390000000006" lon="-2.8702">
    <ele>74.45</ele>
   </trkpt>
   <trkpt lat="48.63035000000001" lon="-2.87033">
    <ele>74.52</ele>
   </trkpt>
   <trkpt lat="48.63002000108474" lon="-2.8698349967990215">
    <ele>73.31</ele>
   </trkpt>
   <trkpt lat="48.629690000000004" lon="-2.8693400000000002">
    <ele>72.94</ele>
   </trkpt>
   <trkpt lat="48.62953" lon="-2.8691600000000004">
    <ele>72.68</ele>
   </trkpt>
   <trkpt lat="48.62914000000001" lon="-2.8685600000000004">
    <ele>72.45</ele>
   </trkpt>
   <trkpt lat="48.62859500428851" lon="-2.8675599891267196">
    <ele>72.10000000000001</ele>
   </trkpt>
   <trkpt lat="48.62805" lon="-2.86656">
    <ele>71.68</ele>
   </trkpt>
   <trkpt lat="48.62769" lon="-2.86595">
    <ele>71.47</ele>
   </trkpt>
   <trkpt lat="48.627180002388435" lon="-2.8652249928341957">
    <ele>70.96000000000001</ele>
   </trkpt>
   <trkpt lat="48.626670000000004" lon="-2.8645">
    <ele>70.72</ele>
   </trkpt>
   <trkpt lat="48.626580000000004" lon="-2.8643">
    <ele>70.72</ele>
   </trkpt>
   <trkpt lat="48.62651" lon="-2.8640600000000003">
    <ele>70.73</ele>
   </trkpt>
   <trkpt lat="48.626290000000004" lon="-2.8631">
    <ele>70.9</ele>
   </trkpt>
   <trkpt lat="48.62619" lon="-2.8628000000000005">
    <ele>70.89</ele>
   </trkpt>
   <trkpt lat="48.626000000000005" lon="-2.8624600000000004">
    <ele>70.74000000000001</ele>
   </trkpt>
   <trkpt lat="48.625710000000005" lon="-2.86173">
    <ele>70.03</ele>
   </trkpt>
   <trkpt lat="48.625640000000004" lon="-2.86161">
    <ele>70.03</ele>
   </trkpt>
   <trkpt lat="48.625510000000006" lon="-2.86146">
    <ele>70.08</ele>
   </trkpt>
   <trkpt lat="48.625330000000005" lon="-2.86134">
    <ele>70.09</ele>
   </trkpt>
   <trkpt lat="48.6246" lon="-2.86097">
    <ele>70.23</ele>
   </trkpt>
   <trkpt lat="48.623960000000004" lon="-2.86043">
    <ele>70.16</ele>
   </trkpt>
   <trkpt lat="48.623650000000005" lon="-2.8600600000000003">
    <ele>70.0</ele>
   </trkpt>
   <trkpt lat="48.623520000000006" lon="-2.85989">
    <ele>69.92</ele>
   </trkpt>
   <trkpt lat="48.62313" lon="-2.85908">
    <ele>69.33</ele>
   </trkpt>
   <trkpt lat="48.622930000000004" lon="-2.85853">
    <ele>69.17</ele>
   </trkpt>
   <trkpt lat="48.622550000000004" lon="-2.8577600000000003">
    <ele>68.64</ele>
   </trkpt>
   <trkpt lat="48.622400000000006" lon="-2.85733">
    <ele>68.81</ele>
   </trkpt>
   <trkpt lat="48.622250002452795" lon="-2.8565749976829764">
    <ele>67.99000000000001</ele>
   </trkpt>
   <trkpt lat="48.6221" lon="-2.85582">
    <ele>65.98</ele>
   </trkpt>
   <trkpt lat="48.62194" lon="-2.8553">
    <ele>65.50999999999999</ele>
   </trkpt>
   <trkpt lat="48.62174" lon="-2.85488">
    <ele>66.09</ele>
   </trkpt>
   <trkpt lat="48.62142000143226" lon="-2.8543049963567286">
    <ele>66.61</ele>
   </trkpt>
   <trkpt lat="48.621100000000006" lon="-2.85373">
    <ele>67.43</ele>
   </trkpt>
   <trkpt lat="48.620740000000005" lon="-2.8532800000000003">
    <ele>68.41000000000001</ele>
   </trkpt>
   <trkpt lat="48.62033" lon="-2.85307">
    <ele>70.01</ele>
   </trkpt>
   <trkpt lat="48.620110000000004" lon="-2.85284">
    <ele>71.2</ele>
   </trkpt>
   <trkpt lat="48.619930000000004" lon="-2.8524700000000003">
    <ele>72.16</ele>
   </trkpt>
   <trkpt lat="48.619800000000005" lon="-2.8519900000000002">
    <ele>72.77</ele>
   </trkpt>
   <trkpt lat="48.619600003044916" lon="-2.851144996458584">
    <ele>73.24</ele>
   </trkpt>
   <trkpt lat="48.619400000000006" lon="-2.8503000000000003">
    <ele>74.14000000000001</ele>
   </trkpt>
   <trkpt lat="48.61923" lon="-2.8492400000000004">
    <ele>74.57000000000001</ele>
   </trkpt>
   <trkpt lat="48.618873344395254" lon="-2.848109984055942">
    <ele>74.27</ele>
   </trkpt>
   <trkpt lat="48.61851667773607" lon="-2.8469799840799506">
    <ele>73.99</ele>
   </trkpt>
   <trkpt lat="48.61816" lon="-2.8458500000000004">
    <ele>74.77</ele>
   </trkpt>
   <trkpt lat="48.617940001791276" lon="-2.8452099972640683">
    <ele>75.24</ele>
   </trkpt>
   <trkpt lat="48.617720000000006" lon="-2.84457">
    <ele>76.37</ele>
   </trkpt>
   <trkpt lat="48.617630000000005" lon="-2.8441">
    <ele>76.72000000000001</ele>
   </trkpt>
   <trkpt lat="48.617490000000004" lon="-2.84283">
    <ele>77.30000000000001</ele>
   </trkpt>
   <trkpt lat="48.61732000000001" lon="-2.84187">
    <ele>77.39</ele>
   </trkpt>
   <trkpt lat="48.61710500168944" lon="-2.8412549975302746">
    <ele>77.30000000000001</ele>
   </trkpt>
   <trkpt lat="48.616890000000005" lon="-2.84064">
    <ele>77.22000000000001</ele>
   </trkpt>
   <trkpt lat="48.616760000000006" lon="-2.84017">
    <ele>77.30000000000001</ele>
   </trkpt>
   <trkpt lat="48.61650000285916" lon="-2.8393499956147927">
    <ele>77.55000000000001</ele>
   </trkpt>
   <trkpt lat="48.616240000000005" lon="-2.8385300000000004">
    <ele>77.79</ele>
   </trkpt>
   <trkpt lat="48.616010006703306" lon="-2.837649991978423">
    <ele>76.50000000000001</ele>
   </trkpt>
   <trkpt lat="48.615780006702394" lon="-2.836769991975056">
    <ele>75.93</ele>
   </trkpt>
   <trkpt lat="48.615550000000006" lon="-2.83589">
    <ele>75.23</ele>
   </trkpt>
   <trkpt lat="48.61534000234436" lon="-2.8351499968303004">
    <ele>74.7</ele>
   </trkpt>
   <trkpt lat="48.61513" lon="-2.83441">
    <ele>74.26</ele>
   </trkpt>
   <trkpt lat="48.61491" lon="-2.83347">
    <ele>74.09</ele>
   </trkpt>
   <trkpt lat="48.614850000000004" lon="-2.83307">
    <ele>74.33000000000001</ele>
   </trkpt>
   <trkpt lat="48.614830000000005" lon="-2.8325600000000004">
    <ele>75.06</ele>
   </trkpt>
   <trkpt lat="48.614760000000004" lon="-2.83252">
    <ele>75.16</ele>
   </trkpt>
   <trkpt lat="48.614720000000005" lon="-2.83244">
    <ele>75.16</ele>
   </trkpt>
   <trkpt lat="48.61473" lon="-2.83237">
    <ele>75.16</ele>
   </trkpt>
   <trkpt lat="48.61426" lon="-2.83232">
    <ele>74.76</ele>
   </trkpt>
   <trkpt lat="48.61403000000001" lon="-2.83225">
    <ele>74.68</ele>
   </trkpt>
   <trkpt lat="48.61325" lon="-2.8318600000000003">
    <ele>74.74</ele>
   </trkpt>
   <trkpt lat="48.61307" lon="-2.8317300000000003">
    <ele>74.62</ele>
   </trkpt>
   <trkpt lat="48.613020000000006" lon="-2.8318200000000004">
    <ele>74.62</ele>
   </trkpt>
   <trkpt lat="48.61291000000001" lon="-2.8317900000000003">
    <ele>74.26</ele>
   </trkpt>
   <trkpt lat="48.61287" lon="-2.83171">
    <ele>74.26</ele>
   </trkpt>
   <trkpt lat="48.612860000000005" lon="-2.8316100000000004">
    <ele>74.26</ele>
   </trkpt>
   <trkpt lat="48.61243" lon="-2.8315">
    <ele>73.58</ele>
   </trkpt>
   <trkpt lat="48.612280000000005" lon="-2.83143">
    <ele>73.57000000000001</ele>
   </trkpt>
   <trkpt lat="48.61206000000001" lon="-2.83129">
    <ele>73.69</ele>
   </trkpt>
   <trkpt lat="48.61177000000001" lon="-2.8312600000000003">
    <ele>73.68</ele>
   </trkpt>
   <trkpt lat="48.611720000000005" lon="-2.8313300000000003">
    <ele>73.61000000000001</ele>
   </trkpt>
   <trkpt lat="48.611650000000004" lon="-2.8313800000000002">
    <ele>73.61000000000001</ele>
   </trkpt>
   <trkpt lat="48.61157000000001" lon="-2.8314100000000004">
    <ele>73.51</ele>
   </trkpt>
   <trkpt lat="48.61150000000001" lon="-2.83136">
    <ele>73.51</ele>
   </trkpt>
   <trkpt lat="48.61144" lon="-2.83131">
    <ele>73.47000000000001</ele>
   </trkpt>
   <trkpt lat="48.611360000000005" lon="-2.83116">
    <ele>73.45</ele>
   </trkpt>
   <trkpt lat="48.61135" lon="-2.83096">
    <ele>73.48</ele>
   </trkpt>
   <trkpt lat="48.61121000000001" lon="-2.83081">
    <ele>73.33</ele>
   </trkpt>
   <trkpt lat="48.61106" lon="-2.8307700000000002">
    <ele>73.33</ele>
   </trkpt>
   <trkpt lat="48.611000000000004" lon="-2.83088">
    <ele>73.33</ele>
   </trkpt>
   <trkpt lat="48.61093" lon="-2.8311">
    <ele>72.98</ele>
   </trkpt>
   <trkpt lat="48.61072" lon="-2.83163">
    <ele>72.27</ele>
   </trkpt>
   <trkpt lat="48.61065000000001" lon="-2.8317500000000004">
    <ele>72.04</ele>
   </trkpt>
   <trkpt lat="48.61052" lon="-2.8318100000000004">
    <ele>71.61</ele>
   </trkpt>
   <trkpt lat="48.61045000000001" lon="-2.8318200000000004">
    <ele>70.91</ele>
   </trkpt>
   <trkpt lat="48.609910000000006" lon="-2.83142">
    <ele>66.64</ele>
   </trkpt>
   <trkpt lat="48.60961" lon="-2.83122">
    <ele>64.91000000000001</ele>
   </trkpt>
   <trkpt lat="48.608990000000006" lon="-2.8308400000000002">
    <ele>61.25000000000001</ele>
   </trkpt>
   <trkpt lat="48.60850000000001" lon="-2.8305700000000003">
    <ele>58.74000000000001</ele>
   </trkpt>
   <trkpt lat="48.60848000000001" lon="-2.83047">
    <ele>58.38</ele>
   </trkpt>
   <trkpt lat="48.608410000000006" lon="-2.8303700000000003">
    <ele>58.38</ele>
   </trkpt>
   <trkpt lat="48.608340000000005" lon="-2.8304">
    <ele>58.27</ele>
   </trkpt>
   <trkpt lat="48.608320000000006" lon="-2.8303000000000003">
    <ele>57.75</ele>
   </trkpt>
   <trkpt lat="48.60786000139352" lon="-2.829749995090513">
    <ele>54.68000000000001</ele>
   </trkpt>
   <trkpt lat="48.607400000000005" lon="-2.8292">
    <ele>50.78</ele>
   </trkpt>
   <trkpt lat="48.60703" lon="-2.82884">
    <ele>48.24</ele>
   </trkpt>
   <trkpt lat="48.60676" lon="-2.8286300000000004">
    <ele>46.52</ele>
   </trkpt>
   <trkpt lat="48.60651000000001" lon="-2.8285">
    <ele>42.370000000000005</ele>
   </trkpt>
   <trkpt lat="48.605790001760845" lon="-2.827859990864869">
    <ele>38.970000000000006</ele>
   </trkpt>
   <trkpt lat="48.605070000000005" lon="-2.82722">
    <ele>34.67</ele>
   </trkpt>
   <trkpt lat="48.60484" lon="-2.8267900000000004">
    <ele>31.020000000000003</ele>
   </trkpt>
   <trkpt lat="48.60457" lon="-2.82602">
    <ele>25.75</ele>
   </trkpt>
   <trkpt lat="48.6045" lon="-2.826">
    <ele>25.75</ele>
   </trkpt>
   <trkpt lat="48.603770000000004" lon="-2.82527">
    <ele>20.71</ele>
   </trkpt>
   <trkpt lat="48.60362000000001" lon="-2.82518">
    <ele>20.71</ele>
   </trkpt>
   <trkpt lat="48.60325" lon="-2.82506">
    <ele>18.230000000000004</ele>
   </trkpt>
   <trkpt lat="48.60271" lon="-2.82498">
    <ele>14.430000000000001</ele>
   </trkpt>
   <trkpt lat="48.602030000000006" lon="-2.82472">
    <ele>9.520000000000001</ele>
   </trkpt>
   <trkpt lat="48.601760000000006" lon="-2.82464">
    <ele>8.32</ele>
   </trkpt>
   <trkpt lat="48.601400000000005" lon="-2.8245">
    <ele>7.540000000000001</ele>
   </trkpt>
   <trkpt lat="48.60134" lon="-2.82457">
    <ele>7.36</ele>
   </trkpt>
   <trkpt lat="48.601310000000005" lon="-2.8245400000000003">
    <ele>7.36</ele>
   </trkpt>
   <trkpt lat="48.601240000000004" lon="-2.82465">
    <ele>7.25</ele>
   </trkpt>
   <trkpt lat="48.60119" lon="-2.8247700000000004">
    <ele>7.25</ele>
   </trkpt>
   <trkpt lat="48.601130000000005" lon="-2.82512">
    <ele>7.010000000000001</ele>
   </trkpt>
   <trkpt lat="48.601110000000006" lon="-2.8253500000000003">
    <ele>7.07</ele>
   </trkpt>
   <trkpt lat="48.601110000000006" lon="-2.8257600000000003">
    <ele>7.07</ele>
   </trkpt>
   <trkpt lat="48.60127000000001" lon="-2.82681">
    <ele>7.59</ele>
   </trkpt>
   <trkpt lat="48.60126" lon="-2.8269400000000005">
    <ele>8.0</ele>
   </trkpt>
   <trkpt lat="48.601220000000005" lon="-2.8270000000000004">
    <ele>8.0</ele>
   </trkpt>
   <trkpt lat="48.601240000000004" lon="-2.8270500000000003">
    <ele>8.040000000000001</ele>
   </trkpt>
   <trkpt lat="48.601220000000005" lon="-2.8271400000000004">
    <ele>8.049999999999999</ele>
   </trkpt>
   <trkpt lat="48.60118000000001" lon="-2.82715">
    <ele>7.96</ele>
   </trkpt>
   <trkpt lat="48.601150000000004" lon="-2.82715">
    <ele>7.96</ele>
   </trkpt>
   <trkpt lat="48.601130000000005" lon="-2.82709">
    <ele>7.96</ele>
   </trkpt>
   <trkpt lat="48.600950000000005" lon="-2.82715">
    <ele>7.7700000000000005</ele>
   </trkpt>
   <trkpt lat="48.60079" lon="-2.8273400000000004">
    <ele>7.660000000000001</ele>
   </trkpt>
   <trkpt lat="48.6012350029427" lon="-2.828159992834706">
    <ele>7.620000000000001</ele>
   </trkpt>
   <trkpt lat="48.60168" lon="-2.82898">
    <ele>7.53</ele>
   </trkpt>
   <trkpt lat="48.601780000000005" lon="-2.82919">
    <ele>7.53</ele>
   </trkpt>
   <trkpt lat="48.60188" lon="-2.82948">
    <ele>7.36</ele>
   </trkpt>
   <trkpt lat="48.602030000000006" lon="-2.8301200000000004">
    <ele>7.33</ele>
   </trkpt>
   <trkpt lat="48.60210000000001" lon="-2.8306400000000003">
    <ele>7.3500000000000005</ele>
   </trkpt>
   <trkpt lat="48.60210000000001" lon="-2.8312500000000003">
    <ele>7.4</ele>
   </trkpt>
   <trkpt lat="48.602070000000005" lon="-2.83163">
    <ele>7.4</ele>
   </trkpt>
   <trkpt lat="48.602000000000004" lon="-2.8320100000000004">
    <ele>7.46</ele>
   </trkpt>
   <trkpt lat="48.601730004285436" lon="-2.8330100055064134">
    <ele>7.48</ele>
   </trkpt>
   <trkpt lat="48.60146" lon="-2.83401">
    <ele>8.280000000000001</ele>
   </trkpt>
   <trkpt lat="48.60134" lon="-2.83461">
    <ele>9.24</ele>
   </trkpt>
   <trkpt lat="48.60132" lon="-2.8349">
    <ele>9.540000000000001</ele>
   </trkpt>
   <trkpt lat="48.601350000000004" lon="-2.8355900000000003">
    <ele>10.97</ele>
   </trkpt>
   <trkpt lat="48.6013" lon="-2.83562">
    <ele>11.160000000000002</ele>
   </trkpt>
   <trkpt lat="48.60126" lon="-2.83569">
    <ele>11.23</ele>
   </trkpt>
   <trkpt lat="48.60123" lon="-2.83598">
    <ele>11.3</ele>
   </trkpt>
   <trkpt lat="48.601310000000005" lon="-2.8363600000000004">
    <ele>11.1</ele>
   </trkpt>
   <trkpt lat="48.601380000000006" lon="-2.83657">
    <ele>10.730000000000002</ele>
   </trkpt>
   <trkpt lat="48.60183000000001" lon="-2.83759">
    <ele>9.58</ele>
   </trkpt>
   <trkpt lat="48.601980000000005" lon="-2.83813">
    <ele>9.170000000000002</ele>
   </trkpt>
   <trkpt lat="48.602140000000006" lon="-2.8388700000000004">
    <ele>8.85</ele>
   </trkpt>
   <trkpt lat="48.60233" lon="-2.83958">
    <ele>8.790000000000001</ele>
   </trkpt>
   <trkpt lat="48.602520000000005" lon="-2.8401">
    <ele>8.370000000000001</ele>
   </trkpt>
   <trkpt lat="48.60285000154748" lon="-2.8406849962948777">
    <ele>8.25</ele>
   </trkpt>
   <trkpt lat="48.60318" lon="-2.84127">
    <ele>8.38</ele>
   </trkpt>
   <trkpt lat="48.60361" lon="-2.8420900000000002">
    <ele>8.540000000000001</ele>
   </trkpt>
   <trkpt lat="48.603790000000004" lon="-2.84254">
    <ele>8.71</ele>
   </trkpt>
   <trkpt lat="48.604020000000006" lon="-2.8433400000000004">
    <ele>9.02</ele>
   </trkpt>
   <trkpt lat="48.604130000000005" lon="-2.84389">
    <ele>9.080000000000002</ele>
   </trkpt>
   <trkpt lat="48.604220000000005" lon="-2.8446800000000003">
    <ele>9.53</ele>
   </trkpt>
   <trkpt lat="48.60428" lon="-2.8454300000000003">
    <ele>10.15</ele>
   </trkpt>
   <trkpt lat="48.60428" lon="-2.8464">
    <ele>10.55</ele>
   </trkpt>
   <trkpt lat="48.604210005719445" lon="-2.8475500016833495">
    <ele>10.59</ele>
   </trkpt>
   <trkpt lat="48.60414" lon="-2.8487000000000005">
    <ele>10.85</ele>
   </trkpt>
   <trkpt lat="48.60409000000001" lon="-2.84932">
    <ele>11.770000000000001</ele>
   </trkpt>
   <trkpt lat="48.604040000000005" lon="-2.84965">
    <ele>11.940000000000001</ele>
   </trkpt>
   <trkpt lat="48.603970000000004" lon="-2.84987">
    <ele>12.17</ele>
   </trkpt>
   <trkpt lat="48.603860000000005" lon="-2.8501200000000004">
    <ele>12.260000000000002</ele>
   </trkpt>
   <trkpt lat="48.60338" lon="-2.85074">
    <ele>12.730000000000002</ele>
   </trkpt>
   <trkpt lat="48.60287" lon="-2.8513">
    <ele>15.070000000000002</ele>
   </trkpt>
   <trkpt lat="48.60231500150195" lon="-2.8518850064064654">
    <ele>15.93</ele>
   </trkpt>
   <trkpt lat="48.601760000000006" lon="-2.8524700000000003">
    <ele>15.39</ele>
   </trkpt>
   <trkpt lat="48.60163000000001" lon="-2.8527400000000003">
    <ele>15.61</ele>
   </trkpt>
   <trkpt lat="48.60154000000001" lon="-2.85304">
    <ele>16.5</ele>
   </trkpt>
   <trkpt lat="48.60148" lon="-2.8536200000000003">
    <ele>16.91</ele>
   </trkpt>
   <trkpt lat="48.601510000000005" lon="-2.8538900000000003">
    <ele>16.93</ele>
   </trkpt>
   <trkpt lat="48.601580000000006" lon="-2.85428">
    <ele>16.75</ele>
   </trkpt>
   <trkpt lat="48.60173" lon="-2.8549">
    <ele>16.040000000000003</ele>
   </trkpt>
   <trkpt lat="48.601760000000006" lon="-2.85521">
    <ele>15.8</ele>
   </trkpt>
   <trkpt lat="48.60174000000001" lon="-2.8559900000000003">
    <ele>15.450000000000001</ele>
   </trkpt>
   <trkpt lat="48.601600000000005" lon="-2.85657">
    <ele>15.4</ele>
   </trkpt>
   <trkpt lat="48.601555002375854" lon="-2.8573100005713323">
    <ele>15.39</ele>
   </trkpt>
   <trkpt lat="48.601510000000005" lon="-2.8580500000000004">
    <ele>15.850000000000003</ele>
   </trkpt>
   <trkpt lat="48.60146" lon="-2.85901">
    <ele>16.21</ele>
   </trkpt>
   <trkpt lat="48.601510000000005" lon="-2.85962">
    <ele>16.53</ele>
   </trkpt>
   <trkpt lat="48.60161" lon="-2.86003">
    <ele>16.67</ele>
   </trkpt>
   <trkpt lat="48.60172000000001" lon="-2.8603">
    <ele>17.080000000000002</ele>
   </trkpt>
   <trkpt lat="48.60188" lon="-2.86059">
    <ele>17.14</ele>
   </trkpt>
   <trkpt lat="48.602070000000005" lon="-2.8608300000000004">
    <ele>17.86</ele>
   </trkpt>
   <trkpt lat="48.602180000000004" lon="-2.86091">
    <ele>17.86</ele>
   </trkpt>
   <trkpt lat="48.60230000000001" lon="-2.86099">
    <ele>17.86</ele>
   </trkpt>
   <trkpt lat="48.60255" lon="-2.86111">
    <ele>18.35</ele>
   </trkpt>
   <trkpt lat="48.602920000000005" lon="-2.86111">
    <ele>18.87</ele>
   </trkpt>
   <trkpt lat="48.60329" lon="-2.86097">
    <ele>19.5</ele>
   </trkpt>
   <trkpt lat="48.603500000000004" lon="-2.86086">
    <ele>20.05</ele>
   </trkpt>
   <trkpt lat="48.60406000064132" lon="-2.8605150037476306">
    <ele>20.5</ele>
   </trkpt>
   <trkpt lat="48.604620000000004" lon="-2.86017">
    <ele>21.36</ele>
   </trkpt>
   <trkpt lat="48.605000000000004" lon="-2.86003">
    <ele>22.09</ele>
   </trkpt>
   <trkpt lat="48.60517" lon="-2.86003">
    <ele>22.54</ele>
   </trkpt>
   <trkpt lat="48.605520000000006" lon="-2.86009">
    <ele>22.79</ele>
   </trkpt>
   <trkpt lat="48.606015000086636" lon="-2.8602599983205295">
    <ele>23.22</ele>
   </trkpt>
   <trkpt lat="48.60651000000001" lon="-2.86043">
    <ele>24.14</ele>
   </trkpt>
   <trkpt lat="48.606860000000005" lon="-2.8606200000000004">
    <ele>25.11</ele>
   </trkpt>
   <trkpt lat="48.60696" lon="-2.86079">
    <ele>25.310000000000002</ele>
   </trkpt>
   <trkpt lat="48.60705" lon="-2.86106">
    <ele>25.51</ele>
   </trkpt>
   <trkpt lat="48.60727000000001" lon="-2.86192">
    <ele>25.970000000000002</ele>
   </trkpt>
   <trkpt lat="48.607440000000004" lon="-2.86267">
    <ele>26.900000000000002</ele>
   </trkpt>
   <trkpt lat="48.607510000000005" lon="-2.86322">
    <ele>27.42</ele>
   </trkpt>
   <trkpt lat="48.6075" lon="-2.86349">
    <ele>27.85</ele>
   </trkpt>
   <trkpt lat="48.607470000000006" lon="-2.86369">
    <ele>28.380000000000003</ele>
   </trkpt>
   <trkpt lat="48.607212515149094" lon="-2.8647700165133103">
    <ele>29.900000000000002</ele>
   </trkpt>
   <trkpt lat="48.6069550201998" lon="-2.8658500220131233">
    <ele>31.28</ele>
   </trkpt>
   <trkpt lat="48.6066975151523" lon="-2.8669300164992206">
    <ele>32.260000000000005</ele>
   </trkpt>
   <trkpt lat="48.606440000000006" lon="-2.8680100000000004">
    <ele>33.56</ele>
   </trkpt>
   <trkpt lat="48.6064" lon="-2.86823">
    <ele>33.56</ele>
   </trkpt>
   <trkpt lat="48.60638" lon="-2.8685">
    <ele>33.75</ele>
   </trkpt>
   <trkpt lat="48.606410000000004" lon="-2.869">
    <ele>34.09</ele>
   </trkpt>
   <trkpt lat="48.60653000000001" lon="-2.8698500000000005">
    <ele>34.74</ele>
   </trkpt>
   <trkpt lat="48.60656" lon="-2.8703900000000004">
    <ele>35.300000000000004</ele>
   </trkpt>
   <trkpt lat="48.60654" lon="-2.87061">
    <ele>35.300000000000004</ele>
   </trkpt>
   <trkpt lat="48.606480000000005" lon="-2.8708500000000003">
    <ele>35.75</ele>
   </trkpt>
   <trkpt lat="48.60638" lon="-2.8711">
    <ele>36.160000000000004</ele>
   </trkpt>
   <trkpt lat="48.60595000000001" lon="-2.87196">
    <ele>38.63</ele>
   </trkpt>
   <trkpt lat="48.60573" lon="-2.87237">
    <ele>40.92</ele>
   </trkpt>
   <trkpt lat="48.605290000000004" lon="-2.87304">
    <ele>42.730000000000004</ele>
   </trkpt>
   <trkpt lat="48.60517" lon="-2.87325">
    <ele>43.96000000000001</ele>
   </trkpt>
   <trkpt lat="48.604940000000006" lon="-2.87379">
    <ele>44.75000000000001</ele>
   </trkpt>
   <trkpt lat="48.60473" lon="-2.87453">
    <ele>46.39</ele>
   </trkpt>
   <trkpt lat="48.604530000000004" lon="-2.8757">
    <ele>48.39</ele>
   </trkpt>
   <trkpt lat="48.60448" lon="-2.87625">
    <ele>49.75</ele>
   </trkpt>
   <trkpt lat="48.604530000000004" lon="-2.87632">
    <ele>49.75</ele>
   </trkpt>
   <trkpt lat="48.60455" lon="-2.87651">
    <ele>51.53000000000001</ele>
   </trkpt>
   <trkpt lat="48.604510000000005" lon="-2.8772800000000003">
    <ele>57.540000000000006</ele>
   </trkpt>
   <trkpt lat="48.604530000000004" lon="-2.8774800000000003">
    <ele>58.550000000000004</ele>
   </trkpt>
   <trkpt lat="48.6049" lon="-2.8785900000000004">
    <ele>66.87</ele>
   </trkpt>
   <trkpt lat="48.60539000000001" lon="-2.87963">
    <ele>71.4</ele>
   </trkpt>
   <trkpt lat="48.60559000000001" lon="-2.8802100000000004">
    <ele>71.7</ele>
   </trkpt>
   <trkpt lat="48.605760000000004" lon="-2.8808300000000004">
    <ele>72.11</ele>
   </trkpt>
   <trkpt lat="48.60598" lon="-2.88138">
    <ele>70.76</ele>
   </trkpt>
   <trkpt lat="48.60636" lon="-2.88242">
    <ele>68.37</ele>
   </trkpt>
   <trkpt lat="48.60622" lon="-2.8825000000000003">
    <ele>68.53</ele>
   </trkpt>
   <trkpt lat="48.606100000000005" lon="-2.88253">
    <ele>68.89</ele>
   </trkpt>
   <trkpt lat="48.60567" lon="-2.88249">
    <ele>69.48</ele>
   </trkpt>
   <trkpt lat="48.60539000000001" lon="-2.88261">
    <ele>69.46000000000001</ele>
   </trkpt>
   <trkpt lat="48.605050000000006" lon="-2.8826">
    <ele>70.35000000000001</ele>
   </trkpt>
   <trkpt lat="48.60443" lon="-2.88246">
    <ele>74.45</ele>
   </trkpt>
   <trkpt lat="48.60427000000001" lon="-2.88234">
    <ele>75.9</ele>
   </trkpt>
   <trkpt lat="48.603860000000005" lon="-2.882">
    <ele>77.61000000000001</ele>
   </trkpt>
   <trkpt lat="48.60369000000001" lon="-2.8819600000000003">
    <ele>78.04</ele>
   </trkpt>
   <trkpt lat="48.60354" lon="-2.88213">
    <ele>78.16000000000001</ele>
   </trkpt>
   <trkpt lat="48.60338" lon="-2.88253">
    <ele>78.17999999999999</ele>
   </trkpt>
   <trkpt lat="48.603060000000006" lon="-2.88368">
    <ele>79.11</ele>
   </trkpt>
   <trkpt lat="48.60268000000001" lon="-2.8849">
    <ele>80.53999999999999</ele>
   </trkpt>
   <trkpt lat="48.60257000000001" lon="-2.88513">
    <ele>80.92</ele>
   </trkpt>
   <trkpt lat="48.60236500247561" lon="-2.885885003034743">
    <ele>82.30000000000001</ele>
   </trkpt>
   <trkpt lat="48.602160000000005" lon="-2.8866400000000003">
    <ele>84.52000000000001</ele>
   </trkpt>
   <trkpt lat="48.601940008956824" lon="-2.8876566754858937">
    <ele>87.97</ele>
   </trkpt>
   <trkpt lat="48.601720008964804" lon="-2.888673342115523">
    <ele>89.71000000000001</ele>
   </trkpt>
   <trkpt lat="48.6015" lon="-2.8896900000000003">
    <ele>90.94000000000001</ele>
   </trkpt>
   <trkpt lat="48.60127000000001" lon="-2.89069">
    <ele>92.80000000000001</ele>
   </trkpt>
   <trkpt lat="48.60107000000001" lon="-2.89134">
    <ele>93.31</ele>
   </trkpt>
   <trkpt lat="48.60089000000001" lon="-2.89176">
    <ele>93.41000000000001</ele>
   </trkpt>
   <trkpt lat="48.60063" lon="-2.89225">
    <ele>93.2</ele>
   </trkpt>
   <trkpt lat="48.60009" lon="-2.8930700000000003">
    <ele>93.09</ele>
   </trkpt>
   <trkpt lat="48.599790000000006" lon="-2.8934400000000005">
    <ele>93.30000000000001</ele>
   </trkpt>
   <trkpt lat="48.59928000000001" lon="-2.8941500000000002">
    <ele>93.89</ele>
   </trkpt>
   <trkpt lat="48.59922" lon="-2.8942900000000003">
    <ele>93.89</ele>
   </trkpt>
   <trkpt lat="48.599180000000004" lon="-2.89534">
    <ele>94.65</ele>
   </trkpt>
   <trkpt lat="48.599090000000004" lon="-2.89591">
    <ele>95.91000000000001</ele>
   </trkpt>
   <trkpt lat="48.599070000000005" lon="-2.89618">
    <ele>96.86</ele>
   </trkpt>
   <trkpt lat="48.599160000000005" lon="-2.89625">
    <ele>96.92</ele>
   </trkpt>
   <trkpt lat="48.59917" lon="-2.89637">
    <ele>96.97000000000001</ele>
   </trkpt>
   <trkpt lat="48.59987500057121" lon="-2.896659996037758">
    <ele>96.73</ele>
   </trkpt>
   <trkpt lat="48.60058" lon="-2.8969500000000004">
    <ele>96.82000000000001</ele>
   </trkpt>
   <trkpt lat="48.60135500038683" lon="-2.8972599952319023">
    <ele>96.96000000000001</ele>
   </trkpt>
   <trkpt lat="48.60213" lon="-2.8975700000000004">
    <ele>96.62</ele>
   </trkpt>
   <trkpt lat="48.602940000000004" lon="-2.89799">
    <ele>96.44000000000001</ele>
   </trkpt>
   <trkpt lat="48.603680000000004" lon="-2.89846">
    <ele>96.22000000000001</ele>
   </trkpt>
   <trkpt lat="48.60420000066904" lon="-2.8988499959925655">
    <ele>96.17</ele>
   </trkpt>
   <trkpt lat="48.60472000000001" lon="-2.8992400000000003">
    <ele>95.72000000000001</ele>
   </trkpt>
   <trkpt lat="48.60493" lon="-2.89942">
    <ele>95.67999999999999</ele>
   </trkpt>
   <trkpt lat="48.60526" lon="-2.89975">
    <ele>95.58000000000001</ele>
   </trkpt>
   <trkpt lat="48.605735000858566" lon="-2.9001599962567606">
    <ele>95.37</ele>
   </trkpt>
   <trkpt lat="48.606210000000004" lon="-2.90057">
    <ele>95.23</ele>
   </trkpt>
   <trkpt lat="48.606550000000006" lon="-2.90084">
    <ele>95.23</ele>
   </trkpt>
   <trkpt lat="48.606910000000006" lon="-2.9010900000000004">
    <ele>95.05000000000001</ele>
   </trkpt>
   <trkpt lat="48.607220000000005" lon="-2.90125">
    <ele>94.79</ele>
   </trkpt>
   <trkpt lat="48.60752" lon="-2.90139">
    <ele>94.59</ele>
   </trkpt>
   <trkpt lat="48.60786" lon="-2.90151">
    <ele>94.59</ele>
   </trkpt>
   <trkpt lat="48.608230000000006" lon="-2.9016">
    <ele>94.54</ele>
   </trkpt>
   <trkpt lat="48.608670000000004" lon="-2.90166">
    <ele>94.54</ele>
   </trkpt>
   <trkpt lat="48.60906000000001" lon="-2.90166">
    <ele>94.61000000000001</ele>
   </trkpt>
   <trkpt lat="48.609500000000004" lon="-2.9016200000000003">
    <ele>94.75</ele>
   </trkpt>
   <trkpt lat="48.61001" lon="-2.9014900000000003">
    <ele>94.76</ele>
   </trkpt>
   <trkpt lat="48.610260000000004" lon="-2.9014">
    <ele>94.95</ele>
   </trkpt>
   <trkpt lat="48.610850000000006" lon="-2.90113">
    <ele>95.28</ele>
   </trkpt>
   <trkpt lat="48.611380000000004" lon="-2.90077">
    <ele>95.51</ele>
   </trkpt>
   <trkpt lat="48.611956668885156" lon="-2.9002700113740865">
    <ele>95.95</ele>
   </trkpt>
   <trkpt lat="48.61253333560601" lon="-2.899770011327278">
    <ele>96.36</ele>
   </trkpt>
   <trkpt lat="48.613110000000006" lon="-2.8992700000000005">
    <ele>96.92</ele>
   </trkpt>
   <trkpt lat="48.61354000000001" lon="-2.89894">
    <ele>97.38000000000001</ele>
   </trkpt>
   <trkpt lat="48.614090000000004" lon="-2.8986">
    <ele>97.74000000000001</ele>
   </trkpt>
   <trkpt lat="48.61489800246333" lon="-2.898224024063491">
    <ele>98.5</ele>
   </trkpt>
   <trkpt lat="48.61570600370283" lon="-2.8978480360923276">
    <ele>99.08</ele>
   </trkpt>
   <trkpt lat="48.616514003718464" lon="-2.8974720360857997">
    <ele>99.16000000000001</ele>
   </trkpt>
   <trkpt lat="48.61732200251012" lon="-2.8970960240431998">
    <ele>98.98</ele>
   </trkpt>
   <trkpt lat="48.61813" lon="-2.89672">
    <ele>98.33000000000001</ele>
   </trkpt>
   <trkpt lat="48.618790000000004" lon="-2.89643">
    <ele>97.87</ele>
   </trkpt>
   <trkpt lat="48.61925" lon="-2.89629">
    <ele>97.82000000000001</ele>
   </trkpt>
   <trkpt lat="48.619800000000005" lon="-2.89616">
    <ele>97.86</ele>
   </trkpt>
   <trkpt lat="48.62023000000001" lon="-2.89611">
    <ele>98.02000000000001</ele>
   </trkpt>
   <trkpt lat="48.620560000000005" lon="-2.8961">
    <ele>98.31</ele>
   </trkpt>
   <trkpt lat="48.62091" lon="-2.89611">
    <ele>98.56</ele>
   </trkpt>
   <trkpt lat="48.62126000000001" lon="-2.8961500000000004">
    <ele>98.69000000000001</ele>
   </trkpt>
   <trkpt lat="48.62192" lon="-2.89625">
    <ele>98.96000000000001</ele>
   </trkpt>
   <trkpt lat="48.62241" lon="-2.8963">
    <ele>99.24000000000001</ele>
   </trkpt>
   <trkpt lat="48.6231300001086" lon="-2.896399998582536">
    <ele>99.64</ele>
   </trkpt>
   <trkpt lat="48.623850000000004" lon="-2.8965">
    <ele>99.95</ele>
   </trkpt>
   <trkpt lat="48.62433" lon="-2.8967">
    <ele>100.15</ele>
   </trkpt>
   <trkpt lat="48.624680000000005" lon="-2.8969300000000002">
    <ele>100.63000000000001</ele>
   </trkpt>
   <trkpt lat="48.62503" lon="-2.89724">
    <ele>100.97</ele>
   </trkpt>
   <trkpt lat="48.62575800861214" lon="-2.897945959245847">
    <ele>101.46000000000001</ele>
   </trkpt>
   <trkpt lat="48.62648601290977" lon="-2.8986519388593655">
    <ele>101.63000000000001</ele>
   </trkpt>
   <trkpt lat="48.62721401289264" lon="-2.899357938841542">
    <ele>101.58</ele>
   </trkpt>
   <trkpt lat="48.627942008560545" lon="-2.900063959193367">
    <ele>101.02000000000001</ele>
   </trkpt>
   <trkpt lat="48.62867000000001" lon="-2.90077">
    <ele>100.67</ele>
   </trkpt>
   <trkpt lat="48.62901" lon="-2.90111">
    <ele>100.58</ele>
   </trkpt>
   <trkpt lat="48.62950000000001" lon="-2.90178">
    <ele>100.26</ele>
   </trkpt>
   <trkpt lat="48.629770001368705" lon="-2.902339997027065">
    <ele>100.06</ele>
   </trkpt>
   <trkpt lat="48.63004" lon="-2.9029000000000003">
    <ele>99.63000000000001</ele>
   </trkpt>
   <trkpt lat="48.630480000000006" lon="-2.9036700000000004">
    <ele>99.25</ele>
   </trkpt>
   <trkpt lat="48.63085" lon="-2.90416">
    <ele>98.88000000000001</ele>
   </trkpt>
   <trkpt lat="48.63156250787665" lon="-2.904937467092396">
    <ele>98.60000000000001</ele>
   </trkpt>
   <trkpt lat="48.63227501052061" lon="-2.905714956142407">
    <ele>99.08</ele>
   </trkpt>
   <trkpt lat="48.6329875079316" lon="-2.9064924671510424">
    <ele>99.02000000000001</ele>
   </trkpt>
   <trkpt lat="48.633700000000005" lon="-2.90727">
    <ele>99.38000000000001</ele>
   </trkpt>
   <trkpt lat="48.634310000000006" lon="-2.9077400000000004">
    <ele>100.19</ele>
   </trkpt>
   <trkpt lat="48.63463" lon="-2.90783">
    <ele>100.54</ele>
   </trkpt>
   <trkpt lat="48.63496000000001" lon="-2.9078500000000003">
    <ele>100.87</ele>
   </trkpt>
   <trkpt lat="48.63521" lon="-2.9078500000000003">
    <ele>101.55</ele>
   </trkpt>
   <trkpt lat="48.63526" lon="-2.90782">
    <ele>101.55</ele>
   </trkpt>
   <trkpt lat="48.635310000000004" lon="-2.90784">
    <ele>101.55</ele>
   </trkpt>
   <trkpt lat="48.6353866759117" lon="-2.9088733302175473">
    <ele>102.19</ele>
   </trkpt>
   <trkpt lat="48.63546334258023" lon="-2.9099066635758923">
    <ele>102.37</ele>
   </trkpt>
   <trkpt lat="48.635540000000006" lon="-2.91094">
    <ele>102.28</ele>
   </trkpt>
   <trkpt lat="48.63561000000001" lon="-2.9121900000000003">
    <ele>101.29</ele>
   </trkpt>
   <trkpt lat="48.63561000000001" lon="-2.91297">
    <ele>100.35000000000001</ele>
   </trkpt>
   <trkpt lat="48.635540000000006" lon="-2.91352">
    <ele>100.0</ele>
   </trkpt>
   <trkpt lat="48.635290000000005" lon="-2.91439">
    <ele>99.07000000000001</ele>
   </trkpt>
   <trkpt lat="48.6349" lon="-2.9151700000000003">
    <ele>98.87</ele>
   </trkpt>
   <trkpt lat="48.63474" lon="-2.91561">
    <ele>98.88000000000001</ele>
   </trkpt>
   <trkpt lat="48.634640000000005" lon="-2.91595">
    <ele>98.88000000000001</ele>
   </trkpt>
   <trkpt lat="48.63456" lon="-2.9163500000000004">
    <ele>99.08</ele>
   </trkpt>
   <trkpt lat="48.634510000000006" lon="-2.91676">
    <ele>99.08</ele>
   </trkpt>
   <trkpt lat="48.63440000759483" lon="-2.9180850029366168">
    <ele>98.43</ele>
   </trkpt>
   <trkpt lat="48.63429000000001" lon="-2.91941">
    <ele>97.87</ele>
   </trkpt>
   <trkpt lat="48.63429000000001" lon="-2.91982">
    <ele>97.59</ele>
   </trkpt>
   <trkpt lat="48.634325005780646" lon="-2.920974999418152">
    <ele>97.80000000000001</ele>
   </trkpt>
   <trkpt lat="48.63436" lon="-2.92213">
    <ele>98.06</ele>
   </trkpt>
   <trkpt lat="48.634325004721646" lon="-2.9231750008718937">
    <ele>97.74000000000001</ele>
   </trkpt>
   <trkpt lat="48.63429000000001" lon="-2.92422">
    <ele>96.66000000000001</ele>
   </trkpt>
   <trkpt lat="48.63432" lon="-2.9247">
    <ele>95.82000000000001</ele>
   </trkpt>
   <trkpt lat="48.63445" lon="-2.92525">
    <ele>95.14</ele>
   </trkpt>
   <trkpt lat="48.63481" lon="-2.9264900000000003">
    <ele>91.72000000000001</ele>
   </trkpt>
   <trkpt lat="48.634980000000006" lon="-2.92728">
    <ele>90.37</ele>
   </trkpt>
   <trkpt lat="48.6351" lon="-2.9284800000000004">
    <ele>90.73</ele>
   </trkpt>
   <trkpt lat="48.635130000000004" lon="-2.9291">
    <ele>90.46000000000001</ele>
   </trkpt>
   <trkpt lat="48.63523000000001" lon="-2.92979">
    <ele>89.62</ele>
   </trkpt>
   <trkpt lat="48.63524" lon="-2.93013">
    <ele>89.05</ele>
   </trkpt>
   <trkpt lat="48.635220000000004" lon="-2.93046">
    <ele>88.84</ele>
   </trkpt>
   <trkpt lat="48.635180000000005" lon="-2.93075">
    <ele>88.51</ele>
   </trkpt>
   <trkpt lat="48.63503500256785" lon="-2.931525002397454">
    <ele>86.59</ele>
   </trkpt>
   <trkpt lat="48.634890000000006" lon="-2.9323">
    <ele>85.77000000000001</ele>
   </trkpt>
   <trkpt lat="48.634820000000005" lon="-2.93297">
    <ele>85.76</ele>
   </trkpt>
   <trkpt lat="48.634840000000004" lon="-2.93338">
    <ele>86.08</ele>
   </trkpt>
   <trkpt lat="48.634980000000006" lon="-2.93468">
    <ele>86.75</ele>
   </trkpt>
   <trkpt lat="48.63501" lon="-2.9353700000000003">
    <ele>85.42</ele>
   </trkpt>
   <trkpt lat="48.635000000000005" lon="-2.93581">
    <ele>84.21000000000001</ele>
   </trkpt>
   <trkpt lat="48.63494000279128" lon="-2.9366100006688205">
    <ele>81.68</ele>
   </trkpt>
   <trkpt lat="48.63488" lon="-2.9374100000000003">
    <ele>80.23</ele>
   </trkpt>
   <trkpt lat="48.63488" lon="-2.93832">
    <ele>74.93</ele>
   </trkpt>
   <trkpt lat="48.63481" lon="-2.9387200000000004">
    <ele>73.69</ele>
   </trkpt>
   <trkpt lat="48.634640000000005" lon="-2.9393300000000004">
    <ele>73.02</ele>
   </trkpt>
   <trkpt lat="48.63465" lon="-2.93941">
    <ele>72.76</ele>
   </trkpt>
   <trkpt lat="48.6347" lon="-2.93955">
    <ele>72.93</ele>
   </trkpt>
   <trkpt lat="48.63534000000001" lon="-2.9398400000000002">
    <ele>77.17</ele>
   </trkpt>
   <trkpt lat="48.63609" lon="-2.94008">
    <ele>81.7</ele>
   </trkpt>
   <trkpt lat="48.63624" lon="-2.9401">
    <ele>82.19000000000001</ele>
   </trkpt>
   <trkpt lat="48.63647" lon="-2.9408200000000004">
    <ele>83.09</ele>
   </trkpt>
   <trkpt lat="48.636990000000004" lon="-2.9411">
    <ele>83.33</ele>
   </trkpt>
   <trkpt lat="48.63745" lon="-2.9412000000000003">
    <ele>84.47</ele>
   </trkpt>
   <trkpt lat="48.637620000000005" lon="-2.94124">
    <ele>84.52000000000001</ele>
   </trkpt>
   <trkpt lat="48.63792" lon="-2.94139">
    <ele>84.5</ele>
   </trkpt>
   <trkpt lat="48.63841000000001" lon="-2.9416800000000003">
    <ele>84.11</ele>
   </trkpt>
   <trkpt lat="48.638650000000005" lon="-2.9418400000000005">
    <ele>83.79</ele>
   </trkpt>
   <trkpt lat="48.63920500029739" lon="-2.9418549998429753">
    <ele>81.69000000000001</ele>
   </trkpt>
   <trkpt lat="48.63976" lon="-2.94187">
    <ele>80.98</ele>
   </trkpt>
   <trkpt lat="48.63998" lon="-2.94221">
    <ele>80.92</ele>
   </trkpt>
   <trkpt lat="48.64004667561372" lon="-2.9432266639764055">
    <ele>82.42</ele>
   </trkpt>
   <trkpt lat="48.640113342280216" lon="-2.944243330640348">
    <ele>83.71000000000001</ele>
   </trkpt>
   <trkpt lat="48.64018" lon="-2.94526">
    <ele>84.42</ele>
   </trkpt>
   <trkpt lat="48.640280000000004" lon="-2.9454700000000003">
    <ele>84.69</ele>
   </trkpt>
   <trkpt lat="48.640710000000006" lon="-2.94606">
    <ele>86.01</ele>
   </trkpt>
   <trkpt lat="48.64108" lon="-2.9466500000000004">
    <ele>84.14</ele>
   </trkpt>
   <trkpt lat="48.6415" lon="-2.9472">
    <ele>83.25</ele>
   </trkpt>
   <trkpt lat="48.641760000000005" lon="-2.94749">
    <ele>83.09</ele>
   </trkpt>
   <trkpt lat="48.64229500221181" lon="-2.948199992508773">
    <ele>81.39</ele>
   </trkpt>
   <trkpt lat="48.642830000000004" lon="-2.94891">
    <ele>79.14</ele>
   </trkpt>
   <trkpt lat="48.643530000000005" lon="-2.94951">
    <ele>79.17</ele>
   </trkpt>
   <trkpt lat="48.643600000000006" lon="-2.9496">
    <ele>79.29</ele>
   </trkpt>
   <trkpt lat="48.64401" lon="-2.9501100000000005">
    <ele>78.77000000000001</ele>
   </trkpt>
   <trkpt lat="48.64461000000001" lon="-2.95059">
    <ele>78.91000000000001</ele>
   </trkpt>
   <trkpt lat="48.64484" lon="-2.95093">
    <ele>78.72000000000001</ele>
   </trkpt>
   <trkpt lat="48.645050000000005" lon="-2.95155">
    <ele>78.4</ele>
   </trkpt>
   <trkpt lat="48.645270000000004" lon="-2.95208">
    <ele>78.52000000000001</ele>
   </trkpt>
   <trkpt lat="48.64576" lon="-2.9527900000000002">
    <ele>79.26</ele>
   </trkpt>
   <trkpt lat="48.646080000000005" lon="-2.9534000000000002">
    <ele>79.62</ele>
   </trkpt>
   <trkpt lat="48.64627" lon="-2.9537000000000004">
    <ele>79.49000000000001</ele>
   </trkpt>
   <trkpt lat="48.646570000000004" lon="-2.95393">
    <ele>79.42999999999999</ele>
   </trkpt>
   <trkpt lat="48.64678000000001" lon="-2.9540800000000003">
    <ele>79.13000000000001</ele>
   </trkpt>
   <trkpt lat="48.647130000000004" lon="-2.95486">
    <ele>77.14</ele>
   </trkpt>
   <trkpt lat="48.64737" lon="-2.95549">
    <ele>76.04</ele>
   </trkpt>
   <trkpt lat="48.64773" lon="-2.95608">
    <ele>74.46000000000001</ele>
   </trkpt>
   <trkpt lat="48.64799500158294" lon="-2.9566599972300738">
    <ele>73.02</ele>
   </trkpt>
   <trkpt lat="48.64826" lon="-2.95724">
    <ele>70.09</ele>
   </trkpt>
   <trkpt lat="48.64856" lon="-2.9574700000000003">
    <ele>68.79</ele>
   </trkpt>
   <trkpt lat="48.64903" lon="-2.95773">
    <ele>67.21000000000001</ele>
   </trkpt>
   <trkpt lat="48.64945" lon="-2.95778">
    <ele>66.04</ele>
   </trkpt>
   <trkpt lat="48.64961" lon="-2.95786">
    <ele>65.94</ele>
   </trkpt>
   <trkpt lat="48.650020000000005" lon="-2.95832">
    <ele>67.21000000000001</ele>
   </trkpt>
   <trkpt lat="48.65028" lon="-2.95873">
    <ele>69.75</ele>
   </trkpt>
   <trkpt lat="48.65043000000001" lon="-2.9592600000000004">
    <ele>71.36</ele>
   </trkpt>
   <trkpt lat="48.650470000000006" lon="-2.9599400000000005">
    <ele>72.37</ele>
   </trkpt>
   <trkpt lat="48.65046" lon="-2.96105">
    <ele>72.48</ele>
   </trkpt>
   <trkpt lat="48.650550002134416" lon="-2.9617549986109877">
    <ele>72.35000000000001</ele>
   </trkpt>
   <trkpt lat="48.65064" lon="-2.96246">
    <ele>70.55</ele>
   </trkpt>
   <trkpt lat="48.65063000000001" lon="-2.9626200000000003">
    <ele>69.93</ele>
   </trkpt>
   <trkpt lat="48.650850000000005" lon="-2.9630300000000003">
    <ele>68.74000000000001</ele>
   </trkpt>
   <trkpt lat="48.650960000000005" lon="-2.9633000000000003">
    <ele>68.61</ele>
   </trkpt>
   <trkpt lat="48.65111" lon="-2.96361">
    <ele>68.9</ele>
   </trkpt>
   <trkpt lat="48.65126" lon="-2.96389">
    <ele>69.03</ele>
   </trkpt>
   <trkpt lat="48.65149" lon="-2.96423">
    <ele>68.37</ele>
   </trkpt>
   <trkpt lat="48.651720000000005" lon="-2.96449">
    <ele>67.46000000000001</ele>
   </trkpt>
   <trkpt lat="48.6523550011728" lon="-2.9650099934530885">
    <ele>62.35</ele>
   </trkpt>
   <trkpt lat="48.65299" lon="-2.96553">
    <ele>59.42000000000001</ele>
   </trkpt>
   <trkpt lat="48.65351666992287" lon="-2.966143320519639">
    <ele>60.690000000000005</ele>
   </trkpt>
   <trkpt lat="48.65404333658968" lon="-2.966756653852951">
    <ele>64.47</ele>
   </trkpt>
   <trkpt lat="48.65457000000001" lon="-2.9673700000000003">
    <ele>64.99000000000001</ele>
   </trkpt>
   <trkpt lat="48.65467" lon="-2.96754">
    <ele>64.72</ele>
   </trkpt>
   <trkpt lat="48.65476" lon="-2.9677700000000002">
    <ele>64.23</ele>
   </trkpt>
   <trkpt lat="48.65482" lon="-2.96803">
    <ele>63.35</ele>
   </trkpt>
   <trkpt lat="48.65502000000001" lon="-2.96876">
    <ele>63.31</ele>
   </trkpt>
   <trkpt lat="48.655390000000004" lon="-2.9698100000000003">
    <ele>64.17</ele>
   </trkpt>
   <trkpt lat="48.655770000000004" lon="-2.9705800000000004">
    <ele>63.54</ele>
   </trkpt>
   <trkpt lat="48.65607500263861" lon="-2.97137499493822">
    <ele>62.93</ele>
   </trkpt>
   <trkpt lat="48.656380000000006" lon="-2.97217">
    <ele>62.02</ele>
   </trkpt>
   <trkpt lat="48.656470000000006" lon="-2.97236">
    <ele>61.83</ele>
   </trkpt>
   <trkpt lat="48.656800000000004" lon="-2.97277">
    <ele>60.7</ele>
   </trkpt>
   <trkpt lat="48.6574" lon="-2.97317">
    <ele>59.260000000000005</ele>
   </trkpt>
   <trkpt lat="48.657610000000005" lon="-2.97338">
    <ele>59.150000000000006</ele>
   </trkpt>
   <trkpt lat="48.657900000000005" lon="-2.97384">
    <ele>59.72</ele>
   </trkpt>
   <trkpt lat="48.65823500064902" lon="-2.9742949966408556">
    <ele>60.08</ele>
   </trkpt>
   <trkpt lat="48.658570000000005" lon="-2.9747500000000002">
    <ele>60.480000000000004</ele>
   </trkpt>
   <trkpt lat="48.658840000000005" lon="-2.97499">
    <ele>60.74</ele>
   </trkpt>
   <trkpt lat="48.659470000000006" lon="-2.9756400000000003">
    <ele>61.43000000000001</ele>
   </trkpt>
   <trkpt lat="48.659760000000006" lon="-2.97601">
    <ele>61.540000000000006</ele>
   </trkpt>
   <trkpt lat="48.65990000000001" lon="-2.97623">
    <ele>61.49</ele>
   </trkpt>
   <trkpt lat="48.660230000000006" lon="-2.9771">
    <ele>61.38</ele>
   </trkpt>
   <trkpt lat="48.66033" lon="-2.9773">
    <ele>61.38</ele>
   </trkpt>
   <trkpt lat="48.660450000000004" lon="-2.97746">
    <ele>61.480000000000004</ele>
   </trkpt>
   <trkpt lat="48.66067" lon="-2.9776900000000004">
    <ele>61.440000000000005</ele>
   </trkpt>
   <trkpt lat="48.66073" lon="-2.97777">
    <ele>61.290000000000006</ele>
   </trkpt>
   <trkpt lat="48.660920000000004" lon="-2.97832">
    <ele>59.46000000000001</ele>
   </trkpt>
   <trkpt lat="48.661140002293564" lon="-2.9790449968975246">
    <ele>55.63</ele>
   </trkpt>
   <trkpt lat="48.66136" lon="-2.9797700000000003">
    <ele>54.88</ele>
   </trkpt>
   <trkpt lat="48.661460000000005" lon="-2.9799700000000002">
    <ele>55.040000000000006</ele>
   </trkpt>
   <trkpt lat="48.661680000000004" lon="-2.98028">
    <ele>55.61000000000001</ele>
   </trkpt>
   <trkpt lat="48.66183" lon="-2.9803800000000003">
    <ele>55.980000000000004</ele>
   </trkpt>
   <trkpt lat="48.661970000000004" lon="-2.98043">
    <ele>56.34</ele>
   </trkpt>
   <trkpt lat="48.662440000000004" lon="-2.98049">
    <ele>59.830000000000005</ele>
   </trkpt>
   <trkpt lat="48.662600000000005" lon="-2.9805200000000003">
    <ele>60.32000000000001</ele>
   </trkpt>
   <trkpt lat="48.66292000000001" lon="-2.98076">
    <ele>61.290000000000006</ele>
   </trkpt>
   <trkpt lat="48.66317" lon="-2.9809900000000003">
    <ele>61.53000000000001</ele>
   </trkpt>
   <trkpt lat="48.663450000000005" lon="-2.9813600000000005">
    <ele>61.84</ele>
   </trkpt>
   <trkpt lat="48.66357000000001" lon="-2.98146">
    <ele>61.84</ele>
   </trkpt>
   <trkpt lat="48.663880000000006" lon="-2.98165">
    <ele>62.46000000000001</ele>
   </trkpt>
   <trkpt lat="48.66423" lon="-2.9819000000000004">
    <ele>62.02</ele>
   </trkpt>
   <trkpt lat="48.66463" lon="-2.98226">
    <ele>61.620000000000005</ele>
   </trkpt>
   <trkpt lat="48.66532" lon="-2.9831000000000003">
    <ele>62.42</ele>
   </trkpt>
   <trkpt lat="48.665530000000004" lon="-2.9836600000000004">
    <ele>62.92</ele>
   </trkpt>
   <trkpt lat="48.665380000000006" lon="-2.9840500000000003">
    <ele>61.15</ele>
   </trkpt>
   <trkpt lat="48.665380000000006" lon="-2.9840600000000004">
    <ele>61.11000000000001</ele>
   </trkpt>
   <trkpt lat="48.665330000000004" lon="-2.9841800000000003">
    <ele>60.440000000000005</ele>
   </trkpt>
   <trkpt lat="48.66525000000001" lon="-2.98428">
    <ele>59.870000000000005</ele>
   </trkpt>
   <trkpt lat="48.66476000057762" lon="-2.984595002967349">
    <ele>57.78</ele>
   </trkpt>
   <trkpt lat="48.66427" lon="-2.98491">
    <ele>56.14</ele>
   </trkpt>
   <trkpt lat="48.66405" lon="-2.98511">
    <ele>56.03</ele>
   </trkpt>
   <trkpt lat="48.66364500083074" lon="-2.9855600036667527">
    <ele>55.690000000000005</ele>
   </trkpt>
   <trkpt lat="48.66324" lon="-2.9860100000000003">
    <ele>55.78</ele>
   </trkpt>
   <trkpt lat="48.663000000000004" lon="-2.98625">
    <ele>56.38</ele>
   </trkpt>
   <trkpt lat="48.662870000000005" lon="-2.98634">
    <ele>56.81</ele>
   </trkpt>
   <trkpt lat="48.66283000000001" lon="-2.9864900000000003">
    <ele>57.06</ele>
   </trkpt>
   <trkpt lat="48.66343333340206" lon="-2.986370002884124">
    <ele>57.61</ele>
   </trkpt>
   <trkpt lat="48.66403666667948" lon="-2.9862500028952894">
    <ele>57.85</ele>
   </trkpt>
   <trkpt lat="48.664640000000006" lon="-2.98613">
    <ele>59.04</ele>
   </trkpt>
   <trkpt lat="48.66521" lon="-2.98606">
    <ele>60.35000000000001</ele>
   </trkpt>
   <trkpt lat="48.66576499989819" lon="-2.9860450001679695">
    <ele>63.300000000000004</ele>
   </trkpt>
   <trkpt lat="48.666320000000006" lon="-2.9860300000000004">
    <ele>63.85</ele>
   </trkpt>
   <trkpt lat="48.66678000020711" lon="-2.9860649996958752">
    <ele>65.33</ele>
   </trkpt>
   <trkpt lat="48.66724000000001" lon="-2.9861000000000004">
    <ele>66.35000000000001</ele>
   </trkpt>
   <trkpt lat="48.66774" lon="-2.98611">
    <ele>69.19</ele>
   </trkpt>
   <trkpt lat="48.66812" lon="-2.98618">
    <ele>69.95000000000002</ele>
   </trkpt>
   <trkpt lat="48.66825" lon="-2.98625">
    <ele>70.03</ele>
   </trkpt>
   <trkpt lat="48.668850000000006" lon="-2.9866900000000003">
    <ele>70.03</ele>
   </trkpt>
   <trkpt lat="48.66908" lon="-2.98679">
    <ele>69.8</ele>
   </trkpt>
   <trkpt lat="48.669700000000006" lon="-2.98693">
    <ele>69.37</ele>
   </trkpt>
   <trkpt lat="48.66995000000001" lon="-2.9870200000000002">
    <ele>69.03</ele>
   </trkpt>
   <trkpt lat="48.67027" lon="-2.9872300000000003">
    <ele>68.55</ele>
   </trkpt>
   <trkpt lat="48.670500000000004" lon="-2.98748">
    <ele>68.55</ele>
   </trkpt>
   <trkpt lat="48.67062000000001" lon="-2.9877300000000004">
    <ele>68.01</ele>
   </trkpt>
   <trkpt lat="48.670790000000004" lon="-2.98815">
    <ele>67.85000000000001</ele>
   </trkpt>
   <trkpt lat="48.67092" lon="-2.98842">
    <ele>67.85000000000001</ele>
   </trkpt>
   <trkpt lat="48.67103" lon="-2.98856">
    <ele>67.81</ele>
   </trkpt>
   <trkpt lat="48.67118000000001" lon="-2.9887">
    <ele>67.81</ele>
   </trkpt>
   <trkpt lat="48.6717300003434" lon="-2.988999996700127">
    <ele>67.44</ele>
   </trkpt>
   <trkpt lat="48.67228" lon="-2.9893">
    <ele>68.11</ele>
   </trkpt>
   <trkpt lat="48.6724" lon="-2.98939">
    <ele>68.3</ele>
   </trkpt>
   <trkpt lat="48.672540000000005" lon="-2.98952">
    <ele>68.62</ele>
   </trkpt>
   <trkpt lat="48.67268000000001" lon="-2.9897">
    <ele>68.62</ele>
   </trkpt>
   <trkpt lat="48.673100000000005" lon="-2.9902900000000003">
    <ele>68.07000000000001</ele>
   </trkpt>
   <trkpt lat="48.67347" lon="-2.99072">
    <ele>66.89</ele>
   </trkpt>
   <trkpt lat="48.673640000000006" lon="-2.99094">
    <ele>66.55000000000001</ele>
   </trkpt>
   <trkpt lat="48.673790000000004" lon="-2.9912">
    <ele>66.61</ele>
   </trkpt>
   <trkpt lat="48.67407000000001" lon="-2.99203">
    <ele>67.86</ele>
   </trkpt>
   <trkpt lat="48.67434" lon="-2.9927500000000005">
    <ele>68.45</ele>
   </trkpt>
   <trkpt lat="48.67464500184728" lon="-2.993364996701317">
    <ele>68.62</ele>
   </trkpt>
   <trkpt lat="48.67495" lon="-2.99398">
    <ele>68.7</ele>
   </trkpt>
   <trkpt lat="48.67518500249219" lon="-2.9947249968112915">
    <ele>68.07000000000001</ele>
   </trkpt>
   <trkpt lat="48.67542" lon="-2.99547">
    <ele>66.26</ele>
   </trkpt>
   <trkpt lat="48.67553" lon="-2.99574">
    <ele>64.81</ele>
   </trkpt>
   <trkpt lat="48.67577000000001" lon="-2.99615">
    <ele>62.61</ele>
   </trkpt>
   <trkpt lat="48.675940000000004" lon="-2.99628">
    <ele>60.86000000000001</ele>
   </trkpt>
   <trkpt lat="48.67618" lon="-2.99642">
    <ele>60.38</ele>
   </trkpt>
   <trkpt lat="48.67649" lon="-2.9965100000000002">
    <ele>58.400000000000006</ele>
   </trkpt>
   <trkpt lat="48.677155000153014" lon="-2.9966599980324484">
    <ele>53.61000000000001</ele>
   </trkpt>
   <trkpt lat="48.677820000000004" lon="-2.9968100000000004">
    <ele>55.34</ele>
   </trkpt>
   <trkpt lat="48.678270000000005" lon="-2.9971900000000002">
    <ele>59.68</ele>
   </trkpt>
   <trkpt lat="48.67839000000001" lon="-2.9972600000000003">
    <ele>59.68</ele>
   </trkpt>
   <trkpt lat="48.678580000000004" lon="-2.99732">
    <ele>61.46000000000001</ele>
   </trkpt>
   <trkpt lat="48.6790300001421" lon="-2.9972550005627876">
    <ele>64.03</ele>
   </trkpt>
   <trkpt lat="48.679480000000005" lon="-2.9971900000000002">
    <ele>66.5</ele>
   </trkpt>
   <trkpt lat="48.67996" lon="-2.99724">
    <ele>67.7</ele>
   </trkpt>
   <trkpt lat="48.68018000000001" lon="-2.99731">
    <ele>67.85000000000001</ele>
   </trkpt>
   <trkpt lat="48.680330000000005" lon="-2.99739">
    <ele>68.42</ele>
   </trkpt>
   <trkpt lat="48.68048" lon="-2.9975300000000002">
    <ele>68.63000000000001</ele>
   </trkpt>
   <trkpt lat="48.680940001041336" lon="-2.9980249954589726">
    <ele>70.72</ele>
   </trkpt>
   <trkpt lat="48.681400000000004" lon="-2.99852">
    <ele>72.22</ele>
   </trkpt>
   <trkpt lat="48.68181500098227" lon="-2.998999996028021">
    <ele>74.65</ele>
   </trkpt>
   <trkpt lat="48.682230000000004" lon="-2.99948">
    <ele>75.98</ele>
   </trkpt>
   <trkpt lat="48.68262000000001" lon="-2.9998400000000003">
    <ele>76.47000000000001</ele>
   </trkpt>
   <trkpt lat="48.68287" lon="-3.0000400000000003">
    <ele>76.71</ele>
   </trkpt>
   <trkpt lat="48.68298" lon="-3.0001100000000003">
    <ele>76.71</ele>
   </trkpt>
   <trkpt lat="48.683310000000006" lon="-3.0002400000000002">
    <ele>77.2</ele>
   </trkpt>
   <trkpt lat="48.683490000000006" lon="-3.00028">
    <ele>77.21</ele>
   </trkpt>
   <trkpt lat="48.68375" lon="-3.00028">
    <ele>77.38000000000001</ele>
   </trkpt>
   <trkpt lat="48.683870000000006" lon="-3.0002700000000004">
    <ele>77.51</ele>
   </trkpt>
   <trkpt lat="48.68448" lon="-3.00002">
    <ele>78.76</ele>
   </trkpt>
   <trkpt lat="48.684760000000004" lon="-2.99996">
    <ele>78.99000000000001</ele>
   </trkpt>
   <trkpt lat="48.68527" lon="-2.99994">
    <ele>80.4</ele>
   </trkpt>
   <trkpt lat="48.685700000000004" lon="-2.99994">
    <ele>82.27000000000001</ele>
   </trkpt>
   <trkpt lat="48.686020000000006" lon="-3.0000700000000005">
    <ele>83.09</ele>
   </trkpt>
   <trkpt lat="48.68601" lon="-3.00118">
    <ele>81.67</ele>
   </trkpt>
   <trkpt lat="48.686020000000006" lon="-3.00143">
    <ele>81.06</ele>
   </trkpt>
   <trkpt lat="48.68614" lon="-3.00198">
    <ele>80.10000000000001</ele>
   </trkpt>
   <trkpt lat="48.686360001780095" lon="-3.0026199972264043">
    <ele>79.53</ele>
   </trkpt>
   <trkpt lat="48.686580000000006" lon="-3.00326">
    <ele>78.73</ele>
   </trkpt>
   <trkpt lat="48.687160000000006" lon="-3.00428">
    <ele>77.35</ele>
   </trkpt>
   <trkpt lat="48.68723000000001" lon="-3.00435">
    <ele>77.30000000000001</ele>
   </trkpt>
   <trkpt lat="48.687430000000006" lon="-3.0045">
    <ele>77.33000000000001</ele>
   </trkpt>
   <trkpt lat="48.688230000000004" lon="-3.00489">
    <ele>78.94000000000001</ele>
   </trkpt>
   <trkpt lat="48.68856" lon="-3.0049">
    <ele>78.61000000000001</ele>
   </trkpt>
   <trkpt lat="48.689090000061945" lon="-3.0050399985204206">
    <ele>79.2</ele>
   </trkpt>
   <trkpt lat="48.689620000000005" lon="-3.00518">
    <ele>79.53</ele>
   </trkpt>
   <trkpt lat="48.690250000000006" lon="-3.00543">
    <ele>78.91000000000001</ele>
   </trkpt>
   <trkpt lat="48.69064" lon="-3.00559">
    <ele>77.64</ele>
   </trkpt>
   <trkpt lat="48.69071" lon="-3.0056000000000003">
    <ele>76.84</ele>
   </trkpt>
   <trkpt lat="48.690850000000005" lon="-3.00557">
    <ele>76.84</ele>
   </trkpt>
   <trkpt lat="48.69118" lon="-3.00536">
    <ele>74.35</ele>
   </trkpt>
   <trkpt lat="48.69145" lon="-3.00523">
    <ele>74.38</ele>
   </trkpt>
   <trkpt lat="48.69163" lon="-3.0051900000000002">
    <ele>74.95</ele>
   </trkpt>
   <trkpt lat="48.691770000000005" lon="-3.00523">
    <ele>75.29</ele>
   </trkpt>
   <trkpt lat="48.691880000000005" lon="-3.0053">
    <ele>75.7</ele>
   </trkpt>
   <trkpt lat="48.692420000000006" lon="-3.0058900000000004">
    <ele>78.71</ele>
   </trkpt>
   <trkpt lat="48.692730000000005" lon="-3.00618">
    <ele>81.02000000000001</ele>
   </trkpt>
   <trkpt lat="48.69303000000001" lon="-3.00639">
    <ele>83.67</ele>
   </trkpt>
   <trkpt lat="48.69364" lon="-3.00652">
    <ele>85.91</ele>
   </trkpt>
   <trkpt lat="48.693850000000005" lon="-3.0066100000000002">
    <ele>87.24000000000001</ele>
   </trkpt>
   <trkpt lat="48.69433" lon="-3.00692">
    <ele>90.27</ele>
   </trkpt>
   <trkpt lat="48.694680000000005" lon="-3.00708">
    <ele>91.56</ele>
   </trkpt>
   <trkpt lat="48.6948" lon="-3.00707">
    <ele>91.81</ele>
   </trkpt>
   <trkpt lat="48.69498" lon="-3.00726">
    <ele>92.04</ele>
   </trkpt>
   <trkpt lat="48.695310000000006" lon="-3.0074600000000005">
    <ele>92.17</ele>
   </trkpt>
   <trkpt lat="48.69594000000001" lon="-3.00787">
    <ele>93.57000000000001</ele>
   </trkpt>
   <trkpt lat="48.69621" lon="-3.0081100000000003">
    <ele>94.42</ele>
   </trkpt>
   <trkpt lat="48.696470000000005" lon="-3.0076600000000004">
    <ele>95.80000000000001</ele>
   </trkpt>
   <trkpt lat="48.696540000000006" lon="-3.0075000000000003">
    <ele>96.27000000000001</ele>
   </trkpt>
   <trkpt lat="48.696825003580166" lon="-3.0065950050085526">
    <ele>97.30000000000001</ele>
   </trkpt>
   <trkpt lat="48.69711" lon="-3.0056900000000004">
    <ele>97.94000000000001</ele>
   </trkpt>
   <trkpt lat="48.69738" lon="-3.0047900000000003">
    <ele>98.23</ele>
   </trkpt>
   <trkpt lat="48.6976" lon="-3.00353">
    <ele>97.14</ele>
   </trkpt>
   <trkpt lat="48.697630000000004" lon="-3.0033700000000003">
    <ele>97.14</ele>
   </trkpt>
   <trkpt lat="48.69782000000001" lon="-3.00299">
    <ele>96.41000000000001</ele>
   </trkpt>
   <trkpt lat="48.697950000000006" lon="-3.0026400000000004">
    <ele>96.13000000000001</ele>
   </trkpt>
   <trkpt lat="48.698125002220095" lon="-3.0019150027453825">
    <ele>95.51</ele>
   </trkpt>
   <trkpt lat="48.6983" lon="-3.0011900000000002">
    <ele>95.19000000000001</ele>
   </trkpt>
   <trkpt lat="48.69852" lon="-3.00055">
    <ele>95.16000000000001</ele>
   </trkpt>
   <trkpt lat="48.698600000000006" lon="-3.00014">
    <ele>95.16000000000001</ele>
   </trkpt>
   <trkpt lat="48.698780000000006" lon="-2.99947">
    <ele>95.23</ele>
   </trkpt>
   <trkpt lat="48.69897" lon="-2.9991000000000003">
    <ele>94.92</ele>
   </trkpt>
   <trkpt lat="48.69908" lon="-2.99881">
    <ele>95.06</ele>
   </trkpt>
   <trkpt lat="48.69912" lon="-2.9984400000000004">
    <ele>95.42999999999999</ele>
   </trkpt>
   <trkpt lat="48.699110000000005" lon="-2.99791">
    <ele>96.16000000000001</ele>
   </trkpt>
   <trkpt lat="48.699130000000004" lon="-2.99764">
    <ele>96.37</ele>
   </trkpt>
   <trkpt lat="48.699200000000005" lon="-2.99738">
    <ele>96.64</ele>
   </trkpt>
   <trkpt lat="48.699310000000004" lon="-2.9971400000000004">
    <ele>96.73</ele>
   </trkpt>
   <trkpt lat="48.699655000963915" lon="-2.9966750031489204">
    <ele>97.08000000000001</ele>
   </trkpt>
   <trkpt lat="48.7" lon="-2.99621">
    <ele>97.16000000000001</ele>
   </trkpt>
   <trkpt lat="48.700100000000006" lon="-2.99602">
    <ele>97.34</ele>
   </trkpt>
   <trkpt lat="48.700140000000005" lon="-2.9958600000000004">
    <ele>97.34</ele>
   </trkpt>
   <trkpt lat="48.700120000000005" lon="-2.9955700000000003">
    <ele>97.29</ele>
   </trkpt>
   <trkpt lat="48.69977" lon="-2.99432">
    <ele>97.79</ele>
   </trkpt>
   <trkpt lat="48.69955" lon="-2.9933600000000005">
    <ele>97.75</ele>
   </trkpt>
   <trkpt lat="48.69957" lon="-2.99296">
    <ele>97.85000000000001</ele>
   </trkpt>
   <trkpt lat="48.69966" lon="-2.99262">
    <ele>97.85000000000001</ele>
   </trkpt>
   <trkpt lat="48.699760000000005" lon="-2.99242">
    <ele>98.13000000000001</ele>
   </trkpt>
   <trkpt lat="48.699870000000004" lon="-2.99228">
    <ele>98.13000000000001</ele>
   </trkpt>
   <trkpt lat="48.700230000000005" lon="-2.99209">
    <ele>98.46000000000001</ele>
   </trkpt>
   <trkpt lat="48.70082000000001" lon="-2.9917300000000004">
    <ele>98.41000000000001</ele>
   </trkpt>
   <trkpt lat="48.70141" lon="-2.99126">
    <ele>97.82000000000001</ele>
   </trkpt>
   <trkpt lat="48.701550000000005" lon="-2.9911200000000004">
    <ele>97.76</ele>
   </trkpt>
   <trkpt lat="48.70178000000001" lon="-2.9908">
    <ele>98.07000000000001</ele>
   </trkpt>
   <trkpt lat="48.702040000000004" lon="-2.99031">
    <ele>98.9</ele>
   </trkpt>
   <trkpt lat="48.70221" lon="-2.98977">
    <ele>97.99000000000001</ele>
   </trkpt>
   <trkpt lat="48.7023" lon="-2.9890100000000004">
    <ele>95.78</ele>
   </trkpt>
   <trkpt lat="48.70232000000001" lon="-2.98769">
    <ele>93.43</ele>
   </trkpt>
   <trkpt lat="48.70235500247178" lon="-2.986935000410348">
    <ele>92.53</ele>
   </trkpt>
   <trkpt lat="48.70239" lon="-2.98618">
    <ele>92.06</ele>
   </trkpt>
   <trkpt lat="48.70239" lon="-2.98551">
    <ele>91.45</ele>
   </trkpt>
   <trkpt lat="48.702420000000004" lon="-2.9850000000000003">
    <ele>91.35</ele>
   </trkpt>
   <trkpt lat="48.70246" lon="-2.98476">
    <ele>91.19000000000001</ele>
   </trkpt>
   <trkpt lat="48.702540000000006" lon="-2.9845200000000003">
    <ele>91.19000000000001</ele>
   </trkpt>
   <trkpt lat="48.703045004374644" lon="-2.9835200099392525">
    <ele>90.9</ele>
   </trkpt>
   <trkpt lat="48.70355000000001" lon="-2.98252">
    <ele>89.99</ele>
   </trkpt>
   <trkpt lat="48.70373000000001" lon="-2.98172">
    <ele>89.00000000000001</ele>
   </trkpt>
   <trkpt lat="48.703900000000004" lon="-2.9813">
    <ele>87.59</ele>
   </trkpt>
   <trkpt lat="48.704" lon="-2.9811300000000003">
    <ele>87.59</ele>
   </trkpt>
   <trkpt lat="48.70416" lon="-2.98096">
    <ele>86.14</ele>
   </trkpt>
   <trkpt lat="48.70465" lon="-2.97983">
    <ele>84.60000000000001</ele>
   </trkpt>
   <trkpt lat="48.70474" lon="-2.9796">
    <ele>84.47</ele>
   </trkpt>
   <trkpt lat="48.704860000000004" lon="-2.97913">
    <ele>84.29</ele>
   </trkpt>
   <trkpt lat="48.704930000000004" lon="-2.97893">
    <ele>84.27000000000001</ele>
   </trkpt>
   <trkpt lat="48.705110000000005" lon="-2.97854">
    <ele>84.30000000000001</ele>
   </trkpt>
   <trkpt lat="48.705290000000005" lon="-2.9780300000000004">
    <ele>84.56</ele>
   </trkpt>
   <trkpt lat="48.7054700028054" lon="-2.977230002700491">
    <ele>84.91000000000001</ele>
   </trkpt>
   <trkpt lat="48.705650000000006" lon="-2.97643">
    <ele>85.47</ele>
   </trkpt>
   <trkpt lat="48.7058" lon="-2.97547">
    <ele>85.27000000000001</ele>
   </trkpt>
   <trkpt lat="48.705960002216244" lon="-2.974755002254314">
    <ele>85.66000000000001</ele>
   </trkpt>
   <trkpt lat="48.706120000000006" lon="-2.9740400000000005">
    <ele>85.89</ele>
   </trkpt>
   <trkpt lat="48.706250000000004" lon="-2.97371">
    <ele>85.96000000000001</ele>
   </trkpt>
   <trkpt lat="48.706320000000005" lon="-2.97357">
    <ele>85.99000000000001</ele>
   </trkpt>
   <trkpt lat="48.70642" lon="-2.97344">
    <ele>85.97</ele>
   </trkpt>
   <trkpt lat="48.70669" lon="-2.97316">
    <ele>85.43</ele>
   </trkpt>
   <trkpt lat="48.706810000000004" lon="-2.97296">
    <ele>85.17</ele>
   </trkpt>
   <trkpt lat="48.7071250025278" lon="-2.9721900049117567">
    <ele>82.28</ele>
   </trkpt>
   <trkpt lat="48.707440000000005" lon="-2.97142">
    <ele>80.28</ele>
   </trkpt>
   <trkpt lat="48.707710000000006" lon="-2.9709000000000003">
    <ele>77.17</ele>
   </trkpt>
   <trkpt lat="48.70781" lon="-2.97061">
    <ele>76.47000000000001</ele>
   </trkpt>
   <trkpt lat="48.70806" lon="-2.96939">
    <ele>75.99</ele>
   </trkpt>
   <trkpt lat="48.708200000000005" lon="-2.9681200000000003">
    <ele>78.11000000000001</ele>
   </trkpt>
   <trkpt lat="48.70823000000001" lon="-2.96733">
    <ele>78.53</ele>
   </trkpt>
   <trkpt lat="48.708270000000006" lon="-2.9669600000000003">
    <ele>78.58000000000001</ele>
   </trkpt>
   <trkpt lat="48.708420000000004" lon="-2.967">
    <ele>77.79</ele>
   </trkpt>
   <trkpt lat="48.70888" lon="-2.9669900000000005">
    <ele>76.91000000000001</ele>
   </trkpt>
   <trkpt lat="48.708980000000004" lon="-2.96695">
    <ele>76.91000000000001</ele>
   </trkpt>
   <trkpt lat="48.70917000000001" lon="-2.96686">
    <ele>77.01</ele>
   </trkpt>
   <trkpt lat="48.70937000000001" lon="-2.96666">
    <ele>77.53</ele>
   </trkpt>
   <trkpt lat="48.709790000000005" lon="-2.96645">
    <ele>79.02000000000001</ele>
   </trkpt>
   <trkpt lat="48.710080000000005" lon="-2.9663500000000003">
    <ele>78.98</ele>
   </trkpt>
   <trkpt lat="48.71056" lon="-2.9663100000000004">
    <ele>76.95</ele>
   </trkpt>
   <trkpt lat="48.711020000000005" lon="-2.9662">
    <ele>75.65</ele>
   </trkpt>
   <trkpt lat="48.71112" lon="-2.96611">
    <ele>75.65</ele>
   </trkpt>
   <trkpt lat="48.71085" lon="-2.9656300000000004">
    <ele>78.30000000000001</ele>
   </trkpt>
   <trkpt lat="48.71067000000001" lon="-2.96544">
    <ele>78.82</ele>
   </trkpt>
   <trkpt lat="48.71038" lon="-2.96517">
    <ele>80.99000000000001</ele>
   </trkpt>
   <trkpt lat="48.71027" lon="-2.9650200000000004">
    <ele>82.22</ele>
   </trkpt>
   <trkpt lat="48.71018" lon="-2.96469">
    <ele>82.61</ele>
   </trkpt>
   <trkpt lat="48.710010000000004" lon="-2.9638700000000004">
    <ele>82.08</ele>
   </trkpt>
   <trkpt lat="48.709810000000004" lon="-2.9630300000000003">
    <ele>82.68</ele>
   </trkpt>
   <trkpt lat="48.70978" lon="-2.96267">
    <ele>83.66000000000001</ele>
   </trkpt>
   <trkpt lat="48.70975000000001" lon="-2.96159">
    <ele>86.18</ele>
   </trkpt>
   <trkpt lat="48.709700000000005" lon="-2.9608600000000003">
    <ele>87.85000000000001</ele>
   </trkpt>
   <trkpt lat="48.709610000000005" lon="-2.96028">
    <ele>88.62</ele>
   </trkpt>
   <trkpt lat="48.709480000000006" lon="-2.9597300000000004">
    <ele>89.47000000000001</ele>
   </trkpt>
   <trkpt lat="48.709340000000005" lon="-2.9593300000000005">
    <ele>89.76</ele>
   </trkpt>
   <trkpt lat="48.70909" lon="-2.95875">
    <ele>89.97000000000001</ele>
   </trkpt>
   <trkpt lat="48.708760000000005" lon="-2.9582400000000004">
    <ele>90.4</ele>
   </trkpt>
   <trkpt lat="48.70846" lon="-2.95791">
    <ele>90.67</ele>
   </trkpt>
   <trkpt lat="48.708070000559886" lon="-2.957554997261968">
    <ele>91.4</ele>
   </trkpt>
   <trkpt lat="48.70768" lon="-2.9572000000000003">
    <ele>92.57000000000001</ele>
   </trkpt>
   <trkpt lat="48.70713000000001" lon="-2.95656">
    <ele>94.79</ele>
   </trkpt>
   <trkpt lat="48.70685" lon="-2.9561">
    <ele>95.67</ele>
   </trkpt>
   <trkpt lat="48.706435002457226" lon="-2.9553399936557723">
    <ele>95.48</ele>
   </trkpt>
   <trkpt lat="48.70602" lon="-2.9545800000000004">
    <ele>95.41000000000001</ele>
   </trkpt>
   <trkpt lat="48.706230000000005" lon="-2.9544900000000003">
    <ele>95.49000000000001</ele>
   </trkpt>
   <trkpt lat="48.70709" lon="-2.95447">
    <ele>95.52000000000001</ele>
   </trkpt>
   <trkpt lat="48.70765000002706" lon="-2.9544600001108074">
    <ele>94.97000000000001</ele>
   </trkpt>
   <trkpt lat="48.70821" lon="-2.95445">
    <ele>94.54</ele>
   </trkpt>
   <trkpt lat="48.70895" lon="-2.9543500000000003">
    <ele>92.92</ele>
   </trkpt>
   <trkpt lat="48.70935" lon="-2.95433">
    <ele>92.09</ele>
   </trkpt>
   <trkpt lat="48.70964000000001" lon="-2.9543800000000005">
    <ele>91.06</ele>
   </trkpt>
   <trkpt lat="48.70967" lon="-2.9530700000000003">
    <ele>90.66</ele>
   </trkpt>
   <trkpt lat="48.70966000000001" lon="-2.9524500000000002">
    <ele>90.74</ele>
   </trkpt>
   <trkpt lat="48.70962" lon="-2.95229">
    <ele>90.74</ele>
   </trkpt>
   <trkpt lat="48.70958" lon="-2.95222">
    <ele>90.72000000000001</ele>
   </trkpt>
   <trkpt lat="48.70946000000001" lon="-2.9521">
    <ele>90.73</ele>
   </trkpt>
   <trkpt lat="48.70926" lon="-2.9520500000000003">
    <ele>90.92</ele>
   </trkpt>
   <trkpt lat="48.70917000000001" lon="-2.9519800000000003">
    <ele>90.92</ele>
   </trkpt>
   <trkpt lat="48.70910000000001" lon="-2.95188">
    <ele>91.02</ele>
   </trkpt>
   <trkpt lat="48.70908000000001" lon="-2.9517700000000002">
    <ele>91.02</ele>
   </trkpt>
   <trkpt lat="48.709135007377135" lon="-2.950465001225216">
    <ele>92.2</ele>
   </trkpt>
   <trkpt lat="48.70919000000001" lon="-2.9491600000000004">
    <ele>94.48</ele>
   </trkpt>
   <trkpt lat="48.70917000000001" lon="-2.94877">
    <ele>95.27000000000001</ele>
   </trkpt>
   <trkpt lat="48.70915" lon="-2.9486700000000003">
    <ele>95.27000000000001</ele>
   </trkpt>
   <trkpt lat="48.70955000347295" lon="-2.9477700072258486">
    <ele>95.0</ele>
   </trkpt>
   <trkpt lat="48.709950000000006" lon="-2.94687">
    <ele>93.98</ele>
   </trkpt>
   <trkpt lat="48.710060000000006" lon="-2.9465800000000004">
    <ele>93.93</ele>
   </trkpt>
   <trkpt lat="48.71012" lon="-2.94605">
    <ele>94.39</ele>
   </trkpt>
   <trkpt lat="48.710190000000004" lon="-2.9449300000000003">
    <ele>94.67</ele>
   </trkpt>
   <trkpt lat="48.71029" lon="-2.94403">
    <ele>93.88000000000001</ele>
   </trkpt>
   <trkpt lat="48.71038" lon="-2.94356">
    <ele>93.91000000000001</ele>
   </trkpt>
   <trkpt lat="48.71052" lon="-2.9430500000000004">
    <ele>93.67</ele>
   </trkpt>
   <trkpt lat="48.710770000000004" lon="-2.94233">
    <ele>93.61000000000001</ele>
   </trkpt>
   <trkpt lat="48.711060001962245" lon="-2.941645004108675">
    <ele>93.54</ele>
   </trkpt>
   <trkpt lat="48.71135" lon="-2.94096">
    <ele>90.93</ele>
   </trkpt>
   <trkpt lat="48.711600000000004" lon="-2.9399">
    <ele>89.4</ele>
   </trkpt>
   <trkpt lat="48.71115" lon="-2.93974">
    <ele>89.59</ele>
   </trkpt>
   <trkpt lat="48.71058000000001" lon="-2.9393300000000004">
    <ele>91.52</ele>
   </trkpt>
   <trkpt lat="48.71029" lon="-2.93916">
    <ele>92.29</ele>
   </trkpt>
   <trkpt lat="48.70975000000001" lon="-2.9389700000000003">
    <ele>93.01</ele>
   </trkpt>
   <trkpt lat="48.709450000000004" lon="-2.9388">
    <ele>92.91000000000001</ele>
   </trkpt>
   <trkpt lat="48.70908000000001" lon="-2.93852">
    <ele>92.41000000000001</ele>
   </trkpt>
   <trkpt lat="48.70868" lon="-2.93819">
    <ele>91.75000000000001</ele>
   </trkpt>
   <trkpt lat="48.7083" lon="-2.93798">
    <ele>90.02</ele>
   </trkpt>
   <trkpt lat="48.70765" lon="-2.93766">
    <ele>87.92000000000002</ele>
   </trkpt>
   <trkpt lat="48.70720000000001" lon="-2.93738">
    <ele>86.45000000000002</ele>
   </trkpt>
   <trkpt lat="48.706470001127514" lon="-2.9368599924266428">
    <ele>85.44</ele>
   </trkpt>
   <trkpt lat="48.705740000000006" lon="-2.9363400000000004">
    <ele>84.24000000000001</ele>
   </trkpt>
   <trkpt lat="48.70552000000001" lon="-2.93617">
    <ele>83.59</ele>
   </trkpt>
   <trkpt lat="48.70544" lon="-2.93608">
    <ele>83.30000000000001</ele>
   </trkpt>
   <trkpt lat="48.705270000000006" lon="-2.93583">
    <ele>83.14</ele>
   </trkpt>
   <trkpt lat="48.70506" lon="-2.9356600000000004">
    <ele>82.89</ele>
   </trkpt>
   <trkpt lat="48.704600000000006" lon="-2.93541">
    <ele>82.56</ele>
   </trkpt>
   <trkpt lat="48.70449000000001" lon="-2.93529">
    <ele>82.43</ele>
   </trkpt>
   <trkpt lat="48.703950000000006" lon="-2.9349200000000004">
    <ele>78.56</ele>
   </trkpt>
   <trkpt lat="48.70384000000001" lon="-2.9348300000000003">
    <ele>78.48</ele>
   </trkpt>
   <trkpt lat="48.70362" lon="-2.93459">
    <ele>78.47000000000001</ele>
   </trkpt>
   <trkpt lat="48.703210000000006" lon="-2.93393">
    <ele>80.74000000000001</ele>
   </trkpt>
   <trkpt lat="48.70291" lon="-2.93364">
    <ele>81.24000000000001</ele>
   </trkpt>
   <trkpt lat="48.7025" lon="-2.9334100000000003">
    <ele>82.15</ele>
   </trkpt>
   <trkpt lat="48.702420000000004" lon="-2.93331">
    <ele>82.13000000000001</ele>
   </trkpt>
   <trkpt lat="48.70237" lon="-2.93318">
    <ele>82.09</ele>
   </trkpt>
   <trkpt lat="48.702310000000004" lon="-2.93292">
    <ele>81.85000000000001</ele>
   </trkpt>
   <trkpt lat="48.70224" lon="-2.93222">
    <ele>80.63000000000001</ele>
   </trkpt>
   <trkpt lat="48.70214000000001" lon="-2.93161">
    <ele>78.94000000000001</ele>
   </trkpt>
   <trkpt lat="48.702000000000005" lon="-2.93114">
    <ele>77.49</ele>
   </trkpt>
   <trkpt lat="48.7019" lon="-2.93093">
    <ele>76.94000000000001</ele>
   </trkpt>
   <trkpt lat="48.7017" lon="-2.9307200000000004">
    <ele>76.4</ele>
   </trkpt>
   <trkpt lat="48.70141" lon="-2.93055">
    <ele>77.14</ele>
   </trkpt>
   <trkpt lat="48.70129000000001" lon="-2.9304500000000004">
    <ele>78.69000000000001</ele>
   </trkpt>
   <trkpt lat="48.70118" lon="-2.93026">
    <ele>79.26</ele>
   </trkpt>
   <trkpt lat="48.701100000000004" lon="-2.92992">
    <ele>78.28</ele>
   </trkpt>
   <trkpt lat="48.701" lon="-2.9290700000000003">
    <ele>77.01</ele>
   </trkpt>
   <trkpt lat="48.700970000000005" lon="-2.92892">
    <ele>76.54</ele>
   </trkpt>
   <trkpt lat="48.70078" lon="-2.92836">
    <ele>75.6</ele>
   </trkpt>
   <trkpt lat="48.700720000000004" lon="-2.92802">
    <ele>74.25000000000001</ele>
   </trkpt>
   <trkpt lat="48.70073000000001" lon="-2.92789">
    <ele>74.25000000000001</ele>
   </trkpt>
   <trkpt lat="48.700790000000005" lon="-2.92769">
    <ele>73.94</ele>
   </trkpt>
   <trkpt lat="48.700950000000006" lon="-2.92741">
    <ele>72.78000000000002</ele>
   </trkpt>
   <trkpt lat="48.700990000000004" lon="-2.92728">
    <ele>72.78000000000002</ele>
   </trkpt>
   <trkpt lat="48.70102000000001" lon="-2.9270600000000004">
    <ele>72.37</ele>
   </trkpt>
   <trkpt lat="48.701" lon="-2.92674">
    <ele>71.17000000000002</ele>
   </trkpt>
   <trkpt lat="48.70087" lon="-2.92639">
    <ele>70.7</ele>
   </trkpt>
   <trkpt lat="48.70065" lon="-2.92594">
    <ele>69.78</ele>
   </trkpt>
   <trkpt lat="48.700570000000006" lon="-2.9257400000000002">
    <ele>69.52000000000001</ele>
   </trkpt>
   <trkpt lat="48.70028000000001" lon="-2.9249">
    <ele>69.33</ele>
   </trkpt>
   <trkpt lat="48.70027" lon="-2.92449">
    <ele>69.33</ele>
   </trkpt>
   <trkpt lat="48.70046000000001" lon="-2.9236600000000004">
    <ele>69.86</ele>
   </trkpt>
   <trkpt lat="48.70074" lon="-2.92368">
    <ele>69.91</ele>
   </trkpt>
   <trkpt lat="48.701260000000005" lon="-2.9237400000000004">
    <ele>71.38</ele>
   </trkpt>
   <trkpt lat="48.70140000000001" lon="-2.92335">
    <ele>71.56000000000002</ele>
   </trkpt>
   <trkpt lat="48.701510000000006" lon="-2.92274">
    <ele>71.85000000000001</ele>
   </trkpt>
   <trkpt lat="48.7015" lon="-2.92246">
    <ele>72.23</ele>
   </trkpt>
   <trkpt lat="48.70141" lon="-2.92165">
    <ele>73.87</ele>
   </trkpt>
   <trkpt lat="48.70138000000001" lon="-2.92153">
    <ele>73.87</ele>
   </trkpt>
   <trkpt lat="48.701130000000006" lon="-2.92097">
    <ele>75.32000000000001</ele>
   </trkpt>
   <trkpt lat="48.70086500146601" lon="-2.920359996456871">
    <ele>75.58000000000001</ele>
   </trkpt>
   <trkpt lat="48.7006" lon="-2.91975">
    <ele>75.6</ele>
   </trkpt>
   <trkpt lat="48.70055000000001" lon="-2.9197800000000003">
    <ele>75.6</ele>
   </trkpt>
   <trkpt lat="48.70049" lon="-2.9197800000000003">
    <ele>75.16</ele>
   </trkpt>
   <trkpt lat="48.700190000000006" lon="-2.91968">
    <ele>74.73</ele>
   </trkpt>
   <trkpt lat="48.699960000000004" lon="-2.9197">
    <ele>74.86000000000001</ele>
   </trkpt>
   <trkpt lat="48.699850000000005" lon="-2.91975">
    <ele>75.14000000000001</ele>
   </trkpt>
   <trkpt lat="48.699760000000005" lon="-2.9199100000000002">
    <ele>75.25000000000001</ele>
   </trkpt>
   <trkpt lat="48.69970000000001" lon="-2.9202500000000002">
    <ele>75.45</ele>
   </trkpt>
   <trkpt lat="48.699630000000006" lon="-2.9204200000000005">
    <ele>75.55000000000001</ele>
   </trkpt>
   <trkpt lat="48.69946" lon="-2.92058">
    <ele>75.78</ele>
   </trkpt>
   <trkpt lat="48.69933" lon="-2.9206800000000004">
    <ele>76.37</ele>
   </trkpt>
   <trkpt lat="48.69914000000001" lon="-2.92076">
    <ele>76.59</ele>
   </trkpt>
   <trkpt lat="48.69901" lon="-2.9208000000000003">
    <ele>76.99</ele>
   </trkpt>
   <trkpt lat="48.69885000000001" lon="-2.9209">
    <ele>77.43</ele>
   </trkpt>
   <trkpt lat="48.698530000000005" lon="-2.92097">
    <ele>78.76</ele>
   </trkpt>
   <trkpt lat="48.6979000000511" lon="-2.920975000062171">
    <ele>81.0</ele>
   </trkpt>
   <trkpt lat="48.69727" lon="-2.92098">
    <ele>83.16000000000001</ele>
   </trkpt>
   <trkpt lat="48.69713" lon="-2.9210300000000005">
    <ele>83.57000000000001</ele>
   </trkpt>
   <trkpt lat="48.697" lon="-2.92097">
    <ele>83.68</ele>
   </trkpt>
   <trkpt lat="48.69684" lon="-2.9209300000000002">
    <ele>83.68</ele>
   </trkpt>
   <trkpt lat="48.69642" lon="-2.92097">
    <ele>83.85000000000001</ele>
   </trkpt>
   <trkpt lat="48.696020000000004" lon="-2.92097">
    <ele>84.54</ele>
   </trkpt>
   <trkpt lat="48.69536500017918" lon="-2.9210050004460775">
    <ele>86.52000000000001</ele>
   </trkpt>
   <trkpt lat="48.69471" lon="-2.92104">
    <ele>88.65</ele>
   </trkpt>
   <trkpt lat="48.694570000000006" lon="-2.9209">
    <ele>88.78000000000002</ele>
   </trkpt>
   <trkpt lat="48.694390000000006" lon="-2.9204200000000005">
    <ele>88.48</ele>
   </trkpt>
   <trkpt lat="48.694125001487016" lon="-2.9198099965058386">
    <ele>88.07000000000001</ele>
   </trkpt>
   <trkpt lat="48.69386" lon="-2.9192">
    <ele>88.18</ele>
   </trkpt>
   <trkpt lat="48.69357" lon="-2.9187900000000004">
    <ele>84.99000000000001</ele>
   </trkpt>
   <trkpt lat="48.69352000000001" lon="-2.91853">
    <ele>84.23000000000002</ele>
   </trkpt>
   <trkpt lat="48.69359000000001" lon="-2.91806">
    <ele>83.18</ele>
   </trkpt>
   <trkpt lat="48.69352000000001" lon="-2.9178">
    <ele>84.0</ele>
   </trkpt>
   <trkpt lat="48.69292" lon="-2.91697">
    <ele>87.81000000000002</ele>
   </trkpt>
   <trkpt lat="48.69286" lon="-2.91683">
    <ele>87.97</ele>
   </trkpt>
   <trkpt lat="48.69272" lon="-2.9162500000000002">
    <ele>87.97</ele>
   </trkpt>
   <trkpt lat="48.69265" lon="-2.91611">
    <ele>87.91</ele>
   </trkpt>
   <trkpt lat="48.69213000383992" lon="-2.915439986102803">
    <ele>88.25000000000001</ele>
   </trkpt>
   <trkpt lat="48.691610003794864" lon="-2.9147699860449583">
    <ele>87.39</ele>
   </trkpt>
   <trkpt lat="48.69109" lon="-2.9141000000000004">
    <ele>86.29</ele>
   </trkpt>
   <trkpt lat="48.69044" lon="-2.9134">
    <ele>87.57000000000001</ele>
   </trkpt>
   <trkpt lat="48.69014000000001" lon="-2.91311">
    <ele>88.43</ele>
   </trkpt>
   <trkpt lat="48.689870000000006" lon="-2.91304">
    <ele>88.87</ele>
   </trkpt>
   <trkpt lat="48.68911000000001" lon="-2.9129400000000003">
    <ele>90.91</ele>
   </trkpt>
   <trkpt lat="48.689020000000006" lon="-2.9128900000000004">
    <ele>91.31</ele>
   </trkpt>
   <trkpt lat="48.688950000000006" lon="-2.91272">
    <ele>91.9</ele>
   </trkpt>
   <trkpt lat="48.68892" lon="-2.9125300000000003">
    <ele>91.9</ele>
   </trkpt>
   <trkpt lat="48.688930000000006" lon="-2.91204">
    <ele>92.99</ele>
   </trkpt>
   <trkpt lat="48.68900000000001" lon="-2.91148">
    <ele>94.09</ele>
   </trkpt>
   <trkpt lat="48.68898" lon="-2.91127">
    <ele>94.58000000000001</ele>
   </trkpt>
   <trkpt lat="48.68894" lon="-2.9111300000000004">
    <ele>94.58000000000001</ele>
   </trkpt>
   <trkpt lat="48.688660000000006" lon="-2.9104">
    <ele>97.17</ele>
   </trkpt>
   <trkpt lat="48.68862000000001" lon="-2.91035">
    <ele>97.17</ele>
   </trkpt>
   <trkpt lat="48.68851" lon="-2.9105900000000005">
    <ele>97.27000000000001</ele>
   </trkpt>
   <trkpt lat="48.68809" lon="-2.91175">
    <ele>97.99000000000001</ele>
   </trkpt>
   <trkpt lat="48.68761000000001" lon="-2.9125500000000004">
    <ele>97.95</ele>
   </trkpt>
   <trkpt lat="48.68741000000001" lon="-2.91297">
    <ele>98.15</ele>
   </trkpt>
   <trkpt lat="48.68715" lon="-2.91332">
    <ele>98.10000000000001</ele>
   </trkpt>
   <trkpt lat="48.68706" lon="-2.91351">
    <ele>97.96000000000001</ele>
   </trkpt>
   <trkpt lat="48.686800000000005" lon="-2.9142200000000003">
    <ele>98.02000000000001</ele>
   </trkpt>
   <trkpt lat="48.686600000000006" lon="-2.9146">
    <ele>98.37</ele>
   </trkpt>
   <trkpt lat="48.686510000000006" lon="-2.91473">
    <ele>99.0</ele>
   </trkpt>
   <trkpt lat="48.68612500085703" lon="-2.9151750034018624">
    <ele>99.62000000000002</ele>
   </trkpt>
   <trkpt lat="48.68574" lon="-2.91562">
    <ele>99.79</ele>
   </trkpt>
   <trkpt lat="48.685460000000006" lon="-2.91609">
    <ele>99.37000000000002</ele>
   </trkpt>
   <trkpt lat="48.68518" lon="-2.9165">
    <ele>98.9</ele>
   </trkpt>
   <trkpt lat="48.68504" lon="-2.91679">
    <ele>98.78</ele>
   </trkpt>
   <trkpt lat="48.68479000169157" lon="-2.917420003192672">
    <ele>99.47</ele>
   </trkpt>
   <trkpt lat="48.684540000000005" lon="-2.91805">
    <ele>100.30000000000001</ele>
   </trkpt>
   <trkpt lat="48.68432000000001" lon="-2.91839">
    <ele>101.38000000000001</ele>
   </trkpt>
   <trkpt lat="48.68422" lon="-2.9185200000000004">
    <ele>101.38000000000001</ele>
   </trkpt>
   <trkpt lat="48.68368" lon="-2.91909">
    <ele>102.02000000000001</ele>
   </trkpt>
   <trkpt lat="48.68323" lon="-2.9197100000000002">
    <ele>102.23</ele>
   </trkpt>
   <trkpt lat="48.682610000000004" lon="-2.92036">
    <ele>102.69</ele>
   </trkpt>
   <trkpt lat="48.68236" lon="-2.9206600000000003">
    <ele>102.57000000000001</ele>
   </trkpt>
   <trkpt lat="48.68193" lon="-2.9217700000000004">
    <ele>101.24000000000001</ele>
   </trkpt>
   <trkpt lat="48.68178" lon="-2.9221000000000004">
    <ele>101.02000000000001</ele>
   </trkpt>
   <trkpt lat="48.68142500122356" lon="-2.922635003793375">
    <ele>101.17</ele>
   </trkpt>
   <trkpt lat="48.681070000000005" lon="-2.9231700000000003">
    <ele>102.31000000000002</ele>
   </trkpt>
   <trkpt lat="48.68075" lon="-2.92356">
    <ele>103.63000000000001</ele>
   </trkpt>
   <trkpt lat="48.68057" lon="-2.9237400000000004">
    <ele>103.14</ele>
   </trkpt>
   <trkpt lat="48.680070000491135" lon="-2.9240600031457054">
    <ele>101.18</ele>
   </trkpt>
   <trkpt lat="48.679570000000005" lon="-2.92438">
    <ele>97.72</ele>
   </trkpt>
   <trkpt lat="48.67945" lon="-2.92449">
    <ele>97.34</ele>
   </trkpt>
   <trkpt lat="48.67938" lon="-2.92457">
    <ele>97.34</ele>
   </trkpt>
   <trkpt lat="48.67936" lon="-2.92444">
    <ele>97.41000000000001</ele>
   </trkpt>
   <trkpt lat="48.67933000000001" lon="-2.92437">
    <ele>97.38000000000001</ele>
   </trkpt>
   <trkpt lat="48.67922000216647" lon="-2.9236599983529556">
    <ele>96.97000000000001</ele>
   </trkpt>
   <trkpt lat="48.67911" lon="-2.92295">
    <ele>97.05000000000001</ele>
   </trkpt>
   <trkpt lat="48.678920000000005" lon="-2.92212">
    <ele>98.04</ele>
   </trkpt>
   <trkpt lat="48.67884" lon="-2.9217600000000004">
    <ele>98.10000000000001</ele>
   </trkpt>
   <trkpt lat="48.678760000000004" lon="-2.9217600000000004">
    <ele>98.10000000000001</ele>
   </trkpt>
   <trkpt lat="48.67850000000001" lon="-2.9218300000000004">
    <ele>97.75</ele>
   </trkpt>
   <trkpt lat="48.67833" lon="-2.92226">
    <ele>96.77000000000001</ele>
   </trkpt>
   <trkpt lat="48.67832000000001" lon="-2.92228">
    <ele>96.71000000000001</ele>
   </trkpt>
   <trkpt lat="48.67850000000001" lon="-2.9218300000000004">
    <ele>97.75</ele>
   </trkpt>
   <trkpt lat="48.678250000000006" lon="-2.92187">
    <ele>97.74000000000001</ele>
   </trkpt>
   <trkpt lat="48.67806" lon="-2.92187">
    <ele>97.80000000000001</ele>
   </trkpt>
   <trkpt lat="48.67741000024197" lon="-2.9216599973068735">
    <ele>95.45</ele>
   </trkpt>
   <trkpt lat="48.67676" lon="-2.92145">
    <ele>92.13</ele>
   </trkpt>
   <trkpt lat="48.67645" lon="-2.92131">
    <ele>89.28000000000002</ele>
   </trkpt>
   <trkpt lat="48.67625" lon="-2.92118">
    <ele>88.59</ele>
   </trkpt>
   <trkpt lat="48.6758" lon="-2.9209">
    <ele>87.83</ele>
   </trkpt>
   <trkpt lat="48.6756" lon="-2.9208100000000004">
    <ele>87.77</ele>
   </trkpt>
   <trkpt lat="48.675580000000004" lon="-2.92084">
    <ele>87.66</ele>
   </trkpt>
   <trkpt lat="48.6756" lon="-2.9208100000000004">
    <ele>87.77</ele>
   </trkpt>
   <trkpt lat="48.67544" lon="-2.92079">
    <ele>88.49000000000001</ele>
   </trkpt>
   <trkpt lat="48.67501500019529" lon="-2.920534997797182">
    <ele>88.79</ele>
   </trkpt>
   <trkpt lat="48.67459" lon="-2.9202800000000004">
    <ele>87.75</ele>
   </trkpt>
   <trkpt lat="48.67403" lon="-2.9197800000000003">
    <ele>81.52000000000001</ele>
   </trkpt>
   <trkpt lat="48.673640000000006" lon="-2.9194700000000005">
    <ele>75.9</ele>
   </trkpt>
   <trkpt lat="48.67365" lon="-2.91949">
    <ele>76.14</ele>
   </trkpt>
   <trkpt lat="48.67321000064099" lon="-2.9191349969768967">
    <ele>70.44</ele>
   </trkpt>
   <trkpt lat="48.67277000000001" lon="-2.9187800000000004">
    <ele>67.12</ele>
   </trkpt>
   <trkpt lat="48.672920000000005" lon="-2.91832">
    <ele>67.04</ele>
   </trkpt>
   <trkpt lat="48.672410000000006" lon="-2.91765">
    <ele>62.46000000000001</ele>
   </trkpt>
   <trkpt lat="48.671890000000005" lon="-2.9171">
    <ele>59.85000000000001</ele>
   </trkpt>
   <trkpt lat="48.67175" lon="-2.9170000000000003">
    <ele>59.050000000000004</ele>
   </trkpt>
   <trkpt lat="48.67157" lon="-2.9171">
    <ele>57.800000000000004</ele>
   </trkpt>
   <trkpt lat="48.671060000000004" lon="-2.91651">
    <ele>50.72</ele>
   </trkpt>
   <trkpt lat="48.67098000000001" lon="-2.91678">
    <ele>51.53000000000001</ele>
   </trkpt>
   <trkpt lat="48.67058" lon="-2.91758">
    <ele>52.82000000000001</ele>
   </trkpt>
   <trkpt lat="48.670440000000006" lon="-2.91799">
    <ele>52.86000000000001</ele>
   </trkpt>
   <trkpt lat="48.670370000000005" lon="-2.91853">
    <ele>52.84</ele>
   </trkpt>
   <trkpt lat="48.67031500286261" lon="-2.919340000541007">
    <ele>52.93000000000001</ele>
   </trkpt>
   <trkpt lat="48.670260000000006" lon="-2.92015">
    <ele>52.78000000000001</ele>
   </trkpt>
   <trkpt lat="48.670230000000004" lon="-2.9203">
    <ele>52.77</ele>
   </trkpt>
   <trkpt lat="48.67015000000001" lon="-2.92049">
    <ele>52.93000000000001</ele>
   </trkpt>
   <trkpt lat="48.669900000000005" lon="-2.9209300000000002">
    <ele>53.4</ele>
   </trkpt>
   <trkpt lat="48.669625001612374" lon="-2.9215550035884226">
    <ele>54.080000000000005</ele>
   </trkpt>
   <trkpt lat="48.66935" lon="-2.9221800000000004">
    <ele>55.690000000000005</ele>
   </trkpt>
   <trkpt lat="48.66915" lon="-2.92199">
    <ele>55.82</ele>
   </trkpt>
   <trkpt lat="48.66908" lon="-2.92198">
    <ele>55.82</ele>
   </trkpt>
   <trkpt lat="48.669070000000005" lon="-2.92205">
    <ele>55.82</ele>
   </trkpt>
   <trkpt lat="48.66902" lon="-2.92214">
    <ele>55.160000000000004</ele>
   </trkpt>
   <trkpt lat="48.668960000000006" lon="-2.9222">
    <ele>55.160000000000004</ele>
   </trkpt>
   <trkpt lat="48.66883000000001" lon="-2.9221800000000004">
    <ele>55.06</ele>
   </trkpt>
   <trkpt lat="48.668780000000005" lon="-2.92212">
    <ele>55.06</ele>
   </trkpt>
   <trkpt lat="48.66875" lon="-2.92199">
    <ele>55.440000000000005</ele>
   </trkpt>
   <trkpt lat="48.668760000000006" lon="-2.92186">
    <ele>55.440000000000005</ele>
   </trkpt>
   <trkpt lat="48.66864" lon="-2.92178">
    <ele>55.68000000000001</ele>
   </trkpt>
   <trkpt lat="48.66815500021851" lon="-2.921749999724538">
    <ele>57.220000000000006</ele>
   </trkpt>
   <trkpt lat="48.66767" lon="-2.92172">
    <ele>58.67000000000001</ele>
   </trkpt>
   <trkpt lat="48.667440000000006" lon="-2.9216400000000005">
    <ele>60.97</ele>
   </trkpt>
   <trkpt lat="48.66669" lon="-2.92117">
    <ele>63.61</ele>
   </trkpt>
   <trkpt lat="48.666380000000004" lon="-2.92099">
    <ele>64.78</ele>
   </trkpt>
   <trkpt lat="48.666270000000004" lon="-2.92097">
    <ele>65.02000000000001</ele>
   </trkpt>
   <trkpt lat="48.66608" lon="-2.9209300000000002">
    <ele>65.10000000000001</ele>
   </trkpt>
   <trkpt lat="48.66554000000001" lon="-2.92104">
    <ele>65.24000000000001</ele>
   </trkpt>
   <trkpt lat="48.66512" lon="-2.92104">
    <ele>65.16000000000001</ele>
   </trkpt>
   <trkpt lat="48.664930000000005" lon="-2.92104">
    <ele>65.36</ele>
   </trkpt>
   <trkpt lat="48.664680000000004" lon="-2.9209600000000004">
    <ele>65.81</ele>
   </trkpt>
   <trkpt lat="48.664590000000004" lon="-2.9209">
    <ele>66.06</ele>
   </trkpt>
   <trkpt lat="48.66413000000001" lon="-2.92049">
    <ele>68.83</ele>
   </trkpt>
   <trkpt lat="48.6636" lon="-2.9201300000000003">
    <ele>71.23</ele>
   </trkpt>
   <trkpt lat="48.66342" lon="-2.91997">
    <ele>71.72</ele>
   </trkpt>
   <trkpt lat="48.66331" lon="-2.91983">
    <ele>71.81000000000002</ele>
   </trkpt>
   <trkpt lat="48.66310000000001" lon="-2.9194400000000003">
    <ele>71.62</ele>
   </trkpt>
   <trkpt lat="48.662670000000006" lon="-2.9187600000000002">
    <ele>71.8</ele>
   </trkpt>
   <trkpt lat="48.662240000000004" lon="-2.9179500000000003">
    <ele>72.72</ele>
   </trkpt>
   <trkpt lat="48.66216000000001" lon="-2.91785">
    <ele>72.77</ele>
   </trkpt>
   <trkpt lat="48.662020000000005" lon="-2.91772">
    <ele>72.82000000000001</ele>
   </trkpt>
   <trkpt lat="48.66158500033065" lon="-2.917489998068802">
    <ele>72.82000000000001</ele>
   </trkpt>
   <trkpt lat="48.661150000000006" lon="-2.91726">
    <ele>72.45</ele>
   </trkpt>
   <trkpt lat="48.66095000000001" lon="-2.91724">
    <ele>72.42000000000002</ele>
   </trkpt>
   <trkpt lat="48.660470000000004" lon="-2.91724">
    <ele>72.72</ele>
   </trkpt>
   <trkpt lat="48.660180000000004" lon="-2.9172000000000002">
    <ele>73.26</ele>
   </trkpt>
   <trkpt lat="48.660000000000004" lon="-2.9171600000000004">
    <ele>73.63</ele>
   </trkpt>
   <trkpt lat="48.659740000000006" lon="-2.91704">
    <ele>74.28000000000002</ele>
   </trkpt>
   <trkpt lat="48.659440000000004" lon="-2.91685">
    <ele>74.82000000000001</ele>
   </trkpt>
   <trkpt lat="48.65907000000001" lon="-2.91656">
    <ele>74.8</ele>
   </trkpt>
   <trkpt lat="48.658860000000004" lon="-2.91629">
    <ele>74.54</ele>
   </trkpt>
   <trkpt lat="48.65863" lon="-2.9159100000000002">
    <ele>74.43</ele>
   </trkpt>
   <trkpt lat="48.65840000000001" lon="-2.9153800000000003">
    <ele>74.99</ele>
   </trkpt>
   <trkpt lat="48.65818" lon="-2.91507">
    <ele>75.41</ele>
   </trkpt>
   <trkpt lat="48.65751" lon="-2.91453">
    <ele>77.18</ele>
   </trkpt>
   <trkpt lat="48.65738" lon="-2.91439">
    <ele>77.30000000000001</ele>
   </trkpt>
   <trkpt lat="48.657270000000004" lon="-2.9142300000000003">
    <ele>77.43</ele>
   </trkpt>
   <trkpt lat="48.65711" lon="-2.9139100000000004">
    <ele>77.6</ele>
   </trkpt>
   <trkpt lat="48.65697" lon="-2.91372">
    <ele>77.88000000000001</ele>
   </trkpt>
   <trkpt lat="48.656850000000006" lon="-2.9136100000000003">
    <ele>78.01</ele>
   </trkpt>
   <trkpt lat="48.65637" lon="-2.91326">
    <ele>78.17</ele>
   </trkpt>
   <trkpt lat="48.65576" lon="-2.9131">
    <ele>78.98</ele>
   </trkpt>
   <trkpt lat="48.65543" lon="-2.9129400000000003">
    <ele>79.46000000000001</ele>
   </trkpt>
   <trkpt lat="48.65525" lon="-2.91279">
    <ele>79.94000000000001</ele>
   </trkpt>
   <trkpt lat="48.65487" lon="-2.91243">
    <ele>80.91000000000001</ele>
   </trkpt>
   <trkpt lat="48.65467" lon="-2.91236">
    <ele>81.31</ele>
   </trkpt>
   <trkpt lat="48.654180000000004" lon="-2.91229">
    <ele>81.42</ele>
   </trkpt>
   <trkpt lat="48.654" lon="-2.91215">
    <ele>81.42</ele>
   </trkpt>
   <trkpt lat="48.653380000000006" lon="-2.91141">
    <ele>81.04</ele>
   </trkpt>
   <trkpt lat="48.65307000000001" lon="-2.91108">
    <ele>80.73</ele>
   </trkpt>
   <trkpt lat="48.65252" lon="-2.91069">
    <ele>80.89</ele>
   </trkpt>
   <trkpt lat="48.65195000000001" lon="-2.91012">
    <ele>82.66000000000001</ele>
   </trkpt>
   <trkpt lat="48.65173" lon="-2.90985">
    <ele>83.14</ele>
   </trkpt>
   <trkpt lat="48.65157000000001" lon="-2.90959">
    <ele>84.4</ele>
   </trkpt>
   <trkpt lat="48.65146000000001" lon="-2.9093700000000005">
    <ele>85.23</ele>
   </trkpt>
   <trkpt lat="48.65129" lon="-2.90849">
    <ele>86.64</ele>
   </trkpt>
   <trkpt lat="48.651250000000005" lon="-2.90837">
    <ele>86.64</ele>
   </trkpt>
   <trkpt lat="48.65115" lon="-2.90817">
    <ele>86.59</ele>
   </trkpt>
   <trkpt lat="48.65079500132679" lon="-2.9076349963660264">
    <ele>86.95000000000002</ele>
   </trkpt>
   <trkpt lat="48.65044" lon="-2.9071000000000002">
    <ele>87.9</ele>
   </trkpt>
   <trkpt lat="48.650040000000004" lon="-2.9064200000000002">
    <ele>89.26</ele>
   </trkpt>
   <trkpt lat="48.6499" lon="-2.90626">
    <ele>89.48</ele>
   </trkpt>
   <trkpt lat="48.649460000000005" lon="-2.9059500000000003">
    <ele>89.82000000000001</ele>
   </trkpt>
   <trkpt lat="48.64922000000001" lon="-2.9057500000000003">
    <ele>90.41</ele>
   </trkpt>
   <trkpt lat="48.648920000000004" lon="-2.90558">
    <ele>90.7</ele>
   </trkpt>
   <trkpt lat="48.64871" lon="-2.9054">
    <ele>91.56</ele>
   </trkpt>
   <trkpt lat="48.64835" lon="-2.90504">
    <ele>93.68</ele>
   </trkpt>
   <trkpt lat="48.647890000000004" lon="-2.9043900000000002">
    <ele>96.10000000000001</ele>
   </trkpt>
   <trkpt lat="48.64739500271863" lon="-2.9035899920644495">
    <ele>97.59</ele>
   </trkpt>
   <trkpt lat="48.6469" lon="-2.9027900000000004">
    <ele>96.81</ele>
   </trkpt>
   <trkpt lat="48.64641000537001" lon="-2.901679989299736">
    <ele>95.49000000000001</ele>
   </trkpt>
   <trkpt lat="48.645920000000004" lon="-2.90057">
    <ele>94.64</ele>
   </trkpt>
   <trkpt lat="48.64566000000001" lon="-2.89977">
    <ele>94.00000000000001</ele>
   </trkpt>
   <trkpt lat="48.645440002588266" lon="-2.8989899964381545">
    <ele>92.6</ele>
   </trkpt>
   <trkpt lat="48.64522" lon="-2.89821">
    <ele>92.38</ele>
   </trkpt>
   <trkpt lat="48.64506" lon="-2.89785">
    <ele>92.18</ele>
   </trkpt>
   <trkpt lat="48.64486" lon="-2.8976">
    <ele>92.15</ele>
   </trkpt>
   <trkpt lat="48.64470000000001" lon="-2.89751">
    <ele>92.26</ele>
   </trkpt>
   <trkpt lat="48.64428" lon="-2.89731">
    <ele>93.08000000000001</ele>
   </trkpt>
   <trkpt lat="48.64392" lon="-2.89706">
    <ele>94.22000000000001</ele>
   </trkpt>
   <trkpt lat="48.64359" lon="-2.89677">
    <ele>94.78</ele>
   </trkpt>
   <trkpt lat="48.64332" lon="-2.8964700000000003">
    <ele>94.53</ele>
   </trkpt>
   <trkpt lat="48.643170000000005" lon="-2.8960800000000004">
    <ele>93.17</ele>
   </trkpt>
   <trkpt lat="48.64294500285232" lon="-2.895269996432106">
    <ele>90.9</ele>
   </trkpt>
   <trkpt lat="48.642720000000004" lon="-2.89446">
    <ele>88.7</ele>
   </trkpt>
   <trkpt lat="48.64233" lon="-2.89345">
    <ele>86.3</ele>
   </trkpt>
   <trkpt lat="48.642160000000004" lon="-2.89264">
    <ele>84.57000000000001</ele>
   </trkpt>
   <trkpt lat="48.64193" lon="-2.89184">
    <ele>83.72</ele>
   </trkpt>
   <trkpt lat="48.641740000000006" lon="-2.8914700000000004">
    <ele>83.42</ele>
   </trkpt>
   <trkpt lat="48.64161000000001" lon="-2.89141">
    <ele>83.56</ele>
   </trkpt>
   <trkpt lat="48.64157" lon="-2.89142">
    <ele>83.66000000000001</ele>
   </trkpt>
   <trkpt lat="48.641490000000005" lon="-2.89137">
    <ele>83.49000000000001</ele>
   </trkpt>
   <trkpt lat="48.64144" lon="-2.89121">
    <ele>83.06</ele>
   </trkpt>
   <trkpt lat="48.641450000000006" lon="-2.89114">
    <ele>83.06</ele>
   </trkpt>
   <trkpt lat="48.641510000000004" lon="-2.8910400000000003">
    <ele>82.73</ele>
   </trkpt>
   <trkpt lat="48.64172000000001" lon="-2.8909700000000003">
    <ele>82.63000000000001</ele>
   </trkpt>
   <trkpt lat="48.64199000588429" lon="-2.890146675431225">
    <ele>81.65</ele>
   </trkpt>
   <trkpt lat="48.64226000590079" lon="-2.8893233420476943">
    <ele>80.89</ele>
   </trkpt>
   <trkpt lat="48.64253" lon="-2.8885">
    <ele>80.61</ele>
   </trkpt>
   <trkpt lat="48.64276" lon="-2.88749">
    <ele>80.15</ele>
   </trkpt>
   <trkpt lat="48.642900000000004" lon="-2.88648">
    <ele>80.55000000000001</ele>
   </trkpt>
   <trkpt lat="48.64296" lon="-2.88592">
    <ele>81.34</ele>
   </trkpt>
   <trkpt lat="48.64300667481297" lon="-2.88495000175955">
    <ele>81.81</ele>
   </trkpt>
   <trkpt lat="48.643053341481355" lon="-2.883980001723954">
    <ele>81.63000000000001</ele>
   </trkpt>
   <trkpt lat="48.643100000000004" lon="-2.88301">
    <ele>80.91000000000001</ele>
   </trkpt>
   <trkpt lat="48.643170000000005" lon="-2.882">
    <ele>80.15</ele>
   </trkpt>
   <trkpt lat="48.643280000000004" lon="-2.88113">
    <ele>79.56</ele>
   </trkpt>
   <trkpt lat="48.64340000000001" lon="-2.8805">
    <ele>78.57</ele>
   </trkpt>
   <trkpt lat="48.64359334078318" lon="-2.879573340357575">
    <ele>76.86000000000001</ele>
   </trkpt>
   <trkpt lat="48.64378667413326" lon="-2.87864667361071">
    <ele>74.09</ele>
   </trkpt>
   <trkpt lat="48.643980000000006" lon="-2.87772">
    <ele>72.85000000000001</ele>
   </trkpt>
   <trkpt lat="48.644090000000006" lon="-2.8772">
    <ele>72.77</ele>
   </trkpt>
   <trkpt lat="48.64417" lon="-2.87666">
    <ele>72.0</ele>
   </trkpt>
   <trkpt lat="48.64428" lon="-2.87576">
    <ele>70.71000000000001</ele>
   </trkpt>
   <trkpt lat="48.644360007338456" lon="-2.874840002781779">
    <ele>68.77000000000001</ele>
   </trkpt>
   <trkpt lat="48.64444000735037" lon="-2.873920002644776">
    <ele>67.22</ele>
   </trkpt>
   <trkpt lat="48.64452000000001" lon="-2.873">
    <ele>66.15</ele>
   </trkpt>
   <trkpt lat="48.64457" lon="-2.8725400000000003">
    <ele>65.91000000000001</ele>
   </trkpt>
   <trkpt lat="48.64473602273343" lon="-2.871394015108106">
    <ele>64.41000000000001</ele>
   </trkpt>
   <trkpt lat="48.644902034098884" lon="-2.870248022671489">
    <ele>63.38</ele>
   </trkpt>
   <trkpt lat="48.64506803409621" lon="-2.8691020226905724">
    <ele>62.86</ele>
   </trkpt>
   <trkpt lat="48.645234022725255" lon="-2.867956015165778">
    <ele>61.78000000000001</ele>
   </trkpt>
   <trkpt lat="48.6454" lon="-2.86681">
    <ele>61.69</ele>
   </trkpt>
   <trkpt lat="48.645540009719355" lon="-2.8657500059351806">
    <ele>61.43000000000001</ele>
   </trkpt>
   <trkpt lat="48.64568000971279" lon="-2.864690005985038">
    <ele>62.690000000000005</ele>
   </trkpt>
   <trkpt lat="48.64582" lon="-2.86363">
    <ele>65.37</ele>
   </trkpt>
   <trkpt lat="48.645860000000006" lon="-2.86303">
    <ele>66.88000000000001</ele>
   </trkpt>
   <trkpt lat="48.64585" lon="-2.86192">
    <ele>67.13000000000001</ele>
   </trkpt>
   <trkpt lat="48.64583500350721" lon="-2.86101999982209">
    <ele>65.80000000000001</ele>
   </trkpt>
   <trkpt lat="48.64582" lon="-2.86012">
    <ele>63.81</ele>
   </trkpt>
   <trkpt lat="48.64569" lon="-2.85929">
    <ele>63.32</ele>
   </trkpt>
   <trkpt lat="48.64548500424374" lon="-2.858299995984566">
    <ele>62.32000000000001</ele>
   </trkpt>
   <trkpt lat="48.64528000000001" lon="-2.85731">
    <ele>61.71000000000001</ele>
   </trkpt>
   <trkpt lat="48.645160000000004" lon="-2.8563">
    <ele>60.56</ele>
   </trkpt>
   <trkpt lat="48.645092517245075" lon="-2.8551474953514244">
    <ele>58.620000000000005</ele>
   </trkpt>
   <trkpt lat="48.645025022992556" lon="-2.853994993787369">
    <ele>55.93000000000001</ele>
   </trkpt>
   <trkpt lat="48.64495751724251" lon="-2.852842495308343">
    <ele>51.660000000000004</ele>
   </trkpt>
   <trkpt lat="48.644890000000004" lon="-2.85169">
    <ele>46.86000000000001</ele>
   </trkpt>
   <trkpt lat="48.64490000000001" lon="-2.85135">
    <ele>45.8</ele>
   </trkpt>
   <trkpt lat="48.644980000000004" lon="-2.85087">
    <ele>45.22</ele>
   </trkpt>
   <trkpt lat="48.645" lon="-2.8505700000000003">
    <ele>44.67</ele>
   </trkpt>
   <trkpt lat="48.645360000000004" lon="-2.8503900000000004">
    <ele>45.07000000000001</ele>
   </trkpt>
   <trkpt lat="48.64555000000001" lon="-2.85022">
    <ele>44.94</ele>
   </trkpt>
   <trkpt lat="48.64574" lon="-2.84999">
    <ele>44.480000000000004</ele>
   </trkpt>
   <trkpt lat="48.64589" lon="-2.84973">
    <ele>43.93</ele>
   </trkpt>
   <trkpt lat="48.646010000000004" lon="-2.8494200000000003">
    <ele>43.620000000000005</ele>
   </trkpt>
   <trkpt lat="48.64609" lon="-2.8491400000000002">
    <ele>43.39</ele>
   </trkpt>
   <trkpt lat="48.646240000000006" lon="-2.8479">
    <ele>42.93</ele>
   </trkpt>
   <trkpt lat="48.646280000000004" lon="-2.8477">
    <ele>42.93</ele>
   </trkpt>
   <trkpt lat="48.64645" lon="-2.84724">
    <ele>42.830000000000005</ele>
   </trkpt>
   <trkpt lat="48.6467" lon="-2.84674">
    <ele>42.760000000000005</ele>
   </trkpt>
   <trkpt lat="48.646840000000005" lon="-2.84649">
    <ele>42.440000000000005</ele>
   </trkpt>
   <trkpt lat="48.64746" lon="-2.84572">
    <ele>42.260000000000005</ele>
   </trkpt>
   <trkpt lat="48.647580000000005" lon="-2.8455100000000004">
    <ele>42.230000000000004</ele>
   </trkpt>
   <trkpt lat="48.647830000000006" lon="-2.84491">
    <ele>41.56</ele>
   </trkpt>
   <trkpt lat="48.64793" lon="-2.8444700000000003">
    <ele>39.49</ele>
   </trkpt>
   <trkpt lat="48.64795" lon="-2.84419">
    <ele>37.95</ele>
   </trkpt>
   <trkpt lat="48.647940000000006" lon="-2.84364">
    <ele>35.09</ele>
   </trkpt>
   <trkpt lat="48.64790000000001" lon="-2.8425700000000003">
    <ele>33.18</ele>
   </trkpt>
   <trkpt lat="48.647960000000005" lon="-2.8416">
    <ele>32.040000000000006</ele>
   </trkpt>
   <trkpt lat="48.64808000000001" lon="-2.8409400000000002">
    <ele>31.66</ele>
   </trkpt>
   <trkpt lat="48.64829" lon="-2.84003">
    <ele>31.44</ele>
   </trkpt>
   <trkpt lat="48.64833" lon="-2.8390000000000004">
    <ele>30.050000000000004</ele>
   </trkpt>
   <trkpt lat="48.648270000000004" lon="-2.83901">
    <ele>30.400000000000002</ele>
   </trkpt>
   <trkpt lat="48.64822" lon="-2.83894">
    <ele>30.400000000000002</ele>
   </trkpt>
   <trkpt lat="48.64819000000001" lon="-2.83881">
    <ele>30.490000000000002</ele>
   </trkpt>
   <trkpt lat="48.64822" lon="-2.83869">
    <ele>30.480000000000004</ele>
   </trkpt>
   <trkpt lat="48.64829" lon="-2.83862">
    <ele>30.140000000000004</ele>
   </trkpt>
   <trkpt lat="48.64837000000001" lon="-2.8386400000000003">
    <ele>30.140000000000004</ele>
   </trkpt>
   <trkpt lat="48.64844" lon="-2.8387800000000003">
    <ele>29.93</ele>
   </trkpt>
   <trkpt lat="48.649280000000005" lon="-2.8391200000000003">
    <ele>29.220000000000002</ele>
   </trkpt>
   <trkpt lat="48.6498200000939" lon="-2.8392449986674477">
    <ele>29.07</ele>
   </trkpt>
   <trkpt lat="48.650360000000006" lon="-2.83937">
    <ele>28.290000000000003</ele>
   </trkpt>
   <trkpt lat="48.651020000336345" lon="-2.8395566617897634">
    <ele>27.48</ele>
   </trkpt>
   <trkpt lat="48.651680000371115" lon="-2.8397433284661786">
    <ele>26.910000000000004</ele>
   </trkpt>
   <trkpt lat="48.65234" lon="-2.8399300000000003">
    <ele>26.71</ele>
   </trkpt>
   <trkpt lat="48.652730000000005" lon="-2.8400600000000003">
    <ele>26.46</ele>
   </trkpt>
   <trkpt lat="48.65303" lon="-2.8388700000000004">
    <ele>16.85</ele>
   </trkpt>
   <trkpt lat="48.65307000000001" lon="-2.83875">
    <ele>16.85</ele>
   </trkpt>
   <trkpt lat="48.65328" lon="-2.8384600000000004">
    <ele>13.930000000000001</ele>
   </trkpt>
   <trkpt lat="48.653360000000006" lon="-2.8382300000000003">
    <ele>12.440000000000001</ele>
   </trkpt>
   <trkpt lat="48.653470000000006" lon="-2.83786">
    <ele>11.11</ele>
   </trkpt>
   <trkpt lat="48.65354000000001" lon="-2.83766">
    <ele>10.370000000000001</ele>
   </trkpt>
   <trkpt lat="48.65372000000001" lon="-2.8374">
    <ele>10.21</ele>
   </trkpt>
   <trkpt lat="48.65382" lon="-2.83732">
    <ele>10.31</ele>
   </trkpt>
   <trkpt lat="48.654300000000006" lon="-2.83713">
    <ele>10.610000000000001</ele>
   </trkpt>
   <trkpt lat="48.65433" lon="-2.8372200000000003">
    <ele>10.440000000000001</ele>
   </trkpt>
   <trkpt lat="48.6544" lon="-2.83753">
    <ele>10.24</ele>
   </trkpt>
  </trkseg>
 </trk>
</gpx>
