<?xml version="1.0" encoding="UTF-8"?>
<gpx creator="StravaGPX" version="1.1" xmlns="http://www.topografix.com/GPX/1/1" xmlns:xsi="http://www.w3.org/2001/XMLSchema-instance" xsi:schemaLocation="http://www.topografix.com/GPX/1/1 http://www.topografix.com/GPX/1/1/gpx.xsd">
 <metadata>
  <name>GoëloRides #6 La Traversée  du Goëlo</name>
  <author>
   <name>Goëlo Rides</name>
   <link href="https://www.strava.com/athletes/182746908"/>
  </author>
  <copyright author="OpenStreetMap contributors">
   <year>2020</year>
   <license>https://www.openstreetmap.org/copyright</license>
  </copyright>
  <link href="https://www.strava.com/routes/3517275402105137146"/>
 </metadata>
 <trk>
  <name>GoëloRides #6 La Traversée  du Goëlo</name>
  <link href="https://www.strava.com/routes/3517275402105137146"/>
  <type>cycling</type>
  <trkseg>
   <trkpt lat="48.663630000000005" lon="-2.87394">
    <ele>70.42000000000002</ele>
   </trkpt>
   <trkpt lat="48.66357334071819" lon="-2.8748633353159074">
    <ele>70.4</ele>
   </trkpt>
   <trkpt lat="48.66351667405725" lon="-2.875786668555675">
    <ele>70.8</ele>
   </trkpt>
   <trkpt lat="48.66346" lon="-2.87671">
    <ele>71.28000000000002</ele>
   </trkpt>
   <trkpt lat="48.66338000553909" lon="-2.877840001609408">
    <ele>72.34</ele>
   </trkpt>
   <trkpt lat="48.66330000000001" lon="-2.8789700000000003">
    <ele>73.18</ele>
   </trkpt>
   <trkpt lat="48.66321000000001" lon="-2.8797800000000002">
    <ele>71.85000000000001</ele>
   </trkpt>
   <trkpt lat="48.66301000000001" lon="-2.88059">
    <ele>71.08</ele>
   </trkpt>
   <trkpt lat="48.66273500351276" lon="-2.8814950050422623">
    <ele>71.07000000000001</ele>
   </trkpt>
   <trkpt lat="48.66246" lon="-2.8824">
    <ele>72.34</ele>
   </trkpt>
   <trkpt lat="48.66241" lon="-2.88267">
    <ele>72.29</ele>
   </trkpt>
   <trkpt lat="48.662380000000006" lon="-2.8829300000000004">
    <ele>72.2</ele>
   </trkpt>
   <trkpt lat="48.662380000000006" lon="-2.88315">
    <ele>71.78000000000002</ele>
   </trkpt>
   <trkpt lat="48.66236000000001" lon="-2.8832500000000003">
    <ele>71.78000000000002</ele>
   </trkpt>
   <trkpt lat="48.66276667375587" lon="-2.8841566519779165">
    <ele>70.12</ele>
   </trkpt>
   <trkpt lat="48.66317334039672" lon="-2.885063318586777">
    <ele>68.47</ele>
   </trkpt>
   <trkpt lat="48.66358" lon="-2.8859700000000004">
    <ele>67.73</ele>
   </trkpt>
   <trkpt lat="48.663590000000006" lon="-2.8859800000000004">
    <ele>67.73</ele>
   </trkpt>
   <trkpt lat="48.66369" lon="-2.88599">
    <ele>67.76</ele>
   </trkpt>
   <trkpt lat="48.663810000000005" lon="-2.88608">
    <ele>67.75</ele>
   </trkpt>
   <trkpt lat="48.664010000000005" lon="-2.8860900000000003">
    <ele>67.77000000000001</ele>
   </trkpt>
   <trkpt lat="48.66475500017999" lon="-2.8863099967391865">
    <ele>68.54</ele>
   </trkpt>
   <trkpt lat="48.6655" lon="-2.88653">
    <ele>69.20000000000002</ele>
   </trkpt>
   <trkpt lat="48.665980000000005" lon="-2.88661">
    <ele>69.97</ele>
   </trkpt>
   <trkpt lat="48.66649" lon="-2.88667">
    <ele>70.48</ele>
   </trkpt>
   <trkpt lat="48.66698500007589" lon="-2.88667">
    <ele>70.45000000000002</ele>
   </trkpt>
   <trkpt lat="48.667480000000005" lon="-2.88667">
    <ele>69.36</ele>
   </trkpt>
   <trkpt lat="48.66769000000001" lon="-2.88674">
    <ele>69.36</ele>
   </trkpt>
   <trkpt lat="48.66781" lon="-2.88687">
    <ele>69.25</ele>
   </trkpt>
   <trkpt lat="48.668400000000005" lon="-2.88755">
    <ele>67.95</ele>
   </trkpt>
   <trkpt lat="48.66903000000001" lon="-2.8879">
    <ele>66.47</ele>
   </trkpt>
   <trkpt lat="48.66928" lon="-2.88823">
    <ele>66.19</ele>
   </trkpt>
   <trkpt lat="48.66967" lon="-2.8888100000000003">
    <ele>66.43</ele>
   </trkpt>
   <trkpt lat="48.670010000000005" lon="-2.88925">
    <ele>65.54</ele>
   </trkpt>
   <trkpt lat="48.67005" lon="-2.8893400000000002">
    <ele>65.36</ele>
   </trkpt>
   <trkpt lat="48.67014" lon="-2.88973">
    <ele>65.09</ele>
   </trkpt>
   <trkpt lat="48.67018" lon="-2.89008">
    <ele>64.97</ele>
   </trkpt>
   <trkpt lat="48.67027" lon="-2.89007">
    <ele>64.92</ele>
   </trkpt>
   <trkpt lat="48.67033000000001" lon="-2.8900900000000003">
    <ele>64.91000000000001</ele>
   </trkpt>
   <trkpt lat="48.67101500177757" lon="-2.8907299913039997">
    <ele>64.26</ele>
   </trkpt>
   <trkpt lat="48.6717" lon="-2.89137">
    <ele>59.480000000000004</ele>
   </trkpt>
   <trkpt lat="48.67234500169733" lon="-2.891999991915236">
    <ele>58.150000000000006</ele>
   </trkpt>
   <trkpt lat="48.672990000000006" lon="-2.89263">
    <ele>60.39000000000001</ele>
   </trkpt>
   <trkpt lat="48.67324000000001" lon="-2.89284">
    <ele>61.050000000000004</ele>
   </trkpt>
   <trkpt lat="48.67344000000001" lon="-2.8929300000000002">
    <ele>62.7</ele>
   </trkpt>
   <trkpt lat="48.673550000000006" lon="-2.8929400000000003">
    <ele>63.14</ele>
   </trkpt>
   <trkpt lat="48.67374" lon="-2.89291">
    <ele>64.39999999999999</ele>
   </trkpt>
   <trkpt lat="48.67394" lon="-2.89278">
    <ele>65.27000000000001</ele>
   </trkpt>
   <trkpt lat="48.67409000000001" lon="-2.89259">
    <ele>65.87</ele>
   </trkpt>
   <trkpt lat="48.674150000000004" lon="-2.89243">
    <ele>66.11</ele>
   </trkpt>
   <trkpt lat="48.674200000000006" lon="-2.89223">
    <ele>66.14</ele>
   </trkpt>
   <trkpt lat="48.674220000000005" lon="-2.8919900000000003">
    <ele>65.38000000000001</ele>
   </trkpt>
   <trkpt lat="48.67421" lon="-2.89168">
    <ele>64.07000000000001</ele>
   </trkpt>
   <trkpt lat="48.67405" lon="-2.8906300000000003">
    <ele>57.790000000000006</ele>
   </trkpt>
   <trkpt lat="48.67405" lon="-2.8903600000000003">
    <ele>55.24</ele>
   </trkpt>
   <trkpt lat="48.674130000000005" lon="-2.88999">
    <ele>51.42000000000001</ele>
   </trkpt>
   <trkpt lat="48.67443" lon="-2.8891600000000004">
    <ele>45.300000000000004</ele>
   </trkpt>
   <trkpt lat="48.674510000000005" lon="-2.8888900000000004">
    <ele>44.620000000000005</ele>
   </trkpt>
   <trkpt lat="48.674710000000005" lon="-2.88837">
    <ele>39.89</ele>
   </trkpt>
   <trkpt lat="48.675290000000004" lon="-2.88769">
    <ele>29.93</ele>
   </trkpt>
   <trkpt lat="48.67537" lon="-2.88755">
    <ele>26.98</ele>
   </trkpt>
   <trkpt lat="48.675540000000005" lon="-2.88687">
    <ele>21.560000000000002</ele>
   </trkpt>
   <trkpt lat="48.67569" lon="-2.8860500000000004">
    <ele>14.31</ele>
   </trkpt>
   <trkpt lat="48.675740000000005" lon="-2.88586">
    <ele>12.34</ele>
   </trkpt>
   <trkpt lat="48.67595000000001" lon="-2.8855700000000004">
    <ele>10.08</ele>
   </trkpt>
   <trkpt lat="48.67580500234455" lon="-2.884834997918715">
    <ele>8.24</ele>
   </trkpt>
   <trkpt lat="48.67566" lon="-2.8841">
    <ele>8.24</ele>
   </trkpt>
   <trkpt lat="48.675740000000005" lon="-2.8839">
    <ele>7.640000000000001</ele>
   </trkpt>
   <trkpt lat="48.67624000000001" lon="-2.88429">
    <ele>7.320000000000001</ele>
   </trkpt>
   <trkpt lat="48.67649" lon="-2.88443">
    <ele>7.19</ele>
   </trkpt>
   <trkpt lat="48.67698000000001" lon="-2.8846100000000003">
    <ele>7.55</ele>
   </trkpt>
   <trkpt lat="48.67723" lon="-2.8846800000000004">
    <ele>8.09</ele>
   </trkpt>
   <trkpt lat="48.677250003946185" lon="-2.885634999594828">
    <ele>9.61</ele>
   </trkpt>
   <trkpt lat="48.67727000000001" lon="-2.8865900000000004">
    <ele>10.23</ele>
   </trkpt>
   <trkpt lat="48.67727000000001" lon="-2.88687">
    <ele>10.23</ele>
   </trkpt>
   <trkpt lat="48.67725" lon="-2.88714">
    <ele>10.270000000000001</ele>
   </trkpt>
   <trkpt lat="48.677040000000005" lon="-2.88802">
    <ele>10.280000000000001</ele>
   </trkpt>
   <trkpt lat="48.676950000000005" lon="-2.88859">
    <ele>10.540000000000001</ele>
   </trkpt>
   <trkpt lat="48.6769" lon="-2.8890900000000004">
    <ele>10.76</ele>
   </trkpt>
   <trkpt lat="48.676840000000006" lon="-2.88945">
    <ele>10.88</ele>
   </trkpt>
   <trkpt lat="48.676770000000005" lon="-2.88965">
    <ele>10.88</ele>
   </trkpt>
   <trkpt lat="48.676700000000004" lon="-2.8900500000000005">
    <ele>11.28</ele>
   </trkpt>
   <trkpt lat="48.67663500217444" lon="-2.890765001339043">
    <ele>11.420000000000002</ele>
   </trkpt>
   <trkpt lat="48.676570000000005" lon="-2.89148">
    <ele>11.770000000000001</ele>
   </trkpt>
   <trkpt lat="48.67658" lon="-2.89168">
    <ele>11.860000000000001</ele>
   </trkpt>
   <trkpt lat="48.676640000000006" lon="-2.89189">
    <ele>11.860000000000001</ele>
   </trkpt>
   <trkpt lat="48.67674" lon="-2.89203">
    <ele>12.14</ele>
   </trkpt>
   <trkpt lat="48.67707" lon="-2.89225">
    <ele>12.38</ele>
   </trkpt>
   <trkpt lat="48.67719" lon="-2.89237">
    <ele>12.450000000000001</ele>
   </trkpt>
   <trkpt lat="48.677330000000005" lon="-2.8927">
    <ele>13.44</ele>
   </trkpt>
   <trkpt lat="48.67741" lon="-2.8930100000000003">
    <ele>14.180000000000001</ele>
   </trkpt>
   <trkpt lat="48.677400000000006" lon="-2.8933000000000004">
    <ele>14.33</ele>
   </trkpt>
   <trkpt lat="48.67707" lon="-2.89439">
    <ele>15.330000000000002</ele>
   </trkpt>
   <trkpt lat="48.67679500145913" lon="-2.8949700031590133">
    <ele>15.770000000000003</ele>
   </trkpt>
   <trkpt lat="48.676520000000004" lon="-2.89555">
    <ele>16.240000000000002</ele>
   </trkpt>
   <trkpt lat="48.67643" lon="-2.89589">
    <ele>16.25</ele>
   </trkpt>
   <trkpt lat="48.676280000000006" lon="-2.8967">
    <ele>16.16</ele>
   </trkpt>
   <trkpt lat="48.676210000000005" lon="-2.8969600000000004">
    <ele>16.09</ele>
   </trkpt>
   <trkpt lat="48.67606000000001" lon="-2.8972100000000003">
    <ele>16.099999999999998</ele>
   </trkpt>
   <trkpt lat="48.675920000000005" lon="-2.89738">
    <ele>16.37</ele>
   </trkpt>
   <trkpt lat="48.67542" lon="-2.8978400000000004">
    <ele>17.28</ele>
   </trkpt>
   <trkpt lat="48.67535" lon="-2.8978800000000002">
    <ele>17.640000000000004</ele>
   </trkpt>
   <trkpt lat="48.674725000065926" lon="-2.898080002515419">
    <ele>19.930000000000003</ele>
   </trkpt>
   <trkpt lat="48.6741" lon="-2.89828">
    <ele>20.91</ele>
   </trkpt>
   <trkpt lat="48.673880000000004" lon="-2.8984">
    <ele>21.310000000000002</ele>
   </trkpt>
   <trkpt lat="48.67343" lon="-2.89881">
    <ele>22.36</ele>
   </trkpt>
   <trkpt lat="48.67289" lon="-2.8990400000000003">
    <ele>24.310000000000002</ele>
   </trkpt>
   <trkpt lat="48.67249" lon="-2.8992000000000004">
    <ele>26.6</ele>
   </trkpt>
   <trkpt lat="48.6724" lon="-2.89929">
    <ele>26.6</ele>
   </trkpt>
   <trkpt lat="48.672360000000005" lon="-2.89943">
    <ele>26.6</ele>
   </trkpt>
   <trkpt lat="48.67237" lon="-2.89961">
    <ele>26.6</ele>
   </trkpt>
   <trkpt lat="48.67266" lon="-2.9004900000000005">
    <ele>28.940000000000005</ele>
   </trkpt>
   <trkpt lat="48.672720000000005" lon="-2.90084">
    <ele>29.150000000000002</ele>
   </trkpt>
   <trkpt lat="48.672765002265585" lon="-2.901564999206354">
    <ele>31.34</ele>
   </trkpt>
   <trkpt lat="48.672810000000005" lon="-2.9022900000000003">
    <ele>32.24</ele>
   </trkpt>
   <trkpt lat="48.67282" lon="-2.9027900000000004">
    <ele>33.940000000000005</ele>
   </trkpt>
   <trkpt lat="48.67269" lon="-2.90361">
    <ele>36.97</ele>
   </trkpt>
   <trkpt lat="48.67251" lon="-2.9043">
    <ele>37.37</ele>
   </trkpt>
   <trkpt lat="48.67244" lon="-2.9047">
    <ele>37.18000000000001</ele>
   </trkpt>
   <trkpt lat="48.67237" lon="-2.90526">
    <ele>37.21</ele>
   </trkpt>
   <trkpt lat="48.67226" lon="-2.90592">
    <ele>37.44</ele>
   </trkpt>
   <trkpt lat="48.672160000000005" lon="-2.90674">
    <ele>39.28</ele>
   </trkpt>
   <trkpt lat="48.67216000227466" lon="-2.907464999558595">
    <ele>40.82</ele>
   </trkpt>
   <trkpt lat="48.672160000000005" lon="-2.9081900000000003">
    <ele>44.93000000000001</ele>
   </trkpt>
   <trkpt lat="48.67208" lon="-2.90905">
    <ele>46.06</ele>
   </trkpt>
   <trkpt lat="48.672050000000006" lon="-2.90985">
    <ele>46.11000000000001</ele>
   </trkpt>
   <trkpt lat="48.67201000000001" lon="-2.91012">
    <ele>45.99</ele>
   </trkpt>
   <trkpt lat="48.67195" lon="-2.9103600000000003">
    <ele>45.8</ele>
   </trkpt>
   <trkpt lat="48.67171500296476" lon="-2.9111900039293412">
    <ele>45.81</ele>
   </trkpt>
   <trkpt lat="48.67148" lon="-2.91202">
    <ele>45.51</ele>
   </trkpt>
   <trkpt lat="48.671440000000004" lon="-2.91222">
    <ele>45.51</ele>
   </trkpt>
   <trkpt lat="48.67139" lon="-2.9126900000000004">
    <ele>45.480000000000004</ele>
   </trkpt>
   <trkpt lat="48.67137" lon="-2.9139800000000005">
    <ele>45.93000000000001</ele>
   </trkpt>
   <trkpt lat="48.671350000000004" lon="-2.91508">
    <ele>47.67</ele>
   </trkpt>
   <trkpt lat="48.67120500222451" lon="-2.9157950019976617">
    <ele>48.88</ele>
   </trkpt>
   <trkpt lat="48.671060000000004" lon="-2.91651">
    <ele>50.72</ele>
   </trkpt>
   <trkpt lat="48.67098000000001" lon="-2.91678">
    <ele>51.53000000000001</ele>
   </trkpt>
   <trkpt lat="48.67058" lon="-2.91758">
    <ele>52.82000000000001</ele>
   </trkpt>
   <trkpt lat="48.670440000000006" lon="-2.91799">
    <ele>52.86000000000001</ele>
   </trkpt>
   <trkpt lat="48.670370000000005" lon="-2.91853">
    <ele>52.84</ele>
   </trkpt>
   <trkpt lat="48.67031500286261" lon="-2.919340000541007">
    <ele>52.93000000000001</ele>
   </trkpt>
   <trkpt lat="48.670260000000006" lon="-2.92015">
    <ele>52.78000000000001</ele>
   </trkpt>
   <trkpt lat="48.670230000000004" lon="-2.9203">
    <ele>52.77</ele>
   </trkpt>
   <trkpt lat="48.67015000000001" lon="-2.92049">
    <ele>52.93000000000001</ele>
   </trkpt>
   <trkpt lat="48.669900000000005" lon="-2.9209300000000002">
    <ele>53.4</ele>
   </trkpt>
   <trkpt lat="48.669625001612374" lon="-2.9215550035884226">
    <ele>54.080000000000005</ele>
   </trkpt>
   <trkpt lat="48.66935" lon="-2.9221800000000004">
    <ele>55.690000000000005</ele>
   </trkpt>
   <trkpt lat="48.66949" lon="-2.92232">
    <ele>56.35</ele>
   </trkpt>
   <trkpt lat="48.670030000000004" lon="-2.9230300000000002">
    <ele>60.43000000000001</ele>
   </trkpt>
   <trkpt lat="48.67014" lon="-2.92321">
    <ele>62.84</ele>
   </trkpt>
   <trkpt lat="48.67033000000001" lon="-2.92362">
    <ele>63.88</ele>
   </trkpt>
   <trkpt lat="48.670440000000006" lon="-2.9237900000000003">
    <ele>64.39999999999999</ele>
   </trkpt>
   <trkpt lat="48.670700000000004" lon="-2.9240500000000003">
    <ele>65.53</ele>
   </trkpt>
   <trkpt lat="48.67141" lon="-2.92463">
    <ele>69.96000000000001</ele>
   </trkpt>
   <trkpt lat="48.67210000000001" lon="-2.9253600000000004">
    <ele>69.19</ele>
   </trkpt>
   <trkpt lat="48.67222" lon="-2.92551">
    <ele>69.14</ele>
   </trkpt>
   <trkpt lat="48.672380000000004" lon="-2.9258">
    <ele>68.52000000000001</ele>
   </trkpt>
   <trkpt lat="48.67258" lon="-2.92605">
    <ele>68.52000000000001</ele>
   </trkpt>
   <trkpt lat="48.67287" lon="-2.92625">
    <ele>70.08</ele>
   </trkpt>
   <trkpt lat="48.673450000495876" lon="-2.9265549965379383">
    <ele>73.82000000000001</ele>
   </trkpt>
   <trkpt lat="48.67403" lon="-2.9268600000000005">
    <ele>77.31</ele>
   </trkpt>
   <trkpt lat="48.67466333436817" lon="-2.927203324709138">
    <ele>82.87</ele>
   </trkpt>
   <trkpt lat="48.67529666771615" lon="-2.9275466580502654">
    <ele>86.66</ele>
   </trkpt>
   <trkpt lat="48.67593" lon="-2.92789">
    <ele>92.99</ele>
   </trkpt>
   <trkpt lat="48.676080000000006" lon="-2.9279">
    <ele>93.98</ele>
   </trkpt>
   <trkpt lat="48.67613" lon="-2.92789">
    <ele>93.98</ele>
   </trkpt>
   <trkpt lat="48.67658" lon="-2.9279800000000002">
    <ele>96.06</ele>
   </trkpt>
   <trkpt lat="48.67667" lon="-2.92795">
    <ele>96.06</ele>
   </trkpt>
   <trkpt lat="48.676750000000006" lon="-2.92783">
    <ele>96.91000000000001</ele>
   </trkpt>
   <trkpt lat="48.67680000000001" lon="-2.92769">
    <ele>96.91000000000001</ele>
   </trkpt>
   <trkpt lat="48.677080000000004" lon="-2.92723">
    <ele>97.53</ele>
   </trkpt>
   <trkpt lat="48.67760500095517" lon="-2.9267600048989113">
    <ele>96.92</ele>
   </trkpt>
   <trkpt lat="48.67813" lon="-2.9262900000000003">
    <ele>96.55000000000001</ele>
   </trkpt>
   <trkpt lat="48.67857" lon="-2.92598">
    <ele>96.38000000000001</ele>
   </trkpt>
   <trkpt lat="48.67887" lon="-2.92564">
    <ele>96.44000000000001</ele>
   </trkpt>
   <trkpt lat="48.679010000000005" lon="-2.9254300000000004">
    <ele>96.48</ele>
   </trkpt>
   <trkpt lat="48.679030000000004" lon="-2.9254100000000003">
    <ele>96.49000000000001</ele>
   </trkpt>
   <trkpt lat="48.679140000000004" lon="-2.92519">
    <ele>96.61</ele>
   </trkpt>
   <trkpt lat="48.679230000000004" lon="-2.9249">
    <ele>97.0</ele>
   </trkpt>
   <trkpt lat="48.67927" lon="-2.92483">
    <ele>97.0</ele>
   </trkpt>
   <trkpt lat="48.67934" lon="-2.9247500000000004">
    <ele>97.28</ele>
   </trkpt>
   <trkpt lat="48.67938" lon="-2.92457">
    <ele>97.34</ele>
   </trkpt>
   <trkpt lat="48.67936" lon="-2.92444">
    <ele>97.41000000000001</ele>
   </trkpt>
   <trkpt lat="48.679460000000006" lon="-2.9240500000000003">
    <ele>97.87</ele>
   </trkpt>
   <trkpt lat="48.67971500297766" lon="-2.923225004071876">
    <ele>100.55000000000001</ele>
   </trkpt>
   <trkpt lat="48.679970000000004" lon="-2.9224">
    <ele>101.51</ele>
   </trkpt>
   <trkpt lat="48.680195003265275" lon="-2.921530003925318">
    <ele>101.89</ele>
   </trkpt>
   <trkpt lat="48.680420000000005" lon="-2.9206600000000003">
    <ele>102.88000000000001</ele>
   </trkpt>
   <trkpt lat="48.680690000000006" lon="-2.9198500000000003">
    <ele>103.59000000000002</ele>
   </trkpt>
   <trkpt lat="48.680910000000004" lon="-2.91934">
    <ele>104.88000000000001</ele>
   </trkpt>
   <trkpt lat="48.68135" lon="-2.91841">
    <ele>106.12</ele>
   </trkpt>
   <trkpt lat="48.68148" lon="-2.9180900000000003">
    <ele>106.24000000000001</ele>
   </trkpt>
   <trkpt lat="48.68162" lon="-2.91767">
    <ele>106.24000000000001</ele>
   </trkpt>
   <trkpt lat="48.681725003473304" lon="-2.916775001806106">
    <ele>106.24000000000001</ele>
   </trkpt>
   <trkpt lat="48.681830000000005" lon="-2.91588">
    <ele>106.45</ele>
   </trkpt>
   <trkpt lat="48.68191" lon="-2.9154600000000004">
    <ele>106.50000000000001</ele>
   </trkpt>
   <trkpt lat="48.682210000000005" lon="-2.91439">
    <ele>106.59</ele>
   </trkpt>
   <trkpt lat="48.682410002592626" lon="-2.913610003253781">
    <ele>106.62</ele>
   </trkpt>
   <trkpt lat="48.682610000000004" lon="-2.91283">
    <ele>106.89000000000001</ele>
   </trkpt>
   <trkpt lat="48.682840000000006" lon="-2.9122700000000004">
    <ele>107.00000000000001</ele>
   </trkpt>
   <trkpt lat="48.6831" lon="-2.91177">
    <ele>107.17000000000002</ele>
   </trkpt>
   <trkpt lat="48.68343" lon="-2.91129">
    <ele>107.3</ele>
   </trkpt>
   <trkpt lat="48.68372" lon="-2.91081">
    <ele>107.72000000000001</ele>
   </trkpt>
   <trkpt lat="48.683780000000006" lon="-2.91068">
    <ele>107.72000000000001</ele>
   </trkpt>
   <trkpt lat="48.683820000000004" lon="-2.91055">
    <ele>108.01</ele>
   </trkpt>
   <trkpt lat="48.683980000000005" lon="-2.90979">
    <ele>107.91</ele>
   </trkpt>
   <trkpt lat="48.68406" lon="-2.9095400000000002">
    <ele>107.91</ele>
   </trkpt>
   <trkpt lat="48.684520000000006" lon="-2.9084100000000004">
    <ele>107.73</ele>
   </trkpt>
   <trkpt lat="48.68488500183099" lon="-2.907770004535759">
    <ele>107.65</ele>
   </trkpt>
   <trkpt lat="48.68525" lon="-2.9071300000000004">
    <ele>107.71000000000001</ele>
   </trkpt>
   <trkpt lat="48.68545" lon="-2.90682">
    <ele>107.74</ele>
   </trkpt>
   <trkpt lat="48.68558" lon="-2.90666">
    <ele>107.69000000000001</ele>
   </trkpt>
   <trkpt lat="48.686035000883955" lon="-2.9061700045940335">
    <ele>107.53000000000002</ele>
   </trkpt>
   <trkpt lat="48.686490000000006" lon="-2.9056800000000003">
    <ele>107.62</ele>
   </trkpt>
   <trkpt lat="48.686730000000004" lon="-2.90532">
    <ele>107.64000000000001</ele>
   </trkpt>
   <trkpt lat="48.686780000000006" lon="-2.90512">
    <ele>107.64000000000001</ele>
   </trkpt>
   <trkpt lat="48.68679" lon="-2.90499">
    <ele>107.64000000000001</ele>
   </trkpt>
   <trkpt lat="48.68674000000001" lon="-2.90451">
    <ele>107.67000000000002</ele>
   </trkpt>
   <trkpt lat="48.68675" lon="-2.90404">
    <ele>107.73</ele>
   </trkpt>
   <trkpt lat="48.686820000000004" lon="-2.90375">
    <ele>107.73</ele>
   </trkpt>
   <trkpt lat="48.68665000000001" lon="-2.90316">
    <ele>107.58000000000001</ele>
   </trkpt>
   <trkpt lat="48.686520002241934" lon="-2.902444998317805">
    <ele>106.99000000000001</ele>
   </trkpt>
   <trkpt lat="48.68639" lon="-2.90173">
    <ele>106.62</ele>
   </trkpt>
   <trkpt lat="48.68636" lon="-2.9016">
    <ele>106.58000000000001</ele>
   </trkpt>
   <trkpt lat="48.686150000000005" lon="-2.90106">
    <ele>106.45</ele>
   </trkpt>
   <trkpt lat="48.685790000000004" lon="-2.90036">
    <ele>106.25000000000001</ele>
   </trkpt>
   <trkpt lat="48.68551" lon="-2.89922">
    <ele>106.16</ele>
   </trkpt>
   <trkpt lat="48.685460000000006" lon="-2.8991100000000003">
    <ele>106.02</ele>
   </trkpt>
   <trkpt lat="48.68564000000001" lon="-2.89907">
    <ele>106.02</ele>
   </trkpt>
   <trkpt lat="48.685970000000005" lon="-2.89909">
    <ele>106.12</ele>
   </trkpt>
   <trkpt lat="48.686150000000005" lon="-2.89916">
    <ele>106.03000000000002</ele>
   </trkpt>
   <trkpt lat="48.68627000000001" lon="-2.8992400000000003">
    <ele>106.03000000000002</ele>
   </trkpt>
   <trkpt lat="48.68647000000001" lon="-2.89942">
    <ele>105.96000000000001</ele>
   </trkpt>
   <trkpt lat="48.687180000000005" lon="-2.89996">
    <ele>105.9</ele>
   </trkpt>
   <trkpt lat="48.6873" lon="-2.90004">
    <ele>105.9</ele>
   </trkpt>
   <trkpt lat="48.68748" lon="-2.9001200000000003">
    <ele>105.91</ele>
   </trkpt>
   <trkpt lat="48.68762" lon="-2.90016">
    <ele>105.91</ele>
   </trkpt>
   <trkpt lat="48.68773" lon="-2.9001200000000003">
    <ele>105.89000000000001</ele>
   </trkpt>
   <trkpt lat="48.68782" lon="-2.90003">
    <ele>105.89000000000001</ele>
   </trkpt>
   <trkpt lat="48.68798" lon="-2.89975">
    <ele>105.73</ele>
   </trkpt>
   <trkpt lat="48.68807" lon="-2.8997100000000002">
    <ele>105.73</ele>
   </trkpt>
   <trkpt lat="48.68824000000001" lon="-2.89976">
    <ele>105.49000000000001</ele>
   </trkpt>
   <trkpt lat="48.68833" lon="-2.89982">
    <ele>105.49000000000001</ele>
   </trkpt>
   <trkpt lat="48.688700000000004" lon="-2.90022">
    <ele>105.27</ele>
   </trkpt>
   <trkpt lat="48.688810000000004" lon="-2.90025">
    <ele>105.3</ele>
   </trkpt>
   <trkpt lat="48.68889" lon="-2.9002100000000004">
    <ele>105.3</ele>
   </trkpt>
   <trkpt lat="48.68885000305485" lon="-2.8993699993658537">
    <ele>104.83</ele>
   </trkpt>
   <trkpt lat="48.688810000000004" lon="-2.89853">
    <ele>104.39000000000001</ele>
   </trkpt>
   <trkpt lat="48.68885" lon="-2.89828">
    <ele>104.39000000000001</ele>
   </trkpt>
   <trkpt lat="48.68904000189518" lon="-2.8976250023380445">
    <ele>103.74000000000001</ele>
   </trkpt>
   <trkpt lat="48.68923" lon="-2.89697">
    <ele>103.41</ele>
   </trkpt>
   <trkpt lat="48.68934" lon="-2.89664">
    <ele>102.87</ele>
   </trkpt>
   <trkpt lat="48.68945" lon="-2.8963900000000002">
    <ele>102.73</ele>
   </trkpt>
   <trkpt lat="48.689930000000004" lon="-2.89541">
    <ele>100.34</ele>
   </trkpt>
   <trkpt lat="48.690380000000005" lon="-2.89461">
    <ele>99.06</ele>
   </trkpt>
   <trkpt lat="48.690780000000004" lon="-2.8937000000000004">
    <ele>97.81</ele>
   </trkpt>
   <trkpt lat="48.69079000000001" lon="-2.8936900000000003">
    <ele>97.80000000000001</ele>
   </trkpt>
   <trkpt lat="48.69089" lon="-2.8938">
    <ele>97.80000000000001</ele>
   </trkpt>
   <trkpt lat="48.691140000000004" lon="-2.8944">
    <ele>97.65</ele>
   </trkpt>
   <trkpt lat="48.691190000000006" lon="-2.8948300000000002">
    <ele>97.60000000000001</ele>
   </trkpt>
   <trkpt lat="48.69118" lon="-2.89541">
    <ele>97.33000000000001</ele>
   </trkpt>
   <trkpt lat="48.691190000000006" lon="-2.89557">
    <ele>96.82000000000001</ele>
   </trkpt>
   <trkpt lat="48.69126000000001" lon="-2.8958500000000003">
    <ele>96.45</ele>
   </trkpt>
   <trkpt lat="48.69131" lon="-2.89597">
    <ele>96.06</ele>
   </trkpt>
   <trkpt lat="48.69135000000001" lon="-2.89602">
    <ele>95.81</ele>
   </trkpt>
   <trkpt lat="48.69156" lon="-2.89616">
    <ele>94.17</ele>
   </trkpt>
   <trkpt lat="48.69165" lon="-2.8963200000000002">
    <ele>93.45</ele>
   </trkpt>
   <trkpt lat="48.69167" lon="-2.89645">
    <ele>93.30000000000001</ele>
   </trkpt>
   <trkpt lat="48.691680000000005" lon="-2.89659">
    <ele>93.30000000000001</ele>
   </trkpt>
   <trkpt lat="48.69165" lon="-2.8966800000000004">
    <ele>93.96</ele>
   </trkpt>
   <trkpt lat="48.691770000000005" lon="-2.89679">
    <ele>94.12</ele>
   </trkpt>
   <trkpt lat="48.691810000000004" lon="-2.8969">
    <ele>94.12</ele>
   </trkpt>
   <trkpt lat="48.691880000000005" lon="-2.89717">
    <ele>94.4</ele>
   </trkpt>
   <trkpt lat="48.691950000000006" lon="-2.8975700000000004">
    <ele>94.74000000000001</ele>
   </trkpt>
   <trkpt lat="48.692060000000005" lon="-2.8979100000000004">
    <ele>95.34</ele>
   </trkpt>
   <trkpt lat="48.692800000000005" lon="-2.8979600000000003">
    <ele>95.4</ele>
   </trkpt>
   <trkpt lat="48.693090000000005" lon="-2.8979500000000002">
    <ele>95.87</ele>
   </trkpt>
   <trkpt lat="48.69344" lon="-2.8978800000000002">
    <ele>96.14</ele>
   </trkpt>
   <trkpt lat="48.694320000000005" lon="-2.89766">
    <ele>95.71000000000001</ele>
   </trkpt>
   <trkpt lat="48.694840000000006" lon="-2.89744">
    <ele>94.19000000000001</ele>
   </trkpt>
   <trkpt lat="48.695150000000005" lon="-2.89725">
    <ele>91.23</ele>
   </trkpt>
   <trkpt lat="48.695510000000006" lon="-2.89697">
    <ele>86.97</ele>
   </trkpt>
   <trkpt lat="48.69577" lon="-2.89671">
    <ele>84.82000000000001</ele>
   </trkpt>
   <trkpt lat="48.69595" lon="-2.8969600000000004">
    <ele>84.05000000000001</ele>
   </trkpt>
   <trkpt lat="48.69615" lon="-2.89731">
    <ele>82.52000000000001</ele>
   </trkpt>
   <trkpt lat="48.69644" lon="-2.8976800000000003">
    <ele>80.71000000000001</ele>
   </trkpt>
   <trkpt lat="48.696540000000006" lon="-2.89792">
    <ele>79.75</ele>
   </trkpt>
   <trkpt lat="48.696580000000004" lon="-2.89807">
    <ele>79.29</ele>
   </trkpt>
   <trkpt lat="48.696580000000004" lon="-2.8982400000000004">
    <ele>78.76</ele>
   </trkpt>
   <trkpt lat="48.696580000000004" lon="-2.89827">
    <ele>78.69000000000001</ele>
   </trkpt>
   <trkpt lat="48.69657" lon="-2.89842">
    <ele>78.1</ele>
   </trkpt>
   <trkpt lat="48.69644" lon="-2.899">
    <ele>76.93</ele>
   </trkpt>
   <trkpt lat="48.69606" lon="-2.89995">
    <ele>75.62</ele>
   </trkpt>
   <trkpt lat="48.69604" lon="-2.9001">
    <ele>75.62</ele>
   </trkpt>
   <trkpt lat="48.696200000000005" lon="-2.90064">
    <ele>74.8</ele>
   </trkpt>
   <trkpt lat="48.696200000000005" lon="-2.90083">
    <ele>74.86000000000001</ele>
   </trkpt>
   <trkpt lat="48.696090000000005" lon="-2.9010000000000002">
    <ele>75.02</ele>
   </trkpt>
   <trkpt lat="48.69601" lon="-2.90111">
    <ele>75.46</ele>
   </trkpt>
   <trkpt lat="48.69574" lon="-2.90133">
    <ele>75.68</ele>
   </trkpt>
   <trkpt lat="48.6955" lon="-2.9016100000000002">
    <ele>75.63</ele>
   </trkpt>
   <trkpt lat="48.69540000000001" lon="-2.90178">
    <ele>75.61000000000001</ele>
   </trkpt>
   <trkpt lat="48.695240000000005" lon="-2.90212">
    <ele>75.49</ele>
   </trkpt>
   <trkpt lat="48.69494" lon="-2.90309">
    <ele>74.54</ele>
   </trkpt>
   <trkpt lat="48.69474" lon="-2.90402">
    <ele>73.93</ele>
   </trkpt>
   <trkpt lat="48.694700000000005" lon="-2.9043400000000004">
    <ele>73.58</ele>
   </trkpt>
   <trkpt lat="48.694880000000005" lon="-2.90449">
    <ele>71.85000000000001</ele>
   </trkpt>
   <trkpt lat="48.69501" lon="-2.90465">
    <ele>71.07000000000001</ele>
   </trkpt>
   <trkpt lat="48.695080000000004" lon="-2.90497">
    <ele>69.20000000000002</ele>
   </trkpt>
   <trkpt lat="48.695150000000005" lon="-2.90544">
    <ele>68.18</ele>
   </trkpt>
   <trkpt lat="48.695150000000005" lon="-2.9056300000000004">
    <ele>67.84</ele>
   </trkpt>
   <trkpt lat="48.69512" lon="-2.9060900000000003">
    <ele>68.97</ele>
   </trkpt>
   <trkpt lat="48.695100000000004" lon="-2.9062">
    <ele>70.0</ele>
   </trkpt>
   <trkpt lat="48.69496" lon="-2.9064200000000002">
    <ele>70.63000000000001</ele>
   </trkpt>
   <trkpt lat="48.69476" lon="-2.9066">
    <ele>71.62</ele>
   </trkpt>
   <trkpt lat="48.69454" lon="-2.9069700000000003">
    <ele>73.19</ele>
   </trkpt>
   <trkpt lat="48.694480000000006" lon="-2.9070400000000003">
    <ele>73.58</ele>
   </trkpt>
   <trkpt lat="48.694160000000004" lon="-2.90727">
    <ele>74.52</ele>
   </trkpt>
   <trkpt lat="48.693900000000006" lon="-2.90755">
    <ele>73.86000000000001</ele>
   </trkpt>
   <trkpt lat="48.693830000000005" lon="-2.90761">
    <ele>73.83</ele>
   </trkpt>
   <trkpt lat="48.693490000000004" lon="-2.90775">
    <ele>72.84</ele>
   </trkpt>
   <trkpt lat="48.693310000000004" lon="-2.9079200000000003">
    <ele>72.65</ele>
   </trkpt>
   <trkpt lat="48.69278500175423" lon="-2.9085550066099657">
    <ele>74.50000000000001</ele>
   </trkpt>
   <trkpt lat="48.692260000000005" lon="-2.90919">
    <ele>77.57</ele>
   </trkpt>
   <trkpt lat="48.692190000000004" lon="-2.9093400000000003">
    <ele>77.57</ele>
   </trkpt>
   <trkpt lat="48.692170000000004" lon="-2.90951">
    <ele>78.05000000000001</ele>
   </trkpt>
   <trkpt lat="48.69205" lon="-2.9096800000000003">
    <ele>79.32</ele>
   </trkpt>
   <trkpt lat="48.69154" lon="-2.9102200000000003">
    <ele>82.37</ele>
   </trkpt>
   <trkpt lat="48.69142" lon="-2.91032">
    <ele>83.16000000000001</ele>
   </trkpt>
   <trkpt lat="48.691320000000005" lon="-2.9103600000000003">
    <ele>83.99000000000001</ele>
   </trkpt>
   <trkpt lat="48.69116" lon="-2.91032">
    <ele>84.59000000000002</ele>
   </trkpt>
   <trkpt lat="48.690920000000006" lon="-2.9100900000000003">
    <ele>86.8</ele>
   </trkpt>
   <trkpt lat="48.69066" lon="-2.90999">
    <ele>89.74000000000001</ele>
   </trkpt>
   <trkpt lat="48.690580000000004" lon="-2.91">
    <ele>90.39000000000001</ele>
   </trkpt>
   <trkpt lat="48.690200000000004" lon="-2.9101500000000002">
    <ele>91.99</ele>
   </trkpt>
   <trkpt lat="48.690020000000004" lon="-2.9101800000000004">
    <ele>92.81</ele>
   </trkpt>
   <trkpt lat="48.689840000000004" lon="-2.91005">
    <ele>94.31</ele>
   </trkpt>
   <trkpt lat="48.68958000000001" lon="-2.9096800000000003">
    <ele>96.92</ele>
   </trkpt>
   <trkpt lat="48.68939" lon="-2.90946">
    <ele>98.08000000000001</ele>
   </trkpt>
   <trkpt lat="48.68927" lon="-2.9094">
    <ele>98.53</ele>
   </trkpt>
   <trkpt lat="48.68923" lon="-2.9094200000000003">
    <ele>98.53</ele>
   </trkpt>
   <trkpt lat="48.689130000000006" lon="-2.9095400000000002">
    <ele>98.31</ele>
   </trkpt>
   <trkpt lat="48.68869" lon="-2.9102">
    <ele>97.28</ele>
   </trkpt>
   <trkpt lat="48.68862000000001" lon="-2.91035">
    <ele>97.17</ele>
   </trkpt>
   <trkpt lat="48.688660000000006" lon="-2.9104">
    <ele>96.46000000000001</ele>
   </trkpt>
   <trkpt lat="48.68894" lon="-2.9111300000000004">
    <ele>94.58000000000001</ele>
   </trkpt>
   <trkpt lat="48.68898" lon="-2.91127">
    <ele>94.58000000000001</ele>
   </trkpt>
   <trkpt lat="48.68900000000001" lon="-2.91148">
    <ele>94.09</ele>
   </trkpt>
   <trkpt lat="48.688930000000006" lon="-2.91204">
    <ele>92.99</ele>
   </trkpt>
   <trkpt lat="48.68892" lon="-2.9125300000000003">
    <ele>91.9</ele>
   </trkpt>
   <trkpt lat="48.688950000000006" lon="-2.91272">
    <ele>91.31</ele>
   </trkpt>
   <trkpt lat="48.689020000000006" lon="-2.9128900000000004">
    <ele>91.21000000000001</ele>
   </trkpt>
   <trkpt lat="48.68901" lon="-2.9128700000000003">
    <ele>91.23</ele>
   </trkpt>
   <trkpt lat="48.689060000000005" lon="-2.91291">
    <ele>90.91</ele>
   </trkpt>
   <trkpt lat="48.68911000000001" lon="-2.9129400000000003">
    <ele>90.91</ele>
   </trkpt>
   <trkpt lat="48.689870000000006" lon="-2.91304">
    <ele>88.7</ele>
   </trkpt>
   <trkpt lat="48.69014000000001" lon="-2.91311">
    <ele>88.43</ele>
   </trkpt>
   <trkpt lat="48.69044" lon="-2.9134">
    <ele>87.57000000000001</ele>
   </trkpt>
   <trkpt lat="48.69109" lon="-2.9141000000000004">
    <ele>86.29</ele>
   </trkpt>
   <trkpt lat="48.691610003929895" lon="-2.914769986218932">
    <ele>87.39</ele>
   </trkpt>
   <trkpt lat="48.69213000397497" lon="-2.9154399862767804">
    <ele>88.25000000000001</ele>
   </trkpt>
   <trkpt lat="48.69265" lon="-2.91611">
    <ele>87.91</ele>
   </trkpt>
   <trkpt lat="48.69272" lon="-2.9162500000000002">
    <ele>87.97</ele>
   </trkpt>
   <trkpt lat="48.69286" lon="-2.91683">
    <ele>87.97</ele>
   </trkpt>
   <trkpt lat="48.69292" lon="-2.91697">
    <ele>87.81000000000002</ele>
   </trkpt>
   <trkpt lat="48.69352000000001" lon="-2.9178">
    <ele>83.75</ele>
   </trkpt>
   <trkpt lat="48.69359000000001" lon="-2.91806">
    <ele>83.18</ele>
   </trkpt>
   <trkpt lat="48.69352000000001" lon="-2.91853">
    <ele>84.23000000000002</ele>
   </trkpt>
   <trkpt lat="48.69357" lon="-2.9187900000000004">
    <ele>86.94</ele>
   </trkpt>
   <trkpt lat="48.69386" lon="-2.9192">
    <ele>88.18</ele>
   </trkpt>
   <trkpt lat="48.69412500173322" lon="-2.919809997072597">
    <ele>88.07000000000001</ele>
   </trkpt>
   <trkpt lat="48.694390000000006" lon="-2.9204200000000005">
    <ele>88.48</ele>
   </trkpt>
   <trkpt lat="48.694570000000006" lon="-2.9209">
    <ele>88.78000000000002</ele>
   </trkpt>
   <trkpt lat="48.69471" lon="-2.92104">
    <ele>88.65</ele>
   </trkpt>
   <trkpt lat="48.695364999831426" lon="-2.92100500046466">
    <ele>86.52000000000001</ele>
   </trkpt>
   <trkpt lat="48.696020000000004" lon="-2.92097">
    <ele>84.54</ele>
   </trkpt>
   <trkpt lat="48.69642" lon="-2.92097">
    <ele>83.85000000000001</ele>
   </trkpt>
   <trkpt lat="48.69684" lon="-2.9209300000000002">
    <ele>83.68</ele>
   </trkpt>
   <trkpt lat="48.697" lon="-2.92097">
    <ele>83.57000000000001</ele>
   </trkpt>
   <trkpt lat="48.69713" lon="-2.9210300000000005">
    <ele>83.57000000000001</ele>
   </trkpt>
   <trkpt lat="48.69727" lon="-2.92098">
    <ele>83.16000000000001</ele>
   </trkpt>
   <trkpt lat="48.69789999994913" lon="-2.92097500006298">
    <ele>81.0</ele>
   </trkpt>
   <trkpt lat="48.698530000000005" lon="-2.92097">
    <ele>78.76</ele>
   </trkpt>
   <trkpt lat="48.69885000000001" lon="-2.9209">
    <ele>77.43</ele>
   </trkpt>
   <trkpt lat="48.69901" lon="-2.9208000000000003">
    <ele>76.99</ele>
   </trkpt>
   <trkpt lat="48.69914000000001" lon="-2.92076">
    <ele>76.59</ele>
   </trkpt>
   <trkpt lat="48.69933" lon="-2.9206800000000004">
    <ele>76.37</ele>
   </trkpt>
   <trkpt lat="48.69946" lon="-2.92058">
    <ele>75.78</ele>
   </trkpt>
   <trkpt lat="48.699630000000006" lon="-2.9204200000000005">
    <ele>75.55000000000001</ele>
   </trkpt>
   <trkpt lat="48.69970000000001" lon="-2.9202500000000002">
    <ele>75.45</ele>
   </trkpt>
   <trkpt lat="48.699760000000005" lon="-2.9199100000000002">
    <ele>75.25000000000001</ele>
   </trkpt>
   <trkpt lat="48.699850000000005" lon="-2.91975">
    <ele>75.14000000000001</ele>
   </trkpt>
   <trkpt lat="48.699960000000004" lon="-2.9197">
    <ele>74.86000000000001</ele>
   </trkpt>
   <trkpt lat="48.700190000000006" lon="-2.91968">
    <ele>74.73</ele>
   </trkpt>
   <trkpt lat="48.70049" lon="-2.9197800000000003">
    <ele>75.16</ele>
   </trkpt>
   <trkpt lat="48.70055000000001" lon="-2.9197800000000003">
    <ele>75.55000000000001</ele>
   </trkpt>
   <trkpt lat="48.700590000000005" lon="-2.91976">
    <ele>75.55000000000001</ele>
   </trkpt>
   <trkpt lat="48.7006" lon="-2.91975">
    <ele>75.6</ele>
   </trkpt>
   <trkpt lat="48.700990003439266" lon="-2.9206399931311395">
    <ele>75.58000000000001</ele>
   </trkpt>
   <trkpt lat="48.70138000000001" lon="-2.92153">
    <ele>73.87</ele>
   </trkpt>
   <trkpt lat="48.70141" lon="-2.92165">
    <ele>73.87</ele>
   </trkpt>
   <trkpt lat="48.7015" lon="-2.92246">
    <ele>72.23</ele>
   </trkpt>
   <trkpt lat="48.701510000000006" lon="-2.92274">
    <ele>71.85000000000001</ele>
   </trkpt>
   <trkpt lat="48.70140000000001" lon="-2.92335">
    <ele>71.56000000000002</ele>
   </trkpt>
   <trkpt lat="48.701260000000005" lon="-2.9237400000000004">
    <ele>71.38</ele>
   </trkpt>
   <trkpt lat="48.70074" lon="-2.92368">
    <ele>69.91</ele>
   </trkpt>
   <trkpt lat="48.70046000000001" lon="-2.9236600000000004">
    <ele>69.86</ele>
   </trkpt>
   <trkpt lat="48.70008000000001" lon="-2.92354">
    <ele>70.74000000000001</ele>
   </trkpt>
   <trkpt lat="48.699560000029884" lon="-2.9235049996400866">
    <ele>72.38</ele>
   </trkpt>
   <trkpt lat="48.699040000000004" lon="-2.9234700000000005">
    <ele>75.63</ele>
   </trkpt>
   <trkpt lat="48.69955999998073" lon="-2.9235049996367777">
    <ele>72.38</ele>
   </trkpt>
   <trkpt lat="48.70008000000001" lon="-2.92354">
    <ele>70.74000000000001</ele>
   </trkpt>
   <trkpt lat="48.70046000000001" lon="-2.9236600000000004">
    <ele>69.86</ele>
   </trkpt>
   <trkpt lat="48.70027" lon="-2.92449">
    <ele>69.33</ele>
   </trkpt>
   <trkpt lat="48.70028000000001" lon="-2.9249">
    <ele>69.33</ele>
   </trkpt>
   <trkpt lat="48.700570000000006" lon="-2.9257400000000002">
    <ele>69.52000000000001</ele>
   </trkpt>
   <trkpt lat="48.70065" lon="-2.92594">
    <ele>69.78</ele>
   </trkpt>
   <trkpt lat="48.70087" lon="-2.92639">
    <ele>70.7</ele>
   </trkpt>
   <trkpt lat="48.701" lon="-2.92674">
    <ele>71.17000000000002</ele>
   </trkpt>
   <trkpt lat="48.70102000000001" lon="-2.9270600000000004">
    <ele>72.37</ele>
   </trkpt>
   <trkpt lat="48.700990000000004" lon="-2.92728">
    <ele>72.78000000000002</ele>
   </trkpt>
   <trkpt lat="48.700950000000006" lon="-2.92741">
    <ele>72.78000000000002</ele>
   </trkpt>
   <trkpt lat="48.700790000000005" lon="-2.92769">
    <ele>73.94</ele>
   </trkpt>
   <trkpt lat="48.70073000000001" lon="-2.92789">
    <ele>74.25000000000001</ele>
   </trkpt>
   <trkpt lat="48.700720000000004" lon="-2.92802">
    <ele>74.25000000000001</ele>
   </trkpt>
   <trkpt lat="48.70078" lon="-2.92836">
    <ele>75.6</ele>
   </trkpt>
   <trkpt lat="48.700970000000005" lon="-2.92892">
    <ele>76.54</ele>
   </trkpt>
   <trkpt lat="48.701" lon="-2.9290700000000003">
    <ele>77.01</ele>
   </trkpt>
   <trkpt lat="48.701100000000004" lon="-2.92992">
    <ele>78.28</ele>
   </trkpt>
   <trkpt lat="48.70118" lon="-2.93026">
    <ele>79.26</ele>
   </trkpt>
   <trkpt lat="48.70129000000001" lon="-2.9304500000000004">
    <ele>78.69000000000001</ele>
   </trkpt>
   <trkpt lat="48.70141" lon="-2.93055">
    <ele>77.43</ele>
   </trkpt>
   <trkpt lat="48.7017" lon="-2.9307200000000004">
    <ele>76.4</ele>
   </trkpt>
   <trkpt lat="48.7019" lon="-2.93093">
    <ele>76.94000000000001</ele>
   </trkpt>
   <trkpt lat="48.702000000000005" lon="-2.93114">
    <ele>77.49</ele>
   </trkpt>
   <trkpt lat="48.70214000000001" lon="-2.93161">
    <ele>78.94000000000001</ele>
   </trkpt>
   <trkpt lat="48.70224" lon="-2.93222">
    <ele>80.63000000000001</ele>
   </trkpt>
   <trkpt lat="48.702310000000004" lon="-2.93292">
    <ele>81.85000000000001</ele>
   </trkpt>
   <trkpt lat="48.70237" lon="-2.93318">
    <ele>82.09</ele>
   </trkpt>
   <trkpt lat="48.702420000000004" lon="-2.93331">
    <ele>82.13000000000001</ele>
   </trkpt>
   <trkpt lat="48.7025" lon="-2.9334100000000003">
    <ele>82.15</ele>
   </trkpt>
   <trkpt lat="48.70291" lon="-2.93364">
    <ele>81.24000000000001</ele>
   </trkpt>
   <trkpt lat="48.703210000000006" lon="-2.93393">
    <ele>80.74000000000001</ele>
   </trkpt>
   <trkpt lat="48.70362" lon="-2.93459">
    <ele>78.47000000000001</ele>
   </trkpt>
   <trkpt lat="48.70384000000001" lon="-2.9348300000000003">
    <ele>78.48</ele>
   </trkpt>
   <trkpt lat="48.703950000000006" lon="-2.9349200000000004">
    <ele>78.56</ele>
   </trkpt>
   <trkpt lat="48.70449000000001" lon="-2.93529">
    <ele>82.43</ele>
   </trkpt>
   <trkpt lat="48.704600000000006" lon="-2.93541">
    <ele>82.56</ele>
   </trkpt>
   <trkpt lat="48.70506" lon="-2.9356600000000004">
    <ele>82.89</ele>
   </trkpt>
   <trkpt lat="48.705270000000006" lon="-2.93583">
    <ele>83.14</ele>
   </trkpt>
   <trkpt lat="48.70544" lon="-2.93608">
    <ele>83.30000000000001</ele>
   </trkpt>
   <trkpt lat="48.70552000000001" lon="-2.93617">
    <ele>83.59</ele>
   </trkpt>
   <trkpt lat="48.7060800013687" lon="-2.936573324328815">
    <ele>85.03</ele>
   </trkpt>
   <trkpt lat="48.70664000132966" lon="-2.9369766576338963">
    <ele>85.94</ele>
   </trkpt>
   <trkpt lat="48.70720000000001" lon="-2.93738">
    <ele>86.45000000000002</ele>
   </trkpt>
   <trkpt lat="48.70765" lon="-2.93766">
    <ele>87.92000000000002</ele>
   </trkpt>
   <trkpt lat="48.7083" lon="-2.93798">
    <ele>90.02</ele>
   </trkpt>
   <trkpt lat="48.70868" lon="-2.93819">
    <ele>91.75000000000001</ele>
   </trkpt>
   <trkpt lat="48.70908000000001" lon="-2.93852">
    <ele>92.41000000000001</ele>
   </trkpt>
   <trkpt lat="48.709450000000004" lon="-2.9388">
    <ele>92.91000000000001</ele>
   </trkpt>
   <trkpt lat="48.70975000000001" lon="-2.9389700000000003">
    <ele>93.01</ele>
   </trkpt>
   <trkpt lat="48.71029" lon="-2.93916">
    <ele>91.75000000000001</ele>
   </trkpt>
   <trkpt lat="48.71058000000001" lon="-2.9393300000000004">
    <ele>90.99</ele>
   </trkpt>
   <trkpt lat="48.71115" lon="-2.93974">
    <ele>89.59</ele>
   </trkpt>
   <trkpt lat="48.711600000000004" lon="-2.9399">
    <ele>89.4</ele>
   </trkpt>
   <trkpt lat="48.71177" lon="-2.93934">
    <ele>89.22</ele>
   </trkpt>
   <trkpt lat="48.711920000000006" lon="-2.93873">
    <ele>89.10000000000001</ele>
   </trkpt>
   <trkpt lat="48.71193" lon="-2.9385600000000003">
    <ele>88.9</ele>
   </trkpt>
   <trkpt lat="48.71191" lon="-2.93805">
    <ele>88.07000000000001</ele>
   </trkpt>
   <trkpt lat="48.71195" lon="-2.9378400000000005">
    <ele>88.07000000000001</ele>
   </trkpt>
   <trkpt lat="48.71201000000001" lon="-2.9377700000000004">
    <ele>87.59</ele>
   </trkpt>
   <trkpt lat="48.712270000000004" lon="-2.93765">
    <ele>87.22</ele>
   </trkpt>
   <trkpt lat="48.71233" lon="-2.93759">
    <ele>87.22</ele>
   </trkpt>
   <trkpt lat="48.712480000000006" lon="-2.9373400000000003">
    <ele>86.83</ele>
   </trkpt>
   <trkpt lat="48.712720000000004" lon="-2.93711">
    <ele>85.93</ele>
   </trkpt>
   <trkpt lat="48.713170000000005" lon="-2.93643">
    <ele>83.78</ele>
   </trkpt>
   <trkpt lat="48.713460000000005" lon="-2.93588">
    <ele>82.9</ele>
   </trkpt>
   <trkpt lat="48.71395500559485" lon="-2.93474501111877">
    <ele>81.19000000000001</ele>
   </trkpt>
   <trkpt lat="48.71445000000001" lon="-2.9336100000000003">
    <ele>81.02000000000001</ele>
   </trkpt>
   <trkpt lat="48.71457" lon="-2.9336300000000004">
    <ele>80.83000000000001</ele>
   </trkpt>
   <trkpt lat="48.71444" lon="-2.9336100000000003">
    <ele>81.02000000000001</ele>
   </trkpt>
   <trkpt lat="48.71395000559049" lon="-2.9347450110155604">
    <ele>81.19000000000001</ele>
   </trkpt>
   <trkpt lat="48.713460000000005" lon="-2.93588">
    <ele>82.9</ele>
   </trkpt>
   <trkpt lat="48.713170000000005" lon="-2.93643">
    <ele>83.78</ele>
   </trkpt>
   <trkpt lat="48.712720000000004" lon="-2.93711">
    <ele>85.93</ele>
   </trkpt>
   <trkpt lat="48.712480000000006" lon="-2.9373400000000003">
    <ele>86.83</ele>
   </trkpt>
   <trkpt lat="48.71233" lon="-2.93759">
    <ele>87.17000000000002</ele>
   </trkpt>
   <trkpt lat="48.712270000000004" lon="-2.93765">
    <ele>87.22</ele>
   </trkpt>
   <trkpt lat="48.71201000000001" lon="-2.9377700000000004">
    <ele>87.59</ele>
   </trkpt>
   <trkpt lat="48.71195" lon="-2.9378400000000005">
    <ele>88.07000000000001</ele>
   </trkpt>
   <trkpt lat="48.71191" lon="-2.93805">
    <ele>88.07000000000001</ele>
   </trkpt>
   <trkpt lat="48.71193" lon="-2.9385600000000003">
    <ele>88.9</ele>
   </trkpt>
   <trkpt lat="48.711920000000006" lon="-2.93873">
    <ele>89.10000000000001</ele>
   </trkpt>
   <trkpt lat="48.71177" lon="-2.93934">
    <ele>89.22</ele>
   </trkpt>
   <trkpt lat="48.711600000000004" lon="-2.9399">
    <ele>89.4</ele>
   </trkpt>
   <trkpt lat="48.71135" lon="-2.94096">
    <ele>90.93</ele>
   </trkpt>
   <trkpt lat="48.711060002098236" lon="-2.9416450037874258">
    <ele>93.54</ele>
   </trkpt>
   <trkpt lat="48.710770000000004" lon="-2.94233">
    <ele>93.61000000000001</ele>
   </trkpt>
   <trkpt lat="48.71052" lon="-2.9430500000000004">
    <ele>93.67</ele>
   </trkpt>
   <trkpt lat="48.71038" lon="-2.94356">
    <ele>93.91000000000001</ele>
   </trkpt>
   <trkpt lat="48.71029" lon="-2.94403">
    <ele>93.88000000000001</ele>
   </trkpt>
   <trkpt lat="48.710190000000004" lon="-2.9449300000000003">
    <ele>94.74000000000001</ele>
   </trkpt>
   <trkpt lat="48.71012" lon="-2.94605">
    <ele>94.39</ele>
   </trkpt>
   <trkpt lat="48.710060000000006" lon="-2.9465800000000004">
    <ele>93.93</ele>
   </trkpt>
   <trkpt lat="48.709950000000006" lon="-2.94687">
    <ele>93.98</ele>
   </trkpt>
   <trkpt lat="48.70955000353645" lon="-2.94777000708296">
    <ele>95.0</ele>
   </trkpt>
   <trkpt lat="48.70915" lon="-2.9486700000000003">
    <ele>95.27000000000001</ele>
   </trkpt>
   <trkpt lat="48.70917000000001" lon="-2.94877">
    <ele>95.27000000000001</ele>
   </trkpt>
   <trkpt lat="48.70919000000001" lon="-2.9491600000000004">
    <ele>94.48</ele>
   </trkpt>
   <trkpt lat="48.709135007360175" lon="-2.950465001627562">
    <ele>92.2</ele>
   </trkpt>
   <trkpt lat="48.70908000000001" lon="-2.9517700000000002">
    <ele>91.02</ele>
   </trkpt>
   <trkpt lat="48.70910000000001" lon="-2.95188">
    <ele>91.02</ele>
   </trkpt>
   <trkpt lat="48.70917000000001" lon="-2.9519800000000003">
    <ele>90.92</ele>
   </trkpt>
   <trkpt lat="48.70926" lon="-2.9520500000000003">
    <ele>90.92</ele>
   </trkpt>
   <trkpt lat="48.70946000000001" lon="-2.9521">
    <ele>90.73</ele>
   </trkpt>
   <trkpt lat="48.70958" lon="-2.95222">
    <ele>90.72000000000001</ele>
   </trkpt>
   <trkpt lat="48.70962" lon="-2.95229">
    <ele>90.74</ele>
   </trkpt>
   <trkpt lat="48.70966000000001" lon="-2.9524500000000002">
    <ele>90.74</ele>
   </trkpt>
   <trkpt lat="48.70967" lon="-2.9530700000000003">
    <ele>90.66</ele>
   </trkpt>
   <trkpt lat="48.70964000000001" lon="-2.9543800000000005">
    <ele>91.06</ele>
   </trkpt>
   <trkpt lat="48.710150000000006" lon="-2.95461">
    <ele>89.00000000000001</ele>
   </trkpt>
   <trkpt lat="48.71040000000001" lon="-2.95468">
    <ele>88.43</ele>
   </trkpt>
   <trkpt lat="48.71122500005154" lon="-2.95485499711344">
    <ele>87.88000000000001</ele>
   </trkpt>
   <trkpt lat="48.712050000000005" lon="-2.9550300000000003">
    <ele>87.14</ele>
   </trkpt>
   <trkpt lat="48.71241500059649" lon="-2.9554549967013863">
    <ele>86.49000000000001</ele>
   </trkpt>
   <trkpt lat="48.71278" lon="-2.95588">
    <ele>86.27000000000001</ele>
   </trkpt>
   <trkpt lat="48.712970000000006" lon="-2.95622">
    <ele>86.27000000000001</ele>
   </trkpt>
   <trkpt lat="48.713060000000006" lon="-2.9564100000000004">
    <ele>86.13000000000001</ele>
   </trkpt>
   <trkpt lat="48.713150000000006" lon="-2.9566600000000003">
    <ele>86.11</ele>
   </trkpt>
   <trkpt lat="48.713260000000005" lon="-2.9571500000000004">
    <ele>86.08</ele>
   </trkpt>
   <trkpt lat="48.713330000000006" lon="-2.95738">
    <ele>86.14</ele>
   </trkpt>
   <trkpt lat="48.71345" lon="-2.95739">
    <ele>86.21000000000001</ele>
   </trkpt>
   <trkpt lat="48.713530000000006" lon="-2.95813">
    <ele>85.18</ele>
   </trkpt>
   <trkpt lat="48.713570000000004" lon="-2.9583500000000003">
    <ele>84.65</ele>
   </trkpt>
   <trkpt lat="48.713640000000005" lon="-2.9585800000000004">
    <ele>83.38000000000001</ele>
   </trkpt>
   <trkpt lat="48.71374" lon="-2.95873">
    <ele>83.38000000000001</ele>
   </trkpt>
   <trkpt lat="48.713930000000005" lon="-2.9589600000000003">
    <ele>82.4</ele>
   </trkpt>
   <trkpt lat="48.71397" lon="-2.95906">
    <ele>81.09</ele>
   </trkpt>
   <trkpt lat="48.71421" lon="-2.96036">
    <ele>78.86</ele>
   </trkpt>
   <trkpt lat="48.71419" lon="-2.96069">
    <ele>78.52000000000001</ele>
   </trkpt>
   <trkpt lat="48.71414" lon="-2.9610100000000004">
    <ele>77.34</ele>
   </trkpt>
   <trkpt lat="48.71397" lon="-2.96132">
    <ele>75.25000000000001</ele>
   </trkpt>
   <trkpt lat="48.713910000000006" lon="-2.9615">
    <ele>73.47000000000001</ele>
   </trkpt>
   <trkpt lat="48.71379" lon="-2.96198">
    <ele>70.3</ele>
   </trkpt>
   <trkpt lat="48.71374" lon="-2.96239">
    <ele>67.48</ele>
   </trkpt>
   <trkpt lat="48.71369000000001" lon="-2.96321">
    <ele>63.660000000000004</ele>
   </trkpt>
   <trkpt lat="48.71369000000001" lon="-2.9635200000000004">
    <ele>62.42</ele>
   </trkpt>
   <trkpt lat="48.713750000000005" lon="-2.96375">
    <ele>60.97</ele>
   </trkpt>
   <trkpt lat="48.713860000000004" lon="-2.9639800000000003">
    <ele>59.95</ele>
   </trkpt>
   <trkpt lat="48.713860000000004" lon="-2.96409">
    <ele>59.95</ele>
   </trkpt>
   <trkpt lat="48.713820000000005" lon="-2.9642100000000005">
    <ele>59.35000000000001</ele>
   </trkpt>
   <trkpt lat="48.713770000000004" lon="-2.96429">
    <ele>59.190000000000005</ele>
   </trkpt>
   <trkpt lat="48.713840000000005" lon="-2.96437">
    <ele>58.85000000000001</ele>
   </trkpt>
   <trkpt lat="48.71407000000001" lon="-2.96451">
    <ele>58.53</ele>
   </trkpt>
   <trkpt lat="48.714180000000006" lon="-2.96451">
    <ele>58.43</ele>
   </trkpt>
   <trkpt lat="48.7145" lon="-2.9644500000000003">
    <ele>58.2</ele>
   </trkpt>
   <trkpt lat="48.714780000000005" lon="-2.96456">
    <ele>56.89</ele>
   </trkpt>
   <trkpt lat="48.715030000000006" lon="-2.9647200000000002">
    <ele>55.120000000000005</ele>
   </trkpt>
   <trkpt lat="48.71515" lon="-2.96484">
    <ele>53.730000000000004</ele>
   </trkpt>
   <trkpt lat="48.71548000000001" lon="-2.9652900000000004">
    <ele>49.49</ele>
   </trkpt>
   <trkpt lat="48.71564" lon="-2.9654000000000003">
    <ele>48.25</ele>
   </trkpt>
   <trkpt lat="48.716010000000004" lon="-2.9656000000000002">
    <ele>46.470000000000006</ele>
   </trkpt>
   <trkpt lat="48.71616" lon="-2.96564">
    <ele>46.11000000000001</ele>
   </trkpt>
   <trkpt lat="48.71652" lon="-2.96544">
    <ele>44.910000000000004</ele>
   </trkpt>
   <trkpt lat="48.71706000014222" lon="-2.9652000026238174">
    <ele>45.720000000000006</ele>
   </trkpt>
   <trkpt lat="48.717600000000004" lon="-2.96496">
    <ele>44.92</ele>
   </trkpt>
   <trkpt lat="48.717800000000004" lon="-2.96489">
    <ele>43.88</ele>
   </trkpt>
   <trkpt lat="48.718090000000004" lon="-2.9648600000000003">
    <ele>42.68</ele>
   </trkpt>
   <trkpt lat="48.71838" lon="-2.96485">
    <ele>42.150000000000006</ele>
   </trkpt>
   <trkpt lat="48.7186" lon="-2.96483">
    <ele>41.870000000000005</ele>
   </trkpt>
   <trkpt lat="48.71902" lon="-2.96457">
    <ele>41.620000000000005</ele>
   </trkpt>
   <trkpt lat="48.719390000000004" lon="-2.96423">
    <ele>41.410000000000004</ele>
   </trkpt>
   <trkpt lat="48.719805000869485" lon="-2.96375500404108">
    <ele>40.290000000000006</ele>
   </trkpt>
   <trkpt lat="48.720220000000005" lon="-2.96328">
    <ele>36.06</ele>
   </trkpt>
   <trkpt lat="48.720960000000005" lon="-2.9626500000000004">
    <ele>32.93</ele>
   </trkpt>
   <trkpt lat="48.72124" lon="-2.9623500000000003">
    <ele>32.67</ele>
   </trkpt>
   <trkpt lat="48.72184000000001" lon="-2.9616700000000002">
    <ele>32.39</ele>
   </trkpt>
   <trkpt lat="48.72225000164059" lon="-2.961055005007028">
    <ele>31.720000000000006</ele>
   </trkpt>
   <trkpt lat="48.722660000000005" lon="-2.96044">
    <ele>30.410000000000004</ele>
   </trkpt>
   <trkpt lat="48.723070001078035" lon="-2.9599500039475686">
    <ele>28.580000000000002</ele>
   </trkpt>
   <trkpt lat="48.72348" lon="-2.9594600000000004">
    <ele>27.1</ele>
   </trkpt>
   <trkpt lat="48.723710000000004" lon="-2.95927">
    <ele>25.7</ele>
   </trkpt>
   <trkpt lat="48.724500000000006" lon="-2.9589900000000005">
    <ele>23.160000000000004</ele>
   </trkpt>
   <trkpt lat="48.72473" lon="-2.95886">
    <ele>22.54</ele>
   </trkpt>
   <trkpt lat="48.72496" lon="-2.95868">
    <ele>22.54</ele>
   </trkpt>
   <trkpt lat="48.725460000000005" lon="-2.95819">
    <ele>20.900000000000002</ele>
   </trkpt>
   <trkpt lat="48.72579" lon="-2.95784">
    <ele>19.040000000000003</ele>
   </trkpt>
   <trkpt lat="48.726040000000005" lon="-2.9574800000000003">
    <ele>17.67</ele>
   </trkpt>
   <trkpt lat="48.726060000000004" lon="-2.95746">
    <ele>17.6</ele>
   </trkpt>
   <trkpt lat="48.726310000000005" lon="-2.95697">
    <ele>15.690000000000003</ele>
   </trkpt>
   <trkpt lat="48.726510000000005" lon="-2.95643">
    <ele>14.600000000000001</ele>
   </trkpt>
   <trkpt lat="48.72654000000001" lon="-2.9562100000000004">
    <ele>14.39</ele>
   </trkpt>
   <trkpt lat="48.726560000000006" lon="-2.9557">
    <ele>14.22</ele>
   </trkpt>
   <trkpt lat="48.72655" lon="-2.95502">
    <ele>13.860000000000001</ele>
   </trkpt>
   <trkpt lat="48.72663000000001" lon="-2.9543800000000005">
    <ele>13.64</ele>
   </trkpt>
   <trkpt lat="48.726820000000004" lon="-2.9535600000000004">
    <ele>12.74</ele>
   </trkpt>
   <trkpt lat="48.727075003275566" lon="-2.9526850045634854">
    <ele>11.9</ele>
   </trkpt>
   <trkpt lat="48.72733" lon="-2.95181">
    <ele>10.92</ele>
   </trkpt>
   <trkpt lat="48.727470000000004" lon="-2.9512500000000004">
    <ele>10.540000000000001</ele>
   </trkpt>
   <trkpt lat="48.72766000000001" lon="-2.95039">
    <ele>9.860000000000001</ele>
   </trkpt>
   <trkpt lat="48.72775000000001" lon="-2.94985">
    <ele>9.370000000000001</ele>
   </trkpt>
   <trkpt lat="48.72776" lon="-2.9496100000000003">
    <ele>9.160000000000002</ele>
   </trkpt>
   <trkpt lat="48.72771" lon="-2.94937">
    <ele>9.05</ele>
   </trkpt>
   <trkpt lat="48.72733" lon="-2.94842">
    <ele>8.540000000000001</ele>
   </trkpt>
   <trkpt lat="48.72731" lon="-2.9483400000000004">
    <ele>8.540000000000001</ele>
   </trkpt>
   <trkpt lat="48.72733" lon="-2.94842">
    <ele>8.540000000000001</ele>
   </trkpt>
   <trkpt lat="48.727500000000006" lon="-2.94883">
    <ele>8.59</ele>
   </trkpt>
   <trkpt lat="48.727430000000005" lon="-2.94896">
    <ele>8.530000000000001</ele>
   </trkpt>
   <trkpt lat="48.727030000000006" lon="-2.9501000000000004">
    <ele>11.120000000000001</ele>
   </trkpt>
   <trkpt lat="48.72665000000001" lon="-2.95113">
    <ele>16.42</ele>
   </trkpt>
   <trkpt lat="48.72655" lon="-2.95143">
    <ele>18.44</ele>
   </trkpt>
   <trkpt lat="48.726330000000004" lon="-2.95249">
    <ele>24.560000000000002</ele>
   </trkpt>
   <trkpt lat="48.72621" lon="-2.95269">
    <ele>26.27</ele>
   </trkpt>
   <trkpt lat="48.72612" lon="-2.95271">
    <ele>26.27</ele>
   </trkpt>
   <trkpt lat="48.726040000000005" lon="-2.95264">
    <ele>28.310000000000002</ele>
   </trkpt>
   <trkpt lat="48.72601" lon="-2.95256">
    <ele>28.78</ele>
   </trkpt>
   <trkpt lat="48.72599" lon="-2.95242">
    <ele>30.0</ele>
   </trkpt>
   <trkpt lat="48.726000000000006" lon="-2.95235">
    <ele>30.340000000000003</ele>
   </trkpt>
   <trkpt lat="48.726200000000006" lon="-2.95183">
    <ele>32.64</ele>
   </trkpt>
   <trkpt lat="48.72625000000001" lon="-2.95162">
    <ele>33.68</ele>
   </trkpt>
   <trkpt lat="48.726330000000004" lon="-2.95046">
    <ele>38.06</ele>
   </trkpt>
   <trkpt lat="48.726310000000005" lon="-2.9502200000000003">
    <ele>40.6</ele>
   </trkpt>
   <trkpt lat="48.72625000000001" lon="-2.95005">
    <ele>40.6</ele>
   </trkpt>
   <trkpt lat="48.72618000000001" lon="-2.9499600000000004">
    <ele>41.830000000000005</ele>
   </trkpt>
   <trkpt lat="48.72612" lon="-2.94991">
    <ele>41.92</ele>
   </trkpt>
   <trkpt lat="48.725680000000004" lon="-2.9497700000000004">
    <ele>46.98</ele>
   </trkpt>
   <trkpt lat="48.72542000000001" lon="-2.94958">
    <ele>48.84</ele>
   </trkpt>
   <trkpt lat="48.724830000000004" lon="-2.9492000000000003">
    <ele>54.18000000000001</ele>
   </trkpt>
   <trkpt lat="48.724680000000006" lon="-2.94918">
    <ele>56.46</ele>
   </trkpt>
   <trkpt lat="48.72462" lon="-2.94919">
    <ele>56.46</ele>
   </trkpt>
   <trkpt lat="48.72453" lon="-2.9492200000000004">
    <ele>57.34</ele>
   </trkpt>
   <trkpt lat="48.72433" lon="-2.94938">
    <ele>58.07</ele>
   </trkpt>
   <trkpt lat="48.72388" lon="-2.94987">
    <ele>57.120000000000005</ele>
   </trkpt>
   <trkpt lat="48.72325000000001" lon="-2.95052">
    <ele>57.080000000000005</ele>
   </trkpt>
   <trkpt lat="48.72261000170073" lon="-2.9511450079425705">
    <ele>60.870000000000005</ele>
   </trkpt>
   <trkpt lat="48.721970000000006" lon="-2.9517700000000002">
    <ele>65.87</ele>
   </trkpt>
   <trkpt lat="48.72148000000001" lon="-2.95229">
    <ele>66.92</ele>
   </trkpt>
   <trkpt lat="48.721180000000004" lon="-2.95257">
    <ele>67.33</ele>
   </trkpt>
   <trkpt lat="48.720600000000005" lon="-2.95292">
    <ele>68.14</ele>
   </trkpt>
   <trkpt lat="48.720110000000005" lon="-2.9531300000000003">
    <ele>72.16</ele>
   </trkpt>
   <trkpt lat="48.71961" lon="-2.95337">
    <ele>75.58000000000001</ele>
   </trkpt>
   <trkpt lat="48.71945" lon="-2.9534100000000003">
    <ele>76.75000000000001</ele>
   </trkpt>
   <trkpt lat="48.719280000000005" lon="-2.95339">
    <ele>77.44000000000001</ele>
   </trkpt>
   <trkpt lat="48.719100000000005" lon="-2.9532700000000003">
    <ele>77.51</ele>
   </trkpt>
   <trkpt lat="48.71896" lon="-2.9531600000000005">
    <ele>77.17</ele>
   </trkpt>
   <trkpt lat="48.718610000000005" lon="-2.9527">
    <ele>76.72000000000001</ele>
   </trkpt>
   <trkpt lat="48.718540000000004" lon="-2.95264">
    <ele>76.32000000000001</ele>
   </trkpt>
   <trkpt lat="48.71839000000001" lon="-2.95258">
    <ele>76.32000000000001</ele>
   </trkpt>
   <trkpt lat="48.718270000000004" lon="-2.95258">
    <ele>76.19000000000001</ele>
   </trkpt>
   <trkpt lat="48.71810000000001" lon="-2.9527">
    <ele>76.27</ele>
   </trkpt>
   <trkpt lat="48.71746" lon="-2.9533300000000002">
    <ele>77.6</ele>
   </trkpt>
   <trkpt lat="48.71728" lon="-2.95359">
    <ele>78.49000000000001</ele>
   </trkpt>
   <trkpt lat="48.716990001305625" lon="-2.9541350031032496">
    <ele>81.36</ele>
   </trkpt>
   <trkpt lat="48.7167" lon="-2.95468">
    <ele>82.75</ele>
   </trkpt>
   <trkpt lat="48.716460000000005" lon="-2.9549700000000003">
    <ele>83.89</ele>
   </trkpt>
   <trkpt lat="48.71631000000001" lon="-2.95506">
    <ele>84.53</ele>
   </trkpt>
   <trkpt lat="48.71618" lon="-2.95508">
    <ele>84.53</ele>
   </trkpt>
   <trkpt lat="48.71593000000001" lon="-2.95507">
    <ele>85.24000000000001</ele>
   </trkpt>
   <trkpt lat="48.715770000000006" lon="-2.9551000000000003">
    <ele>86.99000000000001</ele>
   </trkpt>
   <trkpt lat="48.7156" lon="-2.9551600000000002">
    <ele>86.99000000000001</ele>
   </trkpt>
   <trkpt lat="48.715140000000005" lon="-2.95554">
    <ele>87.94</ele>
   </trkpt>
   <trkpt lat="48.71493" lon="-2.9556400000000003">
    <ele>88.12</ele>
   </trkpt>
   <trkpt lat="48.71473" lon="-2.9557100000000003">
    <ele>87.9</ele>
   </trkpt>
   <trkpt lat="48.71448" lon="-2.95574">
    <ele>87.41</ele>
   </trkpt>
   <trkpt lat="48.71425000000001" lon="-2.9557">
    <ele>86.93</ele>
   </trkpt>
   <trkpt lat="48.71351000000001" lon="-2.95541">
    <ele>86.53</ele>
   </trkpt>
   <trkpt lat="48.71325" lon="-2.95534">
    <ele>86.53</ele>
   </trkpt>
   <trkpt lat="48.71265000033328" lon="-2.955184998210819">
    <ele>86.84</ele>
   </trkpt>
   <trkpt lat="48.712050000000005" lon="-2.9550300000000003">
    <ele>87.14</ele>
   </trkpt>
   <trkpt lat="48.71122500021351" lon="-2.954854997147793">
    <ele>87.88000000000001</ele>
   </trkpt>
   <trkpt lat="48.71040000000001" lon="-2.95468">
    <ele>88.43</ele>
   </trkpt>
   <trkpt lat="48.710150000000006" lon="-2.95461">
    <ele>89.00000000000001</ele>
   </trkpt>
   <trkpt lat="48.70964000000001" lon="-2.9543800000000005">
    <ele>91.06</ele>
   </trkpt>
   <trkpt lat="48.70935" lon="-2.95433">
    <ele>92.09</ele>
   </trkpt>
   <trkpt lat="48.70895" lon="-2.9543500000000003">
    <ele>92.92</ele>
   </trkpt>
   <trkpt lat="48.70821" lon="-2.95445">
    <ele>94.54</ele>
   </trkpt>
   <trkpt lat="48.707649999973796" lon="-2.9544600001117587">
    <ele>95.07</ele>
   </trkpt>
   <trkpt lat="48.70709" lon="-2.95447">
    <ele>95.52000000000001</ele>
   </trkpt>
   <trkpt lat="48.706230000000005" lon="-2.9544900000000003">
    <ele>95.49000000000001</ele>
   </trkpt>
   <trkpt lat="48.70602" lon="-2.9545800000000004">
    <ele>95.41000000000001</ele>
   </trkpt>
   <trkpt lat="48.70566500110713" lon="-2.954094996700828">
    <ele>94.78</ele>
   </trkpt>
   <trkpt lat="48.705310000000004" lon="-2.9536100000000003">
    <ele>94.31</ele>
   </trkpt>
   <trkpt lat="48.704950000000004" lon="-2.95446">
    <ele>93.18</ele>
   </trkpt>
   <trkpt lat="48.70467000000001" lon="-2.95534">
    <ele>92.38</ele>
   </trkpt>
   <trkpt lat="48.70423" lon="-2.9562800000000005">
    <ele>91.76</ele>
   </trkpt>
   <trkpt lat="48.70412" lon="-2.95656">
    <ele>91.53000000000002</ele>
   </trkpt>
   <trkpt lat="48.70367" lon="-2.95744">
    <ele>90.46000000000001</ele>
   </trkpt>
   <trkpt lat="48.70346000000001" lon="-2.95773">
    <ele>89.8</ele>
   </trkpt>
   <trkpt lat="48.70304" lon="-2.95805">
    <ele>89.16</ele>
   </trkpt>
   <trkpt lat="48.702470000000005" lon="-2.95832">
    <ele>87.94</ele>
   </trkpt>
   <trkpt lat="48.702360000000006" lon="-2.95839">
    <ele>87.94</ele>
   </trkpt>
   <trkpt lat="48.702110000000005" lon="-2.95859">
    <ele>87.56000000000002</ele>
   </trkpt>
   <trkpt lat="48.701690000000006" lon="-2.95909">
    <ele>86.58</ele>
   </trkpt>
   <trkpt lat="48.70149000000001" lon="-2.9593000000000003">
    <ele>85.03</ele>
   </trkpt>
   <trkpt lat="48.70099000056391" lon="-2.9596950040116585">
    <ele>83.88000000000001</ele>
   </trkpt>
   <trkpt lat="48.70049" lon="-2.96009">
    <ele>82.23</ele>
   </trkpt>
   <trkpt lat="48.70037000000001" lon="-2.9602600000000003">
    <ele>82.08</ele>
   </trkpt>
   <trkpt lat="48.69995" lon="-2.96103">
    <ele>81.48</ele>
   </trkpt>
   <trkpt lat="48.699560000000005" lon="-2.96164">
    <ele>81.19000000000001</ele>
   </trkpt>
   <trkpt lat="48.699490000000004" lon="-2.96178">
    <ele>81.27000000000001</ele>
   </trkpt>
   <trkpt lat="48.69941000000001" lon="-2.962">
    <ele>81.47</ele>
   </trkpt>
   <trkpt lat="48.69920000392055" lon="-2.9629550041013766">
    <ele>80.94000000000001</ele>
   </trkpt>
   <trkpt lat="48.69899" lon="-2.9639100000000003">
    <ele>80.68</ele>
   </trkpt>
   <trkpt lat="48.69888" lon="-2.9641900000000003">
    <ele>80.36</ele>
   </trkpt>
   <trkpt lat="48.69865" lon="-2.9645200000000003">
    <ele>79.89</ele>
   </trkpt>
   <trkpt lat="48.698310000000006" lon="-2.96483">
    <ele>79.42999999999999</ele>
   </trkpt>
   <trkpt lat="48.69821" lon="-2.96498">
    <ele>79.35000000000001</ele>
   </trkpt>
   <trkpt lat="48.698150000000005" lon="-2.96512">
    <ele>79.35000000000001</ele>
   </trkpt>
   <trkpt lat="48.698150000000005" lon="-2.9650900000000004">
    <ele>79.31</ele>
   </trkpt>
   <trkpt lat="48.69783" lon="-2.96476">
    <ele>77.94000000000001</ele>
   </trkpt>
   <trkpt lat="48.69720000092188" lon="-2.964249993452663">
    <ele>76.19000000000001</ele>
   </trkpt>
   <trkpt lat="48.69657" lon="-2.96374">
    <ele>74.97000000000001</ele>
   </trkpt>
   <trkpt lat="48.69643000000001" lon="-2.96361">
    <ele>74.52</ele>
   </trkpt>
   <trkpt lat="48.69603000000001" lon="-2.9631000000000003">
    <ele>73.68</ele>
   </trkpt>
   <trkpt lat="48.695510000000006" lon="-2.9628500000000004">
    <ele>72.88</ele>
   </trkpt>
   <trkpt lat="48.695100000000004" lon="-2.9625800000000004">
    <ele>71.23</ele>
   </trkpt>
   <trkpt lat="48.69493000000001" lon="-2.9625000000000004">
    <ele>70.9</ele>
   </trkpt>
   <trkpt lat="48.6948" lon="-2.96254">
    <ele>70.7</ele>
   </trkpt>
   <trkpt lat="48.694610000000004" lon="-2.96273">
    <ele>70.61</ele>
   </trkpt>
   <trkpt lat="48.69436" lon="-2.96288">
    <ele>70.58</ele>
   </trkpt>
   <trkpt lat="48.69424" lon="-2.96293">
    <ele>70.58</ele>
   </trkpt>
   <trkpt lat="48.69404" lon="-2.9629600000000003">
    <ele>70.52</ele>
   </trkpt>
   <trkpt lat="48.693920000000006" lon="-2.96294">
    <ele>70.52</ele>
   </trkpt>
   <trkpt lat="48.69359000000001" lon="-2.96281">
    <ele>70.34</ele>
   </trkpt>
   <trkpt lat="48.6931" lon="-2.96254">
    <ele>70.47</ele>
   </trkpt>
   <trkpt lat="48.69281" lon="-2.96252">
    <ele>70.79</ele>
   </trkpt>
   <trkpt lat="48.69257" lon="-2.9625500000000002">
    <ele>71.29</ele>
   </trkpt>
   <trkpt lat="48.69200000000001" lon="-2.96245">
    <ele>70.68</ele>
   </trkpt>
   <trkpt lat="48.691930000000006" lon="-2.96245">
    <ele>70.68</ele>
   </trkpt>
   <trkpt lat="48.69178" lon="-2.96259">
    <ele>70.48</ele>
   </trkpt>
   <trkpt lat="48.691610000000004" lon="-2.9628500000000004">
    <ele>70.53</ele>
   </trkpt>
   <trkpt lat="48.691520000000004" lon="-2.96293">
    <ele>70.53</ele>
   </trkpt>
   <trkpt lat="48.69144000000001" lon="-2.9629900000000005">
    <ele>70.7</ele>
   </trkpt>
   <trkpt lat="48.69079999994387" lon="-2.963095001351644">
    <ele>71.31000000000002</ele>
   </trkpt>
   <trkpt lat="48.690160000000006" lon="-2.9632">
    <ele>70.62</ele>
   </trkpt>
   <trkpt lat="48.68932" lon="-2.96322">
    <ele>68.47</ele>
   </trkpt>
   <trkpt lat="48.68898" lon="-2.96329">
    <ele>67.79</ele>
   </trkpt>
   <trkpt lat="48.68878" lon="-2.9634600000000004">
    <ele>67.85000000000001</ele>
   </trkpt>
   <trkpt lat="48.68862000000001" lon="-2.9636400000000003">
    <ele>68.2</ele>
   </trkpt>
   <trkpt lat="48.688370000000006" lon="-2.96388">
    <ele>68.56</ele>
   </trkpt>
   <trkpt lat="48.68818" lon="-2.96395">
    <ele>68.67</ele>
   </trkpt>
   <trkpt lat="48.68809" lon="-2.96396">
    <ele>68.83</ele>
   </trkpt>
   <trkpt lat="48.687410000037126" lon="-2.963889998108994">
    <ele>70.36</ele>
   </trkpt>
   <trkpt lat="48.68673000003183" lon="-2.9638199981084816">
    <ele>72.14000000000001</ele>
   </trkpt>
   <trkpt lat="48.68605" lon="-2.96375">
    <ele>73.42</ele>
   </trkpt>
   <trkpt lat="48.68596" lon="-2.96376">
    <ele>73.75000000000001</ele>
   </trkpt>
   <trkpt lat="48.685770000000005" lon="-2.96382">
    <ele>74.28000000000002</ele>
   </trkpt>
   <trkpt lat="48.68553000000001" lon="-2.96395">
    <ele>74.79</ele>
   </trkpt>
   <trkpt lat="48.685120000000005" lon="-2.96408">
    <ele>75.47000000000001</ele>
   </trkpt>
   <trkpt lat="48.684475000019816" lon="-2.9642250018730127">
    <ele>77.14</ele>
   </trkpt>
   <trkpt lat="48.68383000000001" lon="-2.96437">
    <ele>77.99000000000001</ele>
   </trkpt>
   <trkpt lat="48.68338000022742" lon="-2.964495001072458">
    <ele>78.23</ele>
   </trkpt>
   <trkpt lat="48.682930000000006" lon="-2.96462">
    <ele>78.07</ele>
   </trkpt>
   <trkpt lat="48.68253000000001" lon="-2.96463">
    <ele>78.30000000000001</ele>
   </trkpt>
   <trkpt lat="48.68215000000001" lon="-2.9646100000000004">
    <ele>79.46000000000001</ele>
   </trkpt>
   <trkpt lat="48.682120000000005" lon="-2.96463">
    <ele>79.46000000000001</ele>
   </trkpt>
   <trkpt lat="48.68179000000001" lon="-2.96388">
    <ele>80.02000000000001</ele>
   </trkpt>
   <trkpt lat="48.68139000000001" lon="-2.9631900000000004">
    <ele>80.4</ele>
   </trkpt>
   <trkpt lat="48.68121000000001" lon="-2.96274">
    <ele>80.76</ele>
   </trkpt>
   <trkpt lat="48.68113" lon="-2.96246">
    <ele>80.80000000000001</ele>
   </trkpt>
   <trkpt lat="48.68101" lon="-2.9618200000000003">
    <ele>80.97</ele>
   </trkpt>
   <trkpt lat="48.68095" lon="-2.96084">
    <ele>81.44000000000001</ele>
   </trkpt>
   <trkpt lat="48.680790003215954" lon="-2.9599749971340237">
    <ele>83.17</ele>
   </trkpt>
   <trkpt lat="48.68063" lon="-2.9591100000000004">
    <ele>85.13000000000001</ele>
   </trkpt>
   <trkpt lat="48.68039" lon="-2.9592">
    <ele>85.83</ele>
   </trkpt>
   <trkpt lat="48.68016" lon="-2.95934">
    <ele>86.9</ele>
   </trkpt>
   <trkpt lat="48.68003" lon="-2.9594600000000004">
    <ele>88.01</ele>
   </trkpt>
   <trkpt lat="48.679840000000006" lon="-2.95967">
    <ele>88.43</ele>
   </trkpt>
   <trkpt lat="48.679590000000005" lon="-2.96002">
    <ele>90.77</ele>
   </trkpt>
   <trkpt lat="48.67953000000001" lon="-2.96008">
    <ele>90.77</ele>
   </trkpt>
   <trkpt lat="48.67943" lon="-2.9601400000000004">
    <ele>90.77</ele>
   </trkpt>
   <trkpt lat="48.67888000000001" lon="-2.95995">
    <ele>93.32000000000001</ele>
   </trkpt>
   <trkpt lat="48.67804" lon="-2.9595300000000004">
    <ele>96.98</ele>
   </trkpt>
   <trkpt lat="48.67788" lon="-2.95949">
    <ele>97.22000000000001</ele>
   </trkpt>
   <trkpt lat="48.677670000000006" lon="-2.95954">
    <ele>97.62</ele>
   </trkpt>
   <trkpt lat="48.67747000000001" lon="-2.95968">
    <ele>97.84</ele>
   </trkpt>
   <trkpt lat="48.67743" lon="-2.95988">
    <ele>97.41000000000001</ele>
   </trkpt>
   <trkpt lat="48.677420000000005" lon="-2.96028">
    <ele>96.45</ele>
   </trkpt>
   <trkpt lat="48.677290000000006" lon="-2.96031">
    <ele>96.93</ele>
   </trkpt>
   <trkpt lat="48.67714" lon="-2.96031">
    <ele>97.14</ele>
   </trkpt>
   <trkpt lat="48.67653000000001" lon="-2.9602100000000005">
    <ele>99.14</ele>
   </trkpt>
   <trkpt lat="48.6764" lon="-2.96022">
    <ele>99.14</ele>
   </trkpt>
   <trkpt lat="48.67627" lon="-2.96028">
    <ele>99.33</ele>
   </trkpt>
   <trkpt lat="48.6758" lon="-2.9606800000000004">
    <ele>99.99000000000001</ele>
   </trkpt>
   <trkpt lat="48.67512000000001" lon="-2.96139">
    <ele>100.78</ele>
   </trkpt>
   <trkpt lat="48.67452500116271" lon="-2.9618900058370983">
    <ele>101.30000000000001</ele>
   </trkpt>
   <trkpt lat="48.673930000000006" lon="-2.96239">
    <ele>101.93</ele>
   </trkpt>
   <trkpt lat="48.67342000121723" lon="-2.962900005070864">
    <ele>102.33</ele>
   </trkpt>
   <trkpt lat="48.67291" lon="-2.96341">
    <ele>102.16000000000001</ele>
   </trkpt>
   <trkpt lat="48.67275" lon="-2.96354">
    <ele>101.74000000000001</ele>
   </trkpt>
   <trkpt lat="48.67264" lon="-2.9635700000000003">
    <ele>101.39</ele>
   </trkpt>
   <trkpt lat="48.67235" lon="-2.96354">
    <ele>100.72</ele>
   </trkpt>
   <trkpt lat="48.67237" lon="-2.96354">
    <ele>100.75</ele>
   </trkpt>
   <trkpt lat="48.672140000000006" lon="-2.96347">
    <ele>100.05000000000001</ele>
   </trkpt>
   <trkpt lat="48.671910000000004" lon="-2.9633700000000003">
    <ele>99.48</ele>
   </trkpt>
   <trkpt lat="48.671420000000005" lon="-2.96306">
    <ele>96.97000000000001</ele>
   </trkpt>
   <trkpt lat="48.67112" lon="-2.96274">
    <ele>96.27000000000001</ele>
   </trkpt>
   <trkpt lat="48.670950000000005" lon="-2.9625100000000004">
    <ele>96.01</ele>
   </trkpt>
   <trkpt lat="48.670910000000006" lon="-2.9626">
    <ele>95.7</ele>
   </trkpt>
   <trkpt lat="48.670550000000006" lon="-2.9619400000000002">
    <ele>94.86000000000001</ele>
   </trkpt>
   <trkpt lat="48.67018" lon="-2.9617000000000004">
    <ele>92.78</ele>
   </trkpt>
   <trkpt lat="48.66998" lon="-2.9608700000000003">
    <ele>92.26</ele>
   </trkpt>
   <trkpt lat="48.669830000000005" lon="-2.96049">
    <ele>91.80000000000001</ele>
   </trkpt>
   <trkpt lat="48.669700000000006" lon="-2.96024">
    <ele>91.54</ele>
   </trkpt>
   <trkpt lat="48.66946" lon="-2.95996">
    <ele>91.15</ele>
   </trkpt>
   <trkpt lat="48.668850000000006" lon="-2.9594300000000002">
    <ele>90.02</ele>
   </trkpt>
   <trkpt lat="48.66845000000001" lon="-2.95893">
    <ele>88.33</ele>
   </trkpt>
   <trkpt lat="48.66827000000001" lon="-2.9586200000000002">
    <ele>87.56000000000002</ele>
   </trkpt>
   <trkpt lat="48.668060000000004" lon="-2.95819">
    <ele>87.06000000000002</ele>
   </trkpt>
   <trkpt lat="48.66780000000001" lon="-2.9571600000000005">
    <ele>86.79</ele>
   </trkpt>
   <trkpt lat="48.66772" lon="-2.9567200000000002">
    <ele>86.61</ele>
   </trkpt>
   <trkpt lat="48.6677" lon="-2.95637">
    <ele>86.75</ele>
   </trkpt>
   <trkpt lat="48.667860000000005" lon="-2.9552">
    <ele>87.69</ele>
   </trkpt>
   <trkpt lat="48.66799" lon="-2.9546900000000003">
    <ele>87.67000000000002</ele>
   </trkpt>
   <trkpt lat="48.66803" lon="-2.95432">
    <ele>87.47</ele>
   </trkpt>
   <trkpt lat="48.66798000000001" lon="-2.95344">
    <ele>87.23</ele>
   </trkpt>
   <trkpt lat="48.668000000000006" lon="-2.9530600000000002">
    <ele>86.98</ele>
   </trkpt>
   <trkpt lat="48.667970000000004" lon="-2.9529">
    <ele>86.74000000000001</ele>
   </trkpt>
   <trkpt lat="48.6679" lon="-2.9527900000000002">
    <ele>86.74000000000001</ele>
   </trkpt>
   <trkpt lat="48.667750000000005" lon="-2.95264">
    <ele>85.69</ele>
   </trkpt>
   <trkpt lat="48.667260000000006" lon="-2.9522100000000004">
    <ele>84.34</ele>
   </trkpt>
   <trkpt lat="48.66709" lon="-2.95195">
    <ele>84.10000000000001</ele>
   </trkpt>
   <trkpt lat="48.667010000000005" lon="-2.95174">
    <ele>84.06</ele>
   </trkpt>
   <trkpt lat="48.66698" lon="-2.95161">
    <ele>84.06</ele>
   </trkpt>
   <trkpt lat="48.666970000000006" lon="-2.95134">
    <ele>83.87</ele>
   </trkpt>
   <trkpt lat="48.667100000000005" lon="-2.95052">
    <ele>83.10000000000001</ele>
   </trkpt>
   <trkpt lat="48.667190000000005" lon="-2.94966">
    <ele>82.81</ele>
   </trkpt>
   <trkpt lat="48.667190000000005" lon="-2.94945">
    <ele>82.32000000000001</ele>
   </trkpt>
   <trkpt lat="48.66708000287973" lon="-2.9486349982594713">
    <ele>81.57000000000001</ele>
   </trkpt>
   <trkpt lat="48.666970000000006" lon="-2.94782">
    <ele>81.67</ele>
   </trkpt>
   <trkpt lat="48.66698" lon="-2.94774">
    <ele>81.59</ele>
   </trkpt>
   <trkpt lat="48.667170000000006" lon="-2.9473000000000003">
    <ele>81.03</ele>
   </trkpt>
   <trkpt lat="48.66722000000001" lon="-2.94715">
    <ele>81.03</ele>
   </trkpt>
   <trkpt lat="48.66722000000001" lon="-2.9469600000000002">
    <ele>80.75</ele>
   </trkpt>
   <trkpt lat="48.66718" lon="-2.94688">
    <ele>80.75</ele>
   </trkpt>
   <trkpt lat="48.666815000735156" lon="-2.9472950030173686">
    <ele>81.76</ele>
   </trkpt>
   <trkpt lat="48.666450000000005" lon="-2.9477100000000003">
    <ele>82.57000000000001</ele>
   </trkpt>
   <trkpt lat="48.66619000000001" lon="-2.94796">
    <ele>82.84</ele>
   </trkpt>
   <trkpt lat="48.66608" lon="-2.94783">
    <ele>82.65</ele>
   </trkpt>
   <trkpt lat="48.665600000000005" lon="-2.94756">
    <ele>81.97</ele>
   </trkpt>
   <trkpt lat="48.66508" lon="-2.94742">
    <ele>81.74000000000001</ele>
   </trkpt>
   <trkpt lat="48.66460000000001" lon="-2.9475000000000002">
    <ele>81.95</ele>
   </trkpt>
   <trkpt lat="48.66375000000001" lon="-2.94734">
    <ele>82.53</ele>
   </trkpt>
   <trkpt lat="48.66313" lon="-2.9476000000000004">
    <ele>83.51</ele>
   </trkpt>
   <trkpt lat="48.66238000044998" lon="-2.947422492085993">
    <ele>84.63000000000001</ele>
   </trkpt>
   <trkpt lat="48.66163000062721" lon="-2.94724498945464">
    <ele>84.65</ele>
   </trkpt>
   <trkpt lat="48.66088000053176" lon="-2.947067492105649">
    <ele>84.98000000000002</ele>
   </trkpt>
   <trkpt lat="48.66013" lon="-2.9468900000000002">
    <ele>85.32000000000001</ele>
   </trkpt>
   <trkpt lat="48.65926" lon="-2.9466200000000002">
    <ele>87.3</ele>
   </trkpt>
   <trkpt lat="48.65867500036807" lon="-2.9463199965074733">
    <ele>87.49000000000001</ele>
   </trkpt>
   <trkpt lat="48.65809" lon="-2.9460200000000003">
    <ele>87.61</ele>
   </trkpt>
   <trkpt lat="48.65833000000001" lon="-2.94503">
    <ele>87.25</ele>
   </trkpt>
   <trkpt lat="48.65840000000001" lon="-2.94404">
    <ele>86.15</ele>
   </trkpt>
   <trkpt lat="48.658550000000005" lon="-2.94368">
    <ele>85.70000000000002</ele>
   </trkpt>
   <trkpt lat="48.6587" lon="-2.9434600000000004">
    <ele>85.42</ele>
   </trkpt>
   <trkpt lat="48.658950000000004" lon="-2.94334">
    <ele>84.87</ele>
   </trkpt>
   <trkpt lat="48.659090000000006" lon="-2.9432600000000004">
    <ele>84.72</ele>
   </trkpt>
   <trkpt lat="48.65945000000001" lon="-2.94261">
    <ele>84.59000000000002</ele>
   </trkpt>
   <trkpt lat="48.65966" lon="-2.94212">
    <ele>84.60000000000001</ele>
   </trkpt>
   <trkpt lat="48.659710000000004" lon="-2.94187">
    <ele>84.48000000000002</ele>
   </trkpt>
   <trkpt lat="48.659710000000004" lon="-2.9416">
    <ele>84.34</ele>
   </trkpt>
   <trkpt lat="48.65966" lon="-2.94112">
    <ele>84.34</ele>
   </trkpt>
   <trkpt lat="48.65951000487827" lon="-2.9400549966150704">
    <ele>84.63000000000001</ele>
   </trkpt>
   <trkpt lat="48.65936000000001" lon="-2.9389900000000004">
    <ele>84.18</ele>
   </trkpt>
   <trkpt lat="48.65934000000001" lon="-2.93791">
    <ele>82.71000000000001</ele>
   </trkpt>
   <trkpt lat="48.65932" lon="-2.93766">
    <ele>82.49000000000001</ele>
   </trkpt>
   <trkpt lat="48.65921" lon="-2.9376">
    <ele>82.72</ele>
   </trkpt>
   <trkpt lat="48.6591" lon="-2.93758">
    <ele>82.74000000000001</ele>
   </trkpt>
   <trkpt lat="48.65905" lon="-2.93753">
    <ele>82.58</ele>
   </trkpt>
   <trkpt lat="48.659020000000005" lon="-2.93744">
    <ele>82.44000000000001</ele>
   </trkpt>
   <trkpt lat="48.659000000000006" lon="-2.93732">
    <ele>82.44000000000001</ele>
   </trkpt>
   <trkpt lat="48.659000000000006" lon="-2.9365900000000003">
    <ele>80.81</ele>
   </trkpt>
   <trkpt lat="48.658950000000004" lon="-2.93581">
    <ele>79.89</ele>
   </trkpt>
   <trkpt lat="48.65889000000001" lon="-2.93542">
    <ele>79.86</ele>
   </trkpt>
   <trkpt lat="48.658680000000004" lon="-2.93473">
    <ele>81.82000000000001</ele>
   </trkpt>
   <trkpt lat="48.65838" lon="-2.9339100000000005">
    <ele>83.12</ele>
   </trkpt>
   <trkpt lat="48.65775999993908" lon="-2.933894999814017">
    <ele>83.64</ele>
   </trkpt>
   <trkpt lat="48.657140000000005" lon="-2.9338800000000003">
    <ele>84.29</ele>
   </trkpt>
   <trkpt lat="48.65663499999584" lon="-2.933824999447165">
    <ele>85.14</ele>
   </trkpt>
   <trkpt lat="48.656130000000005" lon="-2.9337700000000004">
    <ele>85.67</ele>
   </trkpt>
   <trkpt lat="48.65619" lon="-2.93305">
    <ele>84.58</ele>
   </trkpt>
   <trkpt lat="48.65625000000001" lon="-2.93269">
    <ele>84.25</ele>
   </trkpt>
   <trkpt lat="48.656270000000006" lon="-2.93222">
    <ele>83.84</ele>
   </trkpt>
   <trkpt lat="48.65628" lon="-2.9312">
    <ele>81.46000000000001</ele>
   </trkpt>
   <trkpt lat="48.65634000000001" lon="-2.9308400000000003">
    <ele>80.15</ele>
   </trkpt>
   <trkpt lat="48.656400000000005" lon="-2.93075">
    <ele>79.67</ele>
   </trkpt>
   <trkpt lat="48.656490000000005" lon="-2.93048">
    <ele>79.14</ele>
   </trkpt>
   <trkpt lat="48.656510000000004" lon="-2.93032">
    <ele>78.95</ele>
   </trkpt>
   <trkpt lat="48.6565" lon="-2.9297600000000004">
    <ele>79.32</ele>
   </trkpt>
   <trkpt lat="48.65639" lon="-2.92876">
    <ele>81.84</ele>
   </trkpt>
   <trkpt lat="48.656330000000004" lon="-2.92844">
    <ele>82.43</ele>
   </trkpt>
   <trkpt lat="48.65612" lon="-2.92768">
    <ele>84.06</ele>
   </trkpt>
   <trkpt lat="48.65605" lon="-2.9272">
    <ele>84.41000000000001</ele>
   </trkpt>
   <trkpt lat="48.656040000000004" lon="-2.92682">
    <ele>84.4</ele>
   </trkpt>
   <trkpt lat="48.656060000000004" lon="-2.9263800000000004">
    <ele>84.48000000000002</ele>
   </trkpt>
   <trkpt lat="48.65616500234452" lon="-2.9256400017202577">
    <ele>84.47</ele>
   </trkpt>
   <trkpt lat="48.656270000000006" lon="-2.9249">
    <ele>84.35000000000001</ele>
   </trkpt>
   <trkpt lat="48.65630500280131" lon="-2.9240950006335584">
    <ele>83.80000000000001</ele>
   </trkpt>
   <trkpt lat="48.65634000000001" lon="-2.92329">
    <ele>84.67</ele>
   </trkpt>
   <trkpt lat="48.65641" lon="-2.92255">
    <ele>85.08</ele>
   </trkpt>
   <trkpt lat="48.65639" lon="-2.9214700000000002">
    <ele>85.72</ele>
   </trkpt>
   <trkpt lat="48.656400000000005" lon="-2.92091">
    <ele>85.61</ele>
   </trkpt>
   <trkpt lat="48.65635" lon="-2.9205200000000002">
    <ele>85.64</ele>
   </trkpt>
   <trkpt lat="48.65616000000001" lon="-2.9198500000000003">
    <ele>85.54</ele>
   </trkpt>
   <trkpt lat="48.65616000000001" lon="-2.91943">
    <ele>84.44</ele>
   </trkpt>
   <trkpt lat="48.656130000000005" lon="-2.9192">
    <ele>84.04</ele>
   </trkpt>
   <trkpt lat="48.65607000000001" lon="-2.91893">
    <ele>83.92</ele>
   </trkpt>
   <trkpt lat="48.65596000000001" lon="-2.91861">
    <ele>84.11</ele>
   </trkpt>
   <trkpt lat="48.655950000000004" lon="-2.91853">
    <ele>84.11</ele>
   </trkpt>
   <trkpt lat="48.656000000000006" lon="-2.91806">
    <ele>84.03</ele>
   </trkpt>
   <trkpt lat="48.65637" lon="-2.91765">
    <ele>83.24000000000001</ele>
   </trkpt>
   <trkpt lat="48.65664" lon="-2.9172700000000003">
    <ele>81.61</ele>
   </trkpt>
   <trkpt lat="48.656760000000006" lon="-2.9170700000000003">
    <ele>81.17</ele>
   </trkpt>
   <trkpt lat="48.656850000000006" lon="-2.91683">
    <ele>81.17</ele>
   </trkpt>
   <trkpt lat="48.65699000000001" lon="-2.91624">
    <ele>80.08000000000001</ele>
   </trkpt>
   <trkpt lat="48.657130004365236" lon="-2.9152350028339016">
    <ele>78.19000000000001</ele>
   </trkpt>
   <trkpt lat="48.657270000000004" lon="-2.9142300000000003">
    <ele>77.43</ele>
   </trkpt>
   <trkpt lat="48.65711" lon="-2.9139100000000004">
    <ele>77.6</ele>
   </trkpt>
   <trkpt lat="48.65718000220889" lon="-2.9132000007096703">
    <ele>74.24</ele>
   </trkpt>
   <trkpt lat="48.657250000000005" lon="-2.91249">
    <ele>72.85000000000001</ele>
   </trkpt>
   <trkpt lat="48.65728000210963" lon="-2.911790000673298">
    <ele>72.56</ele>
   </trkpt>
   <trkpt lat="48.65731" lon="-2.91109">
    <ele>71.79</ele>
   </trkpt>
   <trkpt lat="48.65735" lon="-2.91093">
    <ele>71.79</ele>
   </trkpt>
   <trkpt lat="48.65751" lon="-2.9105200000000004">
    <ele>71.29</ele>
   </trkpt>
   <trkpt lat="48.65773000255714" lon="-2.9097450035310692">
    <ele>71.56000000000002</ele>
   </trkpt>
   <trkpt lat="48.65795000000001" lon="-2.90897">
    <ele>71.37</ele>
   </trkpt>
   <trkpt lat="48.65807000201741" lon="-2.9083000011780835">
    <ele>69.99000000000001</ele>
   </trkpt>
   <trkpt lat="48.658190000000005" lon="-2.90763">
    <ele>68.04</ele>
   </trkpt>
   <trkpt lat="48.65823" lon="-2.9066300000000003">
    <ele>69.58</ele>
   </trkpt>
   <trkpt lat="48.65827" lon="-2.90633">
    <ele>71.42000000000002</ele>
   </trkpt>
   <trkpt lat="48.65831000000001" lon="-2.90619">
    <ele>72.73</ele>
   </trkpt>
   <trkpt lat="48.65867" lon="-2.90531">
    <ele>78.03</ele>
   </trkpt>
   <trkpt lat="48.65872" lon="-2.90512">
    <ele>78.64</ele>
   </trkpt>
   <trkpt lat="48.658730000000006" lon="-2.90486">
    <ele>78.98</ele>
   </trkpt>
   <trkpt lat="48.65869000000001" lon="-2.90436">
    <ele>79.65</ele>
   </trkpt>
   <trkpt lat="48.65878000000001" lon="-2.90376">
    <ele>80.28999999999999</ele>
   </trkpt>
   <trkpt lat="48.65878000000001" lon="-2.9037400000000004">
    <ele>80.30000000000001</ele>
   </trkpt>
   <trkpt lat="48.658440000000006" lon="-2.9034700000000004">
    <ele>80.22</ele>
   </trkpt>
   <trkpt lat="48.65799000056516" lon="-2.90314499717681">
    <ele>80.77000000000001</ele>
   </trkpt>
   <trkpt lat="48.657540000000004" lon="-2.90282">
    <ele>81.59</ele>
   </trkpt>
   <trkpt lat="48.657320000000006" lon="-2.90261">
    <ele>81.78</ele>
   </trkpt>
   <trkpt lat="48.657140000000005" lon="-2.90247">
    <ele>81.80000000000001</ele>
   </trkpt>
   <trkpt lat="48.657030000000006" lon="-2.9024300000000003">
    <ele>81.80000000000001</ele>
   </trkpt>
   <trkpt lat="48.65684" lon="-2.90242">
    <ele>81.91000000000001</ele>
   </trkpt>
   <trkpt lat="48.656470000000006" lon="-2.90247">
    <ele>82.08</ele>
   </trkpt>
   <trkpt lat="48.65634000000001" lon="-2.90246">
    <ele>82.08</ele>
   </trkpt>
   <trkpt lat="48.656000000000006" lon="-2.9023000000000003">
    <ele>82.35000000000001</ele>
   </trkpt>
   <trkpt lat="48.65567" lon="-2.903">
    <ele>82.69000000000001</ele>
   </trkpt>
   <trkpt lat="48.655460000000005" lon="-2.90363">
    <ele>81.47</ele>
   </trkpt>
   <trkpt lat="48.65538" lon="-2.9041">
    <ele>79.81</ele>
   </trkpt>
   <trkpt lat="48.65531000000001" lon="-2.9050300000000004">
    <ele>78.38000000000001</ele>
   </trkpt>
   <trkpt lat="48.65467000002824" lon="-2.90504000025346">
    <ele>79.07</ele>
   </trkpt>
   <trkpt lat="48.65403000005562" lon="-2.905050000253028">
    <ele>81.06</ele>
   </trkpt>
   <trkpt lat="48.65339" lon="-2.90506">
    <ele>84.26</ele>
   </trkpt>
   <trkpt lat="48.653150000000004" lon="-2.9051600000000004">
    <ele>85.42</ele>
   </trkpt>
   <trkpt lat="48.65281" lon="-2.90518">
    <ele>86.67000000000002</ele>
   </trkpt>
   <trkpt lat="48.6525" lon="-2.90511">
    <ele>87.79</ele>
   </trkpt>
   <trkpt lat="48.65231000000001" lon="-2.90504">
    <ele>88.46000000000001</ele>
   </trkpt>
   <trkpt lat="48.6518" lon="-2.9047">
    <ele>90.37</ele>
   </trkpt>
   <trkpt lat="48.651700000000005" lon="-2.90464">
    <ele>90.46000000000001</ele>
   </trkpt>
   <trkpt lat="48.65162" lon="-2.90463">
    <ele>90.92</ele>
   </trkpt>
   <trkpt lat="48.651300000000006" lon="-2.9047">
    <ele>91.22000000000001</ele>
   </trkpt>
   <trkpt lat="48.65111" lon="-2.9047">
    <ele>91.18</ele>
   </trkpt>
   <trkpt lat="48.6503" lon="-2.90463">
    <ele>90.54</ele>
   </trkpt>
   <trkpt lat="48.65019" lon="-2.9046800000000004">
    <ele>90.2</ele>
   </trkpt>
   <trkpt lat="48.649570000000004" lon="-2.90544">
    <ele>89.8</ele>
   </trkpt>
   <trkpt lat="48.64922000000001" lon="-2.9057500000000003">
    <ele>90.41</ele>
   </trkpt>
   <trkpt lat="48.648920000000004" lon="-2.90558">
    <ele>90.7</ele>
   </trkpt>
   <trkpt lat="48.64862" lon="-2.90531">
    <ele>91.71000000000001</ele>
   </trkpt>
   <trkpt lat="48.648340000000005" lon="-2.90504">
    <ele>93.71</ele>
   </trkpt>
   <trkpt lat="48.64835" lon="-2.90505">
    <ele>93.66000000000001</ele>
   </trkpt>
   <trkpt lat="48.647890000000004" lon="-2.9043900000000002">
    <ele>96.10000000000001</ele>
   </trkpt>
   <trkpt lat="48.64739500271863" lon="-2.9035899920644495">
    <ele>97.59</ele>
   </trkpt>
   <trkpt lat="48.6469" lon="-2.9027900000000004">
    <ele>96.81</ele>
   </trkpt>
   <trkpt lat="48.64641000537001" lon="-2.901679989299736">
    <ele>95.49000000000001</ele>
   </trkpt>
   <trkpt lat="48.645920000000004" lon="-2.90057">
    <ele>94.64</ele>
   </trkpt>
   <trkpt lat="48.64566000000001" lon="-2.89977">
    <ele>94.00000000000001</ele>
   </trkpt>
   <trkpt lat="48.645440002588266" lon="-2.8989899964381545">
    <ele>92.6</ele>
   </trkpt>
   <trkpt lat="48.64522" lon="-2.89821">
    <ele>92.38</ele>
   </trkpt>
   <trkpt lat="48.64506" lon="-2.89785">
    <ele>92.18</ele>
   </trkpt>
   <trkpt lat="48.64486" lon="-2.8976">
    <ele>92.15</ele>
   </trkpt>
   <trkpt lat="48.64470000000001" lon="-2.89751">
    <ele>92.26</ele>
   </trkpt>
   <trkpt lat="48.64428" lon="-2.89731">
    <ele>93.08000000000001</ele>
   </trkpt>
   <trkpt lat="48.64392" lon="-2.89706">
    <ele>94.22000000000001</ele>
   </trkpt>
   <trkpt lat="48.64359" lon="-2.89677">
    <ele>94.78</ele>
   </trkpt>
   <trkpt lat="48.64332" lon="-2.8964700000000003">
    <ele>94.53</ele>
   </trkpt>
   <trkpt lat="48.643170000000005" lon="-2.8960800000000004">
    <ele>93.52000000000001</ele>
   </trkpt>
   <trkpt lat="48.64294500285232" lon="-2.895269996432106">
    <ele>90.9</ele>
   </trkpt>
   <trkpt lat="48.642720000000004" lon="-2.89446">
    <ele>88.7</ele>
   </trkpt>
   <trkpt lat="48.64233" lon="-2.89345">
    <ele>86.3</ele>
   </trkpt>
   <trkpt lat="48.642160000000004" lon="-2.89264">
    <ele>84.57000000000001</ele>
   </trkpt>
   <trkpt lat="48.64193" lon="-2.89184">
    <ele>83.72</ele>
   </trkpt>
   <trkpt lat="48.641740000000006" lon="-2.8914700000000004">
    <ele>83.42</ele>
   </trkpt>
   <trkpt lat="48.64161000000001" lon="-2.89141">
    <ele>83.56</ele>
   </trkpt>
   <trkpt lat="48.64157" lon="-2.89142">
    <ele>83.66000000000001</ele>
   </trkpt>
   <trkpt lat="48.641490000000005" lon="-2.89137">
    <ele>83.49000000000001</ele>
   </trkpt>
   <trkpt lat="48.64144" lon="-2.89121">
    <ele>83.06</ele>
   </trkpt>
   <trkpt lat="48.641450000000006" lon="-2.89114">
    <ele>83.06</ele>
   </trkpt>
   <trkpt lat="48.641420000000004" lon="-2.8910000000000005">
    <ele>82.62</ele>
   </trkpt>
   <trkpt lat="48.641180000000006" lon="-2.8904">
    <ele>80.84</ele>
   </trkpt>
   <trkpt lat="48.641000000000005" lon="-2.89008">
    <ele>80.37</ele>
   </trkpt>
   <trkpt lat="48.640530000000005" lon="-2.8897100000000004">
    <ele>81.44000000000001</ele>
   </trkpt>
   <trkpt lat="48.64029000000001" lon="-2.88958">
    <ele>82.23</ele>
   </trkpt>
   <trkpt lat="48.64012" lon="-2.8894">
    <ele>82.41000000000001</ele>
   </trkpt>
   <trkpt lat="48.63996" lon="-2.88919">
    <ele>82.44000000000001</ele>
   </trkpt>
   <trkpt lat="48.63958" lon="-2.88858">
    <ele>82.48</ele>
   </trkpt>
   <trkpt lat="48.63915" lon="-2.8880100000000004">
    <ele>82.38000000000001</ele>
   </trkpt>
   <trkpt lat="48.638720000000006" lon="-2.88756">
    <ele>82.12</ele>
   </trkpt>
   <trkpt lat="48.638160000000006" lon="-2.88716">
    <ele>81.0</ele>
   </trkpt>
   <trkpt lat="48.63794000000001" lon="-2.88687">
    <ele>80.37</ele>
   </trkpt>
   <trkpt lat="48.63779" lon="-2.8864500000000004">
    <ele>80.35000000000001</ele>
   </trkpt>
   <trkpt lat="48.63772" lon="-2.88587">
    <ele>82.23</ele>
   </trkpt>
   <trkpt lat="48.637710000000006" lon="-2.8847600000000004">
    <ele>82.48</ele>
   </trkpt>
   <trkpt lat="48.63759000211567" lon="-2.8840649984917586">
    <ele>80.71000000000001</ele>
   </trkpt>
   <trkpt lat="48.63747000000001" lon="-2.88337">
    <ele>79.10000000000001</ele>
   </trkpt>
   <trkpt lat="48.637330000000006" lon="-2.8828">
    <ele>77.84</ele>
   </trkpt>
   <trkpt lat="48.63720000000001" lon="-2.88248">
    <ele>76.79</ele>
   </trkpt>
   <trkpt lat="48.63694" lon="-2.88199">
    <ele>75.86000000000001</ele>
   </trkpt>
   <trkpt lat="48.63664000000001" lon="-2.8810800000000003">
    <ele>74.72000000000001</ele>
   </trkpt>
   <trkpt lat="48.63623000481918" lon="-2.880024991430481">
    <ele>76.01</ele>
   </trkpt>
   <trkpt lat="48.63582" lon="-2.8789700000000003">
    <ele>78.92999999999999</ele>
   </trkpt>
   <trkpt lat="48.635470000000005" lon="-2.87813">
    <ele>81.04</ele>
   </trkpt>
   <trkpt lat="48.6353" lon="-2.87781">
    <ele>82.32000000000001</ele>
   </trkpt>
   <trkpt lat="48.63497" lon="-2.8773700000000004">
    <ele>83.46000000000001</ele>
   </trkpt>
   <trkpt lat="48.63463" lon="-2.8769400000000003">
    <ele>85.34000000000002</ele>
   </trkpt>
   <trkpt lat="48.634260000000005" lon="-2.8765300000000003">
    <ele>86.41</ele>
   </trkpt>
   <trkpt lat="48.63378500142804" lon="-2.875939994347672">
    <ele>86.91</ele>
   </trkpt>
   <trkpt lat="48.63331" lon="-2.87535">
    <ele>87.82000000000001</ele>
   </trkpt>
   <trkpt lat="48.633140000000004" lon="-2.8751800000000003">
    <ele>87.84</ele>
   </trkpt>
   <trkpt lat="48.632630000000006" lon="-2.87494">
    <ele>87.42000000000002</ele>
   </trkpt>
   <trkpt lat="48.632145000453505" lon="-2.874584996520297">
    <ele>86.17</ele>
   </trkpt>
   <trkpt lat="48.631660000000004" lon="-2.8742300000000003">
    <ele>84.59000000000002</ele>
   </trkpt>
   <trkpt lat="48.631550000000004" lon="-2.87413">
    <ele>84.59000000000002</ele>
   </trkpt>
   <trkpt lat="48.631280000000004" lon="-2.87365">
    <ele>82.06</ele>
   </trkpt>
   <trkpt lat="48.63114" lon="-2.8733400000000002">
    <ele>80.34</ele>
   </trkpt>
   <trkpt lat="48.63107" lon="-2.87311">
    <ele>79.65</ele>
   </trkpt>
   <trkpt lat="48.63092500263175" lon="-2.8723299977498917">
    <ele>78.29</ele>
   </trkpt>
   <trkpt lat="48.63078" lon="-2.87155">
    <ele>77.39</ele>
   </trkpt>
   <trkpt lat="48.630770000000005" lon="-2.8709000000000002">
    <ele>76.05000000000001</ele>
   </trkpt>
   <trkpt lat="48.63055000000001" lon="-2.8705800000000004">
    <ele>75.11000000000001</ele>
   </trkpt>
   <trkpt lat="48.63035000000001" lon="-2.87033">
    <ele>74.52</ele>
   </trkpt>
   <trkpt lat="48.63002000108474" lon="-2.8698349967990215">
    <ele>73.31</ele>
   </trkpt>
   <trkpt lat="48.629690000000004" lon="-2.8693400000000002">
    <ele>72.94</ele>
   </trkpt>
   <trkpt lat="48.62953" lon="-2.8691600000000004">
    <ele>72.68</ele>
   </trkpt>
   <trkpt lat="48.62914000000001" lon="-2.8685600000000004">
    <ele>72.45</ele>
   </trkpt>
   <trkpt lat="48.62859500428851" lon="-2.8675599891267196">
    <ele>72.10000000000001</ele>
   </trkpt>
   <trkpt lat="48.62805" lon="-2.86656">
    <ele>71.68</ele>
   </trkpt>
   <trkpt lat="48.62769" lon="-2.86595">
    <ele>71.47</ele>
   </trkpt>
   <trkpt lat="48.627180002388435" lon="-2.8652249928341957">
    <ele>70.96000000000001</ele>
   </trkpt>
   <trkpt lat="48.626670000000004" lon="-2.8645">
    <ele>70.72</ele>
   </trkpt>
   <trkpt lat="48.626580000000004" lon="-2.8643">
    <ele>70.72</ele>
   </trkpt>
   <trkpt lat="48.62651" lon="-2.8640600000000003">
    <ele>70.73</ele>
   </trkpt>
   <trkpt lat="48.626290000000004" lon="-2.8631">
    <ele>70.9</ele>
   </trkpt>
   <trkpt lat="48.62619" lon="-2.8628000000000005">
    <ele>70.83</ele>
   </trkpt>
   <trkpt lat="48.626000000000005" lon="-2.8624600000000004">
    <ele>70.34</ele>
   </trkpt>
   <trkpt lat="48.625710000000005" lon="-2.86173">
    <ele>70.03</ele>
   </trkpt>
   <trkpt lat="48.625640000000004" lon="-2.86161">
    <ele>70.07000000000001</ele>
   </trkpt>
   <trkpt lat="48.62552" lon="-2.86146">
    <ele>70.07000000000001</ele>
   </trkpt>
   <trkpt lat="48.625510000000006" lon="-2.86146">
    <ele>70.08</ele>
   </trkpt>
   <trkpt lat="48.62556000000001" lon="-2.86133">
    <ele>70.08</ele>
   </trkpt>
   <trkpt lat="48.62557" lon="-2.86057">
    <ele>68.73</ele>
   </trkpt>
   <trkpt lat="48.62560500395674" lon="-2.85961500041363">
    <ele>67.41000000000001</ele>
   </trkpt>
   <trkpt lat="48.625640000000004" lon="-2.8586600000000004">
    <ele>66.63000000000001</ele>
   </trkpt>
   <trkpt lat="48.62568" lon="-2.85829">
    <ele>65.9</ele>
   </trkpt>
   <trkpt lat="48.62576000000001" lon="-2.85779">
    <ele>64.64999999999999</ele>
   </trkpt>
   <trkpt lat="48.62579" lon="-2.85768">
    <ele>64.64999999999999</ele>
   </trkpt>
   <trkpt lat="48.62583" lon="-2.85759">
    <ele>64.44000000000001</ele>
   </trkpt>
   <trkpt lat="48.62641000000001" lon="-2.8573700000000004">
    <ele>63.76000000000001</ele>
   </trkpt>
   <trkpt lat="48.62698" lon="-2.85772">
    <ele>64.73</ele>
   </trkpt>
   <trkpt lat="48.627280000000006" lon="-2.85772">
    <ele>65.09</ele>
   </trkpt>
   <trkpt lat="48.627720000134" lon="-2.8578899985211876">
    <ele>66.54</ele>
   </trkpt>
   <trkpt lat="48.62816" lon="-2.85806">
    <ele>66.75</ele>
   </trkpt>
   <trkpt lat="48.62838000000001" lon="-2.85807">
    <ele>66.75</ele>
   </trkpt>
   <trkpt lat="48.62913" lon="-2.85806">
    <ele>66.88000000000001</ele>
   </trkpt>
   <trkpt lat="48.62924" lon="-2.85801">
    <ele>66.89</ele>
   </trkpt>
   <trkpt lat="48.62935" lon="-2.85794">
    <ele>66.85000000000001</ele>
   </trkpt>
   <trkpt lat="48.62968" lon="-2.8575100000000004">
    <ele>66.98</ele>
   </trkpt>
   <trkpt lat="48.62988000000001" lon="-2.85719">
    <ele>67.03</ele>
   </trkpt>
   <trkpt lat="48.630140000000004" lon="-2.85672">
    <ele>67.28</ele>
   </trkpt>
   <trkpt lat="48.630390000000006" lon="-2.8563300000000003">
    <ele>67.55</ele>
   </trkpt>
   <trkpt lat="48.63085" lon="-2.85589">
    <ele>67.33</ele>
   </trkpt>
   <trkpt lat="48.63123" lon="-2.85542">
    <ele>66.47</ele>
   </trkpt>
   <trkpt lat="48.631910000000005" lon="-2.8547000000000002">
    <ele>65.39</ele>
   </trkpt>
   <trkpt lat="48.632180000000005" lon="-2.8543600000000002">
    <ele>65.48</ele>
   </trkpt>
   <trkpt lat="48.632560000000005" lon="-2.85374">
    <ele>65.9</ele>
   </trkpt>
   <trkpt lat="48.63293000193901" lon="-2.8530850046580603">
    <ele>66.45</ele>
   </trkpt>
   <trkpt lat="48.633300000000006" lon="-2.85243">
    <ele>67.19</ele>
   </trkpt>
   <trkpt lat="48.63338" lon="-2.85218">
    <ele>67.27000000000001</ele>
   </trkpt>
   <trkpt lat="48.63367" lon="-2.85257">
    <ele>68.41000000000001</ele>
   </trkpt>
   <trkpt lat="48.633770000000005" lon="-2.8527400000000003">
    <ele>68.41000000000001</ele>
   </trkpt>
   <trkpt lat="48.633900000000004" lon="-2.85304">
    <ele>68.88000000000001</ele>
   </trkpt>
   <trkpt lat="48.634080000000004" lon="-2.8535500000000003">
    <ele>70.14</ele>
   </trkpt>
   <trkpt lat="48.63440000000001" lon="-2.85427">
    <ele>70.01</ele>
   </trkpt>
   <trkpt lat="48.63459" lon="-2.8548400000000003">
    <ele>68.17</ele>
   </trkpt>
   <trkpt lat="48.63476000000001" lon="-2.85556">
    <ele>65.18</ele>
   </trkpt>
   <trkpt lat="48.63512" lon="-2.85644">
    <ele>62.56</ele>
   </trkpt>
   <trkpt lat="48.635220000000004" lon="-2.85664">
    <ele>61.46000000000001</ele>
   </trkpt>
   <trkpt lat="48.63537" lon="-2.85684">
    <ele>59.46000000000001</ele>
   </trkpt>
   <trkpt lat="48.63552000000001" lon="-2.85698">
    <ele>58.39</ele>
   </trkpt>
   <trkpt lat="48.635940000000005" lon="-2.8578">
    <ele>57.440000000000005</ele>
   </trkpt>
   <trkpt lat="48.63624500131623" lon="-2.858304997298625">
    <ele>60.940000000000005</ele>
   </trkpt>
   <trkpt lat="48.63655000000001" lon="-2.85881">
    <ele>63.77</ele>
   </trkpt>
   <trkpt lat="48.636750000000006" lon="-2.85923">
    <ele>65.08</ele>
   </trkpt>
   <trkpt lat="48.636900000000004" lon="-2.85962">
    <ele>66.22</ele>
   </trkpt>
   <trkpt lat="48.636950000000006" lon="-2.85982">
    <ele>66.51</ele>
   </trkpt>
   <trkpt lat="48.63772" lon="-2.85942">
    <ele>65.93</ele>
   </trkpt>
   <trkpt lat="48.63834000000001" lon="-2.85914">
    <ele>66.33</ele>
   </trkpt>
   <trkpt lat="48.63861000000001" lon="-2.8589700000000002">
    <ele>66.67</ele>
   </trkpt>
   <trkpt lat="48.638600000000004" lon="-2.8589700000000002">
    <ele>66.67</ele>
   </trkpt>
   <trkpt lat="48.638740000000006" lon="-2.85883">
    <ele>66.7</ele>
   </trkpt>
   <trkpt lat="48.639100000000006" lon="-2.85828">
    <ele>66.47</ele>
   </trkpt>
   <trkpt lat="48.63962500212985" lon="-2.8575950070002625">
    <ele>64.64</ele>
   </trkpt>
   <trkpt lat="48.640150000000006" lon="-2.85691">
    <ele>62.09</ele>
   </trkpt>
   <trkpt lat="48.64038000000001" lon="-2.8564700000000003">
    <ele>61.32000000000001</ele>
   </trkpt>
   <trkpt lat="48.64049000000001" lon="-2.85616">
    <ele>61.03000000000001</ele>
   </trkpt>
   <trkpt lat="48.640770003809344" lon="-2.8552100056019842">
    <ele>61.160000000000004</ele>
   </trkpt>
   <trkpt lat="48.64105000000001" lon="-2.85426">
    <ele>61.6</ele>
   </trkpt>
   <trkpt lat="48.641295004375195" lon="-2.853250005070516">
    <ele>60.46000000000001</ele>
   </trkpt>
   <trkpt lat="48.641540000000006" lon="-2.85224">
    <ele>55.300000000000004</ele>
   </trkpt>
   <trkpt lat="48.641630000000006" lon="-2.85196">
    <ele>54.71</ele>
   </trkpt>
   <trkpt lat="48.64171" lon="-2.8518100000000004">
    <ele>53.77</ele>
   </trkpt>
   <trkpt lat="48.64182" lon="-2.85169">
    <ele>51.85000000000001</ele>
   </trkpt>
   <trkpt lat="48.64197" lon="-2.85162">
    <ele>51.85000000000001</ele>
   </trkpt>
   <trkpt lat="48.642540000000004" lon="-2.85169">
    <ele>45.53</ele>
   </trkpt>
   <trkpt lat="48.64278" lon="-2.85169">
    <ele>44.15</ele>
   </trkpt>
   <trkpt lat="48.64296" lon="-2.85162">
    <ele>41.68</ele>
   </trkpt>
   <trkpt lat="48.643150000000006" lon="-2.85151">
    <ele>41.68</ele>
   </trkpt>
   <trkpt lat="48.64378000000001" lon="-2.85087">
    <ele>37.56</ele>
   </trkpt>
   <trkpt lat="48.64397" lon="-2.85074">
    <ele>38.150000000000006</ele>
   </trkpt>
   <trkpt lat="48.64417" lon="-2.85067">
    <ele>39.11000000000001</ele>
   </trkpt>
   <trkpt lat="48.644600000000004" lon="-2.85067">
    <ele>42.85000000000001</ele>
   </trkpt>
   <trkpt lat="48.64481000000001" lon="-2.85063">
    <ele>44.18</ele>
   </trkpt>
   <trkpt lat="48.645" lon="-2.8505700000000003">
    <ele>44.67</ele>
   </trkpt>
   <trkpt lat="48.645360000000004" lon="-2.8503900000000004">
    <ele>45.09</ele>
   </trkpt>
   <trkpt lat="48.64555000000001" lon="-2.85022">
    <ele>44.94</ele>
   </trkpt>
   <trkpt lat="48.64574" lon="-2.84999">
    <ele>44.480000000000004</ele>
   </trkpt>
   <trkpt lat="48.64589" lon="-2.84973">
    <ele>43.93</ele>
   </trkpt>
   <trkpt lat="48.646010000000004" lon="-2.8494200000000003">
    <ele>43.71000000000001</ele>
   </trkpt>
   <trkpt lat="48.64609" lon="-2.8491400000000002">
    <ele>43.39</ele>
   </trkpt>
   <trkpt lat="48.646240000000006" lon="-2.8479">
    <ele>42.99</ele>
   </trkpt>
   <trkpt lat="48.646280000000004" lon="-2.8477">
    <ele>42.93</ele>
   </trkpt>
   <trkpt lat="48.64645" lon="-2.84724">
    <ele>42.830000000000005</ele>
   </trkpt>
   <trkpt lat="48.6467" lon="-2.84674">
    <ele>42.760000000000005</ele>
   </trkpt>
   <trkpt lat="48.646840000000005" lon="-2.84649">
    <ele>42.440000000000005</ele>
   </trkpt>
   <trkpt lat="48.64746" lon="-2.84572">
    <ele>42.260000000000005</ele>
   </trkpt>
   <trkpt lat="48.647580000000005" lon="-2.8455100000000004">
    <ele>42.230000000000004</ele>
   </trkpt>
   <trkpt lat="48.647830000000006" lon="-2.84491">
    <ele>41.7</ele>
   </trkpt>
   <trkpt lat="48.64793" lon="-2.8444700000000003">
    <ele>39.49</ele>
   </trkpt>
   <trkpt lat="48.64795" lon="-2.84419">
    <ele>37.95</ele>
   </trkpt>
   <trkpt lat="48.647940000000006" lon="-2.84364">
    <ele>35.69</ele>
   </trkpt>
   <trkpt lat="48.64790000000001" lon="-2.8425700000000003">
    <ele>33.18</ele>
   </trkpt>
   <trkpt lat="48.647960000000005" lon="-2.8416">
    <ele>32.040000000000006</ele>
   </trkpt>
   <trkpt lat="48.64808000000001" lon="-2.8409400000000002">
    <ele>31.740000000000002</ele>
   </trkpt>
   <trkpt lat="48.64829" lon="-2.84003">
    <ele>31.44</ele>
   </trkpt>
   <trkpt lat="48.64833" lon="-2.8390000000000004">
    <ele>30.050000000000004</ele>
   </trkpt>
   <trkpt lat="48.648270000000004" lon="-2.83901">
    <ele>30.050000000000004</ele>
   </trkpt>
   <trkpt lat="48.64822" lon="-2.83894">
    <ele>30.400000000000002</ele>
   </trkpt>
   <trkpt lat="48.64819000000001" lon="-2.83881">
    <ele>30.400000000000002</ele>
   </trkpt>
   <trkpt lat="48.64822" lon="-2.83869">
    <ele>30.480000000000004</ele>
   </trkpt>
   <trkpt lat="48.64824" lon="-2.8386600000000004">
    <ele>30.480000000000004</ele>
   </trkpt>
   <trkpt lat="48.64829" lon="-2.83862">
    <ele>30.140000000000004</ele>
   </trkpt>
   <trkpt lat="48.64837000000001" lon="-2.8386400000000003">
    <ele>30.140000000000004</ele>
   </trkpt>
   <trkpt lat="48.648450000000004" lon="-2.83828">
    <ele>29.66</ele>
   </trkpt>
   <trkpt lat="48.648520000000005" lon="-2.8376500000000004">
    <ele>29.01</ele>
   </trkpt>
   <trkpt lat="48.64904000000001" lon="-2.83714">
    <ele>25.32</ele>
   </trkpt>
   <trkpt lat="48.64949000000001" lon="-2.8366000000000002">
    <ele>23.87</ele>
   </trkpt>
   <trkpt lat="48.64979" lon="-2.8363">
    <ele>23.6</ele>
   </trkpt>
   <trkpt lat="48.650040000000004" lon="-2.8361">
    <ele>23.73</ele>
   </trkpt>
   <trkpt lat="48.650890000000004" lon="-2.83577">
    <ele>27.700000000000003</ele>
   </trkpt>
   <trkpt lat="48.65129" lon="-2.8357">
    <ele>28.860000000000003</ele>
   </trkpt>
   <trkpt lat="48.65144" lon="-2.8357200000000002">
    <ele>28.720000000000002</ele>
   </trkpt>
   <trkpt lat="48.6516" lon="-2.83577">
    <ele>28.610000000000003</ele>
   </trkpt>
   <trkpt lat="48.651790000000005" lon="-2.83576">
    <ele>28.1</ele>
   </trkpt>
   <trkpt lat="48.651790000000005" lon="-2.83583">
    <ele>27.83</ele>
   </trkpt>
   <trkpt lat="48.65185" lon="-2.83589">
    <ele>27.680000000000003</ele>
   </trkpt>
   <trkpt lat="48.65238" lon="-2.83597">
    <ele>24.34</ele>
   </trkpt>
   <trkpt lat="48.652480000000004" lon="-2.8360600000000002">
    <ele>23.39</ele>
   </trkpt>
   <trkpt lat="48.65267" lon="-2.83637">
    <ele>20.8</ele>
   </trkpt>
   <trkpt lat="48.65306" lon="-2.8366200000000004">
    <ele>13.22</ele>
   </trkpt>
   <trkpt lat="48.65303" lon="-2.83677">
    <ele>13.22</ele>
   </trkpt>
   <trkpt lat="48.65325000000001" lon="-2.8370100000000003">
    <ele>11.81</ele>
   </trkpt>
   <trkpt lat="48.65328" lon="-2.83705">
    <ele>11.38</ele>
   </trkpt>
   <trkpt lat="48.653740000000006" lon="-2.83706">
    <ele>10.560000000000002</ele>
   </trkpt>
   <trkpt lat="48.65382" lon="-2.83732">
    <ele>10.21</ele>
   </trkpt>
   <trkpt lat="48.65372000000001" lon="-2.8374">
    <ele>10.16</ele>
   </trkpt>
   <trkpt lat="48.65354000000001" lon="-2.83766">
    <ele>11.11</ele>
   </trkpt>
   <trkpt lat="48.653470000000006" lon="-2.83786">
    <ele>11.89</ele>
   </trkpt>
   <trkpt lat="48.653360000000006" lon="-2.8382300000000003">
    <ele>13.02</ele>
   </trkpt>
   <trkpt lat="48.6535" lon="-2.83829">
    <ele>12.520000000000001</ele>
   </trkpt>
   <trkpt lat="48.653740000000006" lon="-2.8383200000000004">
    <ele>11.98</ele>
   </trkpt>
  </trkseg>
 </trk>
</gpx>
