<?xml version="1.0" encoding="UTF-8"?>
<gpx creator="StravaGPX" version="1.1" xmlns="http://www.topografix.com/GPX/1/1" xmlns:xsi="http://www.w3.org/2001/XMLSchema-instance" xsi:schemaLocation="http://www.topografix.com/GPX/1/1 http://www.topografix.com/GPX/1/1/gpx.xsd">
 <metadata>
  <name>GoëloRides #3 - Parcours de la mer</name>
  <author>
   <name>Goëlo Rides</name>
   <link href="https://www.strava.com/athletes/182746908"/>
  </author>
  <copyright author="OpenStreetMap contributors">
   <year>2020</year>
   <license>https://www.openstreetmap.org/copyright</license>
  </copyright>
  <link href="https://www.strava.com/routes/3514374826072433522"/>
 </metadata>
 <trk>
  <name>GoëloRides #3 - Parcours de la mer</name>
  <link href="https://www.strava.com/routes/3514374826072433522"/>
  <type>cycling</type>
  <trkseg>
   <trkpt lat="48.65498" lon="-2.83692">
    <ele>11.13</ele>
   </trkpt>
   <trkpt lat="48.655030000000004" lon="-2.8367000000000004">
    <ele>11.19</ele>
   </trkpt>
   <trkpt lat="48.655080000000005" lon="-2.83657">
    <ele>9.73</ele>
   </trkpt>
   <trkpt lat="48.655030000000004" lon="-2.8363300000000002">
    <ele>8.33</ele>
   </trkpt>
   <trkpt lat="48.65507" lon="-2.83658">
    <ele>10.15</ele>
   </trkpt>
   <trkpt lat="48.655030000000004" lon="-2.8367000000000004">
    <ele>11.19</ele>
   </trkpt>
   <trkpt lat="48.655010000000004" lon="-2.8368">
    <ele>10.46</ele>
   </trkpt>
   <trkpt lat="48.654970000000006" lon="-2.83693">
    <ele>11.22</ele>
   </trkpt>
   <trkpt lat="48.65513000000001" lon="-2.8371600000000003">
    <ele>10.71</ele>
   </trkpt>
   <trkpt lat="48.655665003438656" lon="-2.8380399908047713">
    <ele>10.180000000000001</ele>
   </trkpt>
   <trkpt lat="48.656200000000005" lon="-2.8389200000000003">
    <ele>14.440000000000001</ele>
   </trkpt>
   <trkpt lat="48.656310000000005" lon="-2.8390700000000004">
    <ele>15.09</ele>
   </trkpt>
   <trkpt lat="48.656600000000005" lon="-2.83955">
    <ele>17.75</ele>
   </trkpt>
   <trkpt lat="48.6567" lon="-2.83976">
    <ele>18.35</ele>
   </trkpt>
   <trkpt lat="48.656760000000006" lon="-2.83978">
    <ele>18.950000000000003</ele>
   </trkpt>
   <trkpt lat="48.656780000000005" lon="-2.8397500000000004">
    <ele>18.950000000000003</ele>
   </trkpt>
   <trkpt lat="48.65681000000001" lon="-2.8397200000000002">
    <ele>19.000000000000004</ele>
   </trkpt>
   <trkpt lat="48.65686" lon="-2.83976">
    <ele>19.48</ele>
   </trkpt>
   <trkpt lat="48.656870000000005" lon="-2.83982">
    <ele>19.48</ele>
   </trkpt>
   <trkpt lat="48.65692000000001" lon="-2.83983">
    <ele>19.48</ele>
   </trkpt>
   <trkpt lat="48.65719000000001" lon="-2.84004">
    <ele>20.580000000000002</ele>
   </trkpt>
   <trkpt lat="48.65749" lon="-2.84038">
    <ele>21.92</ele>
   </trkpt>
   <trkpt lat="48.65767" lon="-2.8406800000000003">
    <ele>22.64</ele>
   </trkpt>
   <trkpt lat="48.65802" lon="-2.84141">
    <ele>24.380000000000003</ele>
   </trkpt>
   <trkpt lat="48.658210000000004" lon="-2.842">
    <ele>24.040000000000003</ele>
   </trkpt>
   <trkpt lat="48.658350000000006" lon="-2.8422600000000005">
    <ele>23.69</ele>
   </trkpt>
   <trkpt lat="48.65863" lon="-2.8425000000000002">
    <ele>23.19</ele>
   </trkpt>
   <trkpt lat="48.65908" lon="-2.84281">
    <ele>23.41</ele>
   </trkpt>
   <trkpt lat="48.65963000000001" lon="-2.84322">
    <ele>23.470000000000002</ele>
   </trkpt>
   <trkpt lat="48.660090000000004" lon="-2.84371">
    <ele>24.220000000000002</ele>
   </trkpt>
   <trkpt lat="48.660340000000005" lon="-2.84396">
    <ele>25.490000000000002</ele>
   </trkpt>
   <trkpt lat="48.661010000000005" lon="-2.84439">
    <ele>27.31</ele>
   </trkpt>
   <trkpt lat="48.66113000000001" lon="-2.8444100000000003">
    <ele>27.3</ele>
   </trkpt>
   <trkpt lat="48.661280000000005" lon="-2.84439">
    <ele>27.19</ele>
   </trkpt>
   <trkpt lat="48.661440000000006" lon="-2.84439">
    <ele>27.03</ele>
   </trkpt>
   <trkpt lat="48.66156" lon="-2.84444">
    <ele>27.03</ele>
   </trkpt>
   <trkpt lat="48.66176" lon="-2.8446200000000004">
    <ele>27.55</ele>
   </trkpt>
   <trkpt lat="48.662310000000005" lon="-2.8455100000000004">
    <ele>31.91</ele>
   </trkpt>
   <trkpt lat="48.662580000000005" lon="-2.84601">
    <ele>34.97</ele>
   </trkpt>
   <trkpt lat="48.662670000000006" lon="-2.8463000000000003">
    <ele>37.21</ele>
   </trkpt>
   <trkpt lat="48.662690000000005" lon="-2.84647">
    <ele>38.92</ele>
   </trkpt>
   <trkpt lat="48.662690000000005" lon="-2.8466400000000003">
    <ele>39.46</ele>
   </trkpt>
   <trkpt lat="48.662880003480986" lon="-2.847534996693868">
    <ele>40.440000000000005</ele>
   </trkpt>
   <trkpt lat="48.663070000000005" lon="-2.84843">
    <ele>43.370000000000005</ele>
   </trkpt>
   <trkpt lat="48.663360000000004" lon="-2.8492800000000003">
    <ele>47.540000000000006</ele>
   </trkpt>
   <trkpt lat="48.66342" lon="-2.84952">
    <ele>47.550000000000004</ele>
   </trkpt>
   <trkpt lat="48.66366000000001" lon="-2.85083">
    <ele>48.940000000000005</ele>
   </trkpt>
   <trkpt lat="48.66395000000001" lon="-2.8520100000000004">
    <ele>44.34</ele>
   </trkpt>
   <trkpt lat="48.663940000000004" lon="-2.8520200000000004">
    <ele>44.410000000000004</ele>
   </trkpt>
   <trkpt lat="48.66317500062766" lon="-2.852395005682517">
    <ele>51.480000000000004</ele>
   </trkpt>
   <trkpt lat="48.66241" lon="-2.85277">
    <ele>56.63</ele>
   </trkpt>
   <trkpt lat="48.66208" lon="-2.8528700000000002">
    <ele>60.11</ele>
   </trkpt>
   <trkpt lat="48.661880000000004" lon="-2.85285">
    <ele>60.95</ele>
   </trkpt>
   <trkpt lat="48.661190000000005" lon="-2.85266">
    <ele>62.42</ele>
   </trkpt>
   <trkpt lat="48.66076" lon="-2.85264">
    <ele>63.04</ele>
   </trkpt>
   <trkpt lat="48.660630000000005" lon="-2.85258">
    <ele>63.1</ele>
   </trkpt>
   <trkpt lat="48.660360000000004" lon="-2.85243">
    <ele>62.27</ele>
   </trkpt>
   <trkpt lat="48.660140000000006" lon="-2.8522100000000004">
    <ele>60.46000000000001</ele>
   </trkpt>
   <trkpt lat="48.65995" lon="-2.85196">
    <ele>60.85000000000001</ele>
   </trkpt>
   <trkpt lat="48.65975" lon="-2.85162">
    <ele>60.39000000000001</ele>
   </trkpt>
   <trkpt lat="48.65954000000001" lon="-2.8513200000000003">
    <ele>59.690000000000005</ele>
   </trkpt>
   <trkpt lat="48.659220000000005" lon="-2.85162">
    <ele>58.64</ele>
   </trkpt>
   <trkpt lat="48.65874" lon="-2.85185">
    <ele>57.59</ele>
   </trkpt>
   <trkpt lat="48.658530000000006" lon="-2.8520100000000004">
    <ele>57.220000000000006</ele>
   </trkpt>
   <trkpt lat="48.658530000000006" lon="-2.8520000000000003">
    <ele>57.25</ele>
   </trkpt>
   <trkpt lat="48.6589" lon="-2.85304">
    <ele>53.09</ele>
   </trkpt>
   <trkpt lat="48.658930000000005" lon="-2.85318">
    <ele>51.82000000000001</ele>
   </trkpt>
   <trkpt lat="48.658970000000004" lon="-2.8536900000000003">
    <ele>49.88</ele>
   </trkpt>
   <trkpt lat="48.65899" lon="-2.85413">
    <ele>48.580000000000005</ele>
   </trkpt>
   <trkpt lat="48.65919" lon="-2.8549100000000003">
    <ele>46.00000000000001</ele>
   </trkpt>
   <trkpt lat="48.65925000000001" lon="-2.85522">
    <ele>45.43000000000001</ele>
   </trkpt>
   <trkpt lat="48.65925000000001" lon="-2.8557300000000003">
    <ele>43.96000000000001</ele>
   </trkpt>
   <trkpt lat="48.65917" lon="-2.8565">
    <ele>42.65</ele>
   </trkpt>
   <trkpt lat="48.65916000000001" lon="-2.85718">
    <ele>41.79</ele>
   </trkpt>
   <trkpt lat="48.65920500424518" lon="-2.858169999193553">
    <ele>42.09</ele>
   </trkpt>
   <trkpt lat="48.65925000000001" lon="-2.85916">
    <ele>42.93</ele>
   </trkpt>
   <trkpt lat="48.659220000000005" lon="-2.8594100000000005">
    <ele>43.65</ele>
   </trkpt>
   <trkpt lat="48.65927000000001" lon="-2.8595">
    <ele>43.74</ele>
   </trkpt>
   <trkpt lat="48.65926" lon="-2.85962">
    <ele>43.9</ele>
   </trkpt>
   <trkpt lat="48.65966667075836" lon="-2.860309988817079">
    <ele>44.660000000000004</ele>
   </trkpt>
   <trkpt lat="48.66007333739588" lon="-2.8609999887674786">
    <ele>46.45</ele>
   </trkpt>
   <trkpt lat="48.66048000000001" lon="-2.8616900000000003">
    <ele>49.690000000000005</ele>
   </trkpt>
   <trkpt lat="48.66067" lon="-2.8620500000000004">
    <ele>49.690000000000005</ele>
   </trkpt>
   <trkpt lat="48.661100000000005" lon="-2.86303">
    <ele>50.85000000000001</ele>
   </trkpt>
   <trkpt lat="48.661390000000004" lon="-2.8636000000000004">
    <ele>49.64</ele>
   </trkpt>
   <trkpt lat="48.66161" lon="-2.86398">
    <ele>49.330000000000005</ele>
   </trkpt>
   <trkpt lat="48.6617" lon="-2.86423">
    <ele>49.71</ele>
   </trkpt>
   <trkpt lat="48.661930000000005" lon="-2.86531">
    <ele>53.71000000000001</ele>
   </trkpt>
   <trkpt lat="48.66201" lon="-2.86559">
    <ele>54.63</ele>
   </trkpt>
   <trkpt lat="48.66212" lon="-2.86587">
    <ele>55.540000000000006</ele>
   </trkpt>
   <trkpt lat="48.66249000225242" lon="-2.8665899947318754">
    <ele>55.36000000000001</ele>
   </trkpt>
   <trkpt lat="48.66286" lon="-2.8673100000000002">
    <ele>51.09</ele>
   </trkpt>
   <trkpt lat="48.66297" lon="-2.86762">
    <ele>50.27</ele>
   </trkpt>
   <trkpt lat="48.66302" lon="-2.8679">
    <ele>50.18</ele>
   </trkpt>
   <trkpt lat="48.663030000000006" lon="-2.8684800000000004">
    <ele>51.7</ele>
   </trkpt>
   <trkpt lat="48.66301000000001" lon="-2.86884">
    <ele>52.36</ele>
   </trkpt>
   <trkpt lat="48.663050000000005" lon="-2.8689000000000004">
    <ele>52.59</ele>
   </trkpt>
   <trkpt lat="48.66324" lon="-2.86954">
    <ele>53.660000000000004</ele>
   </trkpt>
   <trkpt lat="48.663505001804054" lon="-2.870169996892894">
    <ele>58.410000000000004</ele>
   </trkpt>
   <trkpt lat="48.66377000000001" lon="-2.8708">
    <ele>63.82</ele>
   </trkpt>
   <trkpt lat="48.66389" lon="-2.8709300000000004">
    <ele>64.88000000000001</ele>
   </trkpt>
   <trkpt lat="48.664010000000005" lon="-2.87103">
    <ele>66.30000000000001</ele>
   </trkpt>
   <trkpt lat="48.66396" lon="-2.87117">
    <ele>66.83</ele>
   </trkpt>
   <trkpt lat="48.66382" lon="-2.87183">
    <ele>69.39</ele>
   </trkpt>
   <trkpt lat="48.663270000000004" lon="-2.87209">
    <ele>69.70000000000002</ele>
   </trkpt>
   <trkpt lat="48.66319000000001" lon="-2.87216">
    <ele>69.74000000000001</ele>
   </trkpt>
   <trkpt lat="48.66313" lon="-2.8721500000000004">
    <ele>69.74000000000001</ele>
   </trkpt>
   <trkpt lat="48.663470000000004" lon="-2.8726000000000003">
    <ele>70.12</ele>
   </trkpt>
   <trkpt lat="48.663590000000006" lon="-2.87285">
    <ele>70.28</ele>
   </trkpt>
   <trkpt lat="48.66366000000001" lon="-2.87318">
    <ele>70.37</ele>
   </trkpt>
   <trkpt lat="48.663650000000004" lon="-2.87365">
    <ele>70.47</ele>
   </trkpt>
   <trkpt lat="48.66358667567249" lon="-2.8746700025512846">
    <ele>70.4</ele>
   </trkpt>
   <trkpt lat="48.66352334233991" lon="-2.8756900025392613">
    <ele>70.8</ele>
   </trkpt>
   <trkpt lat="48.66346" lon="-2.87671">
    <ele>71.28000000000002</ele>
   </trkpt>
   <trkpt lat="48.66338000553909" lon="-2.877840001609408">
    <ele>72.34</ele>
   </trkpt>
   <trkpt lat="48.66330000000001" lon="-2.8789700000000003">
    <ele>73.18</ele>
   </trkpt>
   <trkpt lat="48.66321000000001" lon="-2.8797800000000002">
    <ele>71.85000000000001</ele>
   </trkpt>
   <trkpt lat="48.66301000000001" lon="-2.88059">
    <ele>71.08</ele>
   </trkpt>
   <trkpt lat="48.66273500351276" lon="-2.8814950050422623">
    <ele>71.07000000000001</ele>
   </trkpt>
   <trkpt lat="48.66246" lon="-2.8824">
    <ele>72.34</ele>
   </trkpt>
   <trkpt lat="48.66241" lon="-2.88267">
    <ele>72.29</ele>
   </trkpt>
   <trkpt lat="48.662380000000006" lon="-2.8829300000000004">
    <ele>72.02</ele>
   </trkpt>
   <trkpt lat="48.662380000000006" lon="-2.88315">
    <ele>71.78000000000002</ele>
   </trkpt>
   <trkpt lat="48.66236000000001" lon="-2.8832500000000003">
    <ele>71.78000000000002</ele>
   </trkpt>
   <trkpt lat="48.662766673659675" lon="-2.88414998543708">
    <ele>70.12</ele>
   </trkpt>
   <trkpt lat="48.66317334030856" lon="-2.8850499853975204">
    <ele>68.47</ele>
   </trkpt>
   <trkpt lat="48.66358" lon="-2.8859500000000002">
    <ele>67.75</ele>
   </trkpt>
   <trkpt lat="48.663180000000004" lon="-2.88646">
    <ele>67.87</ele>
   </trkpt>
   <trkpt lat="48.66286000102981" lon="-2.8869600032559366">
    <ele>69.26</ele>
   </trkpt>
   <trkpt lat="48.66254000000001" lon="-2.8874600000000004">
    <ele>69.9</ele>
   </trkpt>
   <trkpt lat="48.66214000193739" lon="-2.888130005326083">
    <ele>71.27</ele>
   </trkpt>
   <trkpt lat="48.66174" lon="-2.8888000000000003">
    <ele>73.58</ele>
   </trkpt>
   <trkpt lat="48.661260000000006" lon="-2.88978">
    <ele>77.42</ele>
   </trkpt>
   <trkpt lat="48.66122000000001" lon="-2.89">
    <ele>78.23</ele>
   </trkpt>
   <trkpt lat="48.66125" lon="-2.8908">
    <ele>79.65</ele>
   </trkpt>
   <trkpt lat="48.66132" lon="-2.89155">
    <ele>80.75</ele>
   </trkpt>
   <trkpt lat="48.661390000000004" lon="-2.8919300000000003">
    <ele>80.86</ele>
   </trkpt>
   <trkpt lat="48.661530000000006" lon="-2.8929">
    <ele>83.92</ele>
   </trkpt>
   <trkpt lat="48.66154" lon="-2.89331">
    <ele>84.56</ele>
   </trkpt>
   <trkpt lat="48.66147" lon="-2.89366">
    <ele>84.77000000000001</ele>
   </trkpt>
   <trkpt lat="48.661260000000006" lon="-2.89401">
    <ele>84.71000000000001</ele>
   </trkpt>
   <trkpt lat="48.66109" lon="-2.89439">
    <ele>83.05000000000001</ele>
   </trkpt>
   <trkpt lat="48.660830000000004" lon="-2.8950400000000003">
    <ele>82.68</ele>
   </trkpt>
   <trkpt lat="48.6608" lon="-2.89521">
    <ele>82.73</ele>
   </trkpt>
   <trkpt lat="48.66077000000001" lon="-2.89563">
    <ele>83.44</ele>
   </trkpt>
   <trkpt lat="48.66077000000001" lon="-2.89603">
    <ele>83.44</ele>
   </trkpt>
   <trkpt lat="48.66078" lon="-2.89638">
    <ele>82.99000000000001</ele>
   </trkpt>
   <trkpt lat="48.660830000000004" lon="-2.89697">
    <ele>82.32000000000001</ele>
   </trkpt>
   <trkpt lat="48.6608" lon="-2.89738">
    <ele>82.0</ele>
   </trkpt>
   <trkpt lat="48.66076" lon="-2.8976400000000004">
    <ele>82.0</ele>
   </trkpt>
   <trkpt lat="48.66054000225937" lon="-2.8983600030906125">
    <ele>79.53999999999999</ele>
   </trkpt>
   <trkpt lat="48.660320000000006" lon="-2.89908">
    <ele>78.66000000000001</ele>
   </trkpt>
   <trkpt lat="48.66015" lon="-2.89936">
    <ele>79.19000000000001</ele>
   </trkpt>
   <trkpt lat="48.65975" lon="-2.8999200000000003">
    <ele>81.12</ele>
   </trkpt>
   <trkpt lat="48.65959" lon="-2.90029">
    <ele>82.33</ele>
   </trkpt>
   <trkpt lat="48.65934000000001" lon="-2.90124">
    <ele>81.61</ele>
   </trkpt>
   <trkpt lat="48.659220000000005" lon="-2.90221">
    <ele>80.23</ele>
   </trkpt>
   <trkpt lat="48.65898000000001" lon="-2.90314">
    <ele>81.01</ele>
   </trkpt>
   <trkpt lat="48.65878000000001" lon="-2.9037400000000004">
    <ele>80.31</ele>
   </trkpt>
   <trkpt lat="48.65869000000001" lon="-2.90436">
    <ele>79.65</ele>
   </trkpt>
   <trkpt lat="48.658730000000006" lon="-2.90486">
    <ele>78.98</ele>
   </trkpt>
   <trkpt lat="48.65872" lon="-2.90512">
    <ele>78.28</ele>
   </trkpt>
   <trkpt lat="48.65867" lon="-2.90531">
    <ele>77.4</ele>
   </trkpt>
   <trkpt lat="48.65831000000001" lon="-2.90619">
    <ele>71.42000000000002</ele>
   </trkpt>
   <trkpt lat="48.65827" lon="-2.90633">
    <ele>70.25</ele>
   </trkpt>
   <trkpt lat="48.65823" lon="-2.9066300000000003">
    <ele>69.0</ele>
   </trkpt>
   <trkpt lat="48.658190000000005" lon="-2.90763">
    <ele>68.3</ele>
   </trkpt>
   <trkpt lat="48.65807000186811" lon="-2.9083000020117655">
    <ele>70.35000000000001</ele>
   </trkpt>
   <trkpt lat="48.65795000000001" lon="-2.90897">
    <ele>71.65</ele>
   </trkpt>
   <trkpt lat="48.657730002641635" lon="-2.909745003233392">
    <ele>71.56000000000002</ele>
   </trkpt>
   <trkpt lat="48.65751" lon="-2.9105200000000004">
    <ele>71.52</ele>
   </trkpt>
   <trkpt lat="48.65735" lon="-2.91093">
    <ele>71.79</ele>
   </trkpt>
   <trkpt lat="48.65731" lon="-2.91109">
    <ele>71.94</ele>
   </trkpt>
   <trkpt lat="48.65728000213165" lon="-2.9117900001598476">
    <ele>72.56</ele>
   </trkpt>
   <trkpt lat="48.657250000000005" lon="-2.91249">
    <ele>73.56</ele>
   </trkpt>
   <trkpt lat="48.65718000215443" lon="-2.913200001262103">
    <ele>74.76</ele>
   </trkpt>
   <trkpt lat="48.65711" lon="-2.9139100000000004">
    <ele>77.6</ele>
   </trkpt>
   <trkpt lat="48.657270000000004" lon="-2.9142300000000003">
    <ele>77.43</ele>
   </trkpt>
   <trkpt lat="48.65713000437719" lon="-2.9152350027481493">
    <ele>78.19000000000001</ele>
   </trkpt>
   <trkpt lat="48.65699000000001" lon="-2.91624">
    <ele>80.35000000000001</ele>
   </trkpt>
   <trkpt lat="48.656850000000006" lon="-2.91683">
    <ele>81.17</ele>
   </trkpt>
   <trkpt lat="48.656760000000006" lon="-2.9170700000000003">
    <ele>81.37</ele>
   </trkpt>
   <trkpt lat="48.65664" lon="-2.9172700000000003">
    <ele>81.91000000000001</ele>
   </trkpt>
   <trkpt lat="48.65637" lon="-2.91765">
    <ele>83.5</ele>
   </trkpt>
   <trkpt lat="48.656000000000006" lon="-2.91806">
    <ele>84.11</ele>
   </trkpt>
   <trkpt lat="48.655950000000004" lon="-2.91853">
    <ele>84.11</ele>
   </trkpt>
   <trkpt lat="48.65596000000001" lon="-2.91861">
    <ele>83.97</ele>
   </trkpt>
   <trkpt lat="48.65607000000001" lon="-2.91893">
    <ele>83.94</ele>
   </trkpt>
   <trkpt lat="48.656130000000005" lon="-2.9192">
    <ele>84.44</ele>
   </trkpt>
   <trkpt lat="48.65616000000001" lon="-2.91943">
    <ele>84.44</ele>
   </trkpt>
   <trkpt lat="48.65616000000001" lon="-2.9198500000000003">
    <ele>85.65</ele>
   </trkpt>
   <trkpt lat="48.65635" lon="-2.9205200000000002">
    <ele>85.64</ele>
   </trkpt>
   <trkpt lat="48.656400000000005" lon="-2.92091">
    <ele>85.72</ele>
   </trkpt>
   <trkpt lat="48.65639" lon="-2.9214700000000002">
    <ele>85.65</ele>
   </trkpt>
   <trkpt lat="48.65641" lon="-2.92255">
    <ele>85.04</ele>
   </trkpt>
   <trkpt lat="48.65634000000001" lon="-2.92329">
    <ele>84.02000000000001</ele>
   </trkpt>
   <trkpt lat="48.656305002807805" lon="-2.924095000484208">
    <ele>83.91000000000001</ele>
   </trkpt>
   <trkpt lat="48.656270000000006" lon="-2.9249">
    <ele>84.4</ele>
   </trkpt>
   <trkpt lat="48.656165002395326" lon="-2.9256400013622645">
    <ele>84.47</ele>
   </trkpt>
   <trkpt lat="48.656060000000004" lon="-2.9263800000000004">
    <ele>84.4</ele>
   </trkpt>
   <trkpt lat="48.656040000000004" lon="-2.92682">
    <ele>84.44</ele>
   </trkpt>
   <trkpt lat="48.65605" lon="-2.9272">
    <ele>84.38000000000001</ele>
   </trkpt>
   <trkpt lat="48.65612" lon="-2.92768">
    <ele>83.9</ele>
   </trkpt>
   <trkpt lat="48.656330000000004" lon="-2.92844">
    <ele>82.43</ele>
   </trkpt>
   <trkpt lat="48.65639" lon="-2.92876">
    <ele>81.84</ele>
   </trkpt>
   <trkpt lat="48.6565" lon="-2.9297600000000004">
    <ele>79.13000000000001</ele>
   </trkpt>
   <trkpt lat="48.656510000000004" lon="-2.93032">
    <ele>79.14</ele>
   </trkpt>
   <trkpt lat="48.656490000000005" lon="-2.93048">
    <ele>79.37</ele>
   </trkpt>
   <trkpt lat="48.656400000000005" lon="-2.93075">
    <ele>80.15</ele>
   </trkpt>
   <trkpt lat="48.65634000000001" lon="-2.9308400000000003">
    <ele>80.78</ele>
   </trkpt>
   <trkpt lat="48.65628" lon="-2.9312">
    <ele>81.89</ele>
   </trkpt>
   <trkpt lat="48.656270000000006" lon="-2.93222">
    <ele>83.84</ele>
   </trkpt>
   <trkpt lat="48.65625000000001" lon="-2.93269">
    <ele>84.25</ele>
   </trkpt>
   <trkpt lat="48.65619" lon="-2.93305">
    <ele>85.23</ele>
   </trkpt>
   <trkpt lat="48.656130000000005" lon="-2.9337700000000004">
    <ele>85.67</ele>
   </trkpt>
   <trkpt lat="48.65663500003037" lon="-2.933824999450925">
    <ele>84.66000000000001</ele>
   </trkpt>
   <trkpt lat="48.657140000000005" lon="-2.9338800000000003">
    <ele>84.12</ele>
   </trkpt>
   <trkpt lat="48.65776000006287" lon="-2.9338949998170127">
    <ele>83.64</ele>
   </trkpt>
   <trkpt lat="48.65838" lon="-2.9339100000000005">
    <ele>83.13000000000001</ele>
   </trkpt>
   <trkpt lat="48.658680000000004" lon="-2.93473">
    <ele>81.25</ele>
   </trkpt>
   <trkpt lat="48.65889000000001" lon="-2.93542">
    <ele>79.80000000000001</ele>
   </trkpt>
   <trkpt lat="48.658950000000004" lon="-2.93581">
    <ele>79.89</ele>
   </trkpt>
   <trkpt lat="48.659000000000006" lon="-2.9365900000000003">
    <ele>80.97</ele>
   </trkpt>
   <trkpt lat="48.659000000000006" lon="-2.93732">
    <ele>82.44000000000001</ele>
   </trkpt>
   <trkpt lat="48.659020000000005" lon="-2.93744">
    <ele>82.69000000000001</ele>
   </trkpt>
   <trkpt lat="48.65905" lon="-2.93753">
    <ele>82.75</ele>
   </trkpt>
   <trkpt lat="48.6591" lon="-2.93758">
    <ele>82.72</ele>
   </trkpt>
   <trkpt lat="48.65921" lon="-2.9376">
    <ele>82.49000000000001</ele>
   </trkpt>
   <trkpt lat="48.65932" lon="-2.93766">
    <ele>82.71000000000001</ele>
   </trkpt>
   <trkpt lat="48.65934000000001" lon="-2.93791">
    <ele>83.0</ele>
   </trkpt>
   <trkpt lat="48.65936000000001" lon="-2.9389900000000004">
    <ele>84.18</ele>
   </trkpt>
   <trkpt lat="48.65951000493906" lon="-2.9400549970465706">
    <ele>84.63000000000001</ele>
   </trkpt>
   <trkpt lat="48.65966" lon="-2.94112">
    <ele>84.34</ele>
   </trkpt>
   <trkpt lat="48.659710000000004" lon="-2.9416">
    <ele>84.48000000000002</ele>
   </trkpt>
   <trkpt lat="48.659710000000004" lon="-2.94187">
    <ele>84.48000000000002</ele>
   </trkpt>
   <trkpt lat="48.65966" lon="-2.94212">
    <ele>84.64</ele>
   </trkpt>
   <trkpt lat="48.65945000000001" lon="-2.94261">
    <ele>84.59000000000002</ele>
   </trkpt>
   <trkpt lat="48.659090000000006" lon="-2.9432600000000004">
    <ele>84.87</ele>
   </trkpt>
   <trkpt lat="48.658950000000004" lon="-2.94334">
    <ele>85.0</ele>
   </trkpt>
   <trkpt lat="48.6587" lon="-2.9434600000000004">
    <ele>85.57000000000001</ele>
   </trkpt>
   <trkpt lat="48.658550000000005" lon="-2.94368">
    <ele>85.70000000000002</ele>
   </trkpt>
   <trkpt lat="48.65840000000001" lon="-2.94404">
    <ele>86.15</ele>
   </trkpt>
   <trkpt lat="48.65833000000001" lon="-2.94503">
    <ele>87.32000000000001</ele>
   </trkpt>
   <trkpt lat="48.65809" lon="-2.9460200000000003">
    <ele>87.61</ele>
   </trkpt>
   <trkpt lat="48.65867500041094" lon="-2.946319996529463">
    <ele>87.49000000000001</ele>
   </trkpt>
   <trkpt lat="48.65926" lon="-2.9466200000000002">
    <ele>87.3</ele>
   </trkpt>
   <trkpt lat="48.66013" lon="-2.9468900000000002">
    <ele>85.32000000000001</ele>
   </trkpt>
   <trkpt lat="48.66088000036814" lon="-2.947067492066925">
    <ele>84.98000000000002</ele>
   </trkpt>
   <trkpt lat="48.66163000046359" lon="-2.9472449894159154">
    <ele>84.65</ele>
   </trkpt>
   <trkpt lat="48.66238000028633" lon="-2.9474224920472656">
    <ele>84.63000000000001</ele>
   </trkpt>
   <trkpt lat="48.66313" lon="-2.9476000000000004">
    <ele>83.51</ele>
   </trkpt>
   <trkpt lat="48.66375000000001" lon="-2.94734">
    <ele>82.53</ele>
   </trkpt>
   <trkpt lat="48.66460000000001" lon="-2.9475000000000002">
    <ele>81.95</ele>
   </trkpt>
   <trkpt lat="48.66508" lon="-2.94742">
    <ele>81.74000000000001</ele>
   </trkpt>
   <trkpt lat="48.665600000000005" lon="-2.94756">
    <ele>81.97</ele>
   </trkpt>
   <trkpt lat="48.66608" lon="-2.94783">
    <ele>82.65</ele>
   </trkpt>
   <trkpt lat="48.66619000000001" lon="-2.94796">
    <ele>82.84</ele>
   </trkpt>
   <trkpt lat="48.666450000000005" lon="-2.9477100000000003">
    <ele>82.57000000000001</ele>
   </trkpt>
   <trkpt lat="48.66681500075552" lon="-2.9472950029942138">
    <ele>81.76</ele>
   </trkpt>
   <trkpt lat="48.66718" lon="-2.94688">
    <ele>80.75</ele>
   </trkpt>
   <trkpt lat="48.66722000000001" lon="-2.9469600000000002">
    <ele>80.75</ele>
   </trkpt>
   <trkpt lat="48.66722000000001" lon="-2.94715">
    <ele>81.03</ele>
   </trkpt>
   <trkpt lat="48.667170000000006" lon="-2.9473000000000003">
    <ele>81.03</ele>
   </trkpt>
   <trkpt lat="48.66698" lon="-2.94774">
    <ele>81.59</ele>
   </trkpt>
   <trkpt lat="48.666970000000006" lon="-2.94782">
    <ele>81.67</ele>
   </trkpt>
   <trkpt lat="48.66708000286934" lon="-2.9486349981825617">
    <ele>81.57000000000001</ele>
   </trkpt>
   <trkpt lat="48.667190000000005" lon="-2.94945">
    <ele>82.32000000000001</ele>
   </trkpt>
   <trkpt lat="48.667190000000005" lon="-2.94966">
    <ele>82.81</ele>
   </trkpt>
   <trkpt lat="48.667100000000005" lon="-2.95052">
    <ele>83.19</ele>
   </trkpt>
   <trkpt lat="48.666970000000006" lon="-2.95134">
    <ele>83.98000000000002</ele>
   </trkpt>
   <trkpt lat="48.66698" lon="-2.95161">
    <ele>84.06</ele>
   </trkpt>
   <trkpt lat="48.667010000000005" lon="-2.95174">
    <ele>84.06</ele>
   </trkpt>
   <trkpt lat="48.66709" lon="-2.95195">
    <ele>84.15</ele>
   </trkpt>
   <trkpt lat="48.667260000000006" lon="-2.9522100000000004">
    <ele>84.34</ele>
   </trkpt>
   <trkpt lat="48.667750000000005" lon="-2.95264">
    <ele>85.69</ele>
   </trkpt>
   <trkpt lat="48.6679" lon="-2.9527900000000002">
    <ele>86.74000000000001</ele>
   </trkpt>
   <trkpt lat="48.667970000000004" lon="-2.9529">
    <ele>86.74000000000001</ele>
   </trkpt>
   <trkpt lat="48.668000000000006" lon="-2.9530600000000002">
    <ele>86.98</ele>
   </trkpt>
   <trkpt lat="48.66798000000001" lon="-2.95344">
    <ele>87.23</ele>
   </trkpt>
   <trkpt lat="48.66803" lon="-2.95432">
    <ele>87.47</ele>
   </trkpt>
   <trkpt lat="48.66799" lon="-2.9546900000000003">
    <ele>87.67000000000002</ele>
   </trkpt>
   <trkpt lat="48.667860000000005" lon="-2.9552">
    <ele>87.69</ele>
   </trkpt>
   <trkpt lat="48.6677" lon="-2.95637">
    <ele>86.75</ele>
   </trkpt>
   <trkpt lat="48.66772" lon="-2.9567200000000002">
    <ele>86.61</ele>
   </trkpt>
   <trkpt lat="48.66780000000001" lon="-2.9571600000000005">
    <ele>86.79</ele>
   </trkpt>
   <trkpt lat="48.668060000000004" lon="-2.95819">
    <ele>87.06000000000002</ele>
   </trkpt>
   <trkpt lat="48.66827000000001" lon="-2.9586200000000002">
    <ele>87.56000000000002</ele>
   </trkpt>
   <trkpt lat="48.66845000000001" lon="-2.95893">
    <ele>88.33</ele>
   </trkpt>
   <trkpt lat="48.668850000000006" lon="-2.9594300000000002">
    <ele>90.02</ele>
   </trkpt>
   <trkpt lat="48.66946" lon="-2.95996">
    <ele>91.15</ele>
   </trkpt>
   <trkpt lat="48.669700000000006" lon="-2.96024">
    <ele>91.54</ele>
   </trkpt>
   <trkpt lat="48.669830000000005" lon="-2.96049">
    <ele>91.80000000000001</ele>
   </trkpt>
   <trkpt lat="48.66998" lon="-2.9608700000000003">
    <ele>92.26</ele>
   </trkpt>
   <trkpt lat="48.67018" lon="-2.9617000000000004">
    <ele>92.78</ele>
   </trkpt>
   <trkpt lat="48.670550000000006" lon="-2.9619400000000002">
    <ele>94.86000000000001</ele>
   </trkpt>
   <trkpt lat="48.670910000000006" lon="-2.9626">
    <ele>95.7</ele>
   </trkpt>
   <trkpt lat="48.670950000000005" lon="-2.9625100000000004">
    <ele>96.01</ele>
   </trkpt>
   <trkpt lat="48.67112" lon="-2.96274">
    <ele>96.27000000000001</ele>
   </trkpt>
   <trkpt lat="48.671420000000005" lon="-2.96306">
    <ele>97.45</ele>
   </trkpt>
   <trkpt lat="48.671910000000004" lon="-2.9633700000000003">
    <ele>99.48</ele>
   </trkpt>
   <trkpt lat="48.672140000000006" lon="-2.96347">
    <ele>100.29</ele>
   </trkpt>
   <trkpt lat="48.672380000000004" lon="-2.96355">
    <ele>100.77000000000001</ele>
   </trkpt>
   <trkpt lat="48.67237" lon="-2.96354">
    <ele>100.77000000000001</ele>
   </trkpt>
   <trkpt lat="48.67264" lon="-2.9635700000000003">
    <ele>101.74000000000001</ele>
   </trkpt>
   <trkpt lat="48.67275" lon="-2.96354">
    <ele>101.74000000000001</ele>
   </trkpt>
   <trkpt lat="48.67291" lon="-2.96341">
    <ele>102.16000000000001</ele>
   </trkpt>
   <trkpt lat="48.67342000103397" lon="-2.962900005254113">
    <ele>102.25</ele>
   </trkpt>
   <trkpt lat="48.673930000000006" lon="-2.96239">
    <ele>101.93</ele>
   </trkpt>
   <trkpt lat="48.67452500100104" lon="-2.961890005972974">
    <ele>101.30000000000001</ele>
   </trkpt>
   <trkpt lat="48.67512000000001" lon="-2.96139">
    <ele>100.78</ele>
   </trkpt>
   <trkpt lat="48.6758" lon="-2.9606800000000004">
    <ele>99.99000000000001</ele>
   </trkpt>
   <trkpt lat="48.67627" lon="-2.96028">
    <ele>99.14</ele>
   </trkpt>
   <trkpt lat="48.6764" lon="-2.96022">
    <ele>99.14</ele>
   </trkpt>
   <trkpt lat="48.67653000000001" lon="-2.9602100000000005">
    <ele>98.01</ele>
   </trkpt>
   <trkpt lat="48.67714" lon="-2.96031">
    <ele>97.14</ele>
   </trkpt>
   <trkpt lat="48.677290000000006" lon="-2.96031">
    <ele>96.93</ele>
   </trkpt>
   <trkpt lat="48.677420000000005" lon="-2.96028">
    <ele>96.45</ele>
   </trkpt>
   <trkpt lat="48.67743" lon="-2.95988">
    <ele>97.41000000000001</ele>
   </trkpt>
   <trkpt lat="48.67747000000001" lon="-2.95968">
    <ele>97.84</ele>
   </trkpt>
   <trkpt lat="48.677670000000006" lon="-2.95954">
    <ele>97.62</ele>
   </trkpt>
   <trkpt lat="48.67788" lon="-2.95949">
    <ele>97.22000000000001</ele>
   </trkpt>
   <trkpt lat="48.67804" lon="-2.9595300000000004">
    <ele>96.98</ele>
   </trkpt>
   <trkpt lat="48.67888000000001" lon="-2.95995">
    <ele>92.64000000000001</ele>
   </trkpt>
   <trkpt lat="48.67943" lon="-2.9601400000000004">
    <ele>90.77</ele>
   </trkpt>
   <trkpt lat="48.67953000000001" lon="-2.96008">
    <ele>90.77</ele>
   </trkpt>
   <trkpt lat="48.679590000000005" lon="-2.96002">
    <ele>89.33</ele>
   </trkpt>
   <trkpt lat="48.679840000000006" lon="-2.95967">
    <ele>88.43</ele>
   </trkpt>
   <trkpt lat="48.68003" lon="-2.9594600000000004">
    <ele>88.01</ele>
   </trkpt>
   <trkpt lat="48.68016" lon="-2.95934">
    <ele>86.9</ele>
   </trkpt>
   <trkpt lat="48.68039" lon="-2.9592">
    <ele>85.83</ele>
   </trkpt>
   <trkpt lat="48.68063" lon="-2.9591100000000004">
    <ele>85.13000000000001</ele>
   </trkpt>
   <trkpt lat="48.680790003259716" lon="-2.959974997370601">
    <ele>83.17</ele>
   </trkpt>
   <trkpt lat="48.68095" lon="-2.96084">
    <ele>81.44000000000001</ele>
   </trkpt>
   <trkpt lat="48.68101" lon="-2.9618200000000003">
    <ele>80.97</ele>
   </trkpt>
   <trkpt lat="48.68113" lon="-2.96246">
    <ele>80.76</ele>
   </trkpt>
   <trkpt lat="48.68121000000001" lon="-2.96274">
    <ele>80.76</ele>
   </trkpt>
   <trkpt lat="48.68139000000001" lon="-2.9631900000000004">
    <ele>80.4</ele>
   </trkpt>
   <trkpt lat="48.68179000000001" lon="-2.96388">
    <ele>80.02000000000001</ele>
   </trkpt>
   <trkpt lat="48.682120000000005" lon="-2.96463">
    <ele>79.46000000000001</ele>
   </trkpt>
   <trkpt lat="48.68215000000001" lon="-2.9646100000000004">
    <ele>79.4</ele>
   </trkpt>
   <trkpt lat="48.68253000000001" lon="-2.96463">
    <ele>78.30000000000001</ele>
   </trkpt>
   <trkpt lat="48.682930000000006" lon="-2.96462">
    <ele>78.07</ele>
   </trkpt>
   <trkpt lat="48.683379999907814" lon="-2.964495001161236">
    <ele>78.23</ele>
   </trkpt>
   <trkpt lat="48.68383000000001" lon="-2.96437">
    <ele>77.99000000000001</ele>
   </trkpt>
   <trkpt lat="48.68447500016214" lon="-2.964225001841018">
    <ele>77.14</ele>
   </trkpt>
   <trkpt lat="48.685120000000005" lon="-2.96408">
    <ele>75.47000000000001</ele>
   </trkpt>
   <trkpt lat="48.68553000000001" lon="-2.96395">
    <ele>74.79</ele>
   </trkpt>
   <trkpt lat="48.685770000000005" lon="-2.96382">
    <ele>74.28000000000002</ele>
   </trkpt>
   <trkpt lat="48.68596" lon="-2.96376">
    <ele>73.75000000000001</ele>
   </trkpt>
   <trkpt lat="48.68605" lon="-2.96375">
    <ele>73.42</ele>
   </trkpt>
   <trkpt lat="48.68673000004769" lon="-2.963819998110115">
    <ele>72.14000000000001</ele>
   </trkpt>
   <trkpt lat="48.687410000052985" lon="-2.9638899981106275">
    <ele>70.36</ele>
   </trkpt>
   <trkpt lat="48.68809" lon="-2.96396">
    <ele>68.83</ele>
   </trkpt>
   <trkpt lat="48.68818" lon="-2.96395">
    <ele>68.67</ele>
   </trkpt>
   <trkpt lat="48.688370000000006" lon="-2.96388">
    <ele>68.56</ele>
   </trkpt>
   <trkpt lat="48.68862000000001" lon="-2.9636400000000003">
    <ele>68.2</ele>
   </trkpt>
   <trkpt lat="48.68878" lon="-2.9634600000000004">
    <ele>67.85000000000001</ele>
   </trkpt>
   <trkpt lat="48.68898" lon="-2.96329">
    <ele>67.91000000000001</ele>
   </trkpt>
   <trkpt lat="48.68932" lon="-2.96322">
    <ele>68.47</ele>
   </trkpt>
   <trkpt lat="48.690160000000006" lon="-2.9632">
    <ele>70.98</ele>
   </trkpt>
   <trkpt lat="48.690800000151555" lon="-2.9630950013175714">
    <ele>71.31000000000002</ele>
   </trkpt>
   <trkpt lat="48.69144000000001" lon="-2.9629900000000005">
    <ele>70.7</ele>
   </trkpt>
   <trkpt lat="48.691520000000004" lon="-2.96293">
    <ele>70.53</ele>
   </trkpt>
   <trkpt lat="48.691610000000004" lon="-2.9628500000000004">
    <ele>70.46000000000001</ele>
   </trkpt>
   <trkpt lat="48.69178" lon="-2.96259">
    <ele>70.48</ele>
   </trkpt>
   <trkpt lat="48.691930000000006" lon="-2.96245">
    <ele>70.68</ele>
   </trkpt>
   <trkpt lat="48.69200000000001" lon="-2.96245">
    <ele>70.68</ele>
   </trkpt>
   <trkpt lat="48.69257" lon="-2.9625500000000002">
    <ele>71.23</ele>
   </trkpt>
   <trkpt lat="48.69281" lon="-2.96252">
    <ele>70.79</ele>
   </trkpt>
   <trkpt lat="48.6931" lon="-2.96254">
    <ele>70.47</ele>
   </trkpt>
   <trkpt lat="48.69359000000001" lon="-2.96281">
    <ele>70.34</ele>
   </trkpt>
   <trkpt lat="48.693920000000006" lon="-2.96294">
    <ele>70.52</ele>
   </trkpt>
   <trkpt lat="48.69404" lon="-2.9629600000000003">
    <ele>70.52</ele>
   </trkpt>
   <trkpt lat="48.69424" lon="-2.96293">
    <ele>70.58</ele>
   </trkpt>
   <trkpt lat="48.69436" lon="-2.96288">
    <ele>70.58</ele>
   </trkpt>
   <trkpt lat="48.694610000000004" lon="-2.96273">
    <ele>70.61</ele>
   </trkpt>
   <trkpt lat="48.6948" lon="-2.96254">
    <ele>70.7</ele>
   </trkpt>
   <trkpt lat="48.69493000000001" lon="-2.9625000000000004">
    <ele>70.9</ele>
   </trkpt>
   <trkpt lat="48.695100000000004" lon="-2.9625800000000004">
    <ele>71.51</ele>
   </trkpt>
   <trkpt lat="48.695510000000006" lon="-2.9628500000000004">
    <ele>73.14000000000001</ele>
   </trkpt>
   <trkpt lat="48.69603000000001" lon="-2.9631000000000003">
    <ele>73.82000000000001</ele>
   </trkpt>
   <trkpt lat="48.69643000000001" lon="-2.96361">
    <ele>74.52</ele>
   </trkpt>
   <trkpt lat="48.69657" lon="-2.96374">
    <ele>74.97000000000001</ele>
   </trkpt>
   <trkpt lat="48.69720000132904" lon="-2.964249993782275">
    <ele>76.19000000000001</ele>
   </trkpt>
   <trkpt lat="48.69783" lon="-2.96476">
    <ele>77.94000000000001</ele>
   </trkpt>
   <trkpt lat="48.698150000000005" lon="-2.9651">
    <ele>79.35000000000001</ele>
   </trkpt>
   <trkpt lat="48.69821" lon="-2.96498">
    <ele>79.38000000000001</ele>
   </trkpt>
   <trkpt lat="48.698310000000006" lon="-2.96483">
    <ele>79.42999999999999</ele>
   </trkpt>
   <trkpt lat="48.69865" lon="-2.9645200000000003">
    <ele>79.89</ele>
   </trkpt>
   <trkpt lat="48.69888" lon="-2.9641900000000003">
    <ele>80.49000000000001</ele>
   </trkpt>
   <trkpt lat="48.69899" lon="-2.9639100000000003">
    <ele>80.68</ele>
   </trkpt>
   <trkpt lat="48.69920000397211" lon="-2.9629550038669197">
    <ele>81.18</ele>
   </trkpt>
   <trkpt lat="48.69941000000001" lon="-2.962">
    <ele>81.27000000000001</ele>
   </trkpt>
   <trkpt lat="48.699490000000004" lon="-2.96178">
    <ele>81.19000000000001</ele>
   </trkpt>
   <trkpt lat="48.699560000000005" lon="-2.96164">
    <ele>81.19000000000001</ele>
   </trkpt>
   <trkpt lat="48.69995" lon="-2.96103">
    <ele>81.54</ele>
   </trkpt>
   <trkpt lat="48.70037000000001" lon="-2.9602600000000003">
    <ele>82.35000000000001</ele>
   </trkpt>
   <trkpt lat="48.70049" lon="-2.96009">
    <ele>82.35000000000001</ele>
   </trkpt>
   <trkpt lat="48.70099000078633" lon="-2.9596950038359475">
    <ele>84.14</ele>
   </trkpt>
   <trkpt lat="48.70149000000001" lon="-2.9593000000000003">
    <ele>86.29</ele>
   </trkpt>
   <trkpt lat="48.701690000000006" lon="-2.95909">
    <ele>86.58</ele>
   </trkpt>
   <trkpt lat="48.702110000000005" lon="-2.95859">
    <ele>87.56000000000002</ele>
   </trkpt>
   <trkpt lat="48.702360000000006" lon="-2.95839">
    <ele>87.94</ele>
   </trkpt>
   <trkpt lat="48.702470000000005" lon="-2.95832">
    <ele>88.11</ele>
   </trkpt>
   <trkpt lat="48.70304" lon="-2.95805">
    <ele>89.28000000000002</ele>
   </trkpt>
   <trkpt lat="48.70346000000001" lon="-2.95773">
    <ele>89.8</ele>
   </trkpt>
   <trkpt lat="48.70367" lon="-2.95744">
    <ele>90.63</ele>
   </trkpt>
   <trkpt lat="48.70412" lon="-2.95656">
    <ele>91.53000000000002</ele>
   </trkpt>
   <trkpt lat="48.70423" lon="-2.9562800000000005">
    <ele>91.76</ele>
   </trkpt>
   <trkpt lat="48.70467000000001" lon="-2.95534">
    <ele>92.48</ele>
   </trkpt>
   <trkpt lat="48.704950000000004" lon="-2.95446">
    <ele>93.18</ele>
   </trkpt>
   <trkpt lat="48.7053" lon="-2.9536100000000003">
    <ele>94.30000000000001</ele>
   </trkpt>
   <trkpt lat="48.705310000000004" lon="-2.9536100000000003">
    <ele>94.31</ele>
   </trkpt>
   <trkpt lat="48.705665000928455" lon="-2.9540949964567234">
    <ele>94.78</ele>
   </trkpt>
   <trkpt lat="48.70602" lon="-2.9545800000000004">
    <ele>95.41000000000001</ele>
   </trkpt>
   <trkpt lat="48.70643500254117" lon="-2.9553399938094964">
    <ele>95.48</ele>
   </trkpt>
   <trkpt lat="48.70685" lon="-2.9561">
    <ele>95.67</ele>
   </trkpt>
   <trkpt lat="48.70713000000001" lon="-2.95656">
    <ele>94.79</ele>
   </trkpt>
   <trkpt lat="48.70768" lon="-2.9572000000000003">
    <ele>92.57000000000001</ele>
   </trkpt>
   <trkpt lat="48.70807000053069" lon="-2.9575549972353894">
    <ele>91.4</ele>
   </trkpt>
   <trkpt lat="48.70846" lon="-2.95791">
    <ele>90.67</ele>
   </trkpt>
   <trkpt lat="48.708760000000005" lon="-2.9582400000000004">
    <ele>90.4</ele>
   </trkpt>
   <trkpt lat="48.708960000000005" lon="-2.95853">
    <ele>90.2</ele>
   </trkpt>
   <trkpt lat="48.70909" lon="-2.95875">
    <ele>89.97000000000001</ele>
   </trkpt>
   <trkpt lat="48.709340000000005" lon="-2.9593300000000005">
    <ele>89.76</ele>
   </trkpt>
   <trkpt lat="48.709480000000006" lon="-2.9597300000000004">
    <ele>89.47000000000001</ele>
   </trkpt>
   <trkpt lat="48.709610000000005" lon="-2.96028">
    <ele>88.62</ele>
   </trkpt>
   <trkpt lat="48.709700000000005" lon="-2.9608600000000003">
    <ele>87.85000000000001</ele>
   </trkpt>
   <trkpt lat="48.70975000000001" lon="-2.96159">
    <ele>86.18</ele>
   </trkpt>
   <trkpt lat="48.70978" lon="-2.96267">
    <ele>83.66000000000001</ele>
   </trkpt>
   <trkpt lat="48.709810000000004" lon="-2.9630300000000003">
    <ele>82.32000000000001</ele>
   </trkpt>
   <trkpt lat="48.70996500202945" lon="-2.963724997587834">
    <ele>81.99000000000001</ele>
   </trkpt>
   <trkpt lat="48.71012" lon="-2.96442">
    <ele>82.79</ele>
   </trkpt>
   <trkpt lat="48.710060000000006" lon="-2.9645">
    <ele>82.69000000000001</ele>
   </trkpt>
   <trkpt lat="48.709990000000005" lon="-2.96477">
    <ele>82.30000000000001</ele>
   </trkpt>
   <trkpt lat="48.70962" lon="-2.96558">
    <ele>78.37</ele>
   </trkpt>
   <trkpt lat="48.709390000000006" lon="-2.9663800000000005">
    <ele>77.23</ele>
   </trkpt>
   <trkpt lat="48.709360000000004" lon="-2.96653">
    <ele>77.28</ele>
   </trkpt>
   <trkpt lat="48.70937000000001" lon="-2.96666">
    <ele>77.30000000000001</ele>
   </trkpt>
   <trkpt lat="48.70917000000001" lon="-2.96686">
    <ele>76.93</ele>
   </trkpt>
   <trkpt lat="48.708980000000004" lon="-2.96695">
    <ele>76.91000000000001</ele>
   </trkpt>
   <trkpt lat="48.70888" lon="-2.9669900000000005">
    <ele>76.99</ele>
   </trkpt>
   <trkpt lat="48.708420000000004" lon="-2.967">
    <ele>77.79</ele>
   </trkpt>
   <trkpt lat="48.708270000000006" lon="-2.9669600000000003">
    <ele>78.58000000000001</ele>
   </trkpt>
   <trkpt lat="48.70823000000001" lon="-2.96733">
    <ele>78.53</ele>
   </trkpt>
   <trkpt lat="48.708200000000005" lon="-2.9681200000000003">
    <ele>78.11000000000001</ele>
   </trkpt>
   <trkpt lat="48.70806" lon="-2.96939">
    <ele>76.03</ele>
   </trkpt>
   <trkpt lat="48.70781" lon="-2.97061">
    <ele>76.78</ele>
   </trkpt>
   <trkpt lat="48.707710000000006" lon="-2.9709000000000003">
    <ele>77.63000000000001</ele>
   </trkpt>
   <trkpt lat="48.708000000000006" lon="-2.9709600000000003">
    <ele>78.71</ele>
   </trkpt>
   <trkpt lat="48.70839" lon="-2.97095">
    <ele>78.86</ele>
   </trkpt>
   <trkpt lat="48.709010000000006" lon="-2.971">
    <ele>77.32</ele>
   </trkpt>
   <trkpt lat="48.70944" lon="-2.9708900000000003">
    <ele>74.9</ele>
   </trkpt>
   <trkpt lat="48.70969" lon="-2.97086">
    <ele>74.16</ele>
   </trkpt>
   <trkpt lat="48.709990000000005" lon="-2.97086">
    <ele>73.78000000000002</ele>
   </trkpt>
   <trkpt lat="48.710170000000005" lon="-2.97094">
    <ele>73.38</ele>
   </trkpt>
   <trkpt lat="48.71072" lon="-2.97127">
    <ele>72.86000000000001</ele>
   </trkpt>
   <trkpt lat="48.71099" lon="-2.9713000000000003">
    <ele>72.34</ele>
   </trkpt>
   <trkpt lat="48.71105000000001" lon="-2.97135">
    <ele>72.34</ele>
   </trkpt>
   <trkpt lat="48.711130000000004" lon="-2.97161">
    <ele>72.28000000000002</ele>
   </trkpt>
   <trkpt lat="48.71114000000001" lon="-2.9718400000000003">
    <ele>72.3</ele>
   </trkpt>
   <trkpt lat="48.711090000000006" lon="-2.9722600000000003">
    <ele>72.58</ele>
   </trkpt>
   <trkpt lat="48.71097" lon="-2.97269">
    <ele>73.08</ele>
   </trkpt>
   <trkpt lat="48.710725001676835" lon="-2.9733000028037706">
    <ele>72.97</ele>
   </trkpt>
   <trkpt lat="48.710480000000004" lon="-2.97391">
    <ele>72.05</ele>
   </trkpt>
   <trkpt lat="48.710100000000004" lon="-2.97493">
    <ele>70.45000000000002</ele>
   </trkpt>
   <trkpt lat="48.71" lon="-2.97527">
    <ele>70.53</ele>
   </trkpt>
   <trkpt lat="48.709920000000004" lon="-2.97563">
    <ele>70.88000000000001</ele>
   </trkpt>
   <trkpt lat="48.70980500357918" lon="-2.976540002110129">
    <ele>71.33</ele>
   </trkpt>
   <trkpt lat="48.70969" lon="-2.97745">
    <ele>68.79</ele>
   </trkpt>
   <trkpt lat="48.70964000000001" lon="-2.97757">
    <ele>68.41000000000001</ele>
   </trkpt>
   <trkpt lat="48.70957000000001" lon="-2.9776300000000004">
    <ele>68.32000000000001</ele>
   </trkpt>
   <trkpt lat="48.70924" lon="-2.97771">
    <ele>68.65</ele>
   </trkpt>
   <trkpt lat="48.70875" lon="-2.97792">
    <ele>69.73</ele>
   </trkpt>
   <trkpt lat="48.70863000000001" lon="-2.97806">
    <ele>69.64</ele>
   </trkpt>
   <trkpt lat="48.708560000000006" lon="-2.9782100000000002">
    <ele>69.64</ele>
   </trkpt>
   <trkpt lat="48.7085" lon="-2.9784">
    <ele>69.68</ele>
   </trkpt>
   <trkpt lat="48.708400000000005" lon="-2.97929">
    <ele>74.36000000000001</ele>
   </trkpt>
   <trkpt lat="48.7081" lon="-2.98051">
    <ele>78.76</ele>
   </trkpt>
   <trkpt lat="48.708040000000004" lon="-2.98091">
    <ele>79.32</ele>
   </trkpt>
   <trkpt lat="48.70797" lon="-2.98171">
    <ele>79.80000000000001</ele>
   </trkpt>
   <trkpt lat="48.7079" lon="-2.98212">
    <ele>80.12</ele>
   </trkpt>
   <trkpt lat="48.70774" lon="-2.98259">
    <ele>81.09</ele>
   </trkpt>
   <trkpt lat="48.70740000000001" lon="-2.98313">
    <ele>81.14</ele>
   </trkpt>
   <trkpt lat="48.70738" lon="-2.98328">
    <ele>80.95</ele>
   </trkpt>
   <trkpt lat="48.70740000000001" lon="-2.98356">
    <ele>80.47</ele>
   </trkpt>
   <trkpt lat="48.707480000000004" lon="-2.9836">
    <ele>80.07000000000001</ele>
   </trkpt>
   <trkpt lat="48.70756" lon="-2.98369">
    <ele>79.58000000000001</ele>
   </trkpt>
   <trkpt lat="48.70769000000001" lon="-2.98396">
    <ele>78.98</ele>
   </trkpt>
   <trkpt lat="48.70803000517876" lon="-2.985054992571877">
    <ele>76.9</ele>
   </trkpt>
   <trkpt lat="48.70837" lon="-2.9861500000000003">
    <ele>75.69000000000001</ele>
   </trkpt>
   <trkpt lat="48.708560000000006" lon="-2.98728">
    <ele>78.64</ele>
   </trkpt>
   <trkpt lat="48.70862" lon="-2.98747">
    <ele>79.67</ele>
   </trkpt>
   <trkpt lat="48.70875" lon="-2.9883800000000003">
    <ele>81.5</ele>
   </trkpt>
   <trkpt lat="48.708940000000005" lon="-2.9894000000000003">
    <ele>83.94</ele>
   </trkpt>
   <trkpt lat="48.709030006283214" lon="-2.9906049978524796">
    <ele>86.95000000000002</ele>
   </trkpt>
   <trkpt lat="48.709120000000006" lon="-2.99181">
    <ele>88.96000000000001</ele>
   </trkpt>
   <trkpt lat="48.70909000234115" lon="-2.9925450003472553">
    <ele>91.43</ele>
   </trkpt>
   <trkpt lat="48.70906" lon="-2.9932800000000004">
    <ele>92.37</ele>
   </trkpt>
   <trkpt lat="48.70886" lon="-2.9945700000000004">
    <ele>94.71</ele>
   </trkpt>
   <trkpt lat="48.70863000000001" lon="-2.99587">
    <ele>96.94000000000001</ele>
   </trkpt>
   <trkpt lat="48.708540000000006" lon="-2.99615">
    <ele>97.54</ele>
   </trkpt>
   <trkpt lat="48.707785000212354" lon="-2.995849995428615">
    <ele>98.02000000000001</ele>
   </trkpt>
   <trkpt lat="48.70703" lon="-2.99555">
    <ele>97.91000000000001</ele>
   </trkpt>
   <trkpt lat="48.70669" lon="-2.9954">
    <ele>98.24000000000001</ele>
   </trkpt>
   <trkpt lat="48.706570000000006" lon="-2.9953700000000003">
    <ele>98.24000000000001</ele>
   </trkpt>
   <trkpt lat="48.706500000000005" lon="-2.99547">
    <ele>98.33000000000001</ele>
   </trkpt>
   <trkpt lat="48.70622" lon="-2.9960700000000005">
    <ele>99.01000000000002</ele>
   </trkpt>
   <trkpt lat="48.705870000000004" lon="-2.99662">
    <ele>99.51</ele>
   </trkpt>
   <trkpt lat="48.70579000000001" lon="-2.99696">
    <ele>100.11</ele>
   </trkpt>
   <trkpt lat="48.70571" lon="-2.99739">
    <ele>101.16000000000001</ele>
   </trkpt>
   <trkpt lat="48.705000000000005" lon="-2.9968500000000002">
    <ele>99.47</ele>
   </trkpt>
   <trkpt lat="48.70494" lon="-2.99682">
    <ele>99.47</ele>
   </trkpt>
   <trkpt lat="48.704710000000006" lon="-2.99684">
    <ele>99.44000000000001</ele>
   </trkpt>
   <trkpt lat="48.704190000000004" lon="-2.99709">
    <ele>99.84</ele>
   </trkpt>
   <trkpt lat="48.70391" lon="-2.9970600000000003">
    <ele>100.11</ele>
   </trkpt>
   <trkpt lat="48.703190000316795" lon="-2.9968399968855763">
    <ele>99.66000000000001</ele>
   </trkpt>
   <trkpt lat="48.702470000000005" lon="-2.99662">
    <ele>98.13000000000001</ele>
   </trkpt>
   <trkpt lat="48.70193000009937" lon="-2.9964699983912455">
    <ele>97.57000000000001</ele>
   </trkpt>
   <trkpt lat="48.70139" lon="-2.9963200000000003">
    <ele>97.15</ele>
   </trkpt>
   <trkpt lat="48.70076500010417" lon="-2.9960899970981942">
    <ele>96.93</ele>
   </trkpt>
   <trkpt lat="48.700140000000005" lon="-2.9958600000000004">
    <ele>97.34</ele>
   </trkpt>
   <trkpt lat="48.700100000000006" lon="-2.99602">
    <ele>97.34</ele>
   </trkpt>
   <trkpt lat="48.7" lon="-2.99621">
    <ele>97.16000000000001</ele>
   </trkpt>
   <trkpt lat="48.699655000907285" lon="-2.9966750032252234">
    <ele>97.08000000000001</ele>
   </trkpt>
   <trkpt lat="48.699310000000004" lon="-2.9971400000000004">
    <ele>96.73</ele>
   </trkpt>
   <trkpt lat="48.699200000000005" lon="-2.99738">
    <ele>96.64</ele>
   </trkpt>
   <trkpt lat="48.699130000000004" lon="-2.99764">
    <ele>96.37</ele>
   </trkpt>
   <trkpt lat="48.699110000000005" lon="-2.99791">
    <ele>96.16000000000001</ele>
   </trkpt>
   <trkpt lat="48.69912" lon="-2.9984400000000004">
    <ele>95.42999999999999</ele>
   </trkpt>
   <trkpt lat="48.69908" lon="-2.99881">
    <ele>95.06</ele>
   </trkpt>
   <trkpt lat="48.69897" lon="-2.9991000000000003">
    <ele>94.92</ele>
   </trkpt>
   <trkpt lat="48.698780000000006" lon="-2.99947">
    <ele>95.23</ele>
   </trkpt>
   <trkpt lat="48.698600000000006" lon="-3.00014">
    <ele>95.16000000000001</ele>
   </trkpt>
   <trkpt lat="48.69852" lon="-3.00055">
    <ele>95.16000000000001</ele>
   </trkpt>
   <trkpt lat="48.6983" lon="-3.0011900000000002">
    <ele>95.19000000000001</ele>
   </trkpt>
   <trkpt lat="48.698125002328695" lon="-3.0019150022954513">
    <ele>95.51</ele>
   </trkpt>
   <trkpt lat="48.697950000000006" lon="-3.0026400000000004">
    <ele>96.13000000000001</ele>
   </trkpt>
   <trkpt lat="48.69782000000001" lon="-3.00299">
    <ele>96.41000000000001</ele>
   </trkpt>
   <trkpt lat="48.697630000000004" lon="-3.0033700000000003">
    <ele>97.14</ele>
   </trkpt>
   <trkpt lat="48.6976" lon="-3.00353">
    <ele>97.14</ele>
   </trkpt>
   <trkpt lat="48.69738" lon="-3.0047900000000003">
    <ele>98.23</ele>
   </trkpt>
   <trkpt lat="48.69711" lon="-3.0056900000000004">
    <ele>97.94000000000001</ele>
   </trkpt>
   <trkpt lat="48.69682500350775" lon="-3.006595005238522">
    <ele>96.87</ele>
   </trkpt>
   <trkpt lat="48.696540000000006" lon="-3.0075000000000003">
    <ele>96.27000000000001</ele>
   </trkpt>
   <trkpt lat="48.696470000000005" lon="-3.0076600000000004">
    <ele>95.80000000000001</ele>
   </trkpt>
   <trkpt lat="48.69621" lon="-3.0081100000000003">
    <ele>94.42</ele>
   </trkpt>
   <trkpt lat="48.69628" lon="-3.0082400000000002">
    <ele>94.67</ele>
   </trkpt>
   <trkpt lat="48.696490000000004" lon="-3.00884">
    <ele>95.12</ele>
   </trkpt>
   <trkpt lat="48.69661000000001" lon="-3.00898">
    <ele>95.10000000000001</ele>
   </trkpt>
   <trkpt lat="48.696740000000005" lon="-3.0091">
    <ele>95.14</ele>
   </trkpt>
   <trkpt lat="48.69738" lon="-3.0096000000000003">
    <ele>95.86000000000001</ele>
   </trkpt>
   <trkpt lat="48.69744000000001" lon="-3.0096800000000004">
    <ele>96.05000000000001</ele>
   </trkpt>
   <trkpt lat="48.69749" lon="-3.0096600000000002">
    <ele>96.15</ele>
   </trkpt>
   <trkpt lat="48.698065000471296" lon="-3.009994996165114">
    <ele>97.92</ele>
   </trkpt>
   <trkpt lat="48.698640000000005" lon="-3.01033">
    <ele>99.02000000000001</ele>
   </trkpt>
   <trkpt lat="48.699310000000004" lon="-3.0107500000000003">
    <ele>99.55000000000001</ele>
   </trkpt>
   <trkpt lat="48.699560000000005" lon="-3.0108800000000002">
    <ele>99.76</ele>
   </trkpt>
   <trkpt lat="48.69988000000001" lon="-3.011">
    <ele>99.68</ele>
   </trkpt>
   <trkpt lat="48.70047" lon="-3.01114">
    <ele>98.76000000000002</ele>
   </trkpt>
   <trkpt lat="48.70105" lon="-3.01126">
    <ele>98.35000000000001</ele>
   </trkpt>
   <trkpt lat="48.70120000000001" lon="-3.01133">
    <ele>98.34</ele>
   </trkpt>
   <trkpt lat="48.70172" lon="-3.01175">
    <ele>98.52000000000001</ele>
   </trkpt>
   <trkpt lat="48.7021" lon="-3.01201">
    <ele>98.9</ele>
   </trkpt>
   <trkpt lat="48.702400000000004" lon="-3.0123">
    <ele>98.77000000000001</ele>
   </trkpt>
   <trkpt lat="48.702760000000005" lon="-3.01268">
    <ele>97.29</ele>
   </trkpt>
   <trkpt lat="48.702890000000004" lon="-3.01277">
    <ele>96.42</ele>
   </trkpt>
   <trkpt lat="48.70299000000001" lon="-3.01282">
    <ele>96.42</ele>
   </trkpt>
   <trkpt lat="48.70338" lon="-3.0128500000000003">
    <ele>95.79</ele>
   </trkpt>
   <trkpt lat="48.703480000000006" lon="-3.01289">
    <ele>95.83000000000001</ele>
   </trkpt>
   <trkpt lat="48.703660000000006" lon="-3.01302">
    <ele>96.11</ele>
   </trkpt>
   <trkpt lat="48.70425" lon="-3.01352">
    <ele>98.08000000000001</ele>
   </trkpt>
   <trkpt lat="48.70452" lon="-3.01371">
    <ele>98.78</ele>
   </trkpt>
   <trkpt lat="48.704820000000005" lon="-3.01384">
    <ele>99.22</ele>
   </trkpt>
   <trkpt lat="48.705360000000006" lon="-3.0139400000000003">
    <ele>100.29</ele>
   </trkpt>
   <trkpt lat="48.70564" lon="-3.01406">
    <ele>100.78</ele>
   </trkpt>
   <trkpt lat="48.70617000000001" lon="-3.01439">
    <ele>101.77000000000001</ele>
   </trkpt>
   <trkpt lat="48.70635" lon="-3.01447">
    <ele>102.06000000000002</ele>
   </trkpt>
   <trkpt lat="48.70669" lon="-3.01467">
    <ele>102.66000000000001</ele>
   </trkpt>
   <trkpt lat="48.70705" lon="-3.0149800000000004">
    <ele>103.06000000000002</ele>
   </trkpt>
   <trkpt lat="48.70747000037794" lon="-3.015264997639309">
    <ele>103.04</ele>
   </trkpt>
   <trkpt lat="48.707890000000006" lon="-3.01555">
    <ele>103.07000000000001</ele>
   </trkpt>
   <trkpt lat="48.708545001277834" lon="-3.0160899929843548">
    <ele>102.72</ele>
   </trkpt>
   <trkpt lat="48.7092" lon="-3.01663">
    <ele>101.09000000000002</ele>
   </trkpt>
   <trkpt lat="48.70956500077621" lon="-3.017029997190468">
    <ele>99.33</ele>
   </trkpt>
   <trkpt lat="48.70993000000001" lon="-3.01743">
    <ele>97.71000000000001</ele>
   </trkpt>
   <trkpt lat="48.710335001677365" lon="-3.0180399951916237">
    <ele>95.82000000000001</ele>
   </trkpt>
   <trkpt lat="48.71074" lon="-3.01865">
    <ele>95.37</ele>
   </trkpt>
   <trkpt lat="48.71115000141573" lon="-3.019239995062258">
    <ele>96.04</ele>
   </trkpt>
   <trkpt lat="48.711560000000006" lon="-3.0198300000000002">
    <ele>97.58000000000001</ele>
   </trkpt>
   <trkpt lat="48.711710000000004" lon="-3.02001">
    <ele>97.79</ele>
   </trkpt>
   <trkpt lat="48.711850000000005" lon="-3.02014">
    <ele>98.19000000000001</ele>
   </trkpt>
   <trkpt lat="48.712360000000004" lon="-3.02035">
    <ele>98.43</ele>
   </trkpt>
   <trkpt lat="48.71258" lon="-3.02049">
    <ele>98.56</ele>
   </trkpt>
   <trkpt lat="48.71282" lon="-3.02068">
    <ele>99.13000000000001</ele>
   </trkpt>
   <trkpt lat="48.71298" lon="-3.0208800000000005">
    <ele>99.4</ele>
   </trkpt>
   <trkpt lat="48.71332" lon="-3.0213400000000004">
    <ele>101.37</ele>
   </trkpt>
   <trkpt lat="48.713420000000006" lon="-3.02152">
    <ele>102.13000000000001</ele>
   </trkpt>
   <trkpt lat="48.71347" lon="-3.0218000000000003">
    <ele>102.36</ele>
   </trkpt>
   <trkpt lat="48.71347" lon="-3.02213">
    <ele>102.78</ele>
   </trkpt>
   <trkpt lat="48.713570000000004" lon="-3.02224">
    <ele>103.0</ele>
   </trkpt>
   <trkpt lat="48.713620000000006" lon="-3.0223700000000004">
    <ele>103.18</ele>
   </trkpt>
   <trkpt lat="48.713890000000006" lon="-3.02246">
    <ele>103.36</ele>
   </trkpt>
   <trkpt lat="48.71412" lon="-3.0226">
    <ele>103.93</ele>
   </trkpt>
   <trkpt lat="48.714670000000005" lon="-3.0234300000000003">
    <ele>104.85000000000001</ele>
   </trkpt>
   <trkpt lat="48.714850000000006" lon="-3.0235200000000004">
    <ele>104.89000000000001</ele>
   </trkpt>
   <trkpt lat="48.71515" lon="-3.0235200000000004">
    <ele>104.97</ele>
   </trkpt>
   <trkpt lat="48.71602000000001" lon="-3.02346">
    <ele>104.25000000000001</ele>
   </trkpt>
   <trkpt lat="48.71627" lon="-3.0233200000000005">
    <ele>103.68</ele>
   </trkpt>
   <trkpt lat="48.716260000000005" lon="-3.02333">
    <ele>103.68</ele>
   </trkpt>
   <trkpt lat="48.71636" lon="-3.02319">
    <ele>103.44</ele>
   </trkpt>
   <trkpt lat="48.71642000000001" lon="-3.02299">
    <ele>102.62</ele>
   </trkpt>
   <trkpt lat="48.716440000000006" lon="-3.0227700000000004">
    <ele>102.62</ele>
   </trkpt>
   <trkpt lat="48.716440000000006" lon="-3.0223400000000002">
    <ele>102.24000000000001</ele>
   </trkpt>
   <trkpt lat="48.7165" lon="-3.0219600000000004">
    <ele>101.8</ele>
   </trkpt>
   <trkpt lat="48.716620000000006" lon="-3.0215">
    <ele>101.08</ele>
   </trkpt>
   <trkpt lat="48.716680000000004" lon="-3.0213500000000004">
    <ele>100.32000000000001</ele>
   </trkpt>
   <trkpt lat="48.71688" lon="-3.02096">
    <ele>99.44000000000001</ele>
   </trkpt>
   <trkpt lat="48.717090000000006" lon="-3.0202400000000003">
    <ele>97.92</ele>
   </trkpt>
   <trkpt lat="48.7175" lon="-3.0196300000000003">
    <ele>96.54</ele>
   </trkpt>
   <trkpt lat="48.71775" lon="-3.01914">
    <ele>94.34</ele>
   </trkpt>
   <trkpt lat="48.71788" lon="-3.01879">
    <ele>93.62</ele>
   </trkpt>
   <trkpt lat="48.718120000000006" lon="-3.0180900000000004">
    <ele>91.62</ele>
   </trkpt>
   <trkpt lat="48.71844500168985" lon="-3.0174950035547448">
    <ele>89.45</ele>
   </trkpt>
   <trkpt lat="48.718770000000006" lon="-3.0169">
    <ele>86.60000000000001</ele>
   </trkpt>
   <trkpt lat="48.71884000000001" lon="-3.01668">
    <ele>85.05</ele>
   </trkpt>
   <trkpt lat="48.719260000000006" lon="-3.0157800000000003">
    <ele>81.53</ele>
   </trkpt>
   <trkpt lat="48.71963" lon="-3.01481">
    <ele>78.54</ele>
   </trkpt>
   <trkpt lat="48.719860000000004" lon="-3.0144800000000003">
    <ele>78.12</ele>
   </trkpt>
   <trkpt lat="48.720020000000005" lon="-3.0143500000000003">
    <ele>78.04</ele>
   </trkpt>
   <trkpt lat="48.720000000000006" lon="-3.0140900000000004">
    <ele>78.30000000000001</ele>
   </trkpt>
   <trkpt lat="48.720150000000004" lon="-3.01357">
    <ele>78.45</ele>
   </trkpt>
   <trkpt lat="48.720240000000004" lon="-3.01302">
    <ele>79.07</ele>
   </trkpt>
   <trkpt lat="48.72033000510217" lon="-3.0119350018353295">
    <ele>82.46000000000001</ele>
   </trkpt>
   <trkpt lat="48.720420000000004" lon="-3.01085">
    <ele>85.78</ele>
   </trkpt>
   <trkpt lat="48.72043000000001" lon="-3.01045">
    <ele>86.70000000000002</ele>
   </trkpt>
   <trkpt lat="48.72036000000001" lon="-3.0101000000000004">
    <ele>88.34</ele>
   </trkpt>
   <trkpt lat="48.720130000000005" lon="-3.00917">
    <ele>88.61</ele>
   </trkpt>
   <trkpt lat="48.719820000000006" lon="-3.00843">
    <ele>87.44</ele>
   </trkpt>
   <trkpt lat="48.71976" lon="-3.00821">
    <ele>87.34</ele>
   </trkpt>
   <trkpt lat="48.71967" lon="-3.00749">
    <ele>87.13000000000001</ele>
   </trkpt>
   <trkpt lat="48.71961" lon="-3.00733">
    <ele>87.04</ele>
   </trkpt>
   <trkpt lat="48.71947" lon="-3.00713">
    <ele>86.83</ele>
   </trkpt>
   <trkpt lat="48.719150000000006" lon="-3.0068200000000003">
    <ele>85.8</ele>
   </trkpt>
   <trkpt lat="48.719" lon="-3.00653">
    <ele>84.24000000000001</ele>
   </trkpt>
   <trkpt lat="48.71884000000001" lon="-3.00599">
    <ele>82.82000000000001</ele>
   </trkpt>
   <trkpt lat="48.71876" lon="-3.00531">
    <ele>82.31</ele>
   </trkpt>
   <trkpt lat="48.71878" lon="-3.00504">
    <ele>82.65</ele>
   </trkpt>
   <trkpt lat="48.718880002256086" lon="-3.0043200013365676">
    <ele>83.91000000000001</ele>
   </trkpt>
   <trkpt lat="48.71898" lon="-3.0036">
    <ele>86.86</ele>
   </trkpt>
   <trkpt lat="48.71902" lon="-3.0035000000000003">
    <ele>86.86</ele>
   </trkpt>
   <trkpt lat="48.719120000000004" lon="-3.00333">
    <ele>87.64000000000001</ele>
   </trkpt>
   <trkpt lat="48.719350000000006" lon="-3.003">
    <ele>89.49000000000001</ele>
   </trkpt>
   <trkpt lat="48.71965" lon="-3.0021400000000003">
    <ele>92.76</ele>
   </trkpt>
   <trkpt lat="48.71999" lon="-3.0014900000000004">
    <ele>93.77000000000001</ele>
   </trkpt>
   <trkpt lat="48.72012" lon="-3.00111">
    <ele>94.27000000000001</ele>
   </trkpt>
   <trkpt lat="48.720180000000006" lon="-3.00075">
    <ele>95.03</ele>
   </trkpt>
   <trkpt lat="48.720240000000004" lon="-3.00015">
    <ele>96.78</ele>
   </trkpt>
   <trkpt lat="48.72037" lon="-2.9994">
    <ele>99.39</ele>
   </trkpt>
   <trkpt lat="48.720545001649675" lon="-2.9987700024350867">
    <ele>100.99000000000001</ele>
   </trkpt>
   <trkpt lat="48.72072000000001" lon="-2.9981400000000002">
    <ele>102.10000000000001</ele>
   </trkpt>
   <trkpt lat="48.72084" lon="-2.99779">
    <ele>102.71000000000001</ele>
   </trkpt>
   <trkpt lat="48.72102" lon="-2.99779">
    <ele>102.75</ele>
   </trkpt>
   <trkpt lat="48.72109000765024" lon="-2.9968500025581943">
    <ele>104.46000000000001</ele>
   </trkpt>
   <trkpt lat="48.721160007654596" lon="-2.9959100024998544">
    <ele>105.69</ele>
   </trkpt>
   <trkpt lat="48.721230000000006" lon="-2.9949700000000004">
    <ele>106.12</ele>
   </trkpt>
   <trkpt lat="48.72130000000001" lon="-2.99452">
    <ele>106.04</ele>
   </trkpt>
   <trkpt lat="48.72146500257439" lon="-2.9937400028324856">
    <ele>105.43</ele>
   </trkpt>
   <trkpt lat="48.721630000000005" lon="-2.99296">
    <ele>104.21000000000001</ele>
   </trkpt>
   <trkpt lat="48.721790000000006" lon="-2.99248">
    <ele>103.82000000000001</ele>
   </trkpt>
   <trkpt lat="48.72195000000001" lon="-2.99209">
    <ele>103.3</ele>
   </trkpt>
   <trkpt lat="48.72223" lon="-2.9915700000000003">
    <ele>102.23</ele>
   </trkpt>
   <trkpt lat="48.72261" lon="-2.99073">
    <ele>101.66000000000001</ele>
   </trkpt>
   <trkpt lat="48.722770000000004" lon="-2.99031">
    <ele>101.52000000000001</ele>
   </trkpt>
   <trkpt lat="48.72283" lon="-2.9899700000000005">
    <ele>101.25</ele>
   </trkpt>
   <trkpt lat="48.72281" lon="-2.9898300000000004">
    <ele>101.07000000000001</ele>
   </trkpt>
   <trkpt lat="48.72267" lon="-2.98951">
    <ele>100.59000000000002</ele>
   </trkpt>
   <trkpt lat="48.72263" lon="-2.9893">
    <ele>100.41000000000001</ele>
   </trkpt>
   <trkpt lat="48.72263" lon="-2.98909">
    <ele>100.32000000000001</ele>
   </trkpt>
   <trkpt lat="48.722750000000005" lon="-2.98849">
    <ele>99.98000000000002</ele>
   </trkpt>
   <trkpt lat="48.722750000000005" lon="-2.9883100000000002">
    <ele>99.98000000000002</ele>
   </trkpt>
   <trkpt lat="48.72269000000001" lon="-2.9880700000000004">
    <ele>99.56</ele>
   </trkpt>
   <trkpt lat="48.72238" lon="-2.98781">
    <ele>99.17</ele>
   </trkpt>
   <trkpt lat="48.722060000000006" lon="-2.9876">
    <ele>98.96000000000001</ele>
   </trkpt>
   <trkpt lat="48.72158" lon="-2.9872400000000003">
    <ele>98.83</ele>
   </trkpt>
   <trkpt lat="48.72118000045207" lon="-2.98691499741141">
    <ele>99.01000000000002</ele>
   </trkpt>
   <trkpt lat="48.720780000000005" lon="-2.98659">
    <ele>99.46000000000001</ele>
   </trkpt>
   <trkpt lat="48.72066" lon="-2.98645">
    <ele>99.53</ele>
   </trkpt>
   <trkpt lat="48.7205" lon="-2.9861700000000004">
    <ele>99.44000000000001</ele>
   </trkpt>
   <trkpt lat="48.72045000000001" lon="-2.9859600000000004">
    <ele>99.30000000000001</ele>
   </trkpt>
   <trkpt lat="48.72043000000001" lon="-2.98577">
    <ele>98.93</ele>
   </trkpt>
   <trkpt lat="48.720470000000006" lon="-2.98544">
    <ele>98.49000000000001</ele>
   </trkpt>
   <trkpt lat="48.720715003422356" lon="-2.984555004189118">
    <ele>96.36</ele>
   </trkpt>
   <trkpt lat="48.720960000000005" lon="-2.98367">
    <ele>95.72000000000001</ele>
   </trkpt>
   <trkpt lat="48.720960000000005" lon="-2.9836600000000004">
    <ele>95.72000000000001</ele>
   </trkpt>
   <trkpt lat="48.72149" lon="-2.9843100000000002">
    <ele>95.44000000000001</ele>
   </trkpt>
   <trkpt lat="48.7216" lon="-2.98442">
    <ele>95.44000000000001</ele>
   </trkpt>
   <trkpt lat="48.72185" lon="-2.98457">
    <ele>95.02000000000001</ele>
   </trkpt>
   <trkpt lat="48.722120000000004" lon="-2.98464">
    <ele>94.66000000000001</ele>
   </trkpt>
   <trkpt lat="48.72227" lon="-2.9846500000000002">
    <ele>94.66000000000001</ele>
   </trkpt>
   <trkpt lat="48.722530000000006" lon="-2.9846100000000004">
    <ele>94.31</ele>
   </trkpt>
   <trkpt lat="48.722730000000006" lon="-2.98455">
    <ele>94.31</ele>
   </trkpt>
   <trkpt lat="48.72288" lon="-2.98444">
    <ele>94.14</ele>
   </trkpt>
   <trkpt lat="48.723597504114096" lon="-2.9838750242043917">
    <ele>92.87</ele>
   </trkpt>
   <trkpt lat="48.72431500546607" lon="-2.9833100322884016">
    <ele>90.28000000000002</ele>
   </trkpt>
   <trkpt lat="48.72503250405579" lon="-2.9827450242512237">
    <ele>88.46000000000001</ele>
   </trkpt>
   <trkpt lat="48.725750000000005" lon="-2.98218">
    <ele>88.25000000000001</ele>
   </trkpt>
   <trkpt lat="48.72603" lon="-2.9820100000000003">
    <ele>88.04</ele>
   </trkpt>
   <trkpt lat="48.72605" lon="-2.98186">
    <ele>88.04</ele>
   </trkpt>
   <trkpt lat="48.726330003372944" lon="-2.9809800048288806">
    <ele>88.04</ele>
   </trkpt>
   <trkpt lat="48.72661" lon="-2.9801">
    <ele>88.04</ele>
   </trkpt>
   <trkpt lat="48.72675" lon="-2.97983">
    <ele>74.34</ele>
   </trkpt>
   <trkpt lat="48.72729" lon="-2.97915">
    <ele>74.34</ele>
   </trkpt>
   <trkpt lat="48.727650000000004" lon="-2.97854">
    <ele>74.34</ele>
   </trkpt>
   <trkpt lat="48.72778" lon="-2.97845">
    <ele>74.27</ele>
   </trkpt>
   <trkpt lat="48.727880000000006" lon="-2.97845">
    <ele>74.2</ele>
   </trkpt>
   <trkpt lat="48.727990000000005" lon="-2.9786900000000003">
    <ele>75.53</ele>
   </trkpt>
   <trkpt lat="48.72809" lon="-2.97886">
    <ele>75.84</ele>
   </trkpt>
   <trkpt lat="48.72831" lon="-2.97914">
    <ele>75.73</ele>
   </trkpt>
   <trkpt lat="48.72849" lon="-2.9794600000000004">
    <ele>74.15</ele>
   </trkpt>
   <trkpt lat="48.728660000000005" lon="-2.98016">
    <ele>74.67</ele>
   </trkpt>
   <trkpt lat="48.72914" lon="-2.9811">
    <ele>73.56</ele>
   </trkpt>
   <trkpt lat="48.729260000000004" lon="-2.98143">
    <ele>72.47</ele>
   </trkpt>
   <trkpt lat="48.729440000000004" lon="-2.98226">
    <ele>70.01</ele>
   </trkpt>
   <trkpt lat="48.72973" lon="-2.9822400000000004">
    <ele>68.67</ele>
   </trkpt>
   <trkpt lat="48.730030000000006" lon="-2.98225">
    <ele>68.07000000000001</ele>
   </trkpt>
   <trkpt lat="48.730520000000006" lon="-2.98232">
    <ele>68.96000000000001</ele>
   </trkpt>
   <trkpt lat="48.73075" lon="-2.98232">
    <ele>69.89</ele>
   </trkpt>
   <trkpt lat="48.73149" lon="-2.98207">
    <ele>75.73</ele>
   </trkpt>
   <trkpt lat="48.73228" lon="-2.98198">
    <ele>79.09</ele>
   </trkpt>
   <trkpt lat="48.732530000000004" lon="-2.9819700000000005">
    <ele>81.47</ele>
   </trkpt>
   <trkpt lat="48.732710000000004" lon="-2.98198">
    <ele>83.44</ele>
   </trkpt>
   <trkpt lat="48.73319" lon="-2.98211">
    <ele>85.0</ele>
   </trkpt>
   <trkpt lat="48.733290000000004" lon="-2.98212">
    <ele>85.72</ele>
   </trkpt>
   <trkpt lat="48.73350000000001" lon="-2.9821000000000004">
    <ele>86.35000000000001</ele>
   </trkpt>
   <trkpt lat="48.734260000000006" lon="-2.9818000000000002">
    <ele>87.83</ele>
   </trkpt>
   <trkpt lat="48.73473000003035" lon="-2.981695000985496">
    <ele>88.52</ele>
   </trkpt>
   <trkpt lat="48.735200000000006" lon="-2.98159">
    <ele>89.16</ele>
   </trkpt>
   <trkpt lat="48.73521" lon="-2.98159">
    <ele>89.17000000000002</ele>
   </trkpt>
   <trkpt lat="48.73519" lon="-2.98062">
    <ele>86.76</ele>
   </trkpt>
   <trkpt lat="48.735150000000004" lon="-2.9799700000000002">
    <ele>85.65</ele>
   </trkpt>
   <trkpt lat="48.73507000000001" lon="-2.97899">
    <ele>86.26</ele>
   </trkpt>
   <trkpt lat="48.73499" lon="-2.97852">
    <ele>87.41</ele>
   </trkpt>
   <trkpt lat="48.73481000180314" lon="-2.9778749977024437">
    <ele>88.60000000000001</ele>
   </trkpt>
   <trkpt lat="48.73463" lon="-2.97723">
    <ele>88.58</ele>
   </trkpt>
   <trkpt lat="48.73462000000001" lon="-2.9771">
    <ele>88.49000000000001</ele>
   </trkpt>
   <trkpt lat="48.73433000000001" lon="-2.9769200000000002">
    <ele>88.26</ele>
   </trkpt>
   <trkpt lat="48.73402" lon="-2.97663">
    <ele>88.17000000000002</ele>
   </trkpt>
   <trkpt lat="48.73362" lon="-2.97622">
    <ele>87.84</ele>
   </trkpt>
   <trkpt lat="48.733320000000006" lon="-2.97588">
    <ele>87.04</ele>
   </trkpt>
   <trkpt lat="48.733270000000005" lon="-2.97575">
    <ele>87.04</ele>
   </trkpt>
   <trkpt lat="48.733270000000005" lon="-2.97554">
    <ele>87.29</ele>
   </trkpt>
   <trkpt lat="48.7334" lon="-2.9751200000000004">
    <ele>87.92000000000002</ele>
   </trkpt>
   <trkpt lat="48.733450000000005" lon="-2.97486">
    <ele>88.54</ele>
   </trkpt>
   <trkpt lat="48.73348000000001" lon="-2.9744800000000002">
    <ele>88.67000000000002</ele>
   </trkpt>
   <trkpt lat="48.73344" lon="-2.97392">
    <ele>88.61</ele>
   </trkpt>
   <trkpt lat="48.733450000000005" lon="-2.97364">
    <ele>88.61</ele>
   </trkpt>
   <trkpt lat="48.733520000000006" lon="-2.97344">
    <ele>87.88000000000001</ele>
   </trkpt>
   <trkpt lat="48.73358" lon="-2.9733">
    <ele>87.88000000000001</ele>
   </trkpt>
   <trkpt lat="48.73402000140922" lon="-2.9727550046159052">
    <ele>87.33</ele>
   </trkpt>
   <trkpt lat="48.734460000000006" lon="-2.9722100000000005">
    <ele>87.27</ele>
   </trkpt>
   <trkpt lat="48.73474" lon="-2.9719100000000003">
    <ele>86.72</ele>
   </trkpt>
   <trkpt lat="48.734930000000006" lon="-2.9715700000000003">
    <ele>86.4</ele>
   </trkpt>
   <trkpt lat="48.735240000000005" lon="-2.97086">
    <ele>85.93</ele>
   </trkpt>
   <trkpt lat="48.73548" lon="-2.9704">
    <ele>86.05</ele>
   </trkpt>
   <trkpt lat="48.735730000000004" lon="-2.97011">
    <ele>87.33</ele>
   </trkpt>
   <trkpt lat="48.73619" lon="-2.96945">
    <ele>88.37</ele>
   </trkpt>
   <trkpt lat="48.736760000000004" lon="-2.9687900000000003">
    <ele>87.91</ele>
   </trkpt>
   <trkpt lat="48.736940000000004" lon="-2.9686500000000002">
    <ele>87.73</ele>
   </trkpt>
   <trkpt lat="48.73771000000001" lon="-2.9682500000000003">
    <ele>87.54</ele>
   </trkpt>
   <trkpt lat="48.73828500009722" lon="-2.9681000017158405">
    <ele>87.63000000000001</ele>
   </trkpt>
   <trkpt lat="48.73886" lon="-2.96795">
    <ele>88.02</ele>
   </trkpt>
   <trkpt lat="48.739360000000005" lon="-2.96775">
    <ele>87.17000000000002</ele>
   </trkpt>
   <trkpt lat="48.739470000000004" lon="-2.9676400000000003">
    <ele>86.84</ele>
   </trkpt>
   <trkpt lat="48.739610000000006" lon="-2.9675700000000003">
    <ele>86.45000000000002</ele>
   </trkpt>
   <trkpt lat="48.740260000000006" lon="-2.96749">
    <ele>85.73</ele>
   </trkpt>
   <trkpt lat="48.740610000000004" lon="-2.9674">
    <ele>84.39</ele>
   </trkpt>
   <trkpt lat="48.74101" lon="-2.96722">
    <ele>83.51</ele>
   </trkpt>
   <trkpt lat="48.74168000087358" lon="-2.9668000055294574">
    <ele>81.56</ele>
   </trkpt>
   <trkpt lat="48.74235" lon="-2.9663800000000005">
    <ele>79.51</ele>
   </trkpt>
   <trkpt lat="48.74255" lon="-2.9662100000000002">
    <ele>77.91000000000001</ele>
   </trkpt>
   <trkpt lat="48.7428" lon="-2.96591">
    <ele>77.1</ele>
   </trkpt>
   <trkpt lat="48.743205001659526" lon="-2.965305004761637">
    <ele>75.96</ele>
   </trkpt>
   <trkpt lat="48.743610000000004" lon="-2.9647">
    <ele>76.36000000000001</ele>
   </trkpt>
   <trkpt lat="48.74385" lon="-2.96428">
    <ele>76.00000000000001</ele>
   </trkpt>
   <trkpt lat="48.743990000000004" lon="-2.9641">
    <ele>75.9</ele>
   </trkpt>
   <trkpt lat="48.74419" lon="-2.9639800000000003">
    <ele>75.57000000000001</ele>
   </trkpt>
   <trkpt lat="48.74436000000001" lon="-2.96395">
    <ele>75.57000000000001</ele>
   </trkpt>
   <trkpt lat="48.745090000000005" lon="-2.96402">
    <ele>75.87</ele>
   </trkpt>
   <trkpt lat="48.745270000000005" lon="-2.96402">
    <ele>75.9</ele>
   </trkpt>
   <trkpt lat="48.745560000000005" lon="-2.96395">
    <ele>76.16000000000001</ele>
   </trkpt>
   <trkpt lat="48.74569" lon="-2.96383">
    <ele>76.16000000000001</ele>
   </trkpt>
   <trkpt lat="48.745740000000005" lon="-2.96376">
    <ele>76.16000000000001</ele>
   </trkpt>
   <trkpt lat="48.74592000249553" lon="-2.963000002735705">
    <ele>76.7</ele>
   </trkpt>
   <trkpt lat="48.746100000000006" lon="-2.9622400000000004">
    <ele>77.01</ele>
   </trkpt>
   <trkpt lat="48.74624000000001" lon="-2.9617400000000003">
    <ele>77.33000000000001</ele>
   </trkpt>
   <trkpt lat="48.746640000000006" lon="-2.9610600000000002">
    <ele>77.76</ele>
   </trkpt>
   <trkpt lat="48.746680000000005" lon="-2.96096">
    <ele>77.96</ele>
   </trkpt>
   <trkpt lat="48.74685" lon="-2.96003">
    <ele>77.58000000000001</ele>
   </trkpt>
   <trkpt lat="48.74692" lon="-2.9593000000000003">
    <ele>77.01</ele>
   </trkpt>
   <trkpt lat="48.74700000000001" lon="-2.9587600000000003">
    <ele>76.34</ele>
   </trkpt>
   <trkpt lat="48.74703" lon="-2.95832">
    <ele>76.15</ele>
   </trkpt>
   <trkpt lat="48.747020000000006" lon="-2.95813">
    <ele>76.25000000000001</ele>
   </trkpt>
   <trkpt lat="48.746950000000005" lon="-2.95771">
    <ele>76.47000000000001</ele>
   </trkpt>
   <trkpt lat="48.746930000000006" lon="-2.95737">
    <ele>77.48</ele>
   </trkpt>
   <trkpt lat="48.74710500581739" lon="-2.956215003716476">
    <ele>78.1</ele>
   </trkpt>
   <trkpt lat="48.74728" lon="-2.95506">
    <ele>77.98</ele>
   </trkpt>
   <trkpt lat="48.747350000000004" lon="-2.95398">
    <ele>77.59</ele>
   </trkpt>
   <trkpt lat="48.747490000000006" lon="-2.95317">
    <ele>77.57</ele>
   </trkpt>
   <trkpt lat="48.7475" lon="-2.95296">
    <ele>77.52000000000001</ele>
   </trkpt>
   <trkpt lat="48.74748" lon="-2.95242">
    <ele>77.36000000000001</ele>
   </trkpt>
   <trkpt lat="48.747510000000005" lon="-2.9520600000000004">
    <ele>77.1</ele>
   </trkpt>
   <trkpt lat="48.74761" lon="-2.95176">
    <ele>76.31</ele>
   </trkpt>
   <trkpt lat="48.7477" lon="-2.9510600000000005">
    <ele>73.84</ele>
   </trkpt>
   <trkpt lat="48.747820000000004" lon="-2.9506200000000002">
    <ele>72.85000000000001</ele>
   </trkpt>
   <trkpt lat="48.74795" lon="-2.95032">
    <ele>71.67000000000002</ele>
   </trkpt>
   <trkpt lat="48.74826500188749" lon="-2.949685003692054">
    <ele>70.37</ele>
   </trkpt>
   <trkpt lat="48.748580000000004" lon="-2.94905">
    <ele>67.77000000000001</ele>
   </trkpt>
   <trkpt lat="48.749120000000005" lon="-2.9480700000000004">
    <ele>64.88000000000001</ele>
   </trkpt>
   <trkpt lat="48.749280000000006" lon="-2.9474">
    <ele>63.07</ele>
   </trkpt>
   <trkpt lat="48.74929" lon="-2.94728">
    <ele>63.07</ele>
   </trkpt>
   <trkpt lat="48.74925" lon="-2.94707">
    <ele>60.96000000000001</ele>
   </trkpt>
   <trkpt lat="48.74907" lon="-2.94674">
    <ele>59.77</ele>
   </trkpt>
   <trkpt lat="48.749050000000004" lon="-2.9465500000000002">
    <ele>60.050000000000004</ele>
   </trkpt>
   <trkpt lat="48.749080000000006" lon="-2.9464">
    <ele>60.76</ele>
   </trkpt>
   <trkpt lat="48.749430000000004" lon="-2.94585">
    <ele>65.03</ele>
   </trkpt>
   <trkpt lat="48.74967" lon="-2.9452900000000004">
    <ele>65.94</ele>
   </trkpt>
   <trkpt lat="48.749860000000005" lon="-2.94498">
    <ele>65.35000000000001</ele>
   </trkpt>
   <trkpt lat="48.75014" lon="-2.94458">
    <ele>64.44000000000001</ele>
   </trkpt>
   <trkpt lat="48.750540000385776" lon="-2.9442150030795777">
    <ele>65.14</ele>
   </trkpt>
   <trkpt lat="48.75094000000001" lon="-2.9438500000000003">
    <ele>66.53</ele>
   </trkpt>
   <trkpt lat="48.751310000000004" lon="-2.94329">
    <ele>65.09</ele>
   </trkpt>
   <trkpt lat="48.75189" lon="-2.9427600000000003">
    <ele>64.53</ele>
   </trkpt>
   <trkpt lat="48.75162" lon="-2.94151">
    <ele>64.10000000000001</ele>
   </trkpt>
   <trkpt lat="48.751540000000006" lon="-2.94132">
    <ele>63.93</ele>
   </trkpt>
   <trkpt lat="48.75139" lon="-2.94104">
    <ele>63.58000000000001</ele>
   </trkpt>
   <trkpt lat="48.751310000000004" lon="-2.94076">
    <ele>63.21</ele>
   </trkpt>
   <trkpt lat="48.751290000000004" lon="-2.9406200000000005">
    <ele>63.17</ele>
   </trkpt>
   <trkpt lat="48.751290000000004" lon="-2.94029">
    <ele>63.24</ele>
   </trkpt>
   <trkpt lat="48.75133" lon="-2.93934">
    <ele>63.97</ele>
   </trkpt>
   <trkpt lat="48.751430005110414" lon="-2.9382550019664424">
    <ele>63.54</ele>
   </trkpt>
   <trkpt lat="48.75153" lon="-2.93717">
    <ele>60.15</ele>
   </trkpt>
   <trkpt lat="48.75162" lon="-2.93663">
    <ele>59.84</ele>
   </trkpt>
   <trkpt lat="48.751780000000004" lon="-2.93615">
    <ele>58.95</ele>
   </trkpt>
   <trkpt lat="48.751990000000006" lon="-2.9357200000000003">
    <ele>58.25</ele>
   </trkpt>
   <trkpt lat="48.75217000000001" lon="-2.9354400000000003">
    <ele>57.300000000000004</ele>
   </trkpt>
   <trkpt lat="48.75255000000001" lon="-2.93507">
    <ele>56.800000000000004</ele>
   </trkpt>
   <trkpt lat="48.75274" lon="-2.9346900000000002">
    <ele>58.46</ele>
   </trkpt>
   <trkpt lat="48.75282000000001" lon="-2.93459">
    <ele>58.71</ele>
   </trkpt>
   <trkpt lat="48.753170000000004" lon="-2.93432">
    <ele>59.59</ele>
   </trkpt>
   <trkpt lat="48.75363" lon="-2.93385">
    <ele>56.6</ele>
   </trkpt>
   <trkpt lat="48.75383" lon="-2.93371">
    <ele>53.85</ele>
   </trkpt>
   <trkpt lat="48.75405000000001" lon="-2.93358">
    <ele>52.64000000000001</ele>
   </trkpt>
   <trkpt lat="48.75414000000001" lon="-2.93346">
    <ele>52.34</ele>
   </trkpt>
   <trkpt lat="48.75424" lon="-2.93319">
    <ele>52.14000000000001</ele>
   </trkpt>
   <trkpt lat="48.75428" lon="-2.9328900000000004">
    <ele>52.0</ele>
   </trkpt>
   <trkpt lat="48.7543" lon="-2.9325500000000004">
    <ele>51.760000000000005</ele>
   </trkpt>
   <trkpt lat="48.754270000000005" lon="-2.93202">
    <ele>51.53000000000001</ele>
   </trkpt>
   <trkpt lat="48.75421" lon="-2.93154">
    <ele>50.330000000000005</ele>
   </trkpt>
   <trkpt lat="48.754220000000004" lon="-2.93115">
    <ele>51.09</ele>
   </trkpt>
   <trkpt lat="48.7543" lon="-2.93073">
    <ele>52.31</ele>
   </trkpt>
   <trkpt lat="48.754380000000005" lon="-2.9305200000000005">
    <ele>54.02</ele>
   </trkpt>
   <trkpt lat="48.7543" lon="-2.93073">
    <ele>52.31</ele>
   </trkpt>
   <trkpt lat="48.754220000000004" lon="-2.93115">
    <ele>51.09</ele>
   </trkpt>
   <trkpt lat="48.75421" lon="-2.93154">
    <ele>50.24000000000001</ele>
   </trkpt>
   <trkpt lat="48.754270000000005" lon="-2.93202">
    <ele>51.53000000000001</ele>
   </trkpt>
   <trkpt lat="48.7543" lon="-2.9325500000000004">
    <ele>51.760000000000005</ele>
   </trkpt>
   <trkpt lat="48.75428" lon="-2.9328900000000004">
    <ele>52.08</ele>
   </trkpt>
   <trkpt lat="48.75424" lon="-2.93319">
    <ele>52.14000000000001</ele>
   </trkpt>
   <trkpt lat="48.75414000000001" lon="-2.93346">
    <ele>52.34</ele>
   </trkpt>
   <trkpt lat="48.75405000000001" lon="-2.93358">
    <ele>52.86000000000001</ele>
   </trkpt>
   <trkpt lat="48.75383" lon="-2.93371">
    <ele>55.52</ele>
   </trkpt>
   <trkpt lat="48.75363" lon="-2.93385">
    <ele>56.6</ele>
   </trkpt>
   <trkpt lat="48.753170000000004" lon="-2.93432">
    <ele>59.59</ele>
   </trkpt>
   <trkpt lat="48.75282000000001" lon="-2.93459">
    <ele>58.46</ele>
   </trkpt>
   <trkpt lat="48.75274" lon="-2.9346900000000002">
    <ele>57.660000000000004</ele>
   </trkpt>
   <trkpt lat="48.75255000000001" lon="-2.93507">
    <ele>56.730000000000004</ele>
   </trkpt>
   <trkpt lat="48.75217000000001" lon="-2.9354400000000003">
    <ele>57.300000000000004</ele>
   </trkpt>
   <trkpt lat="48.751990000000006" lon="-2.9357200000000003">
    <ele>58.25</ele>
   </trkpt>
   <trkpt lat="48.751780000000004" lon="-2.93615">
    <ele>58.95</ele>
   </trkpt>
   <trkpt lat="48.75162" lon="-2.93663">
    <ele>59.84</ele>
   </trkpt>
   <trkpt lat="48.75153" lon="-2.93717">
    <ele>60.260000000000005</ele>
   </trkpt>
   <trkpt lat="48.75142" lon="-2.93827">
    <ele>63.54</ele>
   </trkpt>
   <trkpt lat="48.75075666751688" lon="-2.9385833416060603">
    <ele>58.03</ele>
   </trkpt>
   <trkpt lat="48.75009333418431" lon="-2.938896674938894">
    <ele>54.46</ele>
   </trkpt>
   <trkpt lat="48.749430000000004" lon="-2.93921">
    <ele>57.36</ele>
   </trkpt>
   <trkpt lat="48.74913" lon="-2.93934">
    <ele>59.7</ele>
   </trkpt>
   <trkpt lat="48.748580000000004" lon="-2.93942">
    <ele>61.81</ele>
   </trkpt>
   <trkpt lat="48.74819" lon="-2.9395100000000003">
    <ele>62.6</ele>
   </trkpt>
   <trkpt lat="48.747840000000004" lon="-2.93968">
    <ele>63.36</ele>
   </trkpt>
   <trkpt lat="48.74767000000001" lon="-2.93983">
    <ele>64.17</ele>
   </trkpt>
   <trkpt lat="48.7475" lon="-2.94002">
    <ele>64.85000000000001</ele>
   </trkpt>
   <trkpt lat="48.74738000000001" lon="-2.94022">
    <ele>65.39</ele>
   </trkpt>
   <trkpt lat="48.747170000000004" lon="-2.9407">
    <ele>66.23</ele>
   </trkpt>
   <trkpt lat="48.746725005325885" lon="-2.941810009839896">
    <ele>68.46000000000001</ele>
   </trkpt>
   <trkpt lat="48.746280000000006" lon="-2.9429200000000004">
    <ele>69.24000000000001</ele>
   </trkpt>
   <trkpt lat="48.74613" lon="-2.9432">
    <ele>69.29</ele>
   </trkpt>
   <trkpt lat="48.74604" lon="-2.94334">
    <ele>69.29</ele>
   </trkpt>
   <trkpt lat="48.745830000000005" lon="-2.94354">
    <ele>69.33</ele>
   </trkpt>
   <trkpt lat="48.745740000000005" lon="-2.94361">
    <ele>69.46000000000001</ele>
   </trkpt>
   <trkpt lat="48.74548" lon="-2.94374">
    <ele>69.48</ele>
   </trkpt>
   <trkpt lat="48.74526" lon="-2.94374">
    <ele>69.3</ele>
   </trkpt>
   <trkpt lat="48.7447" lon="-2.9437100000000003">
    <ele>69.23</ele>
   </trkpt>
   <trkpt lat="48.743880000069964" lon="-2.9436949997565245">
    <ele>66.09</ele>
   </trkpt>
   <trkpt lat="48.74306000000001" lon="-2.94368">
    <ele>61.970000000000006</ele>
   </trkpt>
   <trkpt lat="48.74288000000001" lon="-2.94369">
    <ele>62.84</ele>
   </trkpt>
   <trkpt lat="48.74269" lon="-2.94381">
    <ele>64.30000000000001</ele>
   </trkpt>
   <trkpt lat="48.7426" lon="-2.9439100000000002">
    <ele>64.30000000000001</ele>
   </trkpt>
   <trkpt lat="48.742540000000005" lon="-2.94402">
    <ele>65.13000000000001</ele>
   </trkpt>
   <trkpt lat="48.742470000000004" lon="-2.94437">
    <ele>65.89</ele>
   </trkpt>
   <trkpt lat="48.74248" lon="-2.94463">
    <ele>67.75</ele>
   </trkpt>
   <trkpt lat="48.742540000000005" lon="-2.9448200000000004">
    <ele>68.43</ele>
   </trkpt>
   <trkpt lat="48.7426" lon="-2.94491">
    <ele>68.61</ele>
   </trkpt>
   <trkpt lat="48.742900000000006" lon="-2.94525">
    <ele>69.4</ele>
   </trkpt>
   <trkpt lat="48.74311" lon="-2.94552">
    <ele>69.94</ele>
   </trkpt>
   <trkpt lat="48.743320000000004" lon="-2.94591">
    <ele>71.32000000000001</ele>
   </trkpt>
   <trkpt lat="48.743480000000005" lon="-2.9463500000000002">
    <ele>72.06</ele>
   </trkpt>
   <trkpt lat="48.74358" lon="-2.94673">
    <ele>72.25000000000001</ele>
   </trkpt>
   <trkpt lat="48.743590000000005" lon="-2.94707">
    <ele>72.0</ele>
   </trkpt>
   <trkpt lat="48.74356" lon="-2.9473000000000003">
    <ele>71.84</ele>
   </trkpt>
   <trkpt lat="48.74345" lon="-2.9476700000000005">
    <ele>71.19</ele>
   </trkpt>
   <trkpt lat="48.743300000000005" lon="-2.9479100000000003">
    <ele>70.84</ele>
   </trkpt>
   <trkpt lat="48.74290500105412" lon="-2.948435004309848">
    <ele>71.05</ele>
   </trkpt>
   <trkpt lat="48.74251" lon="-2.94896">
    <ele>72.44</ele>
   </trkpt>
   <trkpt lat="48.74241000000001" lon="-2.9491600000000004">
    <ele>72.94</ele>
   </trkpt>
   <trkpt lat="48.742340000000006" lon="-2.9493300000000002">
    <ele>74.03000000000002</ele>
   </trkpt>
   <trkpt lat="48.742230000000006" lon="-2.9498300000000004">
    <ele>75.16</ele>
   </trkpt>
   <trkpt lat="48.74186" lon="-2.9497400000000003">
    <ele>76.16000000000001</ele>
   </trkpt>
   <trkpt lat="48.74152" lon="-2.9498">
    <ele>76.89</ele>
   </trkpt>
   <trkpt lat="48.74089000000001" lon="-2.94998">
    <ele>78.67999999999999</ele>
   </trkpt>
   <trkpt lat="48.74009" lon="-2.95018">
    <ele>78.95</ele>
   </trkpt>
   <trkpt lat="48.739920000000005" lon="-2.95026">
    <ele>78.04</ele>
   </trkpt>
   <trkpt lat="48.739850000000004" lon="-2.95034">
    <ele>77.83000000000001</ele>
   </trkpt>
   <trkpt lat="48.73966" lon="-2.95068">
    <ele>78.31</ele>
   </trkpt>
   <trkpt lat="48.73946" lon="-2.9504">
    <ele>77.92</ele>
   </trkpt>
   <trkpt lat="48.73928" lon="-2.95021">
    <ele>77.14</ele>
   </trkpt>
   <trkpt lat="48.738670000000006" lon="-2.9497400000000003">
    <ele>74.13</ele>
   </trkpt>
   <trkpt lat="48.738490000000006" lon="-2.94964">
    <ele>73.67</ele>
   </trkpt>
   <trkpt lat="48.73823" lon="-2.9495500000000003">
    <ele>72.89000000000001</ele>
   </trkpt>
   <trkpt lat="48.73765" lon="-2.94919">
    <ele>73.25000000000001</ele>
   </trkpt>
   <trkpt lat="48.73695500128253" lon="-2.9488749869327755">
    <ele>73.69</ele>
   </trkpt>
   <trkpt lat="48.736260001706476" lon="-2.948559982575724">
    <ele>74.37</ele>
   </trkpt>
   <trkpt lat="48.735565001271866" lon="-2.948244986928402">
    <ele>75.17</ele>
   </trkpt>
   <trkpt lat="48.73487" lon="-2.9479300000000004">
    <ele>74.85</ele>
   </trkpt>
   <trkpt lat="48.734910000000006" lon="-2.94761">
    <ele>74.46000000000001</ele>
   </trkpt>
   <trkpt lat="48.7350733425653" lon="-2.9465766734257506">
    <ele>73.98</ele>
   </trkpt>
   <trkpt lat="48.73523667589161" lon="-2.945543340136945">
    <ele>72.91</ele>
   </trkpt>
   <trkpt lat="48.735400000000006" lon="-2.94451">
    <ele>72.11</ele>
   </trkpt>
   <trkpt lat="48.73547000000001" lon="-2.94429">
    <ele>71.94</ele>
   </trkpt>
   <trkpt lat="48.735620000000004" lon="-2.94404">
    <ele>71.66</ele>
   </trkpt>
   <trkpt lat="48.736230000000006" lon="-2.9432600000000004">
    <ele>70.13000000000001</ele>
   </trkpt>
   <trkpt lat="48.73683250871784" lon="-2.9424400294960407">
    <ele>70.06000000000002</ele>
   </trkpt>
   <trkpt lat="48.737435011617976" lon="-2.9416200393366414">
    <ele>70.08</ele>
   </trkpt>
   <trkpt lat="48.73803750870019" lon="-2.9408000295211028">
    <ele>68.44</ele>
   </trkpt>
   <trkpt lat="48.738640000000004" lon="-2.9399800000000003">
    <ele>68.62</ele>
   </trkpt>
   <trkpt lat="48.738730000000004" lon="-2.93983">
    <ele>68.62</ele>
   </trkpt>
   <trkpt lat="48.73879" lon="-2.93968">
    <ele>69.56</ele>
   </trkpt>
   <trkpt lat="48.738820000000004" lon="-2.9395300000000004">
    <ele>69.56</ele>
   </trkpt>
   <trkpt lat="48.73884" lon="-2.9393300000000004">
    <ele>70.4</ele>
   </trkpt>
   <trkpt lat="48.73883000000001" lon="-2.93915">
    <ele>71.41</ele>
   </trkpt>
   <trkpt lat="48.73877" lon="-2.93886">
    <ele>72.19</ele>
   </trkpt>
   <trkpt lat="48.73830000410682" lon="-2.937889991005417">
    <ele>73.32000000000001</ele>
   </trkpt>
   <trkpt lat="48.73783" lon="-2.93692">
    <ele>73.26</ele>
   </trkpt>
   <trkpt lat="48.737660000000005" lon="-2.93669">
    <ele>73.35000000000001</ele>
   </trkpt>
   <trkpt lat="48.73752" lon="-2.93658">
    <ele>73.50000000000001</ele>
   </trkpt>
   <trkpt lat="48.737350000000006" lon="-2.9365200000000002">
    <ele>73.87</ele>
   </trkpt>
   <trkpt lat="48.73722" lon="-2.9365500000000004">
    <ele>74.63</ele>
   </trkpt>
   <trkpt lat="48.73689" lon="-2.9366600000000003">
    <ele>75.2</ele>
   </trkpt>
   <trkpt lat="48.73623400399763" lon="-2.9371400250464808">
    <ele>75.29</ele>
   </trkpt>
   <trkpt lat="48.73557800600156" lon="-2.9376200375653294">
    <ele>71.35000000000001</ele>
   </trkpt>
   <trkpt lat="48.73492200601189" lon="-2.9381000375571213">
    <ele>66.08</ele>
   </trkpt>
   <trkpt lat="48.734266004028726" lon="-2.938580025022438">
    <ele>65.29</ele>
   </trkpt>
   <trkpt lat="48.733610000000006" lon="-2.9390600000000004">
    <ele>69.31</ele>
   </trkpt>
   <trkpt lat="48.732800000000005" lon="-2.93963">
    <ele>66.37</ele>
   </trkpt>
   <trkpt lat="48.73263000000001" lon="-2.93974">
    <ele>66.95</ele>
   </trkpt>
   <trkpt lat="48.73216000000001" lon="-2.9398400000000002">
    <ele>68.52000000000001</ele>
   </trkpt>
   <trkpt lat="48.73199" lon="-2.9399">
    <ele>69.94</ele>
   </trkpt>
   <trkpt lat="48.73183" lon="-2.94004">
    <ele>70.58</ele>
   </trkpt>
   <trkpt lat="48.73178" lon="-2.9401">
    <ele>70.91</ele>
   </trkpt>
   <trkpt lat="48.731660000000005" lon="-2.94035">
    <ele>71.49000000000001</ele>
   </trkpt>
   <trkpt lat="48.731355004313464" lon="-2.941350006108355">
    <ele>72.36</ele>
   </trkpt>
   <trkpt lat="48.73105" lon="-2.9423500000000002">
    <ele>71.35000000000001</ele>
   </trkpt>
   <trkpt lat="48.731" lon="-2.94267">
    <ele>69.63000000000001</ele>
   </trkpt>
   <trkpt lat="48.73098" lon="-2.94314">
    <ele>67.17</ele>
   </trkpt>
   <trkpt lat="48.73095000000001" lon="-2.94334">
    <ele>65.30000000000001</ele>
   </trkpt>
   <trkpt lat="48.73087" lon="-2.94356">
    <ele>64.34</ele>
   </trkpt>
   <trkpt lat="48.730700000000006" lon="-2.9437800000000003">
    <ele>63.18</ele>
   </trkpt>
   <trkpt lat="48.73057000000001" lon="-2.94388">
    <ele>62.410000000000004</ele>
   </trkpt>
   <trkpt lat="48.7304" lon="-2.94388">
    <ele>62.27</ele>
   </trkpt>
   <trkpt lat="48.729780000000005" lon="-2.94368">
    <ele>65.18</ele>
   </trkpt>
   <trkpt lat="48.72963000000001" lon="-2.9437">
    <ele>65.94</ele>
   </trkpt>
   <trkpt lat="48.729510000000005" lon="-2.94381">
    <ele>66.49000000000001</ele>
   </trkpt>
   <trkpt lat="48.729380000000006" lon="-2.9439800000000003">
    <ele>68.03</ele>
   </trkpt>
   <trkpt lat="48.72898000000001" lon="-2.9449">
    <ele>72.44</ele>
   </trkpt>
   <trkpt lat="48.72894" lon="-2.94504">
    <ele>72.62</ele>
   </trkpt>
   <trkpt lat="48.728950000000005" lon="-2.94517">
    <ele>72.71000000000001</ele>
   </trkpt>
   <trkpt lat="48.728970000000004" lon="-2.94524">
    <ele>72.62</ele>
   </trkpt>
   <trkpt lat="48.729040000000005" lon="-2.9453">
    <ele>72.54</ele>
   </trkpt>
   <trkpt lat="48.729670000000006" lon="-2.9455400000000003">
    <ele>67.91000000000001</ele>
   </trkpt>
   <trkpt lat="48.730500000000006" lon="-2.9458900000000003">
    <ele>64.28</ele>
   </trkpt>
   <trkpt lat="48.73042" lon="-2.94621">
    <ele>63.07</ele>
   </trkpt>
   <trkpt lat="48.73033" lon="-2.9462800000000002">
    <ele>62.00000000000001</ele>
   </trkpt>
   <trkpt lat="48.73004" lon="-2.94632">
    <ele>58.870000000000005</ele>
   </trkpt>
   <trkpt lat="48.72995" lon="-2.9463800000000004">
    <ele>57.620000000000005</ele>
   </trkpt>
   <trkpt lat="48.72986" lon="-2.94646">
    <ele>54.32000000000001</ele>
   </trkpt>
   <trkpt lat="48.72975" lon="-2.9467200000000005">
    <ele>51.760000000000005</ele>
   </trkpt>
   <trkpt lat="48.72957000204243" lon="-2.947405002405024">
    <ele>47.07</ele>
   </trkpt>
   <trkpt lat="48.72939" lon="-2.94809">
    <ele>40.14</ele>
   </trkpt>
   <trkpt lat="48.729380000000006" lon="-2.94824">
    <ele>39.43</ele>
   </trkpt>
   <trkpt lat="48.729400000000005" lon="-2.9485500000000004">
    <ele>34.88</ele>
   </trkpt>
   <trkpt lat="48.729490000000006" lon="-2.94903">
    <ele>30.640000000000004</ele>
   </trkpt>
   <trkpt lat="48.729490000000006" lon="-2.94924">
    <ele>28.040000000000003</ele>
   </trkpt>
   <trkpt lat="48.729400000000005" lon="-2.94958">
    <ele>24.96</ele>
   </trkpt>
   <trkpt lat="48.72923" lon="-2.95005">
    <ele>19.4</ele>
   </trkpt>
   <trkpt lat="48.729220000000005" lon="-2.9500900000000003">
    <ele>19.4</ele>
   </trkpt>
   <trkpt lat="48.729240000000004" lon="-2.95019">
    <ele>18.97</ele>
   </trkpt>
   <trkpt lat="48.729330000000004" lon="-2.95046">
    <ele>18.910000000000004</ele>
   </trkpt>
   <trkpt lat="48.729350000000004" lon="-2.95059">
    <ele>19.1</ele>
   </trkpt>
   <trkpt lat="48.729330000000004" lon="-2.9506200000000002">
    <ele>19.1</ele>
   </trkpt>
   <trkpt lat="48.72912" lon="-2.95046">
    <ele>17.1</ele>
   </trkpt>
   <trkpt lat="48.7289" lon="-2.95039">
    <ele>14.470000000000002</ele>
   </trkpt>
   <trkpt lat="48.72874" lon="-2.95039">
    <ele>14.470000000000002</ele>
   </trkpt>
   <trkpt lat="48.728390000000005" lon="-2.9504900000000003">
    <ele>11.9</ele>
   </trkpt>
   <trkpt lat="48.72798" lon="-2.95046">
    <ele>10.120000000000001</ele>
   </trkpt>
   <trkpt lat="48.72766000000001" lon="-2.95039">
    <ele>9.860000000000001</ele>
   </trkpt>
   <trkpt lat="48.7274950021693" lon="-2.951100002379792">
    <ele>10.100000000000001</ele>
   </trkpt>
   <trkpt lat="48.72733" lon="-2.95181">
    <ele>10.92</ele>
   </trkpt>
   <trkpt lat="48.72707500334931" lon="-2.95268500431047">
    <ele>11.9</ele>
   </trkpt>
   <trkpt lat="48.726820000000004" lon="-2.9535600000000004">
    <ele>12.74</ele>
   </trkpt>
   <trkpt lat="48.72663000000001" lon="-2.9543800000000005">
    <ele>13.64</ele>
   </trkpt>
   <trkpt lat="48.72655" lon="-2.95502">
    <ele>13.91</ele>
   </trkpt>
   <trkpt lat="48.726560000000006" lon="-2.9557">
    <ele>14.22</ele>
   </trkpt>
   <trkpt lat="48.72654000000001" lon="-2.9562100000000004">
    <ele>14.39</ele>
   </trkpt>
   <trkpt lat="48.726510000000005" lon="-2.95643">
    <ele>14.600000000000001</ele>
   </trkpt>
   <trkpt lat="48.726310000000005" lon="-2.95697">
    <ele>15.690000000000003</ele>
   </trkpt>
   <trkpt lat="48.726060000000004" lon="-2.95746">
    <ele>17.820000000000004</ele>
   </trkpt>
   <trkpt lat="48.72579" lon="-2.95784">
    <ele>19.040000000000003</ele>
   </trkpt>
   <trkpt lat="48.725460000000005" lon="-2.95819">
    <ele>20.900000000000002</ele>
   </trkpt>
   <trkpt lat="48.72496" lon="-2.95868">
    <ele>22.54</ele>
   </trkpt>
   <trkpt lat="48.72473" lon="-2.95886">
    <ele>22.860000000000003</ele>
   </trkpt>
   <trkpt lat="48.724500000000006" lon="-2.9589900000000005">
    <ele>23.160000000000004</ele>
   </trkpt>
   <trkpt lat="48.723710000000004" lon="-2.95927">
    <ele>25.7</ele>
   </trkpt>
   <trkpt lat="48.72348" lon="-2.9594600000000004">
    <ele>27.1</ele>
   </trkpt>
   <trkpt lat="48.72307000099957" lon="-2.9599500040413433">
    <ele>28.580000000000002</ele>
   </trkpt>
   <trkpt lat="48.722660000000005" lon="-2.96044">
    <ele>30.410000000000004</ele>
   </trkpt>
   <trkpt lat="48.72225000163222" lon="-2.9610550050195825">
    <ele>31.720000000000006</ele>
   </trkpt>
   <trkpt lat="48.72184000000001" lon="-2.9616700000000002">
    <ele>32.440000000000005</ele>
   </trkpt>
   <trkpt lat="48.72124" lon="-2.9623500000000003">
    <ele>32.67</ele>
   </trkpt>
   <trkpt lat="48.720960000000005" lon="-2.9626500000000004">
    <ele>32.93</ele>
   </trkpt>
   <trkpt lat="48.720220000000005" lon="-2.96328">
    <ele>36.06</ele>
   </trkpt>
   <trkpt lat="48.719805001082904" lon="-2.9637550037968143">
    <ele>40.290000000000006</ele>
   </trkpt>
   <trkpt lat="48.719390000000004" lon="-2.96423">
    <ele>41.410000000000004</ele>
   </trkpt>
   <trkpt lat="48.71902" lon="-2.96457">
    <ele>41.620000000000005</ele>
   </trkpt>
   <trkpt lat="48.7186" lon="-2.96483">
    <ele>41.870000000000005</ele>
   </trkpt>
   <trkpt lat="48.71838" lon="-2.96485">
    <ele>42.260000000000005</ele>
   </trkpt>
   <trkpt lat="48.718090000000004" lon="-2.9648600000000003">
    <ele>42.68</ele>
   </trkpt>
   <trkpt lat="48.717800000000004" lon="-2.96489">
    <ele>43.88</ele>
   </trkpt>
   <trkpt lat="48.717600000000004" lon="-2.96496">
    <ele>45.15</ele>
   </trkpt>
   <trkpt lat="48.71706000035621" lon="-2.9652000025287157">
    <ele>45.300000000000004</ele>
   </trkpt>
   <trkpt lat="48.71652" lon="-2.96544">
    <ele>44.910000000000004</ele>
   </trkpt>
   <trkpt lat="48.71616" lon="-2.96564">
    <ele>46.11000000000001</ele>
   </trkpt>
   <trkpt lat="48.716010000000004" lon="-2.9656000000000002">
    <ele>46.470000000000006</ele>
   </trkpt>
   <trkpt lat="48.71564" lon="-2.9654000000000003">
    <ele>48.84</ele>
   </trkpt>
   <trkpt lat="48.71548000000001" lon="-2.9652900000000004">
    <ele>49.49</ele>
   </trkpt>
   <trkpt lat="48.71515" lon="-2.96484">
    <ele>53.730000000000004</ele>
   </trkpt>
   <trkpt lat="48.715030000000006" lon="-2.9647200000000002">
    <ele>55.120000000000005</ele>
   </trkpt>
   <trkpt lat="48.714780000000005" lon="-2.96456">
    <ele>56.89</ele>
   </trkpt>
   <trkpt lat="48.7145" lon="-2.9644500000000003">
    <ele>58.28</ele>
   </trkpt>
   <trkpt lat="48.714180000000006" lon="-2.96451">
    <ele>58.53</ele>
   </trkpt>
   <trkpt lat="48.71407000000001" lon="-2.96451">
    <ele>58.620000000000005</ele>
   </trkpt>
   <trkpt lat="48.71383" lon="-2.96437">
    <ele>58.980000000000004</ele>
   </trkpt>
   <trkpt lat="48.713770000000004" lon="-2.96429">
    <ele>59.190000000000005</ele>
   </trkpt>
   <trkpt lat="48.713820000000005" lon="-2.9642100000000005">
    <ele>59.35000000000001</ele>
   </trkpt>
   <trkpt lat="48.713860000000004" lon="-2.96409">
    <ele>59.95</ele>
   </trkpt>
   <trkpt lat="48.713860000000004" lon="-2.9639800000000003">
    <ele>59.95</ele>
   </trkpt>
   <trkpt lat="48.713750000000005" lon="-2.96375">
    <ele>60.97</ele>
   </trkpt>
   <trkpt lat="48.71369000000001" lon="-2.9635200000000004">
    <ele>62.42</ele>
   </trkpt>
   <trkpt lat="48.71369000000001" lon="-2.96321">
    <ele>63.660000000000004</ele>
   </trkpt>
   <trkpt lat="48.71374" lon="-2.96239">
    <ele>67.48</ele>
   </trkpt>
   <trkpt lat="48.71379" lon="-2.96198">
    <ele>70.3</ele>
   </trkpt>
   <trkpt lat="48.713910000000006" lon="-2.9615">
    <ele>73.47000000000001</ele>
   </trkpt>
   <trkpt lat="48.71397" lon="-2.96132">
    <ele>75.25000000000001</ele>
   </trkpt>
   <trkpt lat="48.71414" lon="-2.9610100000000004">
    <ele>77.34</ele>
   </trkpt>
   <trkpt lat="48.71419" lon="-2.96069">
    <ele>78.52000000000001</ele>
   </trkpt>
   <trkpt lat="48.71421" lon="-2.96036">
    <ele>78.86</ele>
   </trkpt>
   <trkpt lat="48.71397" lon="-2.95906">
    <ele>81.09</ele>
   </trkpt>
   <trkpt lat="48.713930000000005" lon="-2.9589600000000003">
    <ele>82.4</ele>
   </trkpt>
   <trkpt lat="48.71374" lon="-2.95873">
    <ele>83.38000000000001</ele>
   </trkpt>
   <trkpt lat="48.713640000000005" lon="-2.9585800000000004">
    <ele>83.38000000000001</ele>
   </trkpt>
   <trkpt lat="48.713570000000004" lon="-2.9583500000000003">
    <ele>84.65</ele>
   </trkpt>
   <trkpt lat="48.713530000000006" lon="-2.95813">
    <ele>85.18</ele>
   </trkpt>
   <trkpt lat="48.71345" lon="-2.95739">
    <ele>86.21000000000001</ele>
   </trkpt>
   <trkpt lat="48.713330000000006" lon="-2.95738">
    <ele>86.14</ele>
   </trkpt>
   <trkpt lat="48.713260000000005" lon="-2.9571500000000004">
    <ele>86.08</ele>
   </trkpt>
   <trkpt lat="48.713150000000006" lon="-2.9566600000000003">
    <ele>86.11</ele>
   </trkpt>
   <trkpt lat="48.713060000000006" lon="-2.9564100000000004">
    <ele>86.13000000000001</ele>
   </trkpt>
   <trkpt lat="48.712970000000006" lon="-2.95622">
    <ele>86.27000000000001</ele>
   </trkpt>
   <trkpt lat="48.71278" lon="-2.95588">
    <ele>86.27000000000001</ele>
   </trkpt>
   <trkpt lat="48.71241500096656" lon="-2.9554549971322857">
    <ele>86.49000000000001</ele>
   </trkpt>
   <trkpt lat="48.712050000000005" lon="-2.9550300000000003">
    <ele>87.14</ele>
   </trkpt>
   <trkpt lat="48.71122500021351" lon="-2.954854997147793">
    <ele>87.88000000000001</ele>
   </trkpt>
   <trkpt lat="48.71040000000001" lon="-2.95468">
    <ele>88.43</ele>
   </trkpt>
   <trkpt lat="48.710150000000006" lon="-2.95461">
    <ele>89.00000000000001</ele>
   </trkpt>
   <trkpt lat="48.70964000000001" lon="-2.9543800000000005">
    <ele>91.06</ele>
   </trkpt>
   <trkpt lat="48.70967" lon="-2.9530700000000003">
    <ele>90.66</ele>
   </trkpt>
   <trkpt lat="48.70966000000001" lon="-2.9524500000000002">
    <ele>90.74</ele>
   </trkpt>
   <trkpt lat="48.70962" lon="-2.95229">
    <ele>90.74</ele>
   </trkpt>
   <trkpt lat="48.70958" lon="-2.95222">
    <ele>90.72000000000001</ele>
   </trkpt>
   <trkpt lat="48.70946000000001" lon="-2.9521">
    <ele>90.73</ele>
   </trkpt>
   <trkpt lat="48.70926" lon="-2.9520500000000003">
    <ele>90.92</ele>
   </trkpt>
   <trkpt lat="48.70917000000001" lon="-2.9519800000000003">
    <ele>90.92</ele>
   </trkpt>
   <trkpt lat="48.70910000000001" lon="-2.95188">
    <ele>91.02</ele>
   </trkpt>
   <trkpt lat="48.70908000000001" lon="-2.9517700000000002">
    <ele>91.02</ele>
   </trkpt>
   <trkpt lat="48.709135007377135" lon="-2.950465001225216">
    <ele>92.2</ele>
   </trkpt>
   <trkpt lat="48.70919000000001" lon="-2.9491600000000004">
    <ele>94.48</ele>
   </trkpt>
   <trkpt lat="48.70917000000001" lon="-2.94877">
    <ele>95.27000000000001</ele>
   </trkpt>
   <trkpt lat="48.70915" lon="-2.9486700000000003">
    <ele>95.27000000000001</ele>
   </trkpt>
   <trkpt lat="48.70955000347295" lon="-2.9477700072258486">
    <ele>95.0</ele>
   </trkpt>
   <trkpt lat="48.709950000000006" lon="-2.94687">
    <ele>93.98</ele>
   </trkpt>
   <trkpt lat="48.710060000000006" lon="-2.9465800000000004">
    <ele>93.93</ele>
   </trkpt>
   <trkpt lat="48.71012" lon="-2.94605">
    <ele>94.39</ele>
   </trkpt>
   <trkpt lat="48.710190000000004" lon="-2.9449300000000003">
    <ele>94.67</ele>
   </trkpt>
   <trkpt lat="48.71029" lon="-2.94403">
    <ele>93.88000000000001</ele>
   </trkpt>
   <trkpt lat="48.71038" lon="-2.94356">
    <ele>93.91000000000001</ele>
   </trkpt>
   <trkpt lat="48.71052" lon="-2.9430500000000004">
    <ele>93.67</ele>
   </trkpt>
   <trkpt lat="48.710770000000004" lon="-2.94233">
    <ele>93.61000000000001</ele>
   </trkpt>
   <trkpt lat="48.711060001962245" lon="-2.941645004108675">
    <ele>93.54</ele>
   </trkpt>
   <trkpt lat="48.71135" lon="-2.94096">
    <ele>90.93</ele>
   </trkpt>
   <trkpt lat="48.711600000000004" lon="-2.9399100000000002">
    <ele>89.4</ele>
   </trkpt>
   <trkpt lat="48.711600000000004" lon="-2.9399">
    <ele>89.39000000000001</ele>
   </trkpt>
   <trkpt lat="48.71115" lon="-2.93974">
    <ele>89.59</ele>
   </trkpt>
   <trkpt lat="48.71058000000001" lon="-2.9393300000000004">
    <ele>90.99</ele>
   </trkpt>
   <trkpt lat="48.71029" lon="-2.93916">
    <ele>91.75000000000001</ele>
   </trkpt>
   <trkpt lat="48.70975000000001" lon="-2.9389700000000003">
    <ele>93.01</ele>
   </trkpt>
   <trkpt lat="48.709450000000004" lon="-2.9388">
    <ele>92.91000000000001</ele>
   </trkpt>
   <trkpt lat="48.70908000000001" lon="-2.93852">
    <ele>92.41000000000001</ele>
   </trkpt>
   <trkpt lat="48.70868" lon="-2.93819">
    <ele>91.75000000000001</ele>
   </trkpt>
   <trkpt lat="48.7083" lon="-2.93798">
    <ele>90.02</ele>
   </trkpt>
   <trkpt lat="48.70765" lon="-2.93766">
    <ele>87.92000000000002</ele>
   </trkpt>
   <trkpt lat="48.70720000000001" lon="-2.93738">
    <ele>86.45000000000002</ele>
   </trkpt>
   <trkpt lat="48.706585000775355" lon="-2.9369399945782457">
    <ele>85.94</ele>
   </trkpt>
   <trkpt lat="48.70597" lon="-2.9365">
    <ele>84.48000000000002</ele>
   </trkpt>
   <trkpt lat="48.70552000000001" lon="-2.93617">
    <ele>83.59</ele>
   </trkpt>
   <trkpt lat="48.70544" lon="-2.93608">
    <ele>83.30000000000001</ele>
   </trkpt>
   <trkpt lat="48.705270000000006" lon="-2.93583">
    <ele>83.14</ele>
   </trkpt>
   <trkpt lat="48.70506" lon="-2.9356600000000004">
    <ele>82.89</ele>
   </trkpt>
   <trkpt lat="48.704600000000006" lon="-2.93541">
    <ele>82.56</ele>
   </trkpt>
   <trkpt lat="48.70449000000001" lon="-2.93529">
    <ele>82.43</ele>
   </trkpt>
   <trkpt lat="48.703950000000006" lon="-2.9349200000000004">
    <ele>78.56</ele>
   </trkpt>
   <trkpt lat="48.70384000000001" lon="-2.9348300000000003">
    <ele>78.48</ele>
   </trkpt>
   <trkpt lat="48.70362" lon="-2.93459">
    <ele>78.47000000000001</ele>
   </trkpt>
   <trkpt lat="48.703210000000006" lon="-2.93393">
    <ele>80.74000000000001</ele>
   </trkpt>
   <trkpt lat="48.70291" lon="-2.93364">
    <ele>81.24000000000001</ele>
   </trkpt>
   <trkpt lat="48.7025" lon="-2.9334100000000003">
    <ele>82.15</ele>
   </trkpt>
   <trkpt lat="48.702420000000004" lon="-2.93331">
    <ele>82.13000000000001</ele>
   </trkpt>
   <trkpt lat="48.70237" lon="-2.93318">
    <ele>82.09</ele>
   </trkpt>
   <trkpt lat="48.702310000000004" lon="-2.93292">
    <ele>81.85000000000001</ele>
   </trkpt>
   <trkpt lat="48.70224" lon="-2.93222">
    <ele>80.63000000000001</ele>
   </trkpt>
   <trkpt lat="48.70214000000001" lon="-2.93161">
    <ele>78.94000000000001</ele>
   </trkpt>
   <trkpt lat="48.702000000000005" lon="-2.93114">
    <ele>77.49</ele>
   </trkpt>
   <trkpt lat="48.7019" lon="-2.93093">
    <ele>76.94000000000001</ele>
   </trkpt>
   <trkpt lat="48.7017" lon="-2.9307200000000004">
    <ele>76.38</ele>
   </trkpt>
   <trkpt lat="48.70141" lon="-2.93055">
    <ele>77.43</ele>
   </trkpt>
   <trkpt lat="48.70129000000001" lon="-2.9304500000000004">
    <ele>78.69000000000001</ele>
   </trkpt>
   <trkpt lat="48.70118" lon="-2.93026">
    <ele>79.26</ele>
   </trkpt>
   <trkpt lat="48.701100000000004" lon="-2.92992">
    <ele>78.28</ele>
   </trkpt>
   <trkpt lat="48.701" lon="-2.9290700000000003">
    <ele>77.01</ele>
   </trkpt>
   <trkpt lat="48.700970000000005" lon="-2.92892">
    <ele>76.54</ele>
   </trkpt>
   <trkpt lat="48.70078" lon="-2.92836">
    <ele>75.6</ele>
   </trkpt>
   <trkpt lat="48.700720000000004" lon="-2.92802">
    <ele>74.25000000000001</ele>
   </trkpt>
   <trkpt lat="48.70073000000001" lon="-2.92789">
    <ele>74.25000000000001</ele>
   </trkpt>
   <trkpt lat="48.700790000000005" lon="-2.92769">
    <ele>73.94</ele>
   </trkpt>
   <trkpt lat="48.700950000000006" lon="-2.92741">
    <ele>72.78000000000002</ele>
   </trkpt>
   <trkpt lat="48.700990000000004" lon="-2.92728">
    <ele>72.78000000000002</ele>
   </trkpt>
   <trkpt lat="48.70102000000001" lon="-2.9270600000000004">
    <ele>72.37</ele>
   </trkpt>
   <trkpt lat="48.701" lon="-2.92674">
    <ele>71.17000000000002</ele>
   </trkpt>
   <trkpt lat="48.70087" lon="-2.92639">
    <ele>70.7</ele>
   </trkpt>
   <trkpt lat="48.70065" lon="-2.92594">
    <ele>69.78</ele>
   </trkpt>
   <trkpt lat="48.700570000000006" lon="-2.9257400000000002">
    <ele>69.52000000000001</ele>
   </trkpt>
   <trkpt lat="48.70028000000001" lon="-2.9249">
    <ele>69.33</ele>
   </trkpt>
   <trkpt lat="48.70027" lon="-2.92449">
    <ele>69.33</ele>
   </trkpt>
   <trkpt lat="48.70046000000001" lon="-2.9236600000000004">
    <ele>69.86</ele>
   </trkpt>
   <trkpt lat="48.70036" lon="-2.92363">
    <ele>70.05</ele>
   </trkpt>
   <trkpt lat="48.70046000000001" lon="-2.9236600000000004">
    <ele>69.86</ele>
   </trkpt>
   <trkpt lat="48.70074" lon="-2.92368">
    <ele>69.91</ele>
   </trkpt>
   <trkpt lat="48.701260000000005" lon="-2.9237400000000004">
    <ele>71.38</ele>
   </trkpt>
   <trkpt lat="48.70140000000001" lon="-2.92335">
    <ele>71.56000000000002</ele>
   </trkpt>
   <trkpt lat="48.701510000000006" lon="-2.92274">
    <ele>71.85000000000001</ele>
   </trkpt>
   <trkpt lat="48.7015" lon="-2.92246">
    <ele>72.23</ele>
   </trkpt>
   <trkpt lat="48.70141" lon="-2.92165">
    <ele>73.87</ele>
   </trkpt>
   <trkpt lat="48.70138000000001" lon="-2.92153">
    <ele>73.87</ele>
   </trkpt>
   <trkpt lat="48.70099000341552" lon="-2.920639993076941">
    <ele>75.58000000000001</ele>
   </trkpt>
   <trkpt lat="48.7006" lon="-2.91975">
    <ele>75.6</ele>
   </trkpt>
   <trkpt lat="48.70055000000001" lon="-2.9197800000000003">
    <ele>75.6</ele>
   </trkpt>
   <trkpt lat="48.70049" lon="-2.9197800000000003">
    <ele>75.16</ele>
   </trkpt>
   <trkpt lat="48.700190000000006" lon="-2.91968">
    <ele>74.73</ele>
   </trkpt>
   <trkpt lat="48.699960000000004" lon="-2.9197">
    <ele>74.86000000000001</ele>
   </trkpt>
   <trkpt lat="48.699850000000005" lon="-2.91975">
    <ele>75.14000000000001</ele>
   </trkpt>
   <trkpt lat="48.699760000000005" lon="-2.9199100000000002">
    <ele>75.25000000000001</ele>
   </trkpt>
   <trkpt lat="48.69970000000001" lon="-2.9202500000000002">
    <ele>75.45</ele>
   </trkpt>
   <trkpt lat="48.699630000000006" lon="-2.9204200000000005">
    <ele>75.55000000000001</ele>
   </trkpt>
   <trkpt lat="48.69946" lon="-2.92058">
    <ele>75.78</ele>
   </trkpt>
   <trkpt lat="48.69933" lon="-2.9206800000000004">
    <ele>76.37</ele>
   </trkpt>
   <trkpt lat="48.69914000000001" lon="-2.92076">
    <ele>76.59</ele>
   </trkpt>
   <trkpt lat="48.69901" lon="-2.9208000000000003">
    <ele>76.99</ele>
   </trkpt>
   <trkpt lat="48.69885000000001" lon="-2.9209">
    <ele>77.43</ele>
   </trkpt>
   <trkpt lat="48.698530000000005" lon="-2.92097">
    <ele>78.76</ele>
   </trkpt>
   <trkpt lat="48.6979000000511" lon="-2.920975000062171">
    <ele>81.0</ele>
   </trkpt>
   <trkpt lat="48.69727" lon="-2.92098">
    <ele>83.38000000000001</ele>
   </trkpt>
   <trkpt lat="48.69713" lon="-2.9210300000000005">
    <ele>83.57000000000001</ele>
   </trkpt>
   <trkpt lat="48.697" lon="-2.92097">
    <ele>83.68</ele>
   </trkpt>
   <trkpt lat="48.69684" lon="-2.9209300000000002">
    <ele>83.68</ele>
   </trkpt>
   <trkpt lat="48.69642" lon="-2.92097">
    <ele>83.85000000000001</ele>
   </trkpt>
   <trkpt lat="48.696020000000004" lon="-2.92097">
    <ele>84.92</ele>
   </trkpt>
   <trkpt lat="48.69536500017918" lon="-2.9210050004460775">
    <ele>86.52000000000001</ele>
   </trkpt>
   <trkpt lat="48.69471" lon="-2.92104">
    <ele>88.65</ele>
   </trkpt>
   <trkpt lat="48.694570000000006" lon="-2.9209">
    <ele>88.78000000000002</ele>
   </trkpt>
   <trkpt lat="48.694390000000006" lon="-2.9204200000000005">
    <ele>88.48</ele>
   </trkpt>
   <trkpt lat="48.694125001487016" lon="-2.9198099965058386">
    <ele>88.07000000000001</ele>
   </trkpt>
   <trkpt lat="48.69386" lon="-2.9192">
    <ele>88.18</ele>
   </trkpt>
   <trkpt lat="48.69357" lon="-2.9187900000000004">
    <ele>84.99000000000001</ele>
   </trkpt>
   <trkpt lat="48.69352000000001" lon="-2.91853">
    <ele>84.23000000000002</ele>
   </trkpt>
   <trkpt lat="48.69359000000001" lon="-2.91806">
    <ele>83.18</ele>
   </trkpt>
   <trkpt lat="48.69352000000001" lon="-2.9178">
    <ele>84.0</ele>
   </trkpt>
   <trkpt lat="48.69292" lon="-2.91697">
    <ele>87.81000000000002</ele>
   </trkpt>
   <trkpt lat="48.69286" lon="-2.91683">
    <ele>87.97</ele>
   </trkpt>
   <trkpt lat="48.69272" lon="-2.9162500000000002">
    <ele>87.97</ele>
   </trkpt>
   <trkpt lat="48.69265" lon="-2.91611">
    <ele>87.91</ele>
   </trkpt>
   <trkpt lat="48.69213000383992" lon="-2.915439986102803">
    <ele>88.25000000000001</ele>
   </trkpt>
   <trkpt lat="48.691610003794864" lon="-2.9147699860449583">
    <ele>87.39</ele>
   </trkpt>
   <trkpt lat="48.69109" lon="-2.9141000000000004">
    <ele>86.29</ele>
   </trkpt>
   <trkpt lat="48.69044" lon="-2.9134">
    <ele>87.57000000000001</ele>
   </trkpt>
   <trkpt lat="48.69014000000001" lon="-2.91311">
    <ele>88.43</ele>
   </trkpt>
   <trkpt lat="48.689870000000006" lon="-2.91304">
    <ele>88.87</ele>
   </trkpt>
   <trkpt lat="48.68911000000001" lon="-2.9129400000000003">
    <ele>90.91</ele>
   </trkpt>
   <trkpt lat="48.689020000000006" lon="-2.9128900000000004">
    <ele>91.31</ele>
   </trkpt>
   <trkpt lat="48.68894" lon="-2.91272">
    <ele>91.57000000000001</ele>
   </trkpt>
   <trkpt lat="48.68892" lon="-2.9125300000000003">
    <ele>91.9</ele>
   </trkpt>
   <trkpt lat="48.688930000000006" lon="-2.91204">
    <ele>92.99</ele>
   </trkpt>
   <trkpt lat="48.68900000000001" lon="-2.91148">
    <ele>94.09</ele>
   </trkpt>
   <trkpt lat="48.68898" lon="-2.91127">
    <ele>94.58000000000001</ele>
   </trkpt>
   <trkpt lat="48.68894" lon="-2.9111300000000004">
    <ele>94.58000000000001</ele>
   </trkpt>
   <trkpt lat="48.688660000000006" lon="-2.9104">
    <ele>97.17</ele>
   </trkpt>
   <trkpt lat="48.68862000000001" lon="-2.91035">
    <ele>97.17</ele>
   </trkpt>
   <trkpt lat="48.68869" lon="-2.9102">
    <ele>97.28</ele>
   </trkpt>
   <trkpt lat="48.689130000000006" lon="-2.9095400000000002">
    <ele>98.31</ele>
   </trkpt>
   <trkpt lat="48.68923" lon="-2.9094200000000003">
    <ele>98.53</ele>
   </trkpt>
   <trkpt lat="48.689240000000005" lon="-2.90931">
    <ele>98.79</ele>
   </trkpt>
   <trkpt lat="48.68957" lon="-2.90851">
    <ele>101.32000000000001</ele>
   </trkpt>
   <trkpt lat="48.6899" lon="-2.90757">
    <ele>104.3</ele>
   </trkpt>
   <trkpt lat="48.69005000000001" lon="-2.9072400000000003">
    <ele>105.06000000000002</ele>
   </trkpt>
   <trkpt lat="48.69012000000001" lon="-2.9071900000000004">
    <ele>105.06000000000002</ele>
   </trkpt>
   <trkpt lat="48.69026" lon="-2.90714">
    <ele>105.15</ele>
   </trkpt>
   <trkpt lat="48.69059000000001" lon="-2.90707">
    <ele>104.29</ele>
   </trkpt>
   <trkpt lat="48.69075" lon="-2.90701">
    <ele>102.51</ele>
   </trkpt>
   <trkpt lat="48.69097000000001" lon="-2.90674">
    <ele>100.27000000000001</ele>
   </trkpt>
   <trkpt lat="48.69122" lon="-2.9063600000000003">
    <ele>99.63000000000001</ele>
   </trkpt>
   <trkpt lat="48.69138" lon="-2.90601">
    <ele>99.01000000000002</ele>
   </trkpt>
   <trkpt lat="48.69142" lon="-2.9059100000000004">
    <ele>98.13000000000001</ele>
   </trkpt>
   <trkpt lat="48.691460000000006" lon="-2.90558">
    <ele>97.53</ele>
   </trkpt>
   <trkpt lat="48.691610000000004" lon="-2.9047600000000005">
    <ele>98.49000000000001</ele>
   </trkpt>
   <trkpt lat="48.69169" lon="-2.9039200000000003">
    <ele>98.80000000000001</ele>
   </trkpt>
   <trkpt lat="48.69178" lon="-2.90282">
    <ele>101.70000000000002</ele>
   </trkpt>
   <trkpt lat="48.69205" lon="-2.90178">
    <ele>100.52000000000001</ele>
   </trkpt>
   <trkpt lat="48.69219000256459" lon="-2.9010000025480047">
    <ele>98.69000000000001</ele>
   </trkpt>
   <trkpt lat="48.692330000000005" lon="-2.90022">
    <ele>98.22</ele>
   </trkpt>
   <trkpt lat="48.69245" lon="-2.8998500000000003">
    <ele>98.17</ele>
   </trkpt>
   <trkpt lat="48.692620000000005" lon="-2.89961">
    <ele>97.92</ele>
   </trkpt>
   <trkpt lat="48.69317" lon="-2.8990400000000003">
    <ele>97.54</ele>
   </trkpt>
   <trkpt lat="48.69375" lon="-2.8984900000000002">
    <ele>96.69000000000001</ele>
   </trkpt>
   <trkpt lat="48.69389" lon="-2.89833">
    <ele>96.69000000000001</ele>
   </trkpt>
   <trkpt lat="48.69409" lon="-2.8980200000000003">
    <ele>96.95</ele>
   </trkpt>
   <trkpt lat="48.69415" lon="-2.8977100000000005">
    <ele>96.84</ele>
   </trkpt>
   <trkpt lat="48.694320000000005" lon="-2.89766">
    <ele>95.71000000000001</ele>
   </trkpt>
   <trkpt lat="48.694840000000006" lon="-2.89744">
    <ele>93.93</ele>
   </trkpt>
   <trkpt lat="48.695150000000005" lon="-2.89725">
    <ele>91.23</ele>
   </trkpt>
   <trkpt lat="48.695510000000006" lon="-2.89697">
    <ele>86.97</ele>
   </trkpt>
   <trkpt lat="48.69577" lon="-2.89671">
    <ele>84.82000000000001</ele>
   </trkpt>
   <trkpt lat="48.69608" lon="-2.8961200000000002">
    <ele>83.34</ele>
   </trkpt>
   <trkpt lat="48.69577" lon="-2.89671">
    <ele>84.82000000000001</ele>
   </trkpt>
   <trkpt lat="48.695510000000006" lon="-2.89697">
    <ele>86.97</ele>
   </trkpt>
   <trkpt lat="48.695150000000005" lon="-2.89725">
    <ele>91.23</ele>
   </trkpt>
   <trkpt lat="48.694840000000006" lon="-2.89744">
    <ele>94.19000000000001</ele>
   </trkpt>
   <trkpt lat="48.694320000000005" lon="-2.89766">
    <ele>95.71000000000001</ele>
   </trkpt>
   <trkpt lat="48.69344" lon="-2.8978800000000002">
    <ele>96.14</ele>
   </trkpt>
   <trkpt lat="48.693090000000005" lon="-2.8979500000000002">
    <ele>95.87</ele>
   </trkpt>
   <trkpt lat="48.692800000000005" lon="-2.8979600000000003">
    <ele>95.4</ele>
   </trkpt>
   <trkpt lat="48.692060000000005" lon="-2.8979100000000004">
    <ele>95.34</ele>
   </trkpt>
   <trkpt lat="48.691950000000006" lon="-2.8975700000000004">
    <ele>94.74000000000001</ele>
   </trkpt>
   <trkpt lat="48.691880000000005" lon="-2.89717">
    <ele>94.4</ele>
   </trkpt>
   <trkpt lat="48.691810000000004" lon="-2.8969">
    <ele>94.12</ele>
   </trkpt>
   <trkpt lat="48.691770000000005" lon="-2.89679">
    <ele>94.12</ele>
   </trkpt>
   <trkpt lat="48.69165" lon="-2.8966800000000004">
    <ele>93.96</ele>
   </trkpt>
   <trkpt lat="48.691680000000005" lon="-2.89659">
    <ele>93.30000000000001</ele>
   </trkpt>
   <trkpt lat="48.69167" lon="-2.89645">
    <ele>93.30000000000001</ele>
   </trkpt>
   <trkpt lat="48.69165" lon="-2.8963200000000002">
    <ele>93.45</ele>
   </trkpt>
   <trkpt lat="48.69156" lon="-2.89616">
    <ele>94.17</ele>
   </trkpt>
   <trkpt lat="48.69135000000001" lon="-2.89602">
    <ele>95.81</ele>
   </trkpt>
   <trkpt lat="48.69131" lon="-2.89597">
    <ele>96.27000000000001</ele>
   </trkpt>
   <trkpt lat="48.69126000000001" lon="-2.8958500000000003">
    <ele>96.60000000000001</ele>
   </trkpt>
   <trkpt lat="48.691190000000006" lon="-2.89557">
    <ele>96.82000000000001</ele>
   </trkpt>
   <trkpt lat="48.69118" lon="-2.89541">
    <ele>97.33000000000001</ele>
   </trkpt>
   <trkpt lat="48.691190000000006" lon="-2.8948300000000002">
    <ele>97.60000000000001</ele>
   </trkpt>
   <trkpt lat="48.691140000000004" lon="-2.8944">
    <ele>97.65</ele>
   </trkpt>
   <trkpt lat="48.69089" lon="-2.8938">
    <ele>97.80000000000001</ele>
   </trkpt>
   <trkpt lat="48.69079000000001" lon="-2.8936900000000003">
    <ele>97.80000000000001</ele>
   </trkpt>
   <trkpt lat="48.69052000000001" lon="-2.8930700000000003">
    <ele>98.09</ele>
   </trkpt>
   <trkpt lat="48.69032000000001" lon="-2.89243">
    <ele>99.48</ele>
   </trkpt>
   <trkpt lat="48.69032000000001" lon="-2.89225">
    <ele>99.64</ele>
   </trkpt>
   <trkpt lat="48.69032000000001" lon="-2.89243">
    <ele>99.48</ele>
   </trkpt>
   <trkpt lat="48.69052000000001" lon="-2.8930700000000003">
    <ele>98.09</ele>
   </trkpt>
   <trkpt lat="48.69079000000001" lon="-2.8936900000000003">
    <ele>97.80000000000001</ele>
   </trkpt>
   <trkpt lat="48.690380000000005" lon="-2.89461">
    <ele>99.06</ele>
   </trkpt>
   <trkpt lat="48.689930000000004" lon="-2.89541">
    <ele>100.34</ele>
   </trkpt>
   <trkpt lat="48.689635001692444" lon="-2.8960250034866926">
    <ele>101.99000000000001</ele>
   </trkpt>
   <trkpt lat="48.68934" lon="-2.89664">
    <ele>103.09000000000002</ele>
   </trkpt>
   <trkpt lat="48.68923" lon="-2.89697">
    <ele>103.41</ele>
   </trkpt>
   <trkpt lat="48.68904000181779" lon="-2.8976250026048618">
    <ele>104.01</ele>
   </trkpt>
   <trkpt lat="48.68885" lon="-2.89828">
    <ele>104.39000000000001</ele>
   </trkpt>
   <trkpt lat="48.688810000000004" lon="-2.89853">
    <ele>104.51</ele>
   </trkpt>
   <trkpt lat="48.688850003051684" lon="-2.8993699992996307">
    <ele>104.83</ele>
   </trkpt>
   <trkpt lat="48.68889" lon="-2.9002100000000004">
    <ele>105.3</ele>
   </trkpt>
   <trkpt lat="48.688930000000006" lon="-2.9003">
    <ele>105.4</ele>
   </trkpt>
   <trkpt lat="48.68889" lon="-2.9004200000000004">
    <ele>105.57000000000001</ele>
   </trkpt>
   <trkpt lat="48.688900000000004" lon="-2.90045">
    <ele>105.57000000000001</ele>
   </trkpt>
   <trkpt lat="48.688930000000006" lon="-2.9004900000000005">
    <ele>105.57000000000001</ele>
   </trkpt>
   <trkpt lat="48.68885" lon="-2.90064">
    <ele>105.57000000000001</ele>
   </trkpt>
   <trkpt lat="48.68826000000001" lon="-2.9013700000000004">
    <ele>105.94</ele>
   </trkpt>
   <trkpt lat="48.68807" lon="-2.9017100000000005">
    <ele>106.33000000000001</ele>
   </trkpt>
   <trkpt lat="48.687650000000005" lon="-2.9025200000000004">
    <ele>106.99000000000001</ele>
   </trkpt>
   <trkpt lat="48.68735" lon="-2.903">
    <ele>107.47000000000001</ele>
   </trkpt>
   <trkpt lat="48.687160000000006" lon="-2.90334">
    <ele>107.66</ele>
   </trkpt>
   <trkpt lat="48.686820000000004" lon="-2.90375">
    <ele>107.73</ele>
   </trkpt>
   <trkpt lat="48.68675" lon="-2.90404">
    <ele>107.73</ele>
   </trkpt>
   <trkpt lat="48.68674000000001" lon="-2.90451">
    <ele>107.67000000000002</ele>
   </trkpt>
   <trkpt lat="48.68679" lon="-2.90499">
    <ele>107.64000000000001</ele>
   </trkpt>
   <trkpt lat="48.686780000000006" lon="-2.90512">
    <ele>107.64000000000001</ele>
   </trkpt>
   <trkpt lat="48.686730000000004" lon="-2.90532">
    <ele>107.64000000000001</ele>
   </trkpt>
   <trkpt lat="48.686490000000006" lon="-2.9056800000000003">
    <ele>107.62</ele>
   </trkpt>
   <trkpt lat="48.686035001193986" lon="-2.906170004260161">
    <ele>107.53000000000002</ele>
   </trkpt>
   <trkpt lat="48.68558" lon="-2.90666">
    <ele>107.69000000000001</ele>
   </trkpt>
   <trkpt lat="48.68545" lon="-2.90682">
    <ele>107.74</ele>
   </trkpt>
   <trkpt lat="48.68525" lon="-2.9071300000000004">
    <ele>107.71000000000001</ele>
   </trkpt>
   <trkpt lat="48.68488500171393" lon="-2.9077700047410127">
    <ele>107.65</ele>
   </trkpt>
   <trkpt lat="48.684520000000006" lon="-2.9084100000000004">
    <ele>107.73</ele>
   </trkpt>
   <trkpt lat="48.68406" lon="-2.9095400000000002">
    <ele>107.91</ele>
   </trkpt>
   <trkpt lat="48.683980000000005" lon="-2.90979">
    <ele>108.10000000000001</ele>
   </trkpt>
   <trkpt lat="48.683820000000004" lon="-2.91055">
    <ele>108.01</ele>
   </trkpt>
   <trkpt lat="48.683780000000006" lon="-2.91068">
    <ele>107.72000000000001</ele>
   </trkpt>
   <trkpt lat="48.68372" lon="-2.91081">
    <ele>107.72000000000001</ele>
   </trkpt>
   <trkpt lat="48.68343" lon="-2.91129">
    <ele>107.3</ele>
   </trkpt>
   <trkpt lat="48.6831" lon="-2.91177">
    <ele>107.17000000000002</ele>
   </trkpt>
   <trkpt lat="48.682840000000006" lon="-2.9122700000000004">
    <ele>107.00000000000001</ele>
   </trkpt>
   <trkpt lat="48.682610000000004" lon="-2.91283">
    <ele>106.89000000000001</ele>
   </trkpt>
   <trkpt lat="48.682410002672874" lon="-2.9136100029407817">
    <ele>106.62</ele>
   </trkpt>
   <trkpt lat="48.682210000000005" lon="-2.91439">
    <ele>106.59</ele>
   </trkpt>
   <trkpt lat="48.68191" lon="-2.9154600000000004">
    <ele>106.50000000000001</ele>
   </trkpt>
   <trkpt lat="48.681830000000005" lon="-2.91588">
    <ele>106.45</ele>
   </trkpt>
   <trkpt lat="48.68172500345931" lon="-2.9167750019254326">
    <ele>106.24000000000001</ele>
   </trkpt>
   <trkpt lat="48.68162" lon="-2.91767">
    <ele>106.24000000000001</ele>
   </trkpt>
   <trkpt lat="48.68148" lon="-2.9180900000000003">
    <ele>106.24000000000001</ele>
   </trkpt>
   <trkpt lat="48.68135" lon="-2.91841">
    <ele>106.12</ele>
   </trkpt>
   <trkpt lat="48.680910000000004" lon="-2.91934">
    <ele>104.88000000000001</ele>
   </trkpt>
   <trkpt lat="48.680690000000006" lon="-2.9198500000000003">
    <ele>103.59000000000002</ele>
   </trkpt>
   <trkpt lat="48.680420000000005" lon="-2.9206600000000003">
    <ele>102.88000000000001</ele>
   </trkpt>
   <trkpt lat="48.68016" lon="-2.92165">
    <ele>101.89</ele>
   </trkpt>
   <trkpt lat="48.680150000000005" lon="-2.92165">
    <ele>101.87</ele>
   </trkpt>
   <trkpt lat="48.67933000000001" lon="-2.9216900000000003">
    <ele>99.32000000000001</ele>
   </trkpt>
   <trkpt lat="48.678760000000004" lon="-2.9217600000000004">
    <ele>98.10000000000001</ele>
   </trkpt>
   <trkpt lat="48.67850000000001" lon="-2.9218300000000004">
    <ele>97.75</ele>
   </trkpt>
   <trkpt lat="48.678250000000006" lon="-2.92187">
    <ele>97.74000000000001</ele>
   </trkpt>
   <trkpt lat="48.67806" lon="-2.92187">
    <ele>97.80000000000001</ele>
   </trkpt>
   <trkpt lat="48.67741000024197" lon="-2.9216599973068735">
    <ele>95.45</ele>
   </trkpt>
   <trkpt lat="48.67676" lon="-2.92145">
    <ele>92.13</ele>
   </trkpt>
   <trkpt lat="48.67645" lon="-2.92131">
    <ele>89.28000000000002</ele>
   </trkpt>
   <trkpt lat="48.6758" lon="-2.9209">
    <ele>87.83</ele>
   </trkpt>
   <trkpt lat="48.6756" lon="-2.9208100000000004">
    <ele>87.77</ele>
   </trkpt>
   <trkpt lat="48.67544" lon="-2.92079">
    <ele>88.49000000000001</ele>
   </trkpt>
   <trkpt lat="48.67501500019529" lon="-2.920534997797182">
    <ele>88.71000000000001</ele>
   </trkpt>
   <trkpt lat="48.67459" lon="-2.9202800000000004">
    <ele>87.75</ele>
   </trkpt>
   <trkpt lat="48.67403" lon="-2.9197800000000003">
    <ele>81.52000000000001</ele>
   </trkpt>
   <trkpt lat="48.67340000107632" lon="-2.919279993743439">
    <ele>72.21000000000001</ele>
   </trkpt>
   <trkpt lat="48.67277000000001" lon="-2.9187800000000004">
    <ele>67.12</ele>
   </trkpt>
   <trkpt lat="48.67253" lon="-2.91956">
    <ele>66.09</ele>
   </trkpt>
   <trkpt lat="48.672470000000004" lon="-2.91982">
    <ele>65.35000000000001</ele>
   </trkpt>
   <trkpt lat="48.67231" lon="-2.92016">
    <ele>64.39</ele>
   </trkpt>
   <trkpt lat="48.67181" lon="-2.92112">
    <ele>60.54</ele>
   </trkpt>
   <trkpt lat="48.67108" lon="-2.92058">
    <ele>57.27</ele>
   </trkpt>
   <trkpt lat="48.670230000000004" lon="-2.9203">
    <ele>52.77</ele>
   </trkpt>
   <trkpt lat="48.67015000000001" lon="-2.92049">
    <ele>52.93000000000001</ele>
   </trkpt>
   <trkpt lat="48.669900000000005" lon="-2.9209300000000002">
    <ele>53.4</ele>
   </trkpt>
   <trkpt lat="48.669625001612374" lon="-2.9215550035884226">
    <ele>54.080000000000005</ele>
   </trkpt>
   <trkpt lat="48.66935" lon="-2.9221800000000004">
    <ele>55.690000000000005</ele>
   </trkpt>
   <trkpt lat="48.66915" lon="-2.92199">
    <ele>55.82</ele>
   </trkpt>
   <trkpt lat="48.66908" lon="-2.92198">
    <ele>55.82</ele>
   </trkpt>
   <trkpt lat="48.669070000000005" lon="-2.92205">
    <ele>55.82</ele>
   </trkpt>
   <trkpt lat="48.66902" lon="-2.92214">
    <ele>55.160000000000004</ele>
   </trkpt>
   <trkpt lat="48.668960000000006" lon="-2.9222">
    <ele>54.85</ele>
   </trkpt>
   <trkpt lat="48.66883000000001" lon="-2.9221800000000004">
    <ele>55.09</ele>
   </trkpt>
   <trkpt lat="48.66877" lon="-2.9221000000000004">
    <ele>55.09</ele>
   </trkpt>
   <trkpt lat="48.668780000000005" lon="-2.92213">
    <ele>55.07000000000001</ele>
   </trkpt>
   <trkpt lat="48.66875" lon="-2.92199">
    <ele>55.440000000000005</ele>
   </trkpt>
   <trkpt lat="48.668760000000006" lon="-2.92186">
    <ele>55.440000000000005</ele>
   </trkpt>
   <trkpt lat="48.66883000000001" lon="-2.9217400000000002">
    <ele>55.900000000000006</ele>
   </trkpt>
   <trkpt lat="48.66886" lon="-2.92172">
    <ele>55.900000000000006</ele>
   </trkpt>
   <trkpt lat="48.66881" lon="-2.92151">
    <ele>56.480000000000004</ele>
   </trkpt>
   <trkpt lat="48.66856000000001" lon="-2.92112">
    <ele>57.36</ele>
   </trkpt>
   <trkpt lat="48.668420000000005" lon="-2.92085">
    <ele>61.28000000000001</ele>
   </trkpt>
   <trkpt lat="48.668220000000005" lon="-2.92015">
    <ele>62.35</ele>
   </trkpt>
   <trkpt lat="48.66817" lon="-2.91982">
    <ele>63.68</ele>
   </trkpt>
   <trkpt lat="48.668163362449604" lon="-2.9186599992581352">
    <ele>65.49000000000001</ele>
   </trkpt>
   <trkpt lat="48.66815671325275" lon="-2.9174999988221253">
    <ele>64.52000000000001</ele>
   </trkpt>
   <trkpt lat="48.66815005240943" lon="-2.916339998692506">
    <ele>63.15000000000001</ele>
   </trkpt>
   <trkpt lat="48.66814337991968" lon="-2.915179998869813">
    <ele>62.24</ele>
   </trkpt>
   <trkpt lat="48.66813669578349" lon="-2.9140199993545832">
    <ele>62.58000000000001</ele>
   </trkpt>
   <trkpt lat="48.668130000000005" lon="-2.9128600000000002">
    <ele>63.19000000000001</ele>
   </trkpt>
   <trkpt lat="48.66809000000001" lon="-2.9123200000000002">
    <ele>63.11</ele>
   </trkpt>
   <trkpt lat="48.66801" lon="-2.91182">
    <ele>62.56</ele>
   </trkpt>
   <trkpt lat="48.66787" lon="-2.91128">
    <ele>61.230000000000004</ele>
   </trkpt>
   <trkpt lat="48.667750000000005" lon="-2.91096">
    <ele>60.870000000000005</ele>
   </trkpt>
   <trkpt lat="48.66767" lon="-2.91075">
    <ele>59.78000000000001</ele>
   </trkpt>
   <trkpt lat="48.66738" lon="-2.91019">
    <ele>57.74</ele>
   </trkpt>
   <trkpt lat="48.66691334008814" lon="-2.909306650309252">
    <ele>52.71000000000001</ele>
   </trkpt>
   <trkpt lat="48.666446673422676" lon="-2.9084233169784364">
    <ele>51.940000000000005</ele>
   </trkpt>
   <trkpt lat="48.665980000000005" lon="-2.9075400000000005">
    <ele>56.5</ele>
   </trkpt>
   <trkpt lat="48.66584" lon="-2.90721">
    <ele>57.46</ele>
   </trkpt>
   <trkpt lat="48.66574000000001" lon="-2.9069000000000003">
    <ele>57.46</ele>
   </trkpt>
   <trkpt lat="48.66559" lon="-2.90633">
    <ele>62.09</ele>
   </trkpt>
   <trkpt lat="48.665490000000005" lon="-2.90565">
    <ele>65.2</ele>
   </trkpt>
   <trkpt lat="48.665470000000006" lon="-2.90532">
    <ele>65.2</ele>
   </trkpt>
   <trkpt lat="48.66548" lon="-2.9049">
    <ele>66.35000000000001</ele>
   </trkpt>
   <trkpt lat="48.665530000000004" lon="-2.9042700000000004">
    <ele>67.2</ele>
   </trkpt>
   <trkpt lat="48.66564" lon="-2.90322">
    <ele>67.7</ele>
   </trkpt>
   <trkpt lat="48.665780004853445" lon="-2.90216000301369">
    <ele>68.0</ele>
   </trkpt>
   <trkpt lat="48.66592000000001" lon="-2.9011000000000005">
    <ele>68.07000000000001</ele>
   </trkpt>
   <trkpt lat="48.66595" lon="-2.9006600000000002">
    <ele>67.85000000000001</ele>
   </trkpt>
   <trkpt lat="48.666000000000004" lon="-2.89961">
    <ele>66.86</ele>
   </trkpt>
   <trkpt lat="48.666000000000004" lon="-2.89853">
    <ele>65.61</ele>
   </trkpt>
   <trkpt lat="48.665960000000005" lon="-2.8979600000000003">
    <ele>65.14999999999999</ele>
   </trkpt>
   <trkpt lat="48.665890000000005" lon="-2.89718">
    <ele>64.76</ele>
   </trkpt>
   <trkpt lat="48.66576002361448" lon="-2.896011987938148">
    <ele>64.66000000000001</ele>
   </trkpt>
   <trkpt lat="48.665630035421" lon="-2.8948439819013636">
    <ele>65.72</ele>
   </trkpt>
   <trkpt lat="48.6655000354197" lon="-2.893675981890137">
    <ele>66.54</ele>
   </trkpt>
   <trkpt lat="48.66537002361066" lon="-2.8925079879049562">
    <ele>67.10000000000001</ele>
   </trkpt>
   <trkpt lat="48.665240000000004" lon="-2.89134">
    <ele>68.05</ele>
   </trkpt>
   <trkpt lat="48.66503" lon="-2.89012">
    <ele>68.23</ele>
   </trkpt>
   <trkpt lat="48.664750000000005" lon="-2.8889500000000004">
    <ele>67.88000000000001</ele>
   </trkpt>
   <trkpt lat="48.664550000000006" lon="-2.88831">
    <ele>67.76</ele>
   </trkpt>
   <trkpt lat="48.664300000000004" lon="-2.88762">
    <ele>67.47</ele>
   </trkpt>
   <trkpt lat="48.66407" lon="-2.88703">
    <ele>67.3</ele>
   </trkpt>
   <trkpt lat="48.663622512596554" lon="-2.8860449737626994">
    <ele>67.75</ele>
   </trkpt>
   <trkpt lat="48.66317501679513" lon="-2.8850599650169264">
    <ele>69.28</ele>
   </trkpt>
   <trkpt lat="48.662727512596035" lon="-2.8840749737624245">
    <ele>70.79</ele>
   </trkpt>
   <trkpt lat="48.66228" lon="-2.88309">
    <ele>71.91</ele>
   </trkpt>
   <trkpt lat="48.66236000000001" lon="-2.8827100000000003">
    <ele>72.22</ele>
   </trkpt>
   <trkpt lat="48.662685004919425" lon="-2.8816500066498314">
    <ele>71.07000000000001</ele>
   </trkpt>
   <trkpt lat="48.66301000000001" lon="-2.88059">
    <ele>71.38</ele>
   </trkpt>
   <trkpt lat="48.66321000000001" lon="-2.8797800000000002">
    <ele>71.85000000000001</ele>
   </trkpt>
   <trkpt lat="48.66330000000001" lon="-2.8789700000000003">
    <ele>73.29</ele>
   </trkpt>
   <trkpt lat="48.663380005513005" lon="-2.877840001977859">
    <ele>72.34</ele>
   </trkpt>
   <trkpt lat="48.66346" lon="-2.87671">
    <ele>71.28000000000002</ele>
   </trkpt>
   <trkpt lat="48.66352334233765" lon="-2.8756900025756815">
    <ele>70.8</ele>
   </trkpt>
   <trkpt lat="48.66358667567023" lon="-2.8746700025877043">
    <ele>70.37</ele>
   </trkpt>
   <trkpt lat="48.663650000000004" lon="-2.87365">
    <ele>70.47</ele>
   </trkpt>
   <trkpt lat="48.66366000000001" lon="-2.87318">
    <ele>70.37</ele>
   </trkpt>
   <trkpt lat="48.663650000000004" lon="-2.8730900000000004">
    <ele>70.28</ele>
   </trkpt>
   <trkpt lat="48.663590000000006" lon="-2.87285">
    <ele>70.28</ele>
   </trkpt>
   <trkpt lat="48.663470000000004" lon="-2.8726000000000003">
    <ele>70.12</ele>
   </trkpt>
   <trkpt lat="48.66298000175775" lon="-2.8719499935868966">
    <ele>67.82000000000001</ele>
   </trkpt>
   <trkpt lat="48.662490000000005" lon="-2.8713">
    <ele>64.56</ele>
   </trkpt>
   <trkpt lat="48.662400000000005" lon="-2.87116">
    <ele>63.13</ele>
   </trkpt>
   <trkpt lat="48.662310000000005" lon="-2.87087">
    <ele>61.50000000000001</ele>
   </trkpt>
   <trkpt lat="48.662290000000006" lon="-2.87047">
    <ele>59.81</ele>
   </trkpt>
   <trkpt lat="48.66232" lon="-2.87021">
    <ele>59.81</ele>
   </trkpt>
   <trkpt lat="48.66241" lon="-2.86992">
    <ele>57.71</ele>
   </trkpt>
   <trkpt lat="48.6625" lon="-2.8697800000000004">
    <ele>57.71</ele>
   </trkpt>
   <trkpt lat="48.66284" lon="-2.86931">
    <ele>55.410000000000004</ele>
   </trkpt>
   <trkpt lat="48.66295" lon="-2.8690700000000002">
    <ele>52.36</ele>
   </trkpt>
   <trkpt lat="48.66301000000001" lon="-2.86884">
    <ele>51.99</ele>
   </trkpt>
   <trkpt lat="48.663030000000006" lon="-2.8684800000000004">
    <ele>51.2</ele>
   </trkpt>
   <trkpt lat="48.66302" lon="-2.8679">
    <ele>50.09</ele>
   </trkpt>
   <trkpt lat="48.66297" lon="-2.86762">
    <ele>50.410000000000004</ele>
   </trkpt>
   <trkpt lat="48.66286" lon="-2.8673100000000002">
    <ele>51.72</ele>
   </trkpt>
   <trkpt lat="48.662490002234556" lon="-2.8665899946971307">
    <ele>55.720000000000006</ele>
   </trkpt>
   <trkpt lat="48.66212" lon="-2.86587">
    <ele>55.21</ele>
   </trkpt>
   <trkpt lat="48.66201" lon="-2.86559">
    <ele>54.19</ele>
   </trkpt>
   <trkpt lat="48.661930000000005" lon="-2.86531">
    <ele>53.71000000000001</ele>
   </trkpt>
   <trkpt lat="48.6617" lon="-2.86423">
    <ele>49.470000000000006</ele>
   </trkpt>
   <trkpt lat="48.66161" lon="-2.86398">
    <ele>49.260000000000005</ele>
   </trkpt>
   <trkpt lat="48.661390000000004" lon="-2.8636000000000004">
    <ele>49.64</ele>
   </trkpt>
   <trkpt lat="48.661100000000005" lon="-2.86303">
    <ele>50.9</ele>
   </trkpt>
   <trkpt lat="48.66067" lon="-2.8620500000000004">
    <ele>49.690000000000005</ele>
   </trkpt>
   <trkpt lat="48.66048000000001" lon="-2.8616900000000003">
    <ele>47.45</ele>
   </trkpt>
   <trkpt lat="48.66007333748344" lon="-2.860999988916049">
    <ele>46.160000000000004</ele>
   </trkpt>
   <trkpt lat="48.65966667084592" lon="-2.8603099889656463">
    <ele>44.660000000000004</ele>
   </trkpt>
   <trkpt lat="48.65926" lon="-2.85962">
    <ele>43.74</ele>
   </trkpt>
   <trkpt lat="48.65927000000001" lon="-2.8595">
    <ele>43.65</ele>
   </trkpt>
   <trkpt lat="48.659220000000005" lon="-2.8594100000000005">
    <ele>43.65</ele>
   </trkpt>
   <trkpt lat="48.65925000000001" lon="-2.85916">
    <ele>42.93</ele>
   </trkpt>
   <trkpt lat="48.659205004238146" lon="-2.858169999038867">
    <ele>42.050000000000004</ele>
   </trkpt>
   <trkpt lat="48.65916000000001" lon="-2.85718">
    <ele>41.86</ele>
   </trkpt>
   <trkpt lat="48.65917" lon="-2.8565">
    <ele>43.04</ele>
   </trkpt>
   <trkpt lat="48.65925000000001" lon="-2.8557300000000003">
    <ele>45.06</ele>
   </trkpt>
   <trkpt lat="48.65925000000001" lon="-2.85522">
    <ele>45.43000000000001</ele>
   </trkpt>
   <trkpt lat="48.65919" lon="-2.8549100000000003">
    <ele>46.64</ele>
   </trkpt>
   <trkpt lat="48.65899" lon="-2.85413">
    <ele>49.88</ele>
   </trkpt>
   <trkpt lat="48.658950000000004" lon="-2.8535100000000004">
    <ele>51.080000000000005</ele>
   </trkpt>
   <trkpt lat="48.65833000000001" lon="-2.8531700000000004">
    <ele>52.64000000000001</ele>
   </trkpt>
   <trkpt lat="48.658080000000005" lon="-2.8526800000000003">
    <ele>52.86000000000001</ele>
   </trkpt>
   <trkpt lat="48.658010000000004" lon="-2.85244">
    <ele>53.28</ele>
   </trkpt>
   <trkpt lat="48.657650000000004" lon="-2.85189">
    <ele>53.2</ele>
   </trkpt>
   <trkpt lat="48.65755" lon="-2.85164">
    <ele>53.6</ele>
   </trkpt>
   <trkpt lat="48.657430000000005" lon="-2.85096">
    <ele>54.580000000000005</ele>
   </trkpt>
   <trkpt lat="48.65739000000001" lon="-2.85087">
    <ele>54.49</ele>
   </trkpt>
   <trkpt lat="48.65701000132242" lon="-2.850294995501542">
    <ele>52.550000000000004</ele>
   </trkpt>
   <trkpt lat="48.65663000000001" lon="-2.84972">
    <ele>49.32</ele>
   </trkpt>
   <trkpt lat="48.65648" lon="-2.84939">
    <ele>49.040000000000006</ele>
   </trkpt>
   <trkpt lat="48.65628" lon="-2.84906">
    <ele>47.00000000000001</ele>
   </trkpt>
   <trkpt lat="48.655660000000005" lon="-2.8483400000000003">
    <ele>45.12</ele>
   </trkpt>
   <trkpt lat="48.65549000000001" lon="-2.8480600000000003">
    <ele>46.330000000000005</ele>
   </trkpt>
   <trkpt lat="48.65489" lon="-2.8473100000000002">
    <ele>44.660000000000004</ele>
   </trkpt>
   <trkpt lat="48.65473" lon="-2.84716">
    <ele>44.07000000000001</ele>
   </trkpt>
   <trkpt lat="48.65447" lon="-2.84701">
    <ele>43.71000000000001</ele>
   </trkpt>
   <trkpt lat="48.653670000000005" lon="-2.8466400000000003">
    <ele>40.93</ele>
   </trkpt>
   <trkpt lat="48.65363000000001" lon="-2.8466">
    <ele>40.900000000000006</ele>
   </trkpt>
   <trkpt lat="48.65386" lon="-2.84593">
    <ele>40.95</ele>
   </trkpt>
   <trkpt lat="48.65404" lon="-2.84504">
    <ele>40.88</ele>
   </trkpt>
   <trkpt lat="48.65386" lon="-2.84477">
    <ele>41.470000000000006</ele>
   </trkpt>
   <trkpt lat="48.65377" lon="-2.8446000000000002">
    <ele>41.85</ele>
   </trkpt>
   <trkpt lat="48.65357" lon="-2.84411">
    <ele>43.88</ele>
   </trkpt>
   <trkpt lat="48.65346" lon="-2.84389">
    <ele>44.07000000000001</ele>
   </trkpt>
   <trkpt lat="48.65294" lon="-2.84308">
    <ele>42.440000000000005</ele>
   </trkpt>
   <trkpt lat="48.65249000000001" lon="-2.8422300000000003">
    <ele>40.78</ele>
   </trkpt>
   <trkpt lat="48.65209" lon="-2.84159">
    <ele>39.470000000000006</ele>
   </trkpt>
   <trkpt lat="48.651900000000005" lon="-2.84134">
    <ele>39.220000000000006</ele>
   </trkpt>
   <trkpt lat="48.65128000000001" lon="-2.84058">
    <ele>38.89</ele>
   </trkpt>
   <trkpt lat="48.650920000000006" lon="-2.8403600000000004">
    <ele>37.64</ele>
   </trkpt>
   <trkpt lat="48.65068" lon="-2.84016">
    <ele>35.82000000000001</ele>
   </trkpt>
   <trkpt lat="48.65037" lon="-2.8396500000000002">
    <ele>32.97</ele>
   </trkpt>
   <trkpt lat="48.65006" lon="-2.83944">
    <ele>28.880000000000003</ele>
   </trkpt>
   <trkpt lat="48.650020000000005" lon="-2.83935">
    <ele>29.07</ele>
   </trkpt>
   <trkpt lat="48.650020000000005" lon="-2.83929">
    <ele>29.07</ele>
   </trkpt>
   <trkpt lat="48.649280000000005" lon="-2.8391200000000003">
    <ele>28.98</ele>
   </trkpt>
   <trkpt lat="48.64844" lon="-2.8387800000000003">
    <ele>30.140000000000004</ele>
   </trkpt>
   <trkpt lat="48.64837000000001" lon="-2.8386400000000003">
    <ele>30.140000000000004</ele>
   </trkpt>
   <trkpt lat="48.648450000000004" lon="-2.83828">
    <ele>29.66</ele>
   </trkpt>
   <trkpt lat="48.648520000000005" lon="-2.8376500000000004">
    <ele>29.01</ele>
   </trkpt>
   <trkpt lat="48.64904000000001" lon="-2.83714">
    <ele>25.32</ele>
   </trkpt>
   <trkpt lat="48.64949000000001" lon="-2.8366000000000002">
    <ele>23.87</ele>
   </trkpt>
   <trkpt lat="48.64979" lon="-2.8363">
    <ele>23.6</ele>
   </trkpt>
   <trkpt lat="48.650040000000004" lon="-2.8361">
    <ele>23.73</ele>
   </trkpt>
   <trkpt lat="48.650890000000004" lon="-2.83577">
    <ele>27.700000000000003</ele>
   </trkpt>
   <trkpt lat="48.651210000000006" lon="-2.8357">
    <ele>28.64</ele>
   </trkpt>
   <trkpt lat="48.65129" lon="-2.8357">
    <ele>28.860000000000003</ele>
   </trkpt>
   <trkpt lat="48.65144" lon="-2.8357200000000002">
    <ele>28.720000000000002</ele>
   </trkpt>
   <trkpt lat="48.6516" lon="-2.83577">
    <ele>28.610000000000003</ele>
   </trkpt>
   <trkpt lat="48.651790000000005" lon="-2.83576">
    <ele>28.1</ele>
   </trkpt>
   <trkpt lat="48.651790000000005" lon="-2.83583">
    <ele>27.83</ele>
   </trkpt>
   <trkpt lat="48.65185" lon="-2.83589">
    <ele>27.680000000000003</ele>
   </trkpt>
   <trkpt lat="48.65238" lon="-2.83597">
    <ele>25.200000000000003</ele>
   </trkpt>
   <trkpt lat="48.652480000000004" lon="-2.8360600000000002">
    <ele>23.39</ele>
   </trkpt>
   <trkpt lat="48.65267" lon="-2.83637">
    <ele>20.8</ele>
   </trkpt>
   <trkpt lat="48.65306" lon="-2.8366200000000004">
    <ele>15.080000000000002</ele>
   </trkpt>
   <trkpt lat="48.65303" lon="-2.83677">
    <ele>13.22</ele>
   </trkpt>
   <trkpt lat="48.65325000000001" lon="-2.8370100000000003">
    <ele>11.81</ele>
   </trkpt>
   <trkpt lat="48.653090000000006" lon="-2.83733">
    <ele>11.7</ele>
   </trkpt>
   <trkpt lat="48.65354000000001" lon="-2.83766">
    <ele>10.64</ele>
   </trkpt>
   <trkpt lat="48.653470000000006" lon="-2.83786">
    <ele>11.89</ele>
   </trkpt>
   <trkpt lat="48.65337" lon="-2.83821">
    <ele>13.18</ele>
   </trkpt>
   <trkpt lat="48.653470000000006" lon="-2.83786">
    <ele>11.11</ele>
   </trkpt>
   <trkpt lat="48.65354000000001" lon="-2.83767">
    <ele>10.66</ele>
   </trkpt>
  </trkseg>
 </trk>
</gpx>
